# BSP v29 exported geometry - dm2 (worldmodel faces only)
v 2272.0 -2528.0 160.0
v 2272.0 -2528.0 176.0
v 2240.0 -2528.0 176.0
v 2240.0 -2528.0 160.0
v 2336.0 -2528.0 352.0
v 2304.0 -2528.0 352.0
v 2304.0 -2528.0 144.0
v 2304.0 -2528.0 128.0
v 2336.0 -2528.0 128.0
v 2272.0 -2528.0 352.0
v 2272.0 -2528.0 144.0
v 2360.0 -2528.0 192.0
v 2360.0 -2528.0 352.0
v 2352.0 -2528.0 352.0
v 2336.0 -2528.0 112.0
v 2360.0 -2528.0 112.0
v 2128.0 -2528.0 352.0
v 2112.0 -2528.0 352.0
v 2112.0 -2528.0 176.0
v 2400.0 -2528.0 192.0
v 2368.0 -2528.0 192.0
v 2368.0 -2528.0 112.0
v 2368.0 -2528.0 96.0
v 2400.0 -2528.0 96.0
v 2496.0 -2528.0 96.0
v 2496.0 -2528.0 192.0
v 2464.0 -2528.0 192.0
v 2464.0 -2528.0 96.0
v 2496.0 -2528.0 352.0
v 2432.0 352.0 -80.0
v 2432.0 352.0 -64.0
v 2464.0 352.0 -64.0
v 2464.0 352.0 -80.0
v 2336.0 352.0 -16.0
v 2336.0 352.0 96.0
v 2368.0 352.0 96.0
v 2368.0 352.0 -32.0
v 2336.0 352.0 -32.0
v 2208.0 352.0 96.0
v 2304.0 352.0 96.0
v 2304.0 352.0 0.0
v 2208.0 352.0 0.0
v 2400.0 352.0 96.0
v 2400.0 352.0 -48.0
v 2368.0 352.0 -48.0
v 2304.0 352.0 -16.0
v 2432.0 352.0 96.0
v 2464.0 352.0 96.0
v 2400.0 352.0 -64.0
v 2208.0 352.0 112.0
v 2432.0 352.0 112.0
v 2560.0 352.0 112.0
v 2560.0 352.0 96.0
v 2464.0 352.0 -96.0
v 2560.0 352.0 -96.0
v 2208.0 352.0 160.0
v 2240.0 352.0 160.0
v 2432.0 352.0 160.0
v 2464.0 352.0 160.0
v 2560.0 352.0 160.0
v 1152.0 -960.0 256.0
v 1152.0 -896.0 256.0
v 1152.0 -896.0 128.0
v 1152.0 -960.0 128.0
v 3008.0 -2080.0 80.0
v 3008.0 -2080.0 96.0
v 3008.0 -2096.0 96.0
v 3008.0 -2096.0 80.0
v 3008.0 -1776.0 96.0
v 3008.0 -1792.0 96.0
v 3008.0 -1792.0 80.0
v 3008.0 -1776.0 80.0
v 3008.0 -1856.0 72.0
v 3008.0 -2080.0 72.0
v 3008.0 -2080.0 -16.0
v 3008.0 -2016.0 -16.0
v 3008.0 -1856.0 -16.0
v 3008.0 -1792.0 -16.0
v 3008.0 -1792.0 72.0
v 3008.0 -1856.0 256.0
v 3008.0 -2016.0 256.0
v 3008.0 -2080.0 256.0
v 3008.0 -1792.0 256.0
v 1984.0 -1152.0 576.0
v 1984.0 -896.0 576.0
v 1376.0 -896.0 576.0
v 1376.0 -1152.0 576.0
v 1600.0 -608.0 576.0
v 1424.0 -608.0 576.0
v 1424.0 -736.0 576.0
v 1600.0 -736.0 576.0
v 1984.0 -608.0 576.0
v 1792.0 -608.0 576.0
v 1792.0 -672.0 576.0
v 1792.0 -768.0 576.0
v 1856.0 -768.0 576.0
v 1984.0 -768.0 576.0
v 1600.0 -576.0 576.0
v 1600.0 -448.0 576.0
v 1424.0 -448.0 576.0
v 1424.0 -576.0 576.0
v 1952.0 -448.0 576.0
v 1888.0 -448.0 576.0
v 1792.0 -448.0 576.0
v 1792.0 -576.0 576.0
v 1984.0 -576.0 576.0
v 1984.0 -448.0 576.0
v 2240.0 64.0 -184.0
v 2208.0 64.0 -184.0
v 2208.0 128.0 -184.0
v 2240.0 128.0 -184.0
v 2112.0 32.0 -184.0
v 2112.0 192.0 -184.0
v 2176.0 192.0 -184.0
v 2176.0 32.0 -184.0
v 2176.0 0.0 -184.0
v 2176.0 -32.0 -184.0
v 2112.0 -32.0 -184.0
v 2176.0 -224.0 -184.0
v 2176.0 -256.0 -184.0
v 2112.0 -256.0 -184.0
v 2432.0 160.0 -184.0
v 2464.0 160.0 -184.0
v 2464.0 128.0 -184.0
v 2464.0 64.0 -184.0
v 2432.0 64.0 -184.0
v 2240.0 160.0 -184.0
v 2240.0 192.0 -184.0
v 2272.0 224.0 -184.0
v 2272.0 192.0 -184.0
v 2464.0 224.0 -184.0
v 2464.0 192.0 -184.0
v 2432.0 192.0 -184.0
v 2304.0 192.0 -184.0
v 2304.0 224.0 -184.0
v 2528.0 128.0 -184.0
v 2560.0 128.0 -184.0
v 2560.0 64.0 -184.0
v 2528.0 160.0 -184.0
v 2208.0 160.0 -184.0
v 2496.0 192.0 -184.0
v 2528.0 192.0 -184.0
v 2560.0 160.0 -184.0
v 2496.0 224.0 -184.0
v 2112.0 -2368.0 224.0
v 2128.0 -2368.0 224.0
v 2128.0 -2368.0 288.0
v 2128.0 -2368.0 352.0
v 2112.0 -2368.0 352.0
v 2144.0 -2368.0 160.0
v 2208.0 -2368.0 160.0
v 2208.0 -2368.0 176.0
v 2144.0 -2368.0 176.0
v 2144.0 -2368.0 224.0
v 2144.0 -2368.0 288.0
v 2144.0 -2368.0 192.0
v 2112.0 -2368.0 192.0
v 2128.0 -2368.0 64.0
v 2144.0 -2368.0 64.0
v 2112.0 -2368.0 128.0
v 2112.0 -2368.0 64.0
v 2240.0 -2368.0 96.0
v 2240.0 -2368.0 128.0
v 2240.0 -2368.0 192.0
v 2208.0 -2368.0 192.0
v 2208.0 -2368.0 64.0
v 2240.0 -2368.0 64.0
v 2240.0 -2368.0 224.0
v 2208.0 -2368.0 224.0
v 2240.0 -2368.0 352.0
v 2208.0 -2368.0 352.0
v 2208.0 -2368.0 288.0
v 2368.0 -2368.0 -16.0
v 2368.0 -2368.0 32.0
v 2272.0 -2368.0 32.0
v 2272.0 -2368.0 -16.0
v 2368.0 -2368.0 48.0
v 2272.0 -2368.0 48.0
v 2368.0 -2368.0 64.0
v 2272.0 -2368.0 64.0
v 2368.0 -2368.0 96.0
v 2368.0 -2368.0 224.0
v 2368.0 -2368.0 256.0
v 2336.0 -2368.0 256.0
v 2272.0 -2368.0 256.0
v 2272.0 -2368.0 128.0
v 2272.0 -2368.0 96.0
v 2496.0 -2368.0 224.0
v 2496.0 -2368.0 256.0
v 2624.0 -2368.0 32.0
v 2624.0 -2368.0 48.0
v 2496.0 -2368.0 48.0
v 2496.0 -2368.0 32.0
v 2624.0 -2368.0 -16.0
v 2496.0 -2368.0 -16.0
v 2624.0 -2368.0 64.0
v 2624.0 -2368.0 80.0
v 2496.0 -2368.0 80.0
v 2496.0 -2368.0 64.0
v 2784.0 -2368.0 96.0
v 2784.0 -2368.0 224.0
v 2752.0 -2368.0 224.0
v 2656.0 -2368.0 224.0
v 2656.0 -2368.0 128.0
v 2656.0 -2368.0 96.0
v 2528.0 -2368.0 96.0
v 2592.0 -2368.0 96.0
v 2624.0 -2368.0 96.0
v 2624.0 -2368.0 128.0
v 2624.0 -2368.0 224.0
v 2624.0 -2368.0 256.0
v 2592.0 -2368.0 256.0
v 2560.0 -2368.0 256.0
v 2496.0 -2368.0 192.0
v 2496.0 -2368.0 96.0
v 2752.0 -2368.0 336.0
v 2748.0 -2368.0 336.0
v 2656.0 -2368.0 336.0
v 2784.0 -2368.0 288.0
v 2784.0 -2368.0 309.33334
v 2784.0 -2368.0 408.0
v 2752.0 -2368.0 408.0
v 2752.0 -2368.0 352.0
v 2432.0 224.0 -128.0
v 2464.0 224.0 -128.0
v 2304.0 224.0 -128.0
v 2304.0 224.0 -64.0
v 2336.0 224.0 -64.0
v 2368.0 224.0 -64.0
v 2400.0 224.0 -64.0
v 2432.0 224.0 -64.0
v 2432.0 224.0 -80.0
v 2464.0 224.0 -80.0
v 2464.0 224.0 -96.0
v 2336.0 224.0 -32.0
v 2368.0 224.0 -32.0
v 2368.0 224.0 -48.0
v 2304.0 224.0 -16.0
v 2336.0 224.0 -16.0
v 2304.0 224.0 0.0
v 2304.0 224.0 32.0
v 2272.0 224.0 32.0
v 2272.0 224.0 0.0
v 2400.0 224.0 -48.0
v 2176.0 224.0 192.0
v 2176.0 224.0 160.0
v 2112.0 224.0 160.0
v 2112.0 224.0 192.0
v 2112.0 224.0 248.0
v 2176.0 224.0 248.0
v 2272.0 224.0 128.0
v 2272.0 224.0 160.0
v 2256.0 224.0 160.0
v 2272.0 224.0 64.0
v 2304.0 224.0 64.0
v 2304.0 224.0 128.0
v 2320.0 224.0 160.0
v 2304.0 224.0 160.0
v 2464.0 224.0 128.0
v 2464.0 224.0 160.0
v 2456.0 224.0 160.0
v 2448.0 224.0 160.0
v 2496.0 224.0 128.0
v 2512.0 224.0 160.0
v 2496.0 224.0 160.0
v 2496.0 224.0 -96.0
v 2496.0 224.0 32.0
v 2464.0 224.0 32.0
v 2656.0 224.0 192.0
v 2656.0 224.0 160.0
v 2592.0 224.0 160.0
v 2592.0 224.0 192.0
v 2592.0 224.0 248.0
v 2656.0 224.0 248.0
v 2496.0 224.0 64.0
v 2464.0 224.0 64.0
v 2688.0 224.0 -96.0
v 2240.0 256.0 160.0
v 2240.0 320.0 160.0
v 2208.0 224.0 160.0
v 2240.0 224.0 160.0
v 2080.0 224.0 160.0
v 2304.0 240.0 160.0
v 2304.0 256.0 160.0
v 2288.0 256.0 160.0
v 2272.0 256.0 160.0
v 2272.0 240.0 160.0
v 2256.0 256.0 160.0
v 2448.0 234.66667 160.0
v 2464.0 240.0 160.0
v 2464.0 256.0 160.0
v 2448.0 256.0 160.0
v 2432.0 256.0 160.0
v 2328.0 224.0 160.0
v 2408.0 224.0 160.0
v 2416.0 256.0 160.0
v 2384.0 256.0 160.0
v 2368.0 256.0 160.0
v 2352.0 256.0 160.0
v 2320.0 256.0 160.0
v 2432.0 320.0 160.0
v 2456.0 288.0 160.0
v 2464.0 298.66666 160.0
v 2448.0 320.0 160.0
v 2392.0 288.0 160.0
v 2400.0 277.33334 160.0
v 2304.0 320.0 160.0
v 2328.0 288.0 160.0
v 2336.0 298.66666 160.0
v 2320.0 320.0 160.0
v 2336.0 277.33334 160.0
v 2344.0 288.0 160.0
v 2368.0 320.0 160.0
v 2352.0 320.0 160.0
v 2264.0 288.0 160.0
v 2272.0 277.33334 160.0
v 2280.0 288.0 160.0
v 2272.0 298.66666 160.0
v 2256.0 320.0 160.0
v 2288.0 320.0 160.0
v 2408.0 288.0 160.0
v 2400.0 298.66666 160.0
v 2384.0 320.0 160.0
v 2416.0 320.0 160.0
v 2496.0 240.0 160.0
v 2496.0 256.0 160.0
v 2480.0 256.0 160.0
v 2688.0 224.0 160.0
v 2656.0 256.0 160.0
v 2560.0 256.0 160.0
v 2464.0 277.33334 160.0
v 2472.0 288.0 160.0
v 2560.0 320.0 160.0
v 2496.0 320.0 160.0
v 2464.0 320.0 160.0
v 2480.0 320.0 160.0
v 2240.0 320.0 192.0
v 2240.0 256.0 192.0
v 2240.0 256.0 248.0
v 2240.0 320.0 248.0
v 2496.0 256.0 192.0
v 2496.0 320.0 192.0
v 2496.0 320.0 248.0
v 2496.0 256.0 248.0
v 2256.0 256.0 248.0
v 2288.0 256.0 248.0
v 2320.0 256.0 248.0
v 2352.0 256.0 248.0
v 2384.0 256.0 248.0
v 2416.0 256.0 248.0
v 2448.0 256.0 248.0
v 2480.0 256.0 248.0
v 2480.0 320.0 248.0
v 2448.0 320.0 248.0
v 2416.0 320.0 248.0
v 2384.0 320.0 248.0
v 2352.0 320.0 248.0
v 2320.0 320.0 248.0
v 2288.0 320.0 248.0
v 2256.0 320.0 248.0
v 2480.0 320.0 192.0
v 2448.0 320.0 192.0
v 2368.0 320.0 192.0
v 2352.0 320.0 192.0
v 2384.0 320.0 192.0
v 2256.0 320.0 192.0
v 2304.0 320.0 192.0
v 2288.0 320.0 192.0
v 2320.0 320.0 192.0
v 2432.0 320.0 192.0
v 2416.0 320.0 192.0
v 2480.0 256.0 192.0
v 2448.0 256.0 192.0
v 2256.0 256.0 192.0
v 2352.0 256.0 192.0
v 2368.0 256.0 192.0
v 2384.0 256.0 192.0
v 2432.0 256.0 192.0
v 2416.0 256.0 192.0
v 2320.0 256.0 192.0
v 2288.0 256.0 192.0
v 2304.0 256.0 192.0
v 2408.0 288.0 192.0
v 2400.0 298.66666 192.0
v 2400.0 277.33334 192.0
v 2392.0 288.0 192.0
v 2336.0 277.33334 192.0
v 2344.0 288.0 192.0
v 2280.0 288.0 192.0
v 2272.0 298.66666 192.0
v 2272.0 277.33334 192.0
v 2264.0 288.0 192.0
v 2328.0 288.0 192.0
v 2336.0 298.66666 192.0
v 2456.0 288.0 192.0
v 2464.0 298.66666 192.0
v 2464.0 277.33334 192.0
v 2472.0 288.0 192.0
v 2688.0 224.0 96.0
v 2688.0 224.0 112.0
v 2208.0 224.0 0.0
v 2080.0 224.0 0.0
v 2080.0 224.0 112.0
v 2080.0 224.0 96.0
v 1248.0 -1152.0 112.0
v 1248.0 -1152.0 96.0
v 1248.0 -1216.0 96.0
v 1248.0 -1216.0 112.0
v 1248.0 -1088.0 224.0
v 1248.0 -1040.0 224.0
v 1248.0 -1024.0 224.0
v 1248.0 -1024.0 176.0
v 1248.0 -1120.0 176.0
v 1248.0 -1120.0 224.0
v 1248.0 -1008.0 224.0
v 1248.0 -960.0 224.0
v 1248.0 -960.0 144.0
v 1248.0 -960.0 128.0
v 1248.0 -960.0 112.0
v 1248.0 -1024.0 112.0
v 1248.0 -936.0 128.0
v 1248.0 -896.0 128.0
v 1248.0 -896.0 112.0
v 1248.0 -1296.0 288.0
v 1248.0 -1216.0 288.0
v 1248.0 -1216.0 256.0
v 1248.0 -1216.0 128.0
v 1248.0 -1280.0 112.0
v 1248.0 -1344.0 112.0
v 1248.0 -1408.0 112.0
v 1248.0 -1408.0 288.0
v 1248.0 -1184.0 256.0
v 1248.0 -1184.0 144.0
v 1248.0 -1184.0 128.0
v 1248.0 -1152.0 288.0
v 1248.0 -1120.0 288.0
v 1248.0 -1120.0 272.0
v 1248.0 -1120.0 160.0
v 1248.0 -1152.0 160.0
v 1248.0 -1184.0 288.0
v 1248.0 -1152.0 144.0
v 1248.0 -1088.0 272.0
v 1248.0 -1152.0 320.0
v 1248.0 -1152.0 416.0
v 1248.0 -1120.0 416.0
v 1248.0 -1088.0 416.0
v 1248.0 -1056.0 416.0
v 1248.0 -1056.0 328.0
v 1248.0 -1056.0 320.0
v 1248.0 -1088.0 432.0
v 1248.0 -1120.0 432.0
v 1248.0 -1152.0 448.0
v 1248.0 -1120.0 448.0
v 1248.0 -1040.0 288.0
v 1248.0 -1040.0 272.0
v 1248.0 -1088.0 288.0
v 1248.0 -1008.0 272.0
v 1248.0 -1008.0 288.0
v 1248.0 -960.0 288.0
v 1248.0 -960.0 272.0
v 1248.0 -960.0 256.0
v 1248.0 -992.0 416.0
v 1248.0 -992.0 328.0
v 1248.0 -896.0 256.0
v 1248.0 -928.0 256.0
v 1248.0 -928.0 272.0
v 1248.0 -928.0 288.0
v 1248.0 -896.0 288.0
v 1248.0 -832.0 288.0
v 1248.0 -832.0 112.0
v 1248.0 -992.0 320.0
v 1248.0 -960.0 416.0
v 1248.0 -928.0 416.0
v 1248.0 -896.0 416.0
v 1248.0 -864.0 416.0
v 1248.0 -832.0 416.0
v 1248.0 -832.0 320.0
v 1248.0 -960.0 448.0
v 1248.0 -960.0 432.0
v 1248.0 -1088.0 448.0
v 1248.0 -928.0 432.0
v 1248.0 -864.0 448.0
v 1248.0 -832.0 448.0
v 1248.0 -928.0 448.0
v 1248.0 -896.0 448.0
v 1248.0 -704.0 448.0
v 1248.0 -704.0 320.0
v 1248.0 -608.0 448.0
v 1248.0 -608.0 416.0
v 1248.0 -608.0 320.0
v 1248.0 -608.0 224.0
v 1248.0 -704.0 224.0
v 1248.0 -608.0 160.0
v 1248.0 -704.0 160.0
v 1248.0 -544.0 320.0
v 1248.0 -448.0 320.0
v 1248.0 -448.0 224.0
v 1248.0 -448.0 160.0
v 1248.0 -576.0 160.0
v 1248.0 -576.0 416.0
v 1248.0 -544.0 416.0
v 1248.0 -576.0 448.0
v 1248.0 -544.0 448.0
v 1248.0 -448.0 448.0
v 2880.0 -2080.0 80.0
v 2880.0 -2096.0 80.0
v 2880.0 -2096.0 96.0
v 2880.0 -2080.0 96.0
v 2880.0 -1776.0 80.0
v 2880.0 -1792.0 80.0
v 2880.0 -1792.0 96.0
v 2880.0 -1776.0 96.0
v 2880.0 -1856.0 72.0
v 2880.0 -2080.0 72.0
v 2880.0 -1952.0 96.0
v 2880.0 -1920.0 96.0
v 2880.0 -1856.0 96.0
v 2880.0 -1792.0 72.0
v 2880.0 -1856.0 -16.0
v 2880.0 -2016.0 -16.0
v 2880.0 -2080.0 -16.0
v 2880.0 -1792.0 -16.0
v 2880.0 -1920.0 256.0
v 2880.0 -1920.0 160.0
v 2880.0 -1952.0 160.0
v 2880.0 -1952.0 256.0
v 2880.0 -1920.0 128.0
v 2880.0 -1952.0 128.0
v 2880.0 -64.0 0.0
v 2880.0 -64.0 32.0
v 2880.0 -96.0 32.0
v 2880.0 -96.0 -96.0
v 2880.0 -64.0 -96.0
v 2880.0 0.0 0.0
v 2880.0 0.0 32.0
v 2880.0 32.0 32.0
v 2880.0 32.0 64.0
v 2880.0 -96.0 64.0
v 2880.0 16.0 -96.0
v 2880.0 32.0 -96.0
v 2880.0 0.0 -96.0
v 2912.0 -64.0 0.0
v 2912.0 0.0 0.0
v 2928.0 -64.0 0.0
v 2928.0 0.0 0.0
v 2928.0 -64.0 -96.0
v 2912.0 -64.0 -96.0
v 2912.0 0.0 -96.0
v 2928.0 0.0 -96.0
v 2880.0 -1792.0 181.33333
v 2880.0 -1792.0 256.0
v 2880.0 -2080.0 256.0
v 2880.0 -2016.0 256.0
v 2240.0 -1920.0 0.0
v 2240.0 -1920.0 16.0
v 2112.0 -1920.0 16.0
v 2112.0 -1920.0 0.0
v 2272.0 -1920.0 32.0
v 2304.0 -1920.0 32.0
v 2304.0 -1920.0 64.0
v 2272.0 -1920.0 64.0
v 2240.0 -1920.0 32.0
v 2240.0 -1920.0 64.0
v 2336.0 -1920.0 32.0
v 2336.0 -1920.0 64.0
v 2304.0 -1920.0 128.0
v 2240.0 -1920.0 128.0
v 2336.0 -1920.0 128.0
v 2304.0 -1920.0 176.0
v 2208.0 -1920.0 176.0
v 2144.0 -1920.0 176.0
v 2112.0 -1920.0 176.0
v 2112.0 -1920.0 128.0
v 2464.0 -1920.0 32.0
v 2336.0 -1920.0 0.0
v 2464.0 -1920.0 0.0
v 2560.0 -1920.0 0.0
v 2624.0 -1920.0 0.0
v 2624.0 -1920.0 32.0
v 2560.0 -1920.0 32.0
v 2560.0 -1920.0 64.0
v 2624.0 -1920.0 64.0
v 2560.0 -1920.0 192.0
v 2336.0 -1920.0 192.0
v 2624.0 -1920.0 96.0
v 2624.0 -1920.0 192.0
v 2736.0 -1920.0 192.0
v 2736.0 -1920.0 96.0
v 2816.0 -1920.0 96.0
v 2816.0 -1920.0 192.0
v 2560.0 -1920.0 280.0
v 2336.0 -1920.0 280.0
v 2336.0 -1920.0 224.0
v 2480.0 -1920.0 224.0
v 2496.0 -1920.0 224.0
v 2560.0 -1920.0 224.0
v 2624.0 -1920.0 224.0
v 2624.0 -1920.0 280.0
v 2672.0 -1920.0 192.0
v 2672.0 -1920.0 200.0
v 2656.0 -1920.0 200.0
v 2656.0 -1920.0 192.0
v 2656.0 -1920.0 96.0
v 2672.0 -1920.0 96.0
v 2816.0 -1920.0 200.0
v 2816.0 -1920.0 224.0
v 2784.0 -1920.0 224.0
v 2656.0 -1920.0 224.0
v 2784.0 -1920.0 288.0
v 2784.0 -1920.0 309.33334
v 2784.0 -1920.0 336.0
v 2752.0 -1920.0 336.0
v 2748.0 -1920.0 336.0
v 2656.0 -1920.0 336.0
v 2784.0 -1920.0 408.0
v 2752.0 -1920.0 408.0
v 2752.0 -1920.0 352.0
v 2848.0 -1920.0 160.0
v 2848.0 -1920.0 256.0
v 2848.0 -1920.0 128.0
v 2848.0 -1920.0 96.0
v 2824.0 -1920.0 256.0
v 2816.0 -1920.0 256.0
v 2764.0 -1360.0 336.0
v 2752.0 -1360.0 352.0
v 2752.0 -1344.0 352.0
v 2784.0 -1344.0 309.33334
v 2784.0 -1360.0 309.33334
v 2764.0 -1424.0 336.0
v 2752.0 -1424.0 352.0
v 2752.0 -1408.0 352.0
v 2764.0 -1408.0 336.0
v 2784.0 -1408.0 309.33334
v 2784.0 -1424.0 309.33334
v 2764.0 -1488.0 336.0
v 2752.0 -1488.0 352.0
v 2752.0 -1472.0 352.0
v 2784.0 -1472.0 309.33334
v 2784.0 -1488.0 309.33334
v 2764.0 -1552.0 336.0
v 2752.0 -1552.0 352.0
v 2752.0 -1536.0 352.0
v 2764.0 -1536.0 336.0
v 2784.0 -1536.0 309.33334
v 2784.0 -1552.0 309.33334
v 2752.0 -1616.0 352.0
v 2752.0 -1600.0 352.0
v 2764.0 -1600.0 336.0
v 2784.0 -1600.0 309.33334
v 2784.0 -1616.0 309.33334
v 2784.0 -1680.0 309.33334
v 2752.0 -1680.0 352.0
v 2752.0 -1664.0 352.0
v 2784.0 -1664.0 309.33334
v 2784.0 -1744.0 309.33334
v 2752.0 -1744.0 352.0
v 2752.0 -1728.0 352.0
v 2784.0 -1728.0 309.33334
v 2764.0 -1808.0 336.0
v 2752.0 -1808.0 352.0
v 2752.0 -1792.0 352.0
v 2784.0 -1792.0 309.33334
v 2784.0 -1808.0 309.33334
v 2764.0 -1872.0 336.0
v 2752.0 -1872.0 352.0
v 2752.0 -1856.0 352.0
v 2764.0 -1856.0 336.0
v 2784.0 -1856.0 309.33334
v 2784.0 -1872.0 309.33334
v 2752.0 -1344.0 408.0
v 2784.0 -1344.0 408.0
v 2824.0 -1792.0 256.0
v 2784.0 -1792.0 408.0
v 2784.0 -1744.0 408.0
v 2784.0 -1520.0 408.0
v 2752.0 -1472.0 408.0
v 2752.0 -1696.0 408.0
v 2784.0 -1520.0 309.33334
v 2752.0 -1696.0 352.0
v 2720.0 32.0 -32.0
v 2688.0 32.0 -32.0
v 2688.0 32.0 0.0
v 2720.0 32.0 0.0
v 2720.0 32.0 -64.0
v 2688.0 32.0 -64.0
v 2560.0 32.0 -32.0
v 2528.0 32.0 -32.0
v 2528.0 32.0 -24.0
v 2560.0 32.0 -24.0
v 2528.0 32.0 -96.0
v 2528.0 32.0 -80.0
v 2528.0 32.0 -64.0
v 2560.0 32.0 -64.0
v 2560.0 32.0 -96.0
v 2464.0 32.0 -96.0
v 2400.0 32.0 -96.0
v 2400.0 32.0 -80.0
v 2656.0 32.0 0.0
v 2560.0 32.0 0.0
v 2560.0 32.0 32.0
v 2592.0 32.0 32.0
v 2656.0 32.0 32.0
v 2560.0 32.0 112.0
v 2432.0 32.0 112.0
v 2336.0 32.0 112.0
v 2336.0 32.0 128.0
v 2336.0 32.0 240.0
v 2400.0 32.0 240.0
v 2560.0 32.0 240.0
v 2624.0 32.0 240.0
v 2656.0 32.0 240.0
v 2656.0 32.0 112.0
v 2432.0 32.0 96.0
v 2400.0 32.0 96.0
v 2368.0 32.0 96.0
v 2336.0 32.0 96.0
v 2304.0 32.0 96.0
v 2208.0 32.0 96.0
v 2208.0 32.0 112.0
v 2240.0 32.0 112.0
v 2656.0 32.0 96.0
v 2464.0 32.0 96.0
v 2400.0 32.0 -24.0
v 2368.0 32.0 -24.0
v 2368.0 32.0 -16.0
v 2368.0 32.0 16.0
v 2368.0 32.0 32.0
v 2688.0 32.0 -96.0
v 2720.0 32.0 -96.0
v 2720.0 32.0 64.0
v 2432.0 32.0 80.0
v 2400.0 32.0 80.0
v 2464.0 32.0 80.0
v 2400.0 32.0 64.0
v 2432.0 32.0 64.0
v 2372.0 32.0 48.0
v 2368.0 32.0 48.0
v 2400.0 32.0 48.0
v 2336.0 32.0 32.0
v 2240.0 32.0 128.0
v 2240.0 32.0 160.0
v 2304.0 32.0 160.0
v 2304.0 32.0 128.0
v 2336.0 32.0 16.0
v 2304.0 32.0 16.0
v 2304.0 32.0 0.0
v 2208.0 32.0 0.0
v 2208.0 32.0 128.0
v 2208.0 32.0 160.0
v 2112.0 32.0 160.0
v 2080.0 32.0 128.0
v 2080.0 32.0 160.0
v 2080.0 32.0 248.0
v 2080.0 32.0 192.0
v 2080.0 32.0 176.0
v 2024.0 32.0 160.0
v 2024.0 32.0 176.0
v 2024.0 32.0 192.0
v 2024.0 32.0 248.0
v 2016.0 32.0 192.0
v 1960.0 32.0 192.0
v 1944.0 32.0 192.0
v 1944.0 32.0 248.0
v 2016.0 32.0 160.0
v 2016.0 32.0 176.0
v 2080.0 32.0 112.0
v 2016.0 32.0 112.0
v 2080.0 32.0 96.0
v 1888.0 32.0 96.0
v 1888.0 32.0 112.0
v 2080.0 32.0 0.0
v 2016.0 32.0 0.0
v 1888.0 32.0 0.0
v 2400.0 32.0 -64.0
v 2368.0 32.0 -64.0
v 2368.0 32.0 -32.0
v 2400.0 32.0 -32.0
v 2368.0 32.0 -80.0
v 2400.0 32.0 -112.0
v 2368.0 32.0 -112.0
v 2336.0 32.0 -16.0
v 2240.0 32.0 -24.0
v 2240.0 32.0 -16.0
v 2336.0 32.0 -128.0
v 2336.0 32.0 -80.0
v 2368.0 32.0 -128.0
v 2304.0 32.0 -80.0
v 2336.0 32.0 -144.0
v 2304.0 32.0 -144.0
v 2240.0 32.0 -144.0
v 2240.0 32.0 -80.0
v 2304.0 32.0 -160.0
v 2240.0 32.0 -160.0
v 2240.0 32.0 -32.0
v 2208.0 32.0 -32.0
v 2208.0 32.0 -16.0
v 2208.0 32.0 -72.0
v 2208.0 32.0 -64.0
v 2240.0 32.0 -64.0
v 2240.0 32.0 -72.0
v 2152.0 32.0 -72.0
v 2136.0 32.0 -72.0
v 2136.0 32.0 -16.0
v 2176.0 32.0 -80.0
v 2152.0 32.0 -80.0
v 2184.0 32.0 -144.0
v 2181.3333 32.0 -144.0
v 2176.0 32.0 -136.0
v 2168.0 32.0 -124.0
v 2168.0 32.0 -148.0
v 2168.0 32.0 -160.0
v 2176.0 32.0 -160.0
v 2192.0 32.0 -160.0
v 2184.0 32.0 -148.0
v 2136.0 32.0 -88.0
v 2144.0 32.0 -88.0
v 2152.0 32.0 -88.0
v 2136.0 32.0 -80.0
v 2128.0 32.0 -88.0
v 2112.0 32.0 -80.0
v 2112.0 32.0 -88.0
v 1888.0 32.0 248.0
v 1944.0 32.0 176.0
v 1888.0 32.0 176.0
v 1888.0 32.0 160.0
v 1960.0 32.0 176.0
v 2208.0 160.0 128.0
v 2208.0 176.0 160.0
v 2208.0 160.0 160.0
v 2208.0 128.0 128.0
v 2208.0 128.0 64.0
v 2208.0 160.0 64.0
v 2208.0 128.0 32.0
v 2208.0 160.0 32.0
v 2208.0 128.0 160.0
v 2208.0 112.0 160.0
v 2208.0 64.0 112.0
v 2208.0 64.0 128.0
v 2208.0 64.0 96.0
v 2208.0 64.0 0.0
v 2208.0 160.0 0.0
v 2208.0 128.0 0.0
v 2208.0 64.0 -64.0
v 2208.0 64.0 -32.0
v 2208.0 128.0 -128.0
v 2208.0 64.0 -128.0
v 2240.0 85.333336 160.0
v 2240.0 112.0 160.0
v 2208.0 96.0 160.0
v 2208.0 64.0 160.0
v 2240.0 64.0 160.0
v 2240.0 176.0 160.0
v 2256.0 128.0 160.0
v 2256.0 112.0 160.0
v 2260.0 112.0 160.0
v 2296.0 160.0 160.0
v 2272.0 160.0 160.0
v 2256.0 160.0 160.0
v 2240.0 128.0 160.0
v 2440.0 160.0 160.0
v 2376.0 160.0 160.0
v 2304.0 160.0 160.0
v 2400.0 64.0 160.0
v 2464.0 64.0 160.0
v 2464.0 96.0 160.0
v 2464.0 128.0 160.0
v 2464.0 160.0 160.0
v 2240.0 170.66667 160.0
v 2240.0 160.0 160.0
v 2272.0 176.0 160.0
v 2272.0 192.0 160.0
v 2256.0 192.0 160.0
v 2304.0 176.0 160.0
v 2464.0 176.0 160.0
v 2464.0 192.0 160.0
v 2448.0 192.0 160.0
v 2416.0 192.0 160.0
v 2320.0 192.0 160.0
v 2352.0 192.0 160.0
v 2368.0 170.66667 160.0
v 2400.0 213.33333 160.0
v 2304.0 192.0 160.0
v 2688.0 96.0 160.0
v 2656.0 96.0 160.0
v 2592.0 96.0 160.0
v 2560.0 96.0 160.0
v 2496.0 96.0 160.0
v 2560.0 64.0 160.0
v 2688.0 64.0 160.0
v 2496.0 112.0 160.0
v 2496.0 128.0 160.0
v 2512.0 128.0 160.0
v 2528.0 112.0 160.0
v 2528.0 128.0 160.0
v 2560.0 112.0 160.0
v 2624.0 120.0 160.0
v 2613.3333 128.0 160.0
v 2592.0 112.0 160.0
v 2576.0 128.0 160.0
v 2560.0 128.0 160.0
v 2592.0 128.0 160.0
v 2634.6667 128.0 160.0
v 2624.0 136.0 160.0
v 2592.0 160.0 160.0
v 2592.0 144.0 160.0
v 2656.0 112.0 160.0
v 2496.0 160.0 160.0
v 2512.0 160.0 160.0
v 2656.0 144.0 160.0
v 2656.0 160.0 160.0
v 2576.0 160.0 160.0
v 2560.0 176.0 160.0
v 2592.0 176.0 160.0
v 2592.0 192.0 160.0
v 2528.0 192.0 160.0
v 2528.0 176.0 160.0
v 2496.0 176.0 160.0
v 2512.0 192.0 160.0
v 2496.0 192.0 160.0
v 2528.0 160.0 160.0
v 2656.0 176.0 160.0
v 2634.6667 192.0 160.0
v 2624.0 184.0 160.0
v 2560.0 160.0 160.0
v 2656.0 208.0 160.0
v 2624.0 200.0 160.0
v 2613.3333 192.0 160.0
v 2592.0 208.0 160.0
v 2592.0 96.0 192.0
v 2656.0 96.0 192.0
v 2656.0 96.0 248.0
v 2592.0 96.0 248.0
v 2656.0 112.0 248.0
v 2656.0 144.0 248.0
v 2656.0 176.0 248.0
v 2656.0 208.0 248.0
v 2592.0 192.0 248.0
v 2592.0 176.0 248.0
v 2592.0 144.0 248.0
v 2592.0 112.0 248.0
v 2592.0 112.0 192.0
v 2592.0 144.0 192.0
v 2592.0 176.0 192.0
v 2592.0 192.0 192.0
v 2592.0 160.0 192.0
v 2592.0 208.0 192.0
v 2656.0 112.0 192.0
v 2656.0 144.0 192.0
v 2656.0 160.0 192.0
v 2656.0 176.0 192.0
v 2656.0 208.0 192.0
v 2624.0 200.0 192.0
v 2613.3333 192.0 192.0
v 2634.6667 192.0 192.0
v 2624.0 184.0 192.0
v 2634.6667 128.0 192.0
v 2624.0 136.0 192.0
v 2624.0 120.0 192.0
v 2613.3333 128.0 192.0
v 2688.0 64.0 -32.0
v 2688.0 64.0 0.0
v 2688.0 64.0 -64.0
v 2688.0 64.0 -96.0
v 2688.0 64.0 112.0
v 2688.0 64.0 96.0
v 2688.0 128.0 -96.0
v 2688.0 160.0 -96.0
v 2528.0 192.0 -128.0
v 2496.0 224.0 -128.0
v 2496.0 192.0 -128.0
v 2272.0 192.0 -128.0
v 2304.0 192.0 -128.0
v 2464.0 192.0 -128.0
v 2560.0 160.0 -128.0
v 2528.0 160.0 -128.0
v 2464.0 160.0 -128.0
v 2240.0 160.0 -128.0
v 2208.0 160.0 -128.0
v 2240.0 192.0 -128.0
v 2464.0 128.0 -128.0
v 2528.0 128.0 -128.0
v 2560.0 128.0 -128.0
v 2560.0 64.0 -128.0
v 2528.0 64.0 -128.0
v 2464.0 64.0 -128.0
v 2272.0 224.0 -128.0
v 2400.0 64.0 -128.0
v 2432.0 64.0 -128.0
v 2240.0 128.0 -128.0
v 2240.0 64.0 -128.0
v 2528.0 160.0 32.0
v 2560.0 160.0 32.0
v 2560.0 160.0 64.0
v 2528.0 160.0 64.0
v 2560.0 160.0 128.0
v 2528.0 160.0 128.0
v 2560.0 160.0 -96.0
v 2240.0 160.0 128.0
v 2240.0 160.0 64.0
v 2240.0 160.0 32.0
v 2464.0 192.0 128.0
v 2464.0 192.0 64.0
v 2464.0 192.0 32.0
v 2496.0 192.0 128.0
v 2496.0 192.0 32.0
v 2496.0 192.0 64.0
v 2304.0 192.0 32.0
v 2304.0 192.0 64.0
v 2304.0 192.0 128.0
v 2272.0 192.0 32.0
v 2272.0 192.0 128.0
v 2272.0 192.0 64.0
v 2400.0 64.0 -64.0
v 2400.0 64.0 -32.0
v 2400.0 64.0 -24.0
v 2400.0 64.0 -80.0
v 2528.0 128.0 32.0
v 2560.0 128.0 32.0
v 2560.0 128.0 -96.0
v 2528.0 128.0 128.0
v 2560.0 128.0 128.0
v 2560.0 128.0 64.0
v 2528.0 128.0 64.0
v 2560.0 64.0 -64.0
v 2560.0 64.0 -32.0
v 2560.0 64.0 -96.0
v 2560.0 64.0 0.0
v 2560.0 64.0 -24.0
v 2560.0 64.0 112.0
v 2560.0 64.0 96.0
v 2656.0 32.0 -96.0
v 2528.0 64.0 -24.0
v 2400.0 64.0 112.0
v 2400.0 64.0 96.0
v 2528.0 64.0 -64.0
v 2528.0 64.0 -32.0
v 2528.0 64.0 -80.0
v 2240.0 128.0 32.0
v 2240.0 128.0 64.0
v 2240.0 128.0 128.0
v 2240.0 64.0 -64.0
v 2240.0 64.0 -32.0
v 2240.0 64.0 -80.0
v 2368.0 64.0 -80.0
v 2368.0 64.0 -64.0
v 2368.0 64.0 -32.0
v 2368.0 64.0 -24.0
v 2240.0 64.0 -24.0
v 2240.0 64.0 96.0
v 2080.0 64.0 112.0
v 2080.0 64.0 128.0
v 2080.0 64.0 160.0
v 2112.0 32.0 0.0
v 2112.0 64.0 160.0
v 2112.0 144.0 192.0
v 2112.0 144.0 160.0
v 2112.0 112.0 160.0
v 2112.0 112.0 192.0
v 2112.0 112.0 248.0
v 2112.0 144.0 248.0
v 2112.0 96.0 192.0
v 2112.0 96.0 248.0
v 2112.0 208.0 192.0
v 2112.0 208.0 160.0
v 2112.0 176.0 160.0
v 2112.0 176.0 192.0
v 2112.0 176.0 248.0
v 2112.0 208.0 248.0
v 2112.0 160.0 192.0
v 2176.0 96.0 192.0
v 2176.0 96.0 248.0
v 2112.0 96.0 160.0
v 2176.0 96.0 160.0
v 2144.0 136.0 160.0
v 2112.0 160.0 160.0
v 2133.3333 128.0 160.0
v 2144.0 120.0 160.0
v 2154.6667 128.0 160.0
v 2176.0 144.0 160.0
v 2176.0 160.0 160.0
v 2176.0 112.0 160.0
v 2192.0 128.0 160.0
v 2176.0 128.0 160.0
v 2192.0 160.0 160.0
v 2154.6667 192.0 160.0
v 2176.0 208.0 160.0
v 2144.0 200.0 160.0
v 2176.0 176.0 160.0
v 2133.3333 192.0 160.0
v 2144.0 184.0 160.0
v 2176.0 112.0 248.0
v 2176.0 144.0 248.0
v 2176.0 204.0 248.0
v 2176.0 208.0 248.0
v 2176.0 160.0 192.0
v 2176.0 176.0 192.0
v 2176.0 144.0 192.0
v 2176.0 208.0 192.0
v 2176.0 112.0 192.0
v 2154.6667 192.0 192.0
v 2144.0 200.0 192.0
v 2144.0 184.0 192.0
v 2133.3333 192.0 192.0
v 2144.0 136.0 192.0
v 2133.3333 128.0 192.0
v 2154.6667 128.0 192.0
v 2144.0 120.0 192.0
v 2176.0 192.0 -168.0
v 2176.0 32.0 -168.0
v 2176.0 192.0 -80.0
v 2112.0 64.0 -88.0
v 2112.0 64.0 -168.0
v 2112.0 32.0 -168.0
v 2112.0 64.0 -80.0
v 2112.0 192.0 -168.0
v 2112.0 192.0 -80.0
v 2112.0 -32.0 -168.0
v 2112.0 -176.0 -168.0
v 2112.0 -256.0 -168.0
v 2176.0 -256.0 -168.0
v 2176.0 -224.0 -168.0
v 2176.0 0.0 -168.0
v 2656.0 -1888.0 192.0
v 2656.0 -1888.0 160.0
v 2656.0 -1888.0 96.0
v 2656.0 -1696.0 192.0
v 2656.0 -1696.0 176.0
v 2656.0 -1696.0 160.0
v 2656.0 -1632.0 64.0
v 2656.0 -1632.0 80.0
v 2656.0 -1632.0 96.0
v 2656.0 -1664.0 96.0
v 2656.0 -1664.0 64.0
v 2656.0 -1696.0 96.0
v 2656.0 -1664.0 176.0
v 2656.0 -1664.0 128.0
v 2656.0 -1568.0 48.0
v 2656.0 -1568.0 64.0
v 2656.0 -1536.0 64.0
v 2656.0 -1536.0 48.0
v 2656.0 -1472.0 128.0
v 2656.0 -1472.0 64.0
v 2656.0 -1504.0 64.0
v 2656.0 -1504.0 128.0
v 2656.0 -1504.0 176.0
v 2656.0 -1472.0 176.0
v 2656.0 -1504.0 16.0
v 2656.0 -1504.0 32.0
v 2656.0 -1472.0 32.0
v 2656.0 -1472.0 16.0
v 2656.0 -1600.0 64.0
v 2656.0 -1600.0 80.0
v 2656.0 -1472.0 192.0
v 2656.0 -1536.0 32.0
v 2656.0 -1344.0 192.0
v 2656.0 -1344.0 128.0
v 2656.0 -1792.0 336.0
v 2656.0 -1696.0 336.0
v 2656.0 -1472.0 336.0
v 2656.0 -1344.0 336.0
v 2656.0 -880.0 224.0
v 2656.0 -880.0 240.0
v 2656.0 -896.0 240.0
v 2656.0 -896.0 112.0
v 2656.0 -880.0 112.0
v 2656.0 -544.0 8.0
v 2656.0 -544.0 0.0
v 2656.0 -520.0 0.0
v 2656.0 -520.0 8.0
v 2656.0 -544.0 80.0
v 2656.0 -456.0 8.0
v 2656.0 -456.0 80.0
v 2656.0 -656.0 224.0
v 2656.0 -672.0 112.0
v 2656.0 -656.0 112.0
v 2656.0 -456.0 112.0
v 2656.0 -456.0 224.0
v 2656.0 -544.0 224.0
v 2656.0 -576.0 224.0
v 2656.0 -656.0 240.0
v 2656.0 -832.0 240.0
v 2656.0 -576.0 240.0
v 2656.0 -608.0 240.0
v 2656.0 -456.0 240.0
v 2656.0 -512.0 240.0
v 2656.0 -544.0 240.0
v 2656.0 -432.0 32.0
v 2656.0 -432.0 80.0
v 2656.0 -456.0 0.0
v 2656.0 -432.0 0.0
v 2656.0 -288.0 32.0
v 2656.0 -288.0 80.0
v 2656.0 -400.0 80.0
v 2656.0 -400.0 32.0
v 2656.0 -400.0 0.0
v 2656.0 -288.0 0.0
v 2656.0 16.0 0.0
v 2656.0 -96.0 32.0
v 2656.0 -96.0 0.0
v 2656.0 -232.0 240.0
v 2656.0 -352.0 240.0
v 2656.0 -448.0 112.0
v 2656.0 -232.0 112.0
v 2656.0 -8.0 240.0
v 2656.0 -64.0 240.0
v 2656.0 -128.0 240.0
v 2656.0 -224.0 112.0
v 2656.0 -8.0 112.0
v 2656.0 0.0 112.0
v 2656.0 0.0 240.0
v 2656.0 -896.0 96.0
v 2656.0 -880.0 96.0
v 2656.0 -800.0 96.0
v 2656.0 -672.0 96.0
v 2656.0 -576.0 96.0
v 2656.0 -544.0 96.0
v 2656.0 -480.0 96.0
v 2656.0 -448.0 96.0
v 2656.0 -256.0 96.0
v 2656.0 -224.0 96.0
v 2656.0 -128.0 96.0
v 2656.0 -96.0 96.0
v 2656.0 0.0 96.0
v 2748.0 -1344.0 336.0
v 2784.0 -1344.0 288.0
v 2784.0 -1344.0 112.0
v 2656.0 -1344.0 112.0
v 2784.0 -1344.0 64.0
v 2784.0 -1344.0 0.0
v 2656.0 -1344.0 0.0
v 2656.0 -1344.0 32.0
v 2656.0 -1344.0 64.0
v 2720.0 -96.0 64.0
v 2720.0 -96.0 0.0
v 2720.0 -96.0 -96.0
v 2704.0 -96.0 -96.0
v 2704.0 -96.0 0.0
v 2656.0 -96.0 -16.0
v 2656.0 -96.0 -96.0
v 2720.0 0.0 0.0
v 2704.0 0.0 0.0
v 2704.0 -80.0 0.0
v 2720.0 -80.0 0.0
v 2704.0 16.0 0.0
v 2720.0 16.0 0.0
v 2720.0 0.0 -96.0
v 2704.0 0.0 -96.0
v 2720.0 16.0 -96.0
v 2704.0 16.0 -96.0
v 2656.0 16.0 -96.0
v 2656.0 0.0 -96.0
v 2720.0 -64.0 -96.0
v 2704.0 -64.0 -96.0
v 2656.0 -64.0 -96.0
v 2720.0 -80.0 -96.0
v 2704.0 -80.0 -96.0
v 2784.0 -1472.0 0.0
v 2656.0 -1472.0 0.0
v 2784.0 -1472.0 16.0
v 2748.0 -1472.0 336.0
v 2752.0 -1472.0 330.66666
v 2752.0 -1472.0 336.0
v 2784.0 -1472.0 288.0
v 2748.0 -1424.0 336.0
v 2752.0 -1424.0 336.0
v 2748.0 -1360.0 336.0
v 2748.0 -1408.0 336.0
v 2752.0 -1408.0 336.0
v 2752.0 -1360.0 336.0
v 2784.0 -1424.0 288.0
v 2784.0 -1360.0 288.0
v 2784.0 -1408.0 288.0
v 2784.0 -1472.0 64.0
v 2784.0 -1504.0 16.0
v 2816.0 -1792.0 96.0
v 2816.0 -1792.0 224.0
v 2816.0 -1792.0 256.0
v 2784.0 -1792.0 288.0
v 2752.0 -1792.0 336.0
v 2752.0 -1792.0 330.66666
v 2784.0 -1792.0 192.0
v 2784.0 -1792.0 224.0
v 2784.0 -1792.0 96.0
v 2748.0 -1792.0 336.0
v 2784.0 -1504.0 288.0
v 2784.0 -1536.0 288.0
v 2784.0 -1536.0 64.0
v 2784.0 -1504.0 64.0
v 2784.0 -1536.0 48.0
v 2784.0 -1536.0 32.0
v 2784.0 -1504.0 32.0
v 2784.0 -1488.0 288.0
v 2784.0 -1552.0 288.0
v 2784.0 -1568.0 288.0
v 2784.0 -1568.0 64.0
v 2784.0 -1568.0 48.0
v 2784.0 -1600.0 288.0
v 2784.0 -1600.0 80.0
v 2784.0 -1616.0 288.0
v 2784.0 -1632.0 288.0
v 2784.0 -1632.0 192.0
v 2784.0 -1632.0 96.0
v 2784.0 -1632.0 80.0
v 2784.0 -1600.0 64.0
v 2784.0 -1664.0 288.0
v 2784.0 -1680.0 288.0
v 2784.0 -1680.0 192.0
v 2784.0 -1728.0 288.0
v 2784.0 -1728.0 192.0
v 2784.0 -1744.0 288.0
v 2784.0 -1744.0 192.0
v 2656.0 -1792.0 96.0
v 2748.0 -1488.0 336.0
v 2748.0 -1536.0 336.0
v 2748.0 -1552.0 336.0
v 2752.0 -1616.0 330.66666
v 2748.0 -1600.0 336.0
v 2748.0 -1616.0 336.0
v 2752.0 -1680.0 330.66666
v 2752.0 -1664.0 330.66666
v 2748.0 -1664.0 336.0
v 2748.0 -1680.0 336.0
v 2752.0 -1744.0 330.66666
v 2752.0 -1728.0 330.66666
v 2748.0 -1728.0 336.0
v 2748.0 -1744.0 336.0
v 2752.0 -1664.0 336.0
v 2752.0 -1552.0 336.0
v 2752.0 -1536.0 336.0
v 2752.0 -1488.0 336.0
v 2752.0 -1616.0 336.0
v 2752.0 -1600.0 336.0
v 2752.0 -1744.0 336.0
v 2752.0 -1728.0 336.0
v 2752.0 -1680.0 336.0
v 2748.0 -1696.0 336.0
v 2784.0 -1872.0 288.0
v 2784.0 -1808.0 288.0
v 2784.0 -1856.0 288.0
v 2748.0 -1808.0 336.0
v 2748.0 -1856.0 336.0
v 2748.0 -1872.0 336.0
v 2752.0 -1856.0 336.0
v 2752.0 -1808.0 336.0
v 2752.0 -1872.0 336.0
v 2560.0 -576.0 224.0
v 2560.0 -576.0 240.0
v 2592.0 -576.0 240.0
v 2336.0 -576.0 128.0
v 2336.0 -576.0 240.0
v 2464.0 -576.0 240.0
v 2464.0 -576.0 128.0
v 2464.0 -576.0 96.0
v 2336.0 -576.0 96.0
v 2528.0 -576.0 240.0
v 2528.0 -576.0 128.0
v 2080.0 -576.0 288.0
v 2016.0 -576.0 288.0
v 2016.0 -576.0 160.0
v 2016.0 -576.0 144.0
v 2016.0 -576.0 80.0
v 2080.0 -576.0 80.0
v 2528.0 -576.0 64.0
v 2464.0 -576.0 64.0
v 2352.0 -576.0 16.0
v 2384.0 -576.0 16.0
v 2400.0 -576.0 16.0
v 2432.0 -576.0 16.0
v 2448.0 -576.0 16.0
v 2480.0 -576.0 16.0
v 2496.0 -576.0 16.0
v 2528.0 -576.0 16.0
v 2528.0 -576.0 0.0
v 2400.0 -576.0 0.0
v 2336.0 -576.0 0.0
v 2336.0 -576.0 16.0
v 2528.0 -576.0 32.0
v 2496.0 -576.0 32.0
v 2480.0 -576.0 32.0
v 2464.0 -576.0 32.0
v 2528.0 -576.0 -24.0
v 2400.0 -576.0 -24.0
v 2336.0 -576.0 -24.0
v 1792.0 -576.0 416.0
v 1984.0 -576.0 416.0
v 1424.0 -576.0 416.0
v 1600.0 -576.0 416.0
v 1392.0 -576.0 416.0
v 1392.0 -576.0 192.0
v 1424.0 -576.0 192.0
v 1392.0 -576.0 160.0
v 1424.0 -576.0 160.0
v 1392.0 -576.0 448.0
v 1344.0 -576.0 448.0
v 1984.0 -576.0 288.0
v 1984.0 -576.0 192.0
v 1984.0 -576.0 160.0
v 1888.0 -576.0 160.0
v 1888.0 -576.0 144.0
v 1952.0 -576.0 144.0
v 1888.0 -576.0 48.0
v 1888.0 -576.0 64.0
v 1856.0 -576.0 160.0
v 1856.0 -576.0 32.0
v 1888.0 -576.0 32.0
v 1952.0 -576.0 80.0
v 1920.0 -576.0 64.0
v 1952.0 -576.0 64.0
v 1920.0 -576.0 48.0
v 1824.0 -576.0 160.0
v 1824.0 -576.0 16.0
v 1856.0 -576.0 16.0
v 1792.0 -576.0 160.0
v 1792.0 -576.0 64.0
v 1792.0 -576.0 0.0
v 1824.0 -576.0 0.0
v 1792.0 -576.0 192.0
v 1792.0 -576.0 288.0
v 1760.0 -576.0 288.0
v 1760.0 -576.0 160.0
v 1760.0 -576.0 64.0
v 1760.0 -576.0 0.0
v 1632.0 -576.0 160.0
v 1600.0 -576.0 288.0
v 1600.0 -576.0 192.0
v 1600.0 -576.0 160.0
v 1472.0 -576.0 160.0
v 1472.0 -576.0 0.0
v 1488.0 -576.0 0.0
v 1504.0 -576.0 0.0
v 1600.0 -576.0 0.0
v 1632.0 -576.0 0.0
v 1600.0 -576.0 -32.0
v 1504.0 -576.0 -16.0
v 1504.0 -576.0 -32.0
v 1600.0 -576.0 -112.0
v 1488.0 -576.0 -32.0
v 1472.0 -576.0 -32.0
v 1472.0 -576.0 -112.0
v 1488.0 -576.0 -16.0
v 1888.0 -40.0 192.0
v 1888.0 -88.0 192.0
v 1888.0 -104.0 192.0
v 1888.0 -104.0 248.0
v 1888.0 -24.0 248.0
v 1888.0 -24.0 192.0
v 1888.0 -160.0 248.0
v 1888.0 -104.0 176.0
v 1888.0 -160.0 176.0
v 1888.0 -24.0 176.0
v 1888.0 -320.0 288.0
v 1888.0 -320.0 320.0
v 1888.0 -416.0 320.0
v 1888.0 -416.0 288.0
v 1888.0 -448.0 288.0
v 1888.0 -448.0 160.0
v 1888.0 -320.0 160.0
v 1888.0 -32.0 160.0
v 1888.0 -160.0 160.0
v 1888.0 -88.0 176.0
v 1888.0 -40.0 176.0
v 1888.0 -256.0 128.0
v 1888.0 -256.0 160.0
v 1888.0 -32.0 112.0
v 1888.0 -256.0 112.0
v 1888.0 -448.0 32.0
v 1888.0 -448.0 48.0
v 1888.0 -32.0 96.0
v 1888.0 -256.0 96.0
v 1888.0 -32.0 0.0
v 1888.0 -192.0 0.0
v 1888.0 -256.0 0.0
v 2080.0 -88.0 192.0
v 2080.0 -24.0 192.0
v 2080.0 -104.0 248.0
v 2080.0 -104.0 192.0
v 2080.0 -24.0 176.0
v 2080.0 -32.0 160.0
v 2080.0 -32.0 176.0
v 2080.0 -88.0 176.0
v 2080.0 -104.0 176.0
v 2080.0 -104.0 160.0
v 2080.0 -160.0 160.0
v 2080.0 -160.0 248.0
v 2080.0 -288.0 64.0
v 2080.0 -256.0 64.0
v 2080.0 -256.0 128.0
v 2080.0 -288.0 128.0
v 2080.0 -320.0 48.0
v 2080.0 -288.0 48.0
v 2080.0 -288.0 288.0
v 2080.0 -352.0 288.0
v 2080.0 -352.0 64.0
v 2080.0 -352.0 48.0
v 2080.0 -384.0 288.0
v 2080.0 -384.0 80.0
v 2080.0 -384.0 64.0
v 2080.0 -448.0 288.0
v 2080.0 -288.0 32.0
v 2080.0 -256.0 32.0
v 2080.0 -256.0 16.0
v 2080.0 -288.0 16.0
v 2080.0 -320.0 32.0
v 2144.0 -544.0 -16.0
v 2144.0 -544.0 -8.0
v 2112.0 -512.0 -8.0
v 2112.0 -512.0 -16.0
v 2144.0 -544.0 32.0
v 2144.0 -544.0 160.0
v 2112.0 -512.0 160.0
v 2352.0 -224.0 312.0
v 2368.0 -224.0 312.0
v 2384.0 -224.0 312.0
v 2416.0 -224.0 312.0
v 2432.0 -224.0 312.0
v 2464.0 -224.0 312.0
v 2480.0 -224.0 312.0
v 2496.0 -224.0 312.0
v 2496.0 -160.0 312.0
v 2480.0 -160.0 312.0
v 2464.0 -160.0 312.0
v 2432.0 -160.0 312.0
v 2416.0 -160.0 312.0
v 2384.0 -160.0 312.0
v 2368.0 -160.0 312.0
v 2352.0 -160.0 312.0
v 2400.0 -64.0 312.0
v 2464.0 -64.0 312.0
v 2480.0 -64.0 312.0
v 2512.0 -64.0 312.0
v 2528.0 -64.0 312.0
v 2544.0 -64.0 312.0
v 2544.0 0.0 312.0
v 2528.0 0.0 312.0
v 2512.0 0.0 312.0
v 2480.0 0.0 312.0
v 2464.0 0.0 312.0
v 2400.0 0.0 312.0
v 2624.0 -496.0 312.0
v 2624.0 -480.0 312.0
v 2624.0 -456.0 312.0
v 2624.0 -232.0 312.0
v 2624.0 -160.0 312.0
v 2624.0 -144.0 312.0
v 2624.0 -128.0 312.0
v 2560.0 -128.0 312.0
v 2560.0 -144.0 312.0
v 2560.0 -160.0 312.0
v 2560.0 -224.0 312.0
v 2560.0 -448.0 312.0
v 2560.0 -480.0 312.0
v 2560.0 -496.0 312.0
v 2560.0 -512.0 312.0
v 2624.0 -512.0 312.0
v 2544.0 -544.0 240.0
v 2528.0 -544.0 240.0
v 2528.0 -544.0 224.0
v 2560.0 -544.0 224.0
v 2541.0 -544.0 112.0
v 2544.0 -544.0 112.0
v 2560.0 -544.0 112.0
v 2528.0 -544.0 160.0
v 2528.0 -544.0 112.0
v 2544.0 -544.0 96.0
v 2560.0 -544.0 96.0
v 2592.0 -544.0 0.0
v 2528.0 -544.0 80.0
v 2528.0 -544.0 0.0
v 2432.0 -544.0 160.0
v 2336.0 -544.0 160.0
v 2208.0 -544.0 160.0
v 2208.0 -544.0 96.0
v 2336.0 -544.0 96.0
v 2432.0 -544.0 96.0
v 2464.0 -544.0 96.0
v 2528.0 -544.0 96.0
v 2528.0 -544.0 104.0
v 2523.0 -544.0 160.0
v 2507.0 -544.0 160.0
v 2464.0 -544.0 160.0
v 2464.0 -544.0 32.0
v 2464.0 -544.0 -8.0
v 2528.0 -544.0 -8.0
v 2368.0 -544.0 -8.0
v 2336.0 -544.0 -16.0
v 2368.0 -544.0 -16.0
v 2528.0 -544.0 -16.0
v 2368.0 -544.0 32.0
v 2336.0 -544.0 32.0
v 2208.0 -544.0 32.0
v 2112.0 -352.0 -8.0
v 2112.0 -352.0 -16.0
v 2112.0 -288.0 0.0
v 2112.0 -288.0 32.0
v 2112.0 -256.0 32.0
v 2112.0 -256.0 0.0
v 2112.0 -224.0 -128.0
v 2112.0 -176.0 -128.0
v 2112.0 -256.0 -128.0
v 2112.0 -192.0 -88.0
v 2112.0 -176.0 -88.0
v 2112.0 -224.0 -88.0
v 2112.0 -288.0 64.0
v 2112.0 -256.0 64.0
v 2112.0 -288.0 128.0
v 2112.0 -256.0 128.0
v 2112.0 -352.0 160.0
v 2112.0 -288.0 160.0
v 2112.0 -352.0 0.0
v 2224.0 -96.0 -16.0
v 2224.0 -32.0 -16.0
v 2136.0 -32.0 -16.0
v 2136.0 -224.0 -16.0
v 2152.0 -224.0 -16.0
v 2176.0 -224.0 -16.0
v 2184.0 -224.0 -16.0
v 2224.0 -224.0 -16.0
v 2304.0 -96.0 -16.0
v 2304.0 -224.0 -16.0
v 2336.0 -96.0 -16.0
v 2336.0 -32.0 -16.0
v 2136.0 0.0 -16.0
v 2272.0 -288.0 -16.0
v 2336.0 -288.0 -16.0
v 2336.0 -512.0 -16.0
v 2496.0 -288.0 -16.0
v 2528.0 -288.0 -16.0
v 2528.0 -320.0 -16.0
v 2528.0 -512.0 -16.0
v 2336.0 -288.0 32.0
v 2336.0 -280.0 32.0
v 2352.0 -280.0 32.0
v 2384.0 -280.0 32.0
v 2400.0 -280.0 32.0
v 2416.0 -280.0 32.0
v 2448.0 -280.0 32.0
v 2464.0 -280.0 32.0
v 2464.0 -288.0 32.0
v 2352.0 -264.0 32.0
v 2384.0 -264.0 32.0
v 2416.0 -264.0 32.0
v 2448.0 -264.0 32.0
v 2336.0 -256.0 32.0
v 2464.0 -256.0 32.0
v 2464.0 -264.0 32.0
v 2400.0 -264.0 32.0
v 2336.0 -264.0 32.0
v 2368.0 -96.0 32.0
v 2336.0 -96.0 32.0
v 2384.0 -96.0 32.0
v 2464.0 -96.0 32.0
v 2496.0 -96.0 32.0
v 2496.0 -128.0 32.0
v 2336.0 -128.0 32.0
v 2592.0 -96.0 32.0
v 2336.0 -288.0 96.0
v 2336.0 -280.0 96.0
v 2336.0 -264.0 96.0
v 2336.0 -256.0 96.0
v 2336.0 -128.0 64.0
v 2336.0 -96.0 64.0
v 2336.0 -128.0 128.0
v 2336.0 -96.0 128.0
v 2336.0 -256.0 240.0
v 2336.0 -128.0 240.0
v 2336.0 -128.0 160.0
v 2336.0 -160.0 160.0
v 2336.0 -256.0 160.0
v 2336.0 -96.0 240.0
v 2360.0 -264.0 64.0
v 2360.0 -280.0 64.0
v 2368.0 -264.0 53.333332
v 2368.0 -280.0 53.333332
v 2528.0 -128.0 32.0
v 2496.0 -128.0 64.0
v 2528.0 -128.0 64.0
v 2592.0 -128.0 32.0
v 2528.0 -128.0 80.0
v 2592.0 -128.0 80.0
v 2352.0 -128.0 240.0
v 2496.0 -128.0 240.0
v 2496.0 -128.0 128.0
v 2528.0 -128.0 240.0
v 2528.0 -128.0 96.0
v 2560.0 -128.0 256.0
v 2624.0 -128.0 256.0
v 2624.0 -128.0 240.0
v 2560.0 -128.0 240.0
v 2400.0 0.0 240.0
v 2416.0 0.0 240.0
v 2432.0 0.0 240.0
v 2448.0 0.0 240.0
v 2464.0 0.0 240.0
v 2480.0 0.0 240.0
v 2496.0 0.0 240.0
v 2512.0 0.0 240.0
v 2528.0 0.0 240.0
v 2544.0 0.0 240.0
v 2624.0 0.0 240.0
v 2544.0 -64.0 240.0
v 2560.0 -64.0 240.0
v 2624.0 -64.0 240.0
v 2512.0 -32.0 240.0
v 2496.0 -64.0 240.0
v 2512.0 -64.0 240.0
v 2520.0 -48.0 240.0
v 2528.0 -32.0 240.0
v 2520.0 -16.0 240.0
v 2528.0 -64.0 240.0
v 2464.0 -32.0 240.0
v 2472.0 -16.0 240.0
v 2464.0 -64.0 240.0
v 2472.0 -48.0 240.0
v 2480.0 -32.0 240.0
v 2448.0 -64.0 240.0
v 2480.0 -64.0 240.0
v 2544.0 -128.0 240.0
v 2496.0 -96.0 240.0
v 2528.0 -96.0 240.0
v 2432.0 -64.0 240.0
v 2416.0 -64.0 240.0
v 2400.0 -64.0 240.0
v 2400.0 -96.0 240.0
v 2432.0 -32.0 240.0
v 2424.0 -16.0 240.0
v 2416.0 -32.0 240.0
v 2424.0 -48.0 240.0
v 2544.0 0.0 256.0
v 2544.0 -64.0 256.0
v 2400.0 -64.0 256.0
v 2400.0 0.0 256.0
v 2528.0 -64.0 256.0
v 2416.0 -64.0 256.0
v 2432.0 -64.0 256.0
v 2448.0 -64.0 256.0
v 2464.0 -64.0 256.0
v 2480.0 -64.0 256.0
v 2496.0 -64.0 256.0
v 2512.0 -64.0 256.0
v 2528.0 0.0 256.0
v 2464.0 0.0 256.0
v 2480.0 0.0 256.0
v 2448.0 0.0 256.0
v 2432.0 0.0 256.0
v 2416.0 0.0 256.0
v 2512.0 0.0 256.0
v 2496.0 0.0 256.0
v 2512.0 -32.0 256.0
v 2520.0 -48.0 256.0
v 2520.0 -16.0 256.0
v 2528.0 -32.0 256.0
v 2472.0 -16.0 256.0
v 2464.0 -32.0 256.0
v 2480.0 -32.0 256.0
v 2472.0 -48.0 256.0
v 2424.0 -48.0 256.0
v 2416.0 -32.0 256.0
v 2424.0 -16.0 256.0
v 2432.0 -32.0 256.0
v 2496.0 -96.0 128.0
v 2496.0 -96.0 96.0
v 2528.0 -96.0 96.0
v 2496.0 -96.0 64.0
v 2464.0 -96.0 48.0
v 2464.0 -96.0 80.0
v 2464.0 -96.0 96.0
v 2432.0 -96.0 48.0
v 2432.0 -96.0 64.0
v 2432.0 -96.0 80.0
v 2400.0 -96.0 48.0
v 2400.0 -96.0 64.0
v 2372.0 -96.0 48.0
v 2560.0 -256.0 96.0
v 2544.0 -256.0 96.0
v 2528.0 -256.0 96.0
v 2544.0 -320.0 96.0
v 2544.0 -288.0 96.0
v 2560.0 -480.0 96.0
v 2544.0 -480.0 96.0
v 2416.0 -288.0 96.0
v 2416.0 -280.0 96.0
v 2400.0 -280.0 96.0
v 2384.0 -280.0 96.0
v 2384.0 -288.0 96.0
v 2352.0 -264.0 96.0
v 2384.0 -264.0 96.0
v 2400.0 -264.0 96.0
v 2416.0 -264.0 96.0
v 2416.0 -256.0 96.0
v 2464.0 -256.0 96.0
v 2448.0 -256.0 96.0
v 2448.0 -264.0 96.0
v 2464.0 -264.0 96.0
v 2448.0 -280.0 96.0
v 2448.0 -288.0 96.0
v 2464.0 -288.0 96.0
v 2464.0 -280.0 96.0
v 2352.0 -288.0 96.0
v 2352.0 -280.0 96.0
v 2544.0 -288.0 112.0
v 2544.0 -288.0 240.0
v 2544.0 -256.0 240.0
v 2544.0 -320.0 112.0
v 2544.0 -304.0 112.0
v 2560.0 -512.0 256.0
v 2560.0 -512.0 240.0
v 2624.0 -512.0 240.0
v 2624.0 -512.0 256.0
v 2624.0 -144.0 240.0
v 2624.0 -160.0 240.0
v 2624.0 -176.0 240.0
v 2624.0 -192.0 240.0
v 2624.0 -208.0 240.0
v 2624.0 -224.0 240.0
v 2624.0 -240.0 240.0
v 2624.0 -256.0 240.0
v 2624.0 -272.0 240.0
v 2624.0 -288.0 240.0
v 2624.0 -304.0 240.0
v 2624.0 -320.0 240.0
v 2624.0 -336.0 240.0
v 2624.0 -352.0 240.0
v 2624.0 -368.0 240.0
v 2624.0 -384.0 240.0
v 2624.0 -400.0 240.0
v 2624.0 -416.0 240.0
v 2624.0 -432.0 240.0
v 2624.0 -448.0 240.0
v 2624.0 -464.0 240.0
v 2624.0 -480.0 240.0
v 2624.0 -496.0 240.0
v 2592.0 -256.0 240.0
v 2576.0 -248.0 240.0
v 2560.0 -256.0 240.0
v 2560.0 -272.0 240.0
v 2592.0 -208.0 240.0
v 2608.0 -200.0 240.0
v 2592.0 -192.0 240.0
v 2576.0 -200.0 240.0
v 2560.0 -208.0 240.0
v 2560.0 -224.0 240.0
v 2576.0 -152.0 240.0
v 2560.0 -160.0 240.0
v 2560.0 -176.0 240.0
v 2592.0 -160.0 240.0
v 2608.0 -152.0 240.0
v 2592.0 -144.0 240.0
v 2560.0 -144.0 240.0
v 2560.0 -192.0 240.0
v 2608.0 -248.0 240.0
v 2592.0 -240.0 240.0
v 2560.0 -240.0 240.0
v 2544.0 -352.0 240.0
v 2560.0 -352.0 240.0
v 2560.0 -336.0 240.0
v 2560.0 -320.0 240.0
v 2560.0 -304.0 240.0
v 2560.0 -288.0 240.0
v 2544.0 -456.0 240.0
v 2560.0 -456.0 240.0
v 2560.0 -448.0 240.0
v 2560.0 -432.0 240.0
v 2560.0 -416.0 240.0
v 2560.0 -400.0 240.0
v 2560.0 -384.0 240.0
v 2560.0 -368.0 240.0
v 2592.0 -448.0 240.0
v 2576.0 -440.0 240.0
v 2560.0 -464.0 240.0
v 2592.0 -400.0 240.0
v 2608.0 -392.0 240.0
v 2592.0 -384.0 240.0
v 2576.0 -392.0 240.0
v 2576.0 -344.0 240.0
v 2592.0 -352.0 240.0
v 2592.0 -304.0 240.0
v 2608.0 -296.0 240.0
v 2592.0 -288.0 240.0
v 2576.0 -296.0 240.0
v 2608.0 -344.0 240.0
v 2592.0 -336.0 240.0
v 2608.0 -440.0 240.0
v 2592.0 -432.0 240.0
v 2560.0 -480.0 240.0
v 2576.0 -488.0 240.0
v 2592.0 -480.0 240.0
v 2560.0 -496.0 240.0
v 2592.0 -496.0 240.0
v 2608.0 -488.0 240.0
v 2544.0 -512.0 240.0
v 2624.0 -456.0 288.0
v 2624.0 -256.0 288.0
v 2624.0 -240.0 288.0
v 2624.0 -232.0 288.0
v 2624.0 -208.0 288.0
v 2624.0 -192.0 288.0
v 2624.0 -160.0 288.0
v 2624.0 -144.0 256.0
v 2624.0 -160.0 256.0
v 2624.0 -256.0 256.0
v 2624.0 -240.0 256.0
v 2624.0 -192.0 256.0
v 2624.0 -176.0 256.0
v 2624.0 -208.0 256.0
v 2624.0 -224.0 256.0
v 2624.0 -456.0 256.0
v 2624.0 -448.0 256.0
v 2624.0 -432.0 256.0
v 2624.0 -416.0 256.0
v 2624.0 -400.0 256.0
v 2624.0 -384.0 256.0
v 2624.0 -368.0 256.0
v 2624.0 -352.0 256.0
v 2624.0 -336.0 256.0
v 2624.0 -320.0 256.0
v 2624.0 -304.0 256.0
v 2624.0 -288.0 256.0
v 2624.0 -272.0 256.0
v 2624.0 -496.0 256.0
v 2624.0 -480.0 256.0
v 2624.0 -464.0 256.0
v 2560.0 -224.0 288.0
v 2560.0 -240.0 288.0
v 2560.0 -256.0 288.0
v 2560.0 -432.0 288.0
v 2560.0 -448.0 288.0
v 2560.0 -160.0 288.0
v 2560.0 -192.0 288.0
v 2560.0 -208.0 288.0
v 2560.0 -160.0 256.0
v 2560.0 -144.0 256.0
v 2560.0 -448.0 256.0
v 2560.0 -464.0 256.0
v 2560.0 -480.0 256.0
v 2560.0 -176.0 256.0
v 2560.0 -192.0 256.0
v 2560.0 -208.0 256.0
v 2560.0 -240.0 256.0
v 2560.0 -256.0 256.0
v 2560.0 -224.0 256.0
v 2560.0 -272.0 256.0
v 2560.0 -288.0 256.0
v 2560.0 -304.0 256.0
v 2560.0 -320.0 256.0
v 2560.0 -336.0 256.0
v 2560.0 -352.0 256.0
v 2560.0 -368.0 256.0
v 2560.0 -384.0 256.0
v 2560.0 -400.0 256.0
v 2560.0 -416.0 256.0
v 2560.0 -432.0 256.0
v 2560.0 -496.0 256.0
v 2592.0 -240.0 256.0
v 2608.0 -248.0 256.0
v 2592.0 -256.0 256.0
v 2576.0 -248.0 256.0
v 2576.0 -200.0 256.0
v 2592.0 -192.0 256.0
v 2592.0 -144.0 256.0
v 2608.0 -152.0 256.0
v 2592.0 -160.0 256.0
v 2576.0 -152.0 256.0
v 2608.0 -200.0 256.0
v 2592.0 -208.0 256.0
v 2576.0 -440.0 256.0
v 2592.0 -448.0 256.0
v 2592.0 -400.0 256.0
v 2608.0 -392.0 256.0
v 2576.0 -392.0 256.0
v 2592.0 -384.0 256.0
v 2576.0 -344.0 256.0
v 2592.0 -352.0 256.0
v 2592.0 -304.0 256.0
v 2608.0 -296.0 256.0
v 2576.0 -296.0 256.0
v 2592.0 -288.0 256.0
v 2592.0 -336.0 256.0
v 2608.0 -344.0 256.0
v 2592.0 -432.0 256.0
v 2608.0 -440.0 256.0
v 2576.0 -488.0 256.0
v 2592.0 -480.0 256.0
v 2608.0 -488.0 256.0
v 2592.0 -496.0 256.0
v 2336.0 -288.0 160.0
v 2464.0 -288.0 160.0
v 2507.0 -288.0 160.0
v 2528.0 -288.0 160.0
v 2528.0 -288.0 112.0
v 2528.0 -288.0 104.0
v 2528.0 -288.0 96.0
v 2528.0 -288.0 240.0
v 2528.0 -160.0 240.0
v 2528.0 -224.0 240.0
v 2528.0 -256.0 240.0
v 2368.0 -160.0 240.0
v 2384.0 -160.0 240.0
v 2400.0 -160.0 240.0
v 2416.0 -160.0 240.0
v 2432.0 -160.0 240.0
v 2448.0 -160.0 240.0
v 2464.0 -160.0 240.0
v 2480.0 -160.0 240.0
v 2496.0 -160.0 240.0
v 2352.0 -160.0 240.0
v 2464.0 -192.0 240.0
v 2472.0 -176.0 240.0
v 2464.0 -224.0 240.0
v 2472.0 -208.0 240.0
v 2480.0 -192.0 240.0
v 2448.0 -224.0 240.0
v 2496.0 -224.0 240.0
v 2480.0 -224.0 240.0
v 2432.0 -224.0 240.0
v 2416.0 -224.0 240.0
v 2400.0 -224.0 240.0
v 2384.0 -224.0 240.0
v 2368.0 -224.0 240.0
v 2352.0 -224.0 240.0
v 2352.0 -256.0 240.0
v 2368.0 -192.0 240.0
v 2376.0 -176.0 240.0
v 2376.0 -208.0 240.0
v 2384.0 -192.0 240.0
v 2424.0 -208.0 240.0
v 2416.0 -192.0 240.0
v 2432.0 -192.0 240.0
v 2424.0 -176.0 240.0
v 2352.0 -224.0 256.0
v 2352.0 -160.0 256.0
v 2496.0 -160.0 256.0
v 2496.0 -224.0 256.0
v 2416.0 -160.0 256.0
v 2400.0 -160.0 256.0
v 2384.0 -160.0 256.0
v 2432.0 -160.0 256.0
v 2480.0 -160.0 256.0
v 2464.0 -160.0 256.0
v 2448.0 -160.0 256.0
v 2368.0 -160.0 256.0
v 2432.0 -224.0 256.0
v 2416.0 -224.0 256.0
v 2448.0 -224.0 256.0
v 2464.0 -224.0 256.0
v 2480.0 -224.0 256.0
v 2368.0 -224.0 256.0
v 2384.0 -224.0 256.0
v 2400.0 -224.0 256.0
v 2472.0 -208.0 256.0
v 2480.0 -192.0 256.0
v 2464.0 -192.0 256.0
v 2472.0 -176.0 256.0
v 2368.0 -192.0 256.0
v 2376.0 -176.0 256.0
v 2384.0 -192.0 256.0
v 2376.0 -208.0 256.0
v 2416.0 -192.0 256.0
v 2424.0 -208.0 256.0
v 2424.0 -176.0 256.0
v 2432.0 -192.0 256.0
v 2464.0 -352.0 160.0
v 2464.0 -352.0 192.0
v 2464.0 -352.0 248.0
v 2464.0 -480.0 248.0
v 2464.0 -480.0 192.0
v 2464.0 -480.0 160.0
v 2507.0 -512.0 160.0
v 2523.0 -512.0 160.0
v 2528.0 -496.0 160.0
v 2523.0 -496.0 160.0
v 2507.0 -496.0 160.0
v 2464.0 -496.0 160.0
v 2523.0 -480.0 160.0
v 2507.0 -480.0 160.0
v 2528.0 -480.0 160.0
v 2523.0 -464.0 160.0
v 2507.0 -464.0 160.0
v 2507.0 -368.0 160.0
v 2507.0 -400.0 160.0
v 2523.0 -400.0 160.0
v 2523.0 -368.0 160.0
v 2507.0 -448.0 160.0
v 2507.0 -416.0 160.0
v 2507.0 -352.0 160.0
v 2507.0 -320.0 160.0
v 2507.0 -304.0 160.0
v 2523.0 -304.0 160.0
v 2528.0 -304.0 160.0
v 2523.0 -352.0 160.0
v 2523.0 -320.0 160.0
v 2523.0 -448.0 160.0
v 2523.0 -416.0 160.0
v 2528.0 -320.0 160.0
v 2528.0 -512.0 240.0
v 2528.0 -456.0 240.0
v 2528.0 -320.0 240.0
v 2528.0 -512.0 104.0
v 2528.0 -496.0 104.0
v 2528.0 -448.0 104.0
v 2525.0 -448.0 112.0
v 2528.0 -464.0 104.0
v 2528.0 -416.0 104.0
v 2528.0 -400.0 104.0
v 2525.0 -352.0 112.0
v 2528.0 -368.0 104.0
v 2528.0 -352.0 104.0
v 2525.0 -304.0 112.0
v 2528.0 -320.0 104.0
v 2528.0 -304.0 104.0
v 2528.0 -304.0 112.0
v 2541.0 -304.0 112.0
v 2528.0 -320.0 146.66667
v 2541.0 -320.0 112.0
v 2528.0 -368.0 146.66667
v 2541.0 -352.0 112.0
v 2541.0 -368.0 112.0
v 2528.0 -416.0 146.66667
v 2528.0 -400.0 146.66667
v 2541.0 -400.0 112.0
v 2541.0 -416.0 112.0
v 2541.0 -448.0 112.0
v 2541.0 -464.0 112.0
v 2528.0 -464.0 146.66667
v 2528.0 -496.0 146.66667
v 2541.0 -496.0 112.0
v 2541.0 -512.0 112.0
v 2528.0 -512.0 146.66667
v 2528.0 -448.0 112.0
v 2528.0 -400.0 112.0
v 2528.0 -368.0 112.0
v 2528.0 -320.0 112.0
v 2528.0 -352.0 112.0
v 2528.0 -416.0 112.0
v 2528.0 -496.0 112.0
v 2528.0 -464.0 112.0
v 2528.0 -512.0 112.0
v 2528.0 -320.0 96.0
v 2336.0 -352.0 248.0
v 2448.0 -352.0 192.0
v 2416.0 -352.0 192.0
v 2400.0 -352.0 192.0
v 2384.0 -352.0 192.0
v 2352.0 -352.0 192.0
v 2336.0 -352.0 192.0
v 2448.0 -352.0 160.0
v 2416.0 -352.0 160.0
v 2384.0 -352.0 160.0
v 2352.0 -352.0 160.0
v 2400.0 -352.0 160.0
v 2336.0 -352.0 160.0
v 2352.0 -480.0 248.0
v 2336.0 -480.0 248.0
v 2336.0 -480.0 192.0
v 2352.0 -480.0 192.0
v 2384.0 -480.0 248.0
v 2384.0 -480.0 192.0
v 2400.0 -480.0 192.0
v 2416.0 -480.0 192.0
v 2448.0 -480.0 192.0
v 2352.0 -480.0 160.0
v 2384.0 -480.0 160.0
v 2416.0 -480.0 160.0
v 2448.0 -480.0 160.0
v 2360.0 -416.0 192.0
v 2368.0 -394.66666 192.0
v 2376.0 -416.0 192.0
v 2368.0 -437.33334 192.0
v 2440.0 -416.0 192.0
v 2432.0 -394.66666 192.0
v 2432.0 -437.33334 192.0
v 2424.0 -416.0 192.0
v 2432.0 -437.33334 160.0
v 2424.0 -416.0 160.0
v 2400.0 -480.0 160.0
v 2440.0 -416.0 160.0
v 2432.0 -394.66666 160.0
v 2368.0 -394.66666 160.0
v 2360.0 -416.0 160.0
v 2376.0 -416.0 160.0
v 2368.0 -437.33334 160.0
v 2336.0 -480.0 160.0
v 2528.0 -288.0 80.0
v 2528.0 -288.0 32.0
v 2464.0 -288.0 80.0
v 2560.0 -256.0 32.0
v 2592.0 -256.0 32.0
v 2592.0 -256.0 80.0
v 2528.0 -256.0 80.0
v 2528.0 -256.0 32.0
v 2424.0 -280.0 64.0
v 2432.0 -280.0 74.666664
v 2440.0 -280.0 64.0
v 2432.0 -280.0 53.333332
v 2376.0 -280.0 64.0
v 2368.0 -280.0 74.666664
v 2440.0 -264.0 64.0
v 2432.0 -264.0 74.666664
v 2424.0 -264.0 64.0
v 2432.0 -264.0 53.333332
v 2376.0 -264.0 64.0
v 2368.0 -264.0 74.666664
v 2528.0 -432.0 32.0
v 2528.0 -400.0 32.0
v 2528.0 -400.0 80.0
v 2528.0 -432.0 80.0
v 2528.0 -320.0 80.0
v 2560.0 -432.0 80.0
v 2560.0 -432.0 32.0
v 2560.0 -400.0 32.0
v 2368.0 -96.0 48.0
v 2304.0 -256.0 64.0
v 2272.0 -256.0 64.0
v 2272.0 -256.0 32.0
v 2304.0 -256.0 32.0
v 2304.0 -256.0 160.0
v 2272.0 -256.0 128.0
v 2272.0 -256.0 160.0
v 2112.0 -256.0 160.0
v 2272.0 -160.0 160.0
v 2272.0 -32.0 160.0
v 2112.0 -32.0 160.0
v 2304.0 -160.0 160.0
v 2304.0 -128.0 160.0
v 2304.0 -32.0 160.0
v 2304.0 -128.0 64.0
v 2304.0 -128.0 32.0
v 2304.0 -128.0 128.0
v 2304.0 -96.0 128.0
v 2304.0 -96.0 64.0
v 2304.0 -96.0 32.0
v 2320.0 -352.0 192.0
v 2320.0 -352.0 248.0
v 2288.0 -352.0 248.0
v 2288.0 -352.0 192.0
v 2272.0 -352.0 192.0
v 2256.0 -352.0 192.0
v 2256.0 -352.0 248.0
v 2320.0 -352.0 160.0
v 2288.0 -352.0 160.0
v 2208.0 -352.0 192.0
v 2208.0 -352.0 248.0
v 2224.0 -352.0 248.0
v 2224.0 -352.0 192.0
v 2256.0 -352.0 160.0
v 2224.0 -352.0 160.0
v 2304.0 -288.0 160.0
v 2272.0 -288.0 160.0
v 2208.0 -352.0 160.0
v 2272.0 -352.0 160.0
v 2272.0 -288.0 64.0
v 2272.0 -288.0 128.0
v 2272.0 -288.0 32.0
v 2304.0 -288.0 64.0
v 2304.0 -288.0 32.0
v 2208.0 -480.0 160.0
v 2208.0 -480.0 192.0
v 2208.0 -480.0 248.0
v 2320.0 -480.0 160.0
v 2288.0 -480.0 160.0
v 2272.0 -480.0 160.0
v 2256.0 -480.0 160.0
v 2224.0 -480.0 160.0
v 2240.0 -437.33334 160.0
v 2232.0 -416.0 160.0
v 2248.0 -416.0 160.0
v 2240.0 -394.66666 160.0
v 2304.0 -437.33334 160.0
v 2312.0 -416.0 160.0
v 2304.0 -394.66666 160.0
v 2296.0 -416.0 160.0
v 2224.0 -480.0 192.0
v 2256.0 -480.0 192.0
v 2272.0 -480.0 192.0
v 2288.0 -480.0 192.0
v 2320.0 -480.0 192.0
v 2296.0 -416.0 192.0
v 2304.0 -394.66666 192.0
v 2312.0 -416.0 192.0
v 2304.0 -437.33334 192.0
v 2232.0 -416.0 192.0
v 2240.0 -437.33334 192.0
v 2240.0 -394.66666 192.0
v 2248.0 -416.0 192.0
v 2272.0 -256.0 0.0
v 2304.0 -256.0 0.0
v 2336.0 -256.0 0.0
v 2464.0 -256.0 0.0
v 2528.0 -256.0 0.0
v 2560.0 -256.0 0.0
v 2592.0 -256.0 0.0
v 2592.0 -256.0 8.0
v 2304.0 -32.0 0.0
v 2304.0 -96.0 16.0
v 2304.0 -96.0 0.0
v 2304.0 -128.0 0.0
v 2528.0 -128.0 0.0
v 2464.0 -128.0 0.0
v 2592.0 -128.0 8.0
v 2592.0 -128.0 0.0
v 2368.0 -96.0 16.0
v 2400.0 -96.0 0.0
v 2368.0 -96.0 0.0
v 2368.0 -96.0 -16.0
v 2400.0 -96.0 -16.0
v 2624.0 -96.0 0.0
v 2592.0 -96.0 0.0
v 2624.0 -96.0 -16.0
v 2336.0 -96.0 16.0
v 2528.0 -224.0 0.0
v 2528.0 -160.0 0.0
v 2528.0 -160.0 8.0
v 2528.0 -224.0 8.0
v 2592.0 -160.0 8.0
v 2592.0 -160.0 0.0
v 2592.0 -224.0 0.0
v 2592.0 -224.0 8.0
v 2464.0 -240.0 0.0
v 2304.0 -240.0 0.0
v 2224.0 -32.0 0.0
v 2224.0 -128.0 0.0
v 2224.0 -240.0 0.0
v 2224.0 -256.0 0.0
v 2112.0 -32.0 0.0
v 2272.0 -240.0 0.0
v 2528.0 -432.0 0.0
v 2528.0 -400.0 0.0
v 2528.0 -320.0 0.0
v 2528.0 -320.0 -8.0
v 2528.0 -288.0 -8.0
v 2528.0 -288.0 0.0
v 2592.0 -432.0 0.0
v 2560.0 -432.0 0.0
v 2560.0 -400.0 0.0
v 2592.0 -520.0 0.0
v 2592.0 -456.0 0.0
v 2592.0 -456.0 8.0
v 2592.0 -520.0 8.0
v 2272.0 -288.0 -8.0
v 2304.0 -288.0 -8.0
v 2336.0 -288.0 -8.0
v 2496.0 -288.0 -8.0
v 2272.0 -288.0 0.0
v 2224.0 -307.2 0.0
v 2176.0 -256.0 -128.0
v 2288.0 -224.0 -64.0
v 2304.0 -224.0 -64.0
v 2224.0 -224.0 -64.0
v 2288.0 -224.0 -160.0
v 2304.0 -224.0 -160.0
v 2136.0 -224.0 -72.0
v 2152.0 -224.0 -72.0
v 2176.0 -224.0 -128.0
v 2176.0 -224.0 -136.0
v 2181.3333 -224.0 -144.0
v 2184.0 -224.0 -144.0
v 2184.0 -224.0 -148.0
v 2192.0 -224.0 -160.0
v 2224.0 -224.0 -160.0
v 2152.0 -224.0 -88.0
v 2152.0 -224.0 -100.0
v 2170.6667 -224.0 -128.0
v 2154.6667 -224.0 -128.0
v 2128.0 -224.0 -88.0
v 2176.0 -224.0 -160.0
v 2168.0 -224.0 -160.0
v 2168.0 -224.0 -148.0
v 2144.0 -224.0 -88.0
v 2368.0 -96.0 -112.0
v 2368.0 -96.0 -128.0
v 2400.0 -96.0 -96.0
v 2400.0 -96.0 -112.0
v 2464.0 -96.0 -96.0
v 2624.0 -96.0 -96.0
v 2576.0 0.0 -88.0
v 2576.0 -64.0 -88.0
v 2512.0 -64.0 -88.0
v 2512.0 0.0 -88.0
v 2464.0 16.0 -96.0
v 2576.0 0.0 -96.0
v 2512.0 0.0 -96.0
v 2464.0 0.0 -96.0
v 2576.0 -64.0 -96.0
v 2464.0 -64.0 -96.0
v 2512.0 -64.0 -96.0
v 2168.0 -208.0 -148.0
v 2128.0 -208.0 -88.0
v 2168.0 -176.0 -148.0
v 2168.0 -160.0 -148.0
v 2165.3333 -160.0 -144.0
v 2128.0 -160.0 -88.0
v 2128.0 -176.0 -88.0
v 2168.0 -128.0 -148.0
v 2168.0 -112.0 -148.0
v 2128.0 -112.0 -88.0
v 2128.0 -128.0 -88.0
v 2165.3333 -80.0 -144.0
v 2168.0 -80.0 -148.0
v 2168.0 -64.0 -148.0
v 2128.0 -64.0 -88.0
v 2128.0 -80.0 -88.0
v 2128.0 -16.0 -88.0
v 2128.0 -32.0 -88.0
v 2168.0 -32.0 -148.0
v 2168.0 -16.0 -148.0
v 2128.0 16.0 -88.0
v 2168.0 16.0 -148.0
v 2336.0 -96.0 -128.0
v 2336.0 -96.0 -144.0
v 2304.0 -96.0 -144.0
v 2304.0 -96.0 -160.0
v 2304.0 -32.0 -160.0
v 2184.0 -176.0 -160.0
v 2184.0 -208.0 -160.0
v 2184.0 -208.0 -148.0
v 2184.0 -176.0 -148.0
v 2184.0 -128.0 -160.0
v 2184.0 -160.0 -160.0
v 2184.0 -160.0 -148.0
v 2184.0 -128.0 -148.0
v 2184.0 -80.0 -160.0
v 2184.0 -112.0 -160.0
v 2184.0 -112.0 -148.0
v 2184.0 -80.0 -148.0
v 2184.0 -32.0 -160.0
v 2184.0 -64.0 -160.0
v 2184.0 -64.0 -148.0
v 2184.0 -32.0 -148.0
v 2184.0 16.0 -160.0
v 2184.0 -16.0 -160.0
v 2184.0 -16.0 -148.0
v 2184.0 0.0 -148.0
v 2184.0 16.0 -148.0
v 2184.0 -192.0 -144.0
v 2184.0 0.0 -144.0
v 2192.0 -32.0 -160.0
v 2192.0 16.0 -160.0
v 2192.0 -16.0 -160.0
v 2224.0 -32.0 -160.0
v 2192.0 -208.0 -160.0
v 2224.0 -208.0 -160.0
v 2192.0 -176.0 -160.0
v 2224.0 -176.0 -160.0
v 2192.0 -160.0 -160.0
v 2224.0 -160.0 -160.0
v 2192.0 -128.0 -160.0
v 2224.0 -128.0 -160.0
v 2192.0 -80.0 -160.0
v 2192.0 -112.0 -160.0
v 2192.0 -64.0 -160.0
v 2224.0 -64.0 -160.0
v 2181.3333 16.0 -144.0
v 2168.0 16.0 -124.0
v 2144.0 16.0 -88.0
v 2168.0 -16.0 -124.0
v 2181.3333 -16.0 -144.0
v 2181.3333 -32.0 -144.0
v 2168.0 -32.0 -124.0
v 2144.0 -32.0 -88.0
v 2144.0 -16.0 -88.0
v 2168.0 -64.0 -124.0
v 2181.3333 -64.0 -144.0
v 2181.3333 -80.0 -144.0
v 2144.0 -80.0 -88.0
v 2144.0 -64.0 -88.0
v 2168.0 -112.0 -124.0
v 2181.3333 -112.0 -144.0
v 2181.3333 -128.0 -144.0
v 2168.0 -128.0 -124.0
v 2144.0 -128.0 -88.0
v 2144.0 -112.0 -88.0
v 2181.3333 -160.0 -144.0
v 2181.3333 -176.0 -144.0
v 2168.0 -176.0 -124.0
v 2144.0 -176.0 -88.0
v 2144.0 -160.0 -88.0
v 2168.0 -208.0 -124.0
v 2181.3333 -208.0 -144.0
v 2144.0 -208.0 -88.0
v 2136.0 0.0 -72.0
v 2152.0 0.0 -72.0
v 2152.0 -192.0 -72.0
v 2136.0 -192.0 -72.0
v 2152.0 0.0 -88.0
v 2144.0 -192.0 -88.0
v 2152.0 -192.0 -88.0
v 2181.3333 -192.0 -144.0
v 2168.0 -112.0 -144.0
v 2136.0 -112.0 -88.0
v 2168.0 -64.0 -144.0
v 2136.0 -64.0 -88.0
v 2136.0 -32.0 -88.0
v 2168.0 -32.0 -144.0
v 2168.0 16.0 -144.0
v 2168.0 -16.0 -144.0
v 2168.0 0.0 -148.0
v 2136.0 -16.0 -88.0
v 2136.0 16.0 -88.0
v 2168.0 -80.0 -144.0
v 2136.0 -80.0 -88.0
v 2168.0 -160.0 -144.0
v 2136.0 -160.0 -88.0
v 2168.0 -128.0 -144.0
v 2136.0 -128.0 -88.0
v 2168.0 -176.0 -144.0
v 2168.0 -208.0 -144.0
v 2136.0 -176.0 -88.0
v 2136.0 -208.0 -88.0
v 2128.0 -192.0 -88.0
v 2176.0 0.0 -160.0
v 2168.0 0.0 -160.0
v 2168.0 -192.0 -160.0
v 2176.0 -192.0 -160.0
v 2224.0 -232.0 -64.0
v 2224.0 -232.0 -160.0
v 2288.0 -232.0 -64.0
v 2288.0 -232.0 -160.0
v 2232.0 -240.0 -72.0
v 2232.0 -240.0 -152.0
v 2280.0 -240.0 -152.0
v 2280.0 -240.0 -72.0
v 2080.0 -256.0 0.0
v 2080.0 -256.0 160.0
v 2080.0 -32.0 0.0
v 2560.0 -576.0 96.0
v 2336.0 -576.0 32.0
v 2336.0 -576.0 64.0
v 2352.0 -576.0 32.0
v 1952.0 -288.0 128.0
v 1952.0 -288.0 288.0
v 1952.0 -288.0 32.0
v 1952.0 -288.0 16.0
v 1920.0 -256.0 128.0
v 1952.0 -256.0 128.0
v 2016.0 -256.0 0.0
v 1952.0 -256.0 16.0
v 1952.0 -256.0 0.0
v 1920.0 -256.0 32.0
v 1920.0 -256.0 64.0
v 1920.0 -256.0 0.0
v 1952.0 -256.0 64.0
v 1952.0 -256.0 32.0
v 2024.0 -160.0 160.0
v 1944.0 -160.0 192.0
v 1944.0 -160.0 248.0
v 1944.0 -160.0 176.0
v 2024.0 -160.0 176.0
v 1960.0 -160.0 176.0
v 2024.0 -160.0 248.0
v 2024.0 -160.0 192.0
v 1960.0 -160.0 192.0
v 1992.0 -72.0 192.0
v 1976.0 -72.0 192.0
v 1976.0 -56.0 192.0
v 1992.0 -56.0 192.0
v 1904.0 -24.0 192.0
v 1904.0 -104.0 192.0
v 2016.0 24.0 192.0
v 2016.0 16.0 192.0
v 1944.0 16.0 192.0
v 1944.0 -144.0 192.0
v 2024.0 -144.0 192.0
v 2040.0 -144.0 192.0
v 2064.0 -104.0 192.0
v 2024.0 16.0 192.0
v 2064.0 -24.0 192.0
v 2064.0 -8.0 192.0
v 1976.0 -128.0 176.0
v 1976.0 -144.0 176.0
v 1992.0 -144.0 176.0
v 1992.0 -128.0 176.0
v 1920.0 -56.0 176.0
v 1904.0 -56.0 176.0
v 1904.0 -72.0 176.0
v 1920.0 -72.0 176.0
v 1904.0 -24.0 176.0
v 1944.0 16.0 176.0
v 1944.0 -144.0 176.0
v 1904.0 -104.0 176.0
v 1992.0 16.0 176.0
v 1976.0 16.0 176.0
v 1976.0 0.0 176.0
v 1992.0 0.0 176.0
v 2040.0 -144.0 176.0
v 2024.0 -144.0 176.0
v 2064.0 -104.0 176.0
v 2048.0 -72.0 176.0
v 2064.0 -72.0 176.0
v 2064.0 -56.0 176.0
v 2048.0 -56.0 176.0
v 2072.0 -32.0 176.0
v 2064.0 -32.0 176.0
v 2024.0 16.0 176.0
v 2040.0 16.0 176.0
v 2064.0 -24.0 176.0
v 1976.0 -56.0 188.44444
v 1976.0 -72.0 188.44444
v 1984.0 -64.0 190.22223
v 1992.0 -72.0 188.44444
v 1992.0 -56.0 188.44444
v 2016.0 -32.0 0.0
v 2016.0 -192.0 0.0
v 1952.0 -288.0 64.0
v 1952.0 -320.0 32.0
v 1952.0 -448.0 128.0
v 1952.0 -448.0 288.0
v 1952.0 -384.0 288.0
v 1952.0 -384.0 80.0
v 1952.0 -448.0 80.0
v 1952.0 -352.0 64.0
v 1952.0 -352.0 288.0
v 1952.0 -320.0 288.0
v 1952.0 -320.0 64.0
v 1952.0 -320.0 48.0
v 1952.0 -352.0 48.0
v 1952.0 -384.0 64.0
v 1952.0 -448.0 64.0
v 1984.0 -448.0 288.0
v 1984.0 -448.0 352.0
v 1952.0 -448.0 352.0
v 1984.0 -576.0 352.0
v 1920.0 -448.0 64.0
v 1888.0 -448.0 352.0
v 1888.0 -448.0 128.0
v 1888.0 -448.0 64.0
v 1920.0 -448.0 48.0
v 1600.0 -448.0 -32.0
v 1584.0 -448.0 -32.0
v 1568.0 -448.0 -32.0
v 1528.0 -448.0 -32.0
v 1472.0 -448.0 -32.0
v 1504.0 -320.0 160.0
v 1280.0 -320.0 160.0
v 1280.0 -320.0 320.0
v 1504.0 -320.0 320.0
v 1728.0 -320.0 160.0
v 1728.0 -320.0 320.0
v 1792.0 -320.0 160.0
v 1792.0 -448.0 352.0
v 1792.0 -448.0 288.0
v 1600.0 -448.0 352.0
v 1424.0 -448.0 352.0
v 1424.0 -448.0 416.0
v 1600.0 -448.0 320.0
v 1472.0 -448.0 320.0
v 1424.0 -448.0 320.0
v 1376.0 -448.0 320.0
v 1280.0 -448.0 320.0
v 1280.0 -448.0 448.0
v 1344.0 -448.0 448.0
v 1392.0 -448.0 448.0
v 1392.0 -448.0 416.0
v 1392.0 -448.0 320.0
v 1280.0 -448.0 288.0
v 1280.0 -448.0 224.0
v 1280.0 -448.0 160.0
v 1856.0 -448.0 160.0
v 1856.0 -448.0 32.0
v 1824.0 -448.0 160.0
v 1856.0 -448.0 16.0
v 1824.0 -448.0 16.0
v 1792.0 -448.0 64.0
v 1792.0 -448.0 160.0
v 1824.0 -448.0 0.0
v 1792.0 -448.0 0.0
v 1632.0 -448.0 64.0
v 1632.0 -448.0 288.0
v 1760.0 -448.0 0.0
v 1632.0 -448.0 0.0
v 1472.0 -448.0 160.0
v 1376.0 -448.0 160.0
v 1376.0 -448.0 288.0
v 1472.0 -448.0 96.0
v 1600.0 -448.0 288.0
v 1600.0 -448.0 96.0
v 1528.0 -448.0 64.0
v 1472.0 -448.0 64.0
v 1600.0 -448.0 64.0
v 1600.0 -448.0 0.0
v 1584.0 -448.0 0.0
v 1568.0 -448.0 0.0
v 1528.0 -448.0 0.0
v 1584.0 -448.0 -16.0
v 1568.0 -448.0 -16.0
v 1280.0 -416.0 160.0
v 1280.0 -416.0 288.0
v 1280.0 -416.0 320.0
v 1792.0 -416.0 160.0
v 1504.0 -416.0 160.0
v 1376.0 -416.0 160.0
v 1728.0 -416.0 160.0
v 1600.0 -416.0 160.0
v 1376.0 -416.0 320.0
v 1504.0 -416.0 320.0
v 1600.0 -416.0 320.0
v 1728.0 -416.0 320.0
v 1792.0 -416.0 320.0
v 1376.0 -416.0 288.0
v 1792.0 -416.0 288.0
v 1584.0 -544.0 0.0
v 1584.0 -544.0 -16.0
v 1584.0 -560.0 -16.0
v 1584.0 -560.0 0.0
v 1792.0 -576.0 352.0
v 1600.0 -576.0 352.0
v 1344.0 -504.0 456.0
v 1344.0 -520.0 456.0
v 1344.0 -544.0 456.0
v 1344.0 -544.0 448.0
v 1344.0 -480.0 448.0
v 1344.0 -480.0 456.0
v 1344.0 -480.0 472.0
v 1344.0 -480.0 496.0
v 1344.0 -504.0 496.0
v 1344.0 -504.0 472.0
v 1344.0 -520.0 472.0
v 1344.0 -520.0 496.0
v 1344.0 -544.0 496.0
v 1344.0 -544.0 472.0
v 1320.0 -544.0 456.0
v 1304.0 -544.0 456.0
v 1280.0 -544.0 456.0
v 1280.0 -544.0 448.0
v 1320.0 -544.0 472.0
v 1304.0 -544.0 472.0
v 1304.0 -544.0 496.0
v 1280.0 -544.0 496.0
v 1280.0 -480.0 496.0
v 1280.0 -480.0 472.0
v 1280.0 -504.0 472.0
v 1280.0 -520.0 472.0
v 1280.0 -520.0 496.0
v 1280.0 -520.0 456.0
v 1280.0 -504.0 456.0
v 1280.0 -480.0 456.0
v 1280.0 -480.0 448.0
v 1320.0 -480.0 472.0
v 1304.0 -480.0 472.0
v 1304.0 -480.0 496.0
v 1304.0 -480.0 456.0
v 1320.0 -480.0 456.0
v 1304.0 -504.0 472.0
v 1320.0 -504.0 472.0
v 1320.0 -520.0 472.0
v 1304.0 -520.0 472.0
v 1304.0 -504.0 456.0
v 1320.0 -504.0 456.0
v 1320.0 -520.0 456.0
v 1304.0 -520.0 456.0
v 1488.0 -480.0 -16.0
v 1488.0 -464.0 -16.0
v 1488.0 -464.0 0.0
v 1504.0 -464.0 0.0
v 1504.0 -480.0 0.0
v 1504.0 -560.0 0.0
v 1528.0 -480.0 0.0
v 1528.0 -464.0 0.0
v 1528.0 -560.0 0.0
v 1528.0 -544.0 0.0
v 1544.0 -544.0 0.0
v 1568.0 -544.0 0.0
v 1544.0 -464.0 0.0
v 1504.0 -560.0 -16.0
v 1504.0 -480.0 -16.0
v 1528.0 -480.0 -16.0
v 1528.0 -464.0 -16.0
v 1568.0 -544.0 -16.0
v 1544.0 -544.0 -16.0
v 1528.0 -544.0 -16.0
v 1528.0 -560.0 -16.0
v 1544.0 -464.0 -16.0
v 1600.0 -448.0 -112.0
v 1472.0 -448.0 -112.0
v 2336.0 -672.0 128.0
v 2336.0 -896.0 128.0
v 2336.0 -896.0 240.0
v 2336.0 -736.0 240.0
v 2336.0 -704.0 240.0
v 2336.0 -672.0 240.0
v 2336.0 -608.0 240.0
v 2336.0 -672.0 64.0
v 2336.0 -896.0 64.0
v 2336.0 -672.0 32.0
v 2336.0 -800.0 32.0
v 2336.0 -896.0 32.0
v 2336.0 -672.0 -24.0
v 2336.0 -800.0 -24.0
v 2336.0 -896.0 -24.0
v 2336.0 -896.0 0.0
v 2336.0 -672.0 0.0
v 2336.0 -896.0 16.0
v 2336.0 -800.0 16.0
v 2336.0 -672.0 16.0
v 2336.0 -1296.0 224.0
v 2336.0 -1296.0 280.0
v 2336.0 -1280.0 280.0
v 2336.0 -1280.0 224.0
v 2336.0 -1408.0 0.0
v 2336.0 -1504.0 0.0
v 2336.0 -1632.0 0.0
v 2336.0 -1632.0 32.0
v 2336.0 -1600.0 32.0
v 2336.0 -1408.0 32.0
v 2336.0 -1376.0 32.0
v 2336.0 -1280.0 32.0
v 2336.0 -1280.0 0.0
v 2336.0 -1280.0 64.0
v 2336.0 -1296.0 64.0
v 2336.0 -1296.0 176.0
v 2336.0 -1296.0 192.0
v 2336.0 -1280.0 192.0
v 2336.0 -1600.0 64.0
v 2336.0 -1408.0 64.0
v 2336.0 -1376.0 64.0
v 2336.0 -1408.0 224.0
v 2336.0 -1408.0 280.0
v 2336.0 -1392.0 280.0
v 2336.0 -1392.0 224.0
v 2336.0 -1408.0 176.0
v 2336.0 -1408.0 192.0
v 2336.0 -1392.0 192.0
v 2336.0 -1392.0 176.0
v 2336.0 -1664.0 176.0
v 2336.0 -1632.0 176.0
v 2336.0 -1632.0 192.0
v 2336.0 -1760.0 192.0
v 2336.0 -1760.0 176.0
v 2336.0 -1808.0 224.0
v 2336.0 -1808.0 192.0
v 2336.0 -1904.0 192.0
v 2336.0 -1904.0 224.0
v 2336.0 -1904.0 280.0
v 2336.0 -1808.0 280.0
v 2336.0 -1792.0 192.0
v 2336.0 -1792.0 176.0
v 2336.0 -1792.0 128.0
v 2336.0 -1792.0 280.0
v 2336.0 -1792.0 224.0
v 2336.0 -1632.0 64.0
v 2336.0 -1632.0 128.0
v 2336.0 -1536.0 176.0
v 2336.0 -1760.0 128.0
v 2336.0 -1792.0 0.0
v 2336.0 -1792.0 32.0
v 2336.0 -1760.0 32.0
v 2336.0 -1760.0 0.0
v 2336.0 -1760.0 64.0
v 2336.0 -1792.0 64.0
v 2352.0 -1280.0 192.0
v 2352.0 -1280.0 128.0
v 2352.0 -1280.0 64.0
v 2400.0 -1280.0 32.0
v 2432.0 -1280.0 32.0
v 2432.0 -1280.0 0.0
v 2400.0 -1280.0 64.0
v 2432.0 -1280.0 128.0
v 2432.0 -1280.0 64.0
v 2592.0 -1280.0 64.0
v 2560.0 -1280.0 64.0
v 2560.0 -1280.0 128.0
v 2576.0 -1280.0 128.0
v 2624.0 -1280.0 128.0
v 2624.0 -1280.0 64.0
v 2624.0 -1280.0 32.0
v 2592.0 -1280.0 32.0
v 2624.0 -1280.0 0.0
v 2560.0 -1280.0 0.0
v 2560.0 -1280.0 32.0
v 2400.0 -1280.0 192.0
v 2416.0 -1280.0 192.0
v 2576.0 -1280.0 192.0
v 2624.0 -1280.0 192.0
v 2560.0 -1280.0 224.0
v 2560.0 -1280.0 280.0
v 2624.0 -1280.0 280.0
v 2624.0 -1280.0 224.0
v 2624.0 -608.0 240.0
v 2592.0 -608.0 240.0
v 2624.0 -768.0 240.0
v 2624.0 -832.0 240.0
v 2624.0 -880.0 240.0
v 2592.0 -704.0 240.0
v 2560.0 -704.0 240.0
v 2528.0 -704.0 240.0
v 2464.0 -608.0 240.0
v 2464.0 -704.0 240.0
v 2368.0 -608.0 240.0
v 2384.0 -608.0 240.0
v 2448.0 -608.0 240.0
v 2368.0 -704.0 240.0
v 2560.0 -880.0 240.0
v 2540.0 -880.0 240.0
v 2400.0 -736.0 240.0
v 2496.0 -736.0 240.0
v 2448.0 -704.0 240.0
v 2384.0 -704.0 240.0
v 2549.3333 -736.0 240.0
v 2544.0 -752.0 240.0
v 2538.6667 -768.0 240.0
v 2592.0 -768.0 240.0
v 2496.0 -768.0 240.0
v 2432.0 -768.0 240.0
v 2432.0 -800.0 240.0
v 2432.0 -864.0 240.0
v 2432.0 -880.0 240.0
v 2496.0 -880.0 240.0
v 2508.0 -880.0 240.0
v 2400.0 -864.0 240.0
v 2400.0 -800.0 240.0
v 2400.0 -896.0 240.0
v 2592.0 -896.0 240.0
v 2560.0 -896.0 240.0
v 2560.0 -1024.0 240.0
v 2528.0 -896.0 240.0
v 2528.0 -992.0 240.0
v 2528.0 -1104.0 240.0
v 2560.0 -1104.0 240.0
v 2528.0 -1216.0 240.0
v 2560.0 -1216.0 240.0
v 2496.0 -896.0 240.0
v 2496.0 -992.0 240.0
v 2432.0 -896.0 240.0
v 2432.0 -952.0 240.0
v 2432.0 -1024.0 240.0
v 2432.0 -1104.0 240.0
v 2496.0 -1104.0 240.0
v 2432.0 -1216.0 240.0
v 2496.0 -1216.0 240.0
v 2560.0 -1248.0 240.0
v 2432.0 -1248.0 240.0
v 2528.0 -1216.0 320.0
v 2496.0 -1216.0 320.0
v 2592.0 -608.0 320.0
v 2624.0 -608.0 320.0
v 2464.0 -608.0 304.0
v 2464.0 -608.0 272.0
v 2448.0 -608.0 272.0
v 2384.0 -608.0 272.0
v 2368.0 -608.0 272.0
v 2368.0 -608.0 304.0
v 2368.0 -608.0 256.0
v 2384.0 -608.0 256.0
v 2448.0 -608.0 256.0
v 2464.0 -608.0 256.0
v 2496.0 -992.0 320.0
v 2496.0 -928.0 320.0
v 2496.0 -896.0 320.0
v 2624.0 -768.0 320.0
v 2592.0 -768.0 320.0
v 2592.0 -810.6667 320.0
v 2528.0 -896.0 320.0
v 2504.0 -928.0 320.0
v 2528.0 -928.0 320.0
v 2528.0 -992.0 320.0
v 2464.0 -704.0 256.0
v 2448.0 -704.0 256.0
v 2384.0 -704.0 304.0
v 2384.0 -704.0 272.0
v 2384.0 -704.0 256.0
v 2448.0 -704.0 272.0
v 2448.0 -704.0 304.0
v 2368.0 -704.0 304.0
v 2368.0 -704.0 272.0
v 2368.0 -704.0 256.0
v 2464.0 -704.0 272.0
v 2464.0 -704.0 304.0
v 2408.0 -656.0 272.0
v 2416.0 -665.6 272.0
v 2416.0 -646.4 272.0
v 2424.0 -656.0 272.0
v 2408.0 -656.0 256.0
v 2416.0 -665.6 256.0
v 2424.0 -656.0 256.0
v 2416.0 -646.4 256.0
v 2528.0 -704.0 -24.0
v 2496.0 -736.0 -24.0
v 2400.0 -736.0 -24.0
v 2400.0 -800.0 -24.0
v 2400.0 -896.0 -24.0
v 2560.0 -1248.0 32.0
v 2560.0 -1248.0 64.0
v 2560.0 -1248.0 128.0
v 2560.0 -1024.0 64.0
v 2560.0 -1024.0 96.0
v 2560.0 -1024.0 216.0
v 2560.0 -1248.0 216.0
v 2560.0 -1056.0 32.0
v 2560.0 -1248.0 0.0
v 2560.0 -1056.0 0.0
v 2560.0 -1024.0 0.0
v 2560.0 -1024.0 32.0
v 2560.0 -896.0 64.0
v 2560.0 -896.0 96.0
v 2560.0 -928.0 96.0
v 2560.0 -896.0 32.0
v 2560.0 -976.0 -8.0
v 2560.0 -952.0 -8.0
v 2560.0 -896.0 -8.0
v 2560.0 -1024.0 -8.0
v 2560.0 -896.0 128.0
v 2560.0 -928.0 128.0
v 2560.0 -928.0 216.0
v 2560.0 -896.0 216.0
v 2560.0 -704.0 96.0
v 2560.0 -704.0 224.0
v 2592.0 -896.0 128.0
v 2592.0 -896.0 112.0
v 2592.0 -896.0 96.0
v 2560.0 -800.0 96.0
v 2560.0 -736.0 96.0
v 2560.0 -880.0 96.0
v 2512.0 -952.0 -8.0
v 2536.0 -952.0 -8.0
v 2536.0 -952.0 0.0
v 2512.0 -952.0 0.0
v 2456.0 -952.0 -8.0
v 2480.0 -952.0 -8.0
v 2480.0 -952.0 0.0
v 2456.0 -952.0 0.0
v 2400.0 -896.0 128.0
v 2456.0 -896.0 -8.0
v 2432.0 -896.0 -8.0
v 2432.0 -896.0 32.0
v 2432.0 -896.0 64.0
v 2432.0 -896.0 96.0
v 2408.0 -896.0 128.0
v 2424.0 -896.0 128.0
v 2424.0 -896.0 192.0
v 2408.0 -896.0 192.0
v 2352.0 -896.0 64.0
v 2384.0 -896.0 64.0
v 2400.0 -896.0 64.0
v 2400.0 -896.0 32.0
v 2384.0 -896.0 32.0
v 2384.0 -896.0 16.0
v 2352.0 -896.0 32.0
v 2352.0 -896.0 16.0
v 2352.0 -896.0 0.0
v 2384.0 -896.0 0.0
v 2400.0 -896.0 0.0
v 2400.0 -896.0 16.0
v 2400.0 -736.0 0.0
v 2528.0 -592.0 0.0
v 2528.0 -624.0 0.0
v 2528.0 -640.0 0.0
v 2528.0 -672.0 0.0
v 2528.0 -688.0 0.0
v 2528.0 -704.0 0.0
v 2512.0 -720.0 0.0
v 2496.0 -736.0 0.0
v 2352.0 -592.0 16.0
v 2352.0 -624.0 16.0
v 2352.0 -624.0 32.0
v 2352.0 -592.0 32.0
v 2352.0 -688.0 16.0
v 2352.0 -720.0 16.0
v 2352.0 -720.0 32.0
v 2352.0 -688.0 32.0
v 2352.0 -736.0 16.0
v 2352.0 -768.0 16.0
v 2352.0 -768.0 32.0
v 2352.0 -736.0 32.0
v 2352.0 -832.0 16.0
v 2352.0 -864.0 16.0
v 2352.0 -864.0 32.0
v 2352.0 -832.0 32.0
v 2352.0 -784.0 16.0
v 2352.0 -800.0 16.0
v 2352.0 -816.0 16.0
v 2352.0 -816.0 32.0
v 2352.0 -800.0 32.0
v 2352.0 -784.0 32.0
v 2352.0 -640.0 16.0
v 2352.0 -672.0 16.0
v 2352.0 -672.0 32.0
v 2352.0 -640.0 32.0
v 2352.0 -880.0 16.0
v 2352.0 -880.0 32.0
v 2400.0 -736.0 128.0
v 2496.0 -736.0 128.0
v 2400.0 -736.0 96.0
v 2400.0 -736.0 64.0
v 2496.0 -736.0 64.0
v 2432.0 -736.0 32.0
v 2448.0 -736.0 32.0
v 2480.0 -736.0 32.0
v 2496.0 -736.0 32.0
v 2400.0 -736.0 32.0
v 2496.0 -736.0 16.0
v 2400.0 -736.0 16.0
v 2384.0 -736.0 16.0
v 2384.0 -736.0 32.0
v 2512.0 -720.0 16.0
v 2528.0 -704.0 32.0
v 2512.0 -720.0 32.0
v 2528.0 -704.0 64.0
v 2528.0 -704.0 128.0
v 2549.3333 -736.0 96.0
v 2528.0 -688.0 64.0
v 2528.0 -672.0 64.0
v 2528.0 -640.0 64.0
v 2528.0 -624.0 64.0
v 2528.0 -592.0 64.0
v 2528.0 -592.0 16.0
v 2528.0 -592.0 32.0
v 2528.0 -624.0 32.0
v 2528.0 -624.0 16.0
v 2528.0 -640.0 16.0
v 2528.0 -640.0 32.0
v 2528.0 -672.0 32.0
v 2528.0 -672.0 16.0
v 2528.0 -688.0 16.0
v 2528.0 -688.0 32.0
v 2400.0 -688.0 32.0
v 2384.0 -688.0 32.0
v 2384.0 -672.0 32.0
v 2400.0 -672.0 32.0
v 2432.0 -672.0 32.0
v 2432.0 -688.0 32.0
v 2384.0 -720.0 32.0
v 2400.0 -720.0 32.0
v 2432.0 -720.0 32.0
v 2496.0 -688.0 32.0
v 2496.0 -672.0 32.0
v 2448.0 -720.0 32.0
v 2480.0 -720.0 32.0
v 2496.0 -720.0 32.0
v 2480.0 -688.0 32.0
v 2448.0 -688.0 32.0
v 2448.0 -672.0 32.0
v 2480.0 -672.0 32.0
v 2384.0 -640.0 32.0
v 2400.0 -640.0 32.0
v 2432.0 -640.0 32.0
v 2448.0 -640.0 32.0
v 2384.0 -624.0 32.0
v 2384.0 -592.0 32.0
v 2400.0 -592.0 32.0
v 2400.0 -624.0 32.0
v 2448.0 -592.0 32.0
v 2448.0 -624.0 32.0
v 2432.0 -624.0 32.0
v 2432.0 -592.0 32.0
v 2480.0 -592.0 32.0
v 2496.0 -592.0 32.0
v 2480.0 -624.0 32.0
v 2480.0 -640.0 32.0
v 2496.0 -640.0 32.0
v 2496.0 -624.0 32.0
v 2384.0 -720.0 16.0
v 2400.0 -720.0 16.0
v 2432.0 -720.0 16.0
v 2496.0 -720.0 16.0
v 2448.0 -720.0 16.0
v 2480.0 -720.0 16.0
v 2432.0 -624.0 16.0
v 2432.0 -592.0 16.0
v 2432.0 -672.0 16.0
v 2432.0 -640.0 16.0
v 2432.0 -688.0 16.0
v 2480.0 -624.0 16.0
v 2480.0 -592.0 16.0
v 2480.0 -672.0 16.0
v 2480.0 -640.0 16.0
v 2480.0 -688.0 16.0
v 2496.0 -592.0 16.0
v 2496.0 -624.0 16.0
v 2496.0 -640.0 16.0
v 2496.0 -672.0 16.0
v 2496.0 -688.0 16.0
v 2448.0 -640.0 16.0
v 2448.0 -672.0 16.0
v 2448.0 -592.0 16.0
v 2448.0 -624.0 16.0
v 2448.0 -688.0 16.0
v 2400.0 -672.0 16.0
v 2384.0 -672.0 16.0
v 2400.0 -640.0 16.0
v 2400.0 -592.0 16.0
v 2400.0 -624.0 16.0
v 2384.0 -640.0 16.0
v 2384.0 -624.0 16.0
v 2384.0 -592.0 16.0
v 2400.0 -688.0 16.0
v 2384.0 -688.0 16.0
v 2384.0 -784.0 32.0
v 2384.0 -768.0 32.0
v 2384.0 -880.0 32.0
v 2384.0 -864.0 32.0
v 2384.0 -832.0 32.0
v 2384.0 -816.0 32.0
v 2432.0 -800.0 192.0
v 2432.0 -768.0 96.0
v 2432.0 -800.0 96.0
v 2432.0 -864.0 192.0
v 2432.0 -880.0 216.0
v 2432.0 -864.0 128.0
v 2432.0 -880.0 128.0
v 2432.0 -864.0 96.0
v 2432.0 -880.0 96.0
v 2432.0 -896.0 128.0
v 2432.0 -896.0 216.0
v 2528.0 -800.0 96.0
v 2544.0 -752.0 96.0
v 2528.0 -768.0 96.0
v 2528.0 -757.3333 96.0
v 2528.0 -880.0 96.0
v 2496.0 -768.0 96.0
v 2400.0 -880.0 128.0
v 2400.0 -864.0 128.0
v 2400.0 -864.0 192.0
v 2400.0 -800.0 192.0
v 2400.0 -800.0 128.0
v 2400.0 -800.0 96.0
v 2400.0 -880.0 96.0
v 2400.0 -864.0 96.0
v 2400.0 -880.0 64.0
v 2424.0 -864.0 128.0
v 2408.0 -864.0 128.0
v 2408.0 -864.0 192.0
v 2424.0 -864.0 192.0
v 2400.0 -880.0 16.0
v 2384.0 -880.0 16.0
v 2400.0 -864.0 16.0
v 2384.0 -864.0 16.0
v 2384.0 -832.0 16.0
v 2384.0 -816.0 16.0
v 2384.0 -784.0 16.0
v 2384.0 -768.0 16.0
v 2432.0 -952.0 -8.0
v 2432.0 -928.0 216.0
v 2432.0 -952.0 216.0
v 2432.0 -928.0 96.0
v 2432.0 -928.0 128.0
v 2432.0 -952.0 96.0
v 2432.0 -952.0 64.0
v 2432.0 -952.0 32.0
v 2536.0 -976.0 -8.0
v 2512.0 -1024.0 -8.0
v 2512.0 -976.0 -8.0
v 2456.0 -976.0 -8.0
v 2432.0 -976.0 -8.0
v 2480.0 -1024.0 -8.0
v 2480.0 -976.0 -8.0
v 2432.0 -1024.0 -8.0
v 2432.0 -1248.0 64.0
v 2432.0 -1248.0 128.0
v 2432.0 -1248.0 32.0
v 2432.0 -1056.0 0.0
v 2432.0 -1248.0 0.0
v 2432.0 -1056.0 32.0
v 2432.0 -1024.0 32.0
v 2432.0 -1024.0 0.0
v 2432.0 -1024.0 96.0
v 2432.0 -1024.0 64.0
v 2432.0 -1248.0 216.0
v 2432.0 -1024.0 216.0
v 2536.0 -976.0 0.0
v 2512.0 -976.0 0.0
v 2480.0 -976.0 0.0
v 2456.0 -976.0 0.0
v 2520.0 -1248.0 128.0
v 2472.0 -1248.0 128.0
v 2472.0 -1248.0 216.0
v 2472.0 -1248.0 200.0
v 2520.0 -1248.0 200.0
v 2520.0 -1248.0 216.0
v 2472.0 -1248.0 152.0
v 2520.0 -1248.0 152.0
v 2472.0 -1256.0 200.0
v 2520.0 -1256.0 200.0
v 2520.0 -1256.0 152.0
v 2472.0 -1256.0 152.0
v 2624.0 -1888.0 160.0
v 2624.0 -1888.0 192.0
v 2624.0 -1904.0 192.0
v 2624.0 -1888.0 96.0
v 2624.0 -1792.0 160.0
v 2624.0 -1792.0 176.0
v 2624.0 -1792.0 192.0
v 2624.0 -1808.0 192.0
v 2624.0 -1696.0 32.0
v 2624.0 -1696.0 64.0
v 2624.0 -1664.0 32.0
v 2624.0 -1664.0 64.0
v 2624.0 -1696.0 96.0
v 2624.0 -1664.0 96.0
v 2624.0 -1696.0 160.0
v 2624.0 -1696.0 176.0
v 2624.0 -1664.0 128.0
v 2624.0 -1664.0 176.0
v 2624.0 -1904.0 224.0
v 2624.0 -1904.0 280.0
v 2624.0 -1808.0 224.0
v 2624.0 -1808.0 280.0
v 2624.0 -1792.0 224.0
v 2624.0 -1792.0 280.0
v 2624.0 -1728.0 0.0
v 2624.0 -1696.0 0.0
v 2624.0 -1504.0 0.0
v 2624.0 -1472.0 0.0
v 2624.0 -1472.0 32.0
v 2624.0 -1504.0 32.0
v 2624.0 -1472.0 64.0
v 2624.0 -1504.0 64.0
v 2624.0 -1472.0 128.0
v 2624.0 -1472.0 176.0
v 2624.0 -1504.0 176.0
v 2624.0 -1504.0 128.0
v 2624.0 -1632.0 176.0
v 2624.0 -1344.0 32.0
v 2624.0 -1312.0 32.0
v 2624.0 -1312.0 64.0
v 2624.0 -1344.0 64.0
v 2624.0 -1344.0 128.0
v 2624.0 -1344.0 176.0
v 2624.0 -1408.0 176.0
v 2624.0 -1344.0 192.0
v 2624.0 -1392.0 192.0
v 2624.0 -1408.0 192.0
v 2624.0 -1392.0 224.0
v 2624.0 -1392.0 280.0
v 2624.0 -1408.0 280.0
v 2624.0 -1408.0 224.0
v 2624.0 -1296.0 224.0
v 2624.0 -1296.0 280.0
v 2624.0 -1296.0 192.0
v 2624.0 -1344.0 0.0
v 2632.0 -1888.0 96.0
v 2648.0 -1888.0 96.0
v 2648.0 -1888.0 104.0
v 2632.0 -1888.0 104.0
v 2632.0 -1888.0 120.0
v 2632.0 -1888.0 160.0
v 2648.0 -1888.0 120.0
v 2648.0 -1888.0 160.0
v 2648.0 -1696.0 104.0
v 2648.0 -1696.0 120.0
v 2648.0 -1696.0 160.0
v 2648.0 -1696.0 96.0
v 2632.0 -1696.0 160.0
v 2632.0 -1696.0 120.0
v 2632.0 -1696.0 96.0
v 2632.0 -1696.0 104.0
v 2400.0 -1536.0 176.0
v 2400.0 -1664.0 176.0
v 2560.0 -1408.0 176.0
v 2432.0 -1536.0 176.0
v 2528.0 -1536.0 176.0
v 2560.0 -1536.0 176.0
v 2560.0 -1792.0 176.0
v 2560.0 -1664.0 176.0
v 2528.0 -1664.0 176.0
v 2432.0 -1664.0 176.0
v 2560.0 -1632.0 176.0
v 2400.0 -1536.0 280.0
v 2432.0 -1536.0 280.0
v 2432.0 -1536.0 224.0
v 2432.0 -1536.0 192.0
v 2448.0 -1536.0 192.0
v 2472.0 -1536.0 192.0
v 2488.0 -1536.0 192.0
v 2528.0 -1536.0 192.0
v 2528.0 -1536.0 224.0
v 2528.0 -1536.0 280.0
v 2560.0 -1536.0 280.0
v 2512.0 -1536.0 224.0
v 2448.0 -1536.0 224.0
v 2560.0 -1408.0 192.0
v 2544.0 -1408.0 192.0
v 2576.0 -1408.0 192.0
v 2560.0 -1408.0 280.0
v 2416.0 -1408.0 224.0
v 2432.0 -1408.0 224.0
v 2544.0 -1408.0 224.0
v 2560.0 -1408.0 224.0
v 2416.0 -1296.0 224.0
v 2416.0 -1392.0 224.0
v 2400.0 -1392.0 224.0
v 2400.0 -1296.0 224.0
v 2358.0 -1296.0 224.0
v 2394.0 -1392.0 224.0
v 2378.0 -1392.0 224.0
v 2342.0 -1296.0 224.0
v 2522.0 -1392.0 224.0
v 2538.0 -1392.0 224.0
v 2544.0 -1392.0 224.0
v 2438.0 -1392.0 224.0
v 2422.0 -1392.0 224.0
v 2458.0 -1296.0 224.0
v 2474.0 -1296.0 224.0
v 2502.0 -1296.0 224.0
v 2486.0 -1296.0 224.0
v 2560.0 -1392.0 224.0
v 2544.0 -1296.0 224.0
v 2560.0 -1296.0 224.0
v 2566.0 -1392.0 224.0
v 2582.0 -1392.0 224.0
v 2602.0 -1296.0 224.0
v 2618.0 -1296.0 224.0
v 2342.0 -1296.0 192.0
v 2378.0 -1392.0 192.0
v 2394.0 -1392.0 192.0
v 2358.0 -1296.0 192.0
v 2544.0 -1392.0 192.0
v 2538.0 -1392.0 192.0
v 2522.0 -1392.0 192.0
v 2438.0 -1392.0 192.0
v 2422.0 -1392.0 192.0
v 2416.0 -1392.0 192.0
v 2400.0 -1392.0 192.0
v 2486.0 -1296.0 192.0
v 2502.0 -1296.0 192.0
v 2474.0 -1296.0 192.0
v 2458.0 -1296.0 192.0
v 2560.0 -1392.0 192.0
v 2560.0 -1296.0 192.0
v 2544.0 -1296.0 192.0
v 2566.0 -1392.0 192.0
v 2582.0 -1392.0 192.0
v 2618.0 -1296.0 192.0
v 2602.0 -1296.0 192.0
v 2416.0 -1296.0 192.0
v 2400.0 -1296.0 192.0
v 2528.0 -1664.0 192.0
v 2488.0 -1664.0 192.0
v 2472.0 -1664.0 192.0
v 2432.0 -1664.0 192.0
v 2432.0 -1664.0 280.0
v 2432.0 -1664.0 224.0
v 2448.0 -1664.0 224.0
v 2512.0 -1664.0 224.0
v 2528.0 -1664.0 224.0
v 2528.0 -1664.0 280.0
v 2560.0 -1664.0 280.0
v 2400.0 -1664.0 280.0
v 2420.0 -1608.0 224.0
v 2440.0 -1648.0 224.0
v 2404.0 -1608.0 224.0
v 2472.0 -1648.0 224.0
v 2488.0 -1648.0 224.0
v 2520.0 -1648.0 224.0
v 2540.0 -1608.0 224.0
v 2552.0 -1608.0 224.0
v 2556.0 -1608.0 224.0
v 2472.0 -1608.0 224.0
v 2488.0 -1608.0 224.0
v 2440.0 -1552.0 224.0
v 2420.0 -1592.0 224.0
v 2404.0 -1592.0 224.0
v 2544.0 -1600.0 224.0
v 2552.0 -1600.0 224.0
v 2540.0 -1592.0 224.0
v 2520.0 -1552.0 224.0
v 2552.0 -1584.0 224.0
v 2488.0 -1552.0 224.0
v 2472.0 -1552.0 224.0
v 2560.0 -1600.0 224.0
v 2472.0 -1592.0 224.0
v 2488.0 -1592.0 224.0
v 2400.0 -1600.0 224.0
v 2488.0 -1608.0 192.0
v 2488.0 -1648.0 192.0
v 2488.0 -1552.0 192.0
v 2488.0 -1592.0 192.0
v 2520.0 -1552.0 192.0
v 2536.0 -1552.0 192.0
v 2552.0 -1584.0 192.0
v 2540.0 -1592.0 192.0
v 2544.0 -1600.0 192.0
v 2552.0 -1600.0 192.0
v 2552.0 -1608.0 192.0
v 2556.0 -1608.0 192.0
v 2560.0 -1600.0 192.0
v 2540.0 -1608.0 192.0
v 2520.0 -1648.0 192.0
v 2536.0 -1648.0 192.0
v 2472.0 -1648.0 192.0
v 2472.0 -1608.0 192.0
v 2472.0 -1592.0 192.0
v 2472.0 -1552.0 192.0
v 2440.0 -1648.0 192.0
v 2424.0 -1648.0 192.0
v 2404.0 -1608.0 192.0
v 2420.0 -1608.0 192.0
v 2420.0 -1592.0 192.0
v 2404.0 -1592.0 192.0
v 2400.0 -1600.0 192.0
v 2440.0 -1552.0 192.0
v 2560.0 -1792.0 192.0
v 2560.0 -1792.0 224.0
v 2560.0 -1792.0 280.0
v 2560.0 -1808.0 224.0
v 2544.0 -1808.0 224.0
v 2538.0 -1808.0 224.0
v 2522.0 -1808.0 224.0
v 2438.0 -1808.0 224.0
v 2422.0 -1808.0 224.0
v 2416.0 -1808.0 224.0
v 2400.0 -1808.0 224.0
v 2394.0 -1808.0 224.0
v 2378.0 -1808.0 224.0
v 2582.0 -1808.0 224.0
v 2566.0 -1808.0 224.0
v 2602.0 -1904.0 224.0
v 2618.0 -1904.0 224.0
v 2544.0 -1904.0 224.0
v 2560.0 -1904.0 224.0
v 2502.0 -1904.0 224.0
v 2342.0 -1904.0 224.0
v 2358.0 -1904.0 224.0
v 2400.0 -1904.0 224.0
v 2416.0 -1904.0 224.0
v 2458.0 -1904.0 224.0
v 2474.0 -1904.0 224.0
v 2486.0 -1904.0 224.0
v 2618.0 -1904.0 192.0
v 2560.0 -1904.0 192.0
v 2602.0 -1904.0 192.0
v 2486.0 -1904.0 192.0
v 2474.0 -1904.0 192.0
v 2502.0 -1904.0 192.0
v 2544.0 -1904.0 192.0
v 2416.0 -1904.0 192.0
v 2458.0 -1904.0 192.0
v 2400.0 -1904.0 192.0
v 2358.0 -1904.0 192.0
v 2342.0 -1904.0 192.0
v 2582.0 -1808.0 192.0
v 2566.0 -1808.0 192.0
v 2560.0 -1808.0 192.0
v 2378.0 -1808.0 192.0
v 2522.0 -1808.0 192.0
v 2438.0 -1808.0 192.0
v 2400.0 -1808.0 192.0
v 2394.0 -1808.0 192.0
v 2544.0 -1808.0 192.0
v 2538.0 -1808.0 192.0
v 2422.0 -1808.0 192.0
v 2416.0 -1808.0 192.0
v 2560.0 -1504.0 0.0
v 2560.0 -1728.0 0.0
v 2336.0 -1728.0 0.0
v 1440.0 -1408.0 96.0
v 1440.0 -1408.0 112.0
v 1376.0 -1408.0 112.0
v 1376.0 -1408.0 96.0
v 1472.0 -1408.0 80.0
v 1472.0 -1408.0 112.0
v 1440.0 -1408.0 80.0
v 1600.0 -1408.0 16.0
v 1600.0 -1408.0 96.0
v 1568.0 -1408.0 96.0
v 1568.0 -1408.0 64.0
v 1568.0 -1408.0 32.0
v 1568.0 -1408.0 16.0
v 1632.0 -1408.0 8.0
v 1632.0 -1408.0 96.0
v 1600.0 -1408.0 8.0
v 1280.0 -1408.0 120.0
v 1280.0 -1408.0 288.0
v 1280.0 -1408.0 112.0
v 1344.0 -1408.0 288.0
v 1344.0 -1408.0 120.0
v 1472.0 -1408.0 288.0
v 1344.0 -1408.0 112.0
v 1504.0 -1408.0 288.0
v 1472.0 -1408.0 64.0
v 1504.0 -1408.0 64.0
v 1536.0 -1408.0 64.0
v 1536.0 -1408.0 288.0
v 1512.0 -1408.0 288.0
v 1504.0 -1408.0 48.0
v 1536.0 -1408.0 48.0
v 1568.0 -1408.0 288.0
v 1536.0 -1408.0 32.0
v 1472.0 -1408.0 400.0
v 1512.0 -1408.0 366.54544
v 1512.0 -1408.0 384.0
v 1512.0 -1408.0 400.0
v 1536.0 -1408.0 366.54544
v 1536.0 -1408.0 384.0
v 1536.0 -1408.0 400.0
v 1576.0 -1408.0 366.54544
v 1576.0 -1408.0 384.0
v 1576.0 -1408.0 400.0
v 1576.0 -1408.0 288.0
v 1600.0 -1408.0 384.0
v 1600.0 -1408.0 400.0
v 1600.0 -1408.0 288.0
v 1600.0 -1408.0 366.54544
v 1640.0 -1408.0 366.54544
v 1640.0 -1408.0 384.0
v 1640.0 -1408.0 400.0
v 1640.0 -1408.0 288.0
v 1664.0 -1408.0 288.0
v 1664.0 -1408.0 366.54544
v 1760.0 -1408.0 -128.0
v 1760.0 -1408.0 -32.0
v 1632.0 -1408.0 -32.0
v 1632.0 -1408.0 -128.0
v 1760.0 -1408.0 0.0
v 1632.0 -1408.0 0.0
v 1792.0 -1408.0 8.0
v 1792.0 -1408.0 16.0
v 1792.0 -1408.0 96.0
v 1760.0 -1408.0 96.0
v 1760.0 -1408.0 8.0
v 1792.0 -1408.0 176.0
v 1792.0 -1408.0 288.0
v 1768.0 -1408.0 288.0
v 1728.0 -1408.0 288.0
v 1704.0 -1408.0 288.0
v 1856.0 -1408.0 176.0
v 1856.0 -1408.0 288.0
v 1832.0 -1408.0 288.0
v 1824.0 -1408.0 288.0
v 1824.0 -1408.0 176.0
v 1824.0 -1408.0 64.0
v 1856.0 -1408.0 64.0
v 1824.0 -1408.0 32.0
v 1856.0 -1408.0 32.0
v 1856.0 -1408.0 48.0
v 1728.0 -1408.0 384.0
v 1728.0 -1408.0 366.54544
v 1768.0 -1408.0 366.54544
v 1768.0 -1408.0 384.0
v 1704.0 -1408.0 366.54544
v 1704.0 -1408.0 384.0
v 1664.0 -1408.0 384.0
v 1824.0 -1408.0 400.0
v 1824.0 -1408.0 384.0
v 1832.0 -1408.0 384.0
v 1856.0 -1408.0 384.0
v 1856.0 -1408.0 400.0
v 1856.0 -1408.0 366.54544
v 1832.0 -1408.0 366.54544
v 1888.0 -1408.0 288.0
v 1888.0 -1408.0 400.0
v 1888.0 -1408.0 176.0
v 1888.0 -1408.0 48.0
v 1888.0 -1408.0 64.0
v 1792.0 -1408.0 400.0
v 1792.0 -1408.0 384.0
v 1792.0 -1408.0 366.54544
v 1824.0 -1408.0 16.0
v 2112.0 -1408.0 288.0
v 1984.0 -1408.0 288.0
v 1984.0 -1408.0 112.0
v 2112.0 -1408.0 112.0
v 1952.0 -1408.0 96.0
v 1952.0 -1408.0 288.0
v 1920.0 -1408.0 288.0
v 1920.0 -1408.0 80.0
v 1952.0 -1408.0 80.0
v 1920.0 -1408.0 64.0
v 1984.0 -1408.0 96.0
v 2208.0 -896.0 256.0
v 2208.0 -960.0 256.0
v 2208.0 -960.0 128.0
v 2208.0 -896.0 128.0
v 1376.0 -1296.0 -128.0
v 1376.0 -1280.0 -128.0
v 1392.0 -1280.0 -128.0
v 1392.0 -1296.0 -128.0
v 1280.0 -1152.0 -128.0
v 1344.0 -1152.0 -128.0
v 1344.0 -1216.0 -128.0
v 1280.0 -1216.0 -128.0
v 1408.0 -832.0 -128.0
v 1568.0 -832.0 -128.0
v 1568.0 -896.0 -128.0
v 1568.0 -1056.0 -128.0
v 1408.0 -1056.0 -128.0
v 1568.0 -1120.0 -128.0
v 1568.0 -1280.0 -128.0
v 1408.0 -1280.0 -128.0
v 1632.0 -896.0 -128.0
v 1760.0 -896.0 -128.0
v 1760.0 -1120.0 -128.0
v 1632.0 -1120.0 -128.0
v 1760.0 -1280.0 -128.0
v 1760.0 -1344.0 -128.0
v 1632.0 -1344.0 -128.0
v 1632.0 -1280.0 -128.0
v 1792.0 -896.0 -128.0
v 1952.0 -896.0 -128.0
v 1952.0 -1056.0 -128.0
v 1952.0 -1120.0 -128.0
v 1952.0 -1280.0 -128.0
v 1632.0 -832.0 -128.0
v 1760.0 -832.0 -128.0
v 1792.0 -832.0 -128.0
v 1952.0 -832.0 -128.0
v 1632.0 -704.0 -128.0
v 1760.0 -704.0 -128.0
v 1376.0 -832.0 224.0
v 1376.0 -832.0 96.0
v 1344.0 -832.0 96.0
v 1280.0 -832.0 96.0
v 1248.0 -832.0 96.0
v 1376.0 -832.0 288.0
v 1856.0 -832.0 64.0
v 1856.0 -832.0 -16.0
v 1760.0 -832.0 -16.0
v 1760.0 -832.0 112.0
v 1760.0 -832.0 160.0
v 1856.0 -832.0 160.0
v 1632.0 -832.0 112.0
v 1632.0 -832.0 -16.0
v 1536.0 -832.0 -16.0
v 1536.0 -832.0 4.0
v 1536.0 -832.0 160.0
v 1632.0 -832.0 160.0
v 2016.0 -832.0 0.0
v 1984.0 -832.0 0.0
v 1984.0 -832.0 -16.0
v 2016.0 -832.0 -16.0
v 1280.0 -832.0 8.0
v 1248.0 -832.0 8.0
v 1856.0 -832.0 288.0
v 1856.0 -832.0 360.0
v 1856.0 -832.0 416.0
v 1888.0 -832.0 416.0
v 1888.0 -832.0 288.0
v 1408.0 -832.0 64.0
v 1408.0 -832.0 224.0
v 1408.0 -832.0 288.0
v 1472.0 -832.0 288.0
v 1472.0 -832.0 192.0
v 1472.0 -832.0 64.0
v 1472.0 -832.0 4.0
v 1408.0 -832.0 4.0
v 1408.0 -832.0 16.0
v 1408.0 -832.0 32.0
v 1760.0 -832.0 -32.0
v 1952.0 -832.0 -16.0
v 1952.0 -832.0 -32.0
v 1632.0 -832.0 -32.0
v 1408.0 -832.0 -32.0
v 1408.0 -832.0 -16.0
v 1472.0 -832.0 320.0
v 1472.0 -832.0 416.0
v 1536.0 -832.0 416.0
v 1536.0 -832.0 360.0
v 1536.0 -832.0 192.0
v 1376.0 -832.0 64.0
v 1376.0 -832.0 32.0
v 1376.0 -832.0 16.0
v 1376.0 -832.0 8.0
v 1344.0 -832.0 8.0
v 1760.0 -832.0 360.0
v 1760.0 -832.0 416.0
v 1984.0 -832.0 16.0
v 1984.0 -832.0 32.0
v 1984.0 -832.0 64.0
v 1984.0 -832.0 112.0
v 2016.0 -832.0 112.0
v 2016.0 -832.0 96.0
v 2016.0 -832.0 8.0
v 1984.0 -832.0 8.0
v 1392.0 -832.0 288.0
v 1408.0 -832.0 304.0
v 1392.0 -832.0 304.0
v 1952.0 -832.0 288.0
v 1952.0 -832.0 224.0
v 1952.0 -832.0 64.0
v 1952.0 -832.0 32.0
v 2112.0 -832.0 -16.0
v 2112.0 -832.0 0.0
v 2080.0 -832.0 0.0
v 2080.0 -832.0 -16.0
v 2080.0 -832.0 112.0
v 2080.0 -832.0 96.0
v 2112.0 -832.0 112.0
v 2128.0 -832.0 112.0
v 2128.0 -832.0 8.0
v 2080.0 -832.0 8.0
v 2112.0 -832.0 288.0
v 1984.0 -832.0 224.0
v 1984.0 -832.0 288.0
v 1424.0 -608.0 416.0
v 1424.0 -608.0 352.0
v 1424.0 -736.0 352.0
v 1424.0 -608.0 192.0
v 1424.0 -608.0 160.0
v 1424.0 -736.0 160.0
v 1632.0 -800.0 -32.0
v 1632.0 -704.0 -32.0
v 1760.0 -704.0 -32.0
v 1760.0 -768.0 -32.0
v 1760.0 -800.0 -32.0
v 2016.0 -824.0 96.0
v 2016.0 -824.0 8.0
v 2016.0 -816.0 -16.0
v 2016.0 -816.0 0.0
v 2080.0 -824.0 8.0
v 2080.0 -824.0 96.0
v 2024.0 -816.0 88.0
v 2072.0 -816.0 88.0
v 2072.0 -816.0 16.0
v 2024.0 -816.0 16.0
v 2112.0 -816.0 -16.0
v 2112.0 -816.0 0.0
v 2080.0 -816.0 0.0
v 2080.0 -816.0 -16.0
v 1744.0 -800.0 256.0
v 1744.0 -800.0 288.0
v 1728.0 -800.0 288.0
v 1728.0 -800.0 256.0
v 1744.0 -800.0 240.0
v 1744.0 -800.0 160.0
v 1760.0 -800.0 160.0
v 1760.0 -800.0 288.0
v 1632.0 -800.0 160.0
v 1648.0 -800.0 160.0
v 1648.0 -800.0 240.0
v 1648.0 -800.0 256.0
v 1648.0 -800.0 288.0
v 1632.0 -800.0 288.0
v 1664.0 -800.0 160.0
v 1664.0 -800.0 240.0
v 1664.0 -800.0 256.0
v 1664.0 -800.0 288.0
v 1728.0 -800.0 160.0
v 1728.0 -800.0 240.0
v 1632.0 -800.0 112.0
v 1760.0 -800.0 112.0
v 1760.0 -768.0 96.0
v 1760.0 -768.0 288.0
v 1760.0 -800.0 64.0
v 1760.0 -768.0 64.0
v 1760.0 -768.0 0.0
v 1760.0 -704.0 -16.0
v 1760.0 -704.0 0.0
v 1760.0 -704.0 96.0
v 1760.0 -704.0 288.0
v 1760.0 -736.0 288.0
v 1760.0 -688.0 288.0
v 1760.0 -704.0 64.0
v 1760.0 -688.0 64.0
v 1760.0 -688.0 -16.0
v 1760.0 -688.0 0.0
v 1760.0 -608.0 64.0
v 1760.0 -608.0 160.0
v 1760.0 -608.0 288.0
v 1760.0 -640.0 288.0
v 1760.0 -608.0 0.0
v 1792.0 -608.0 160.0
v 1984.0 -608.0 160.0
v 1984.0 -672.0 160.0
v 1856.0 -672.0 160.0
v 1792.0 -672.0 160.0
v 1984.0 -768.0 160.0
v 1856.0 -768.0 160.0
v 1984.0 -608.0 416.0
v 1792.0 -608.0 416.0
v 1792.0 -608.0 352.0
v 1792.0 -608.0 192.0
v 1984.0 -608.0 352.0
v 1984.0 -608.0 192.0
v 1856.0 -672.0 288.0
v 1856.0 -768.0 288.0
v 1984.0 -768.0 352.0
v 1856.0 -768.0 352.0
v 1792.0 -672.0 288.0
v 1792.0 -672.0 352.0
v 1792.0 -768.0 288.0
v 1792.0 -768.0 352.0
v 1816.0 -704.0 0.0
v 1816.0 -768.0 0.0
v 1816.0 -704.0 96.0
v 1816.0 -768.0 96.0
v 1824.0 -712.0 8.0
v 1824.0 -712.0 88.0
v 1824.0 -760.0 88.0
v 1824.0 -760.0 8.0
v 1600.0 -608.0 352.0
v 1600.0 -608.0 416.0
v 1600.0 -736.0 352.0
v 1600.0 -608.0 160.0
v 1600.0 -608.0 192.0
v 1600.0 -736.0 160.0
v 1728.0 -736.0 288.0
v 1664.0 -736.0 288.0
v 1632.0 -736.0 288.0
v 1728.0 -640.0 288.0
v 1664.0 -640.0 288.0
v 1664.0 -608.0 288.0
v 1648.0 -608.0 288.0
v 1632.0 -608.0 288.0
v 1632.0 -688.0 288.0
v 1632.0 -704.0 288.0
v 1744.0 -608.0 288.0
v 1728.0 -608.0 288.0
v 1728.0 -736.0 296.0
v 1664.0 -736.0 296.0
v 1664.0 -640.0 296.0
v 1728.0 -640.0 296.0
v 1632.0 -608.0 0.0
v 1632.0 -608.0 64.0
v 1632.0 -608.0 160.0
v 1632.0 -688.0 64.0
v 1632.0 -688.0 0.0
v 1632.0 -704.0 64.0
v 1632.0 -688.0 -16.0
v 1632.0 -704.0 -16.0
v 1632.0 -800.0 64.0
v 1648.0 -608.0 160.0
v 1664.0 -608.0 160.0
v 1728.0 -608.0 160.0
v 1744.0 -608.0 160.0
v 1648.0 -608.0 240.0
v 1664.0 -608.0 240.0
v 1728.0 -608.0 240.0
v 1744.0 -608.0 240.0
v 1728.0 -608.0 256.0
v 1744.0 -608.0 256.0
v 1648.0 -608.0 256.0
v 1664.0 -608.0 256.0
v 1664.0 -752.0 240.0
v 1728.0 -752.0 240.0
v 1728.0 -736.0 240.0
v 1664.0 -736.0 240.0
v 1664.0 -656.0 240.0
v 1728.0 -656.0 240.0
v 1728.0 -640.0 240.0
v 1664.0 -640.0 240.0
v 1744.0 -752.0 256.0
v 1744.0 -736.0 256.0
v 1744.0 -656.0 256.0
v 1744.0 -640.0 256.0
v 1648.0 -736.0 256.0
v 1648.0 -752.0 256.0
v 1728.0 -736.0 256.0
v 1664.0 -736.0 256.0
v 1664.0 -640.0 256.0
v 1664.0 -656.0 256.0
v 1728.0 -656.0 256.0
v 1728.0 -640.0 256.0
v 1664.0 -752.0 256.0
v 1728.0 -752.0 256.0
v 1856.0 -808.0 160.0
v 1856.0 -808.0 360.0
v 1968.0 -816.0 0.0
v 1968.0 -832.0 0.0
v 1968.0 -832.0 -16.0
v 1968.0 -816.0 -16.0
v 1536.0 -808.0 160.0
v 1760.0 -808.0 160.0
v 1536.0 -808.0 360.0
v 1760.0 -808.0 360.0
v 1392.0 -608.0 160.0
v 1392.0 -704.0 160.0
v 1392.0 -704.0 448.0
v 1392.0 -608.0 448.0
v 1392.0 -832.0 448.0
v 1392.0 -704.0 224.0
v 1392.0 -704.0 320.0
v 1392.0 -608.0 416.0
v 1392.0 -608.0 224.0
v 1392.0 -608.0 192.0
v 1392.0 -832.0 320.0
v 1344.0 -832.0 320.0
v 1392.0 -832.0 416.0
v 1392.0 -800.0 288.0
v 1392.0 -800.0 304.0
v 1408.0 -800.0 304.0
v 1408.0 -800.0 288.0
v 1280.0 -824.0 8.0
v 1288.0 -816.0 8.0
v 1336.0 -816.0 8.0
v 1344.0 -824.0 8.0
v 1344.0 -824.0 96.0
v 1280.0 -824.0 96.0
v 1288.0 -816.0 88.0
v 1336.0 -816.0 88.0
v 2112.0 -928.0 288.0
v 2112.0 -896.0 288.0
v 2112.0 -880.0 288.0
v 1984.0 -928.0 288.0
v 2112.0 -1008.0 288.0
v 2112.0 -960.0 288.0
v 1984.0 -960.0 288.0
v 1984.0 -1008.0 288.0
v 2112.0 -1088.0 288.0
v 2112.0 -1040.0 288.0
v 1984.0 -1040.0 288.0
v 1984.0 -1056.0 288.0
v 1984.0 -1088.0 288.0
v 2112.0 -1184.0 288.0
v 2112.0 -1152.0 288.0
v 2112.0 -1120.0 288.0
v 1984.0 -1120.0 288.0
v 1984.0 -1184.0 288.0
v 2112.0 -1296.0 288.0
v 2112.0 -1216.0 288.0
v 1984.0 -1216.0 288.0
v 1952.0 -1216.0 288.0
v 1952.0 -1296.0 288.0
v 1888.0 -896.0 288.0
v 1888.0 -928.0 288.0
v 1952.0 -928.0 288.0
v 1952.0 -1008.0 288.0
v 1952.0 -960.0 288.0
v 1888.0 -960.0 288.0
v 1888.0 -1008.0 288.0
v 1952.0 -1040.0 288.0
v 1888.0 -1040.0 288.0
v 1888.0 -1088.0 288.0
v 1952.0 -1088.0 288.0
v 1952.0 -1120.0 288.0
v 1888.0 -1120.0 288.0
v 1888.0 -1152.0 288.0
v 1888.0 -1216.0 288.0
v 1888.0 -1296.0 288.0
v 1696.0 -1216.0 288.0
v 1472.0 -1216.0 288.0
v 1472.0 -1296.0 288.0
v 1472.0 -1344.0 288.0
v 1512.0 -1344.0 288.0
v 1536.0 -1344.0 288.0
v 1576.0 -1344.0 288.0
v 1600.0 -1344.0 288.0
v 1640.0 -1344.0 288.0
v 1664.0 -1344.0 288.0
v 1696.0 -1344.0 288.0
v 1704.0 -1344.0 288.0
v 1728.0 -1344.0 288.0
v 1768.0 -1344.0 288.0
v 1792.0 -1344.0 288.0
v 1832.0 -1344.0 288.0
v 1856.0 -1344.0 288.0
v 1888.0 -1344.0 288.0
v 1408.0 -928.0 288.0
v 1472.0 -928.0 288.0
v 1376.0 -928.0 288.0
v 1472.0 -960.0 288.0
v 1408.0 -960.0 288.0
v 1408.0 -1008.0 288.0
v 1472.0 -1008.0 288.0
v 1472.0 -1040.0 288.0
v 1408.0 -1040.0 288.0
v 1408.0 -1088.0 288.0
v 1472.0 -1088.0 288.0
v 1376.0 -1008.0 288.0
v 1376.0 -960.0 288.0
v 1376.0 -1056.0 288.0
v 1376.0 -1040.0 288.0
v 1376.0 -1088.0 288.0
v 1472.0 -1152.0 288.0
v 1472.0 -1120.0 288.0
v 1408.0 -1120.0 288.0
v 1408.0 -1216.0 288.0
v 1408.0 -1296.0 288.0
v 1376.0 -1184.0 288.0
v 1376.0 -1120.0 288.0
v 1376.0 -1216.0 288.0
v 2112.0 -896.0 432.0
v 2112.0 -896.0 448.0
v 2112.0 -928.0 448.0
v 2112.0 -928.0 432.0
v 2112.0 -960.0 432.0
v 2112.0 -960.0 448.0
v 2112.0 -1088.0 448.0
v 2112.0 -1088.0 432.0
v 2112.0 -1120.0 432.0
v 2112.0 -1152.0 432.0
v 2112.0 -1152.0 320.0
v 2112.0 -1120.0 320.0
v 2112.0 -928.0 320.0
v 2112.0 -896.0 320.0
v 2112.0 -1120.0 448.0
v 2112.0 -1152.0 448.0
v 1696.0 -1216.0 416.0
v 1536.0 -1216.0 416.0
v 1512.0 -1216.0 416.0
v 1472.0 -1216.0 416.0
v 1888.0 -1216.0 416.0
v 1760.0 -1216.0 416.0
v 1824.0 -928.0 512.0
v 1824.0 -896.0 512.0
v 1888.0 -896.0 512.0
v 1888.0 -928.0 512.0
v 1888.0 -960.0 512.0
v 1888.0 -1088.0 512.0
v 1888.0 -1120.0 512.0
v 1824.0 -1120.0 512.0
v 1888.0 -1152.0 512.0
v 1824.0 -1152.0 512.0
v 1928.0 -960.0 512.0
v 1928.0 -928.0 512.0
v 1928.0 -1120.0 512.0
v 1928.0 -1088.0 512.0
v 1472.0 -1088.0 512.0
v 1472.0 -960.0 512.0
v 1472.0 -928.0 512.0
v 1472.0 -896.0 512.0
v 1536.0 -896.0 512.0
v 1536.0 -928.0 512.0
v 1536.0 -1120.0 512.0
v 1472.0 -1120.0 512.0
v 1536.0 -1152.0 512.0
v 1472.0 -1152.0 512.0
v 1432.0 -960.0 512.0
v 1432.0 -928.0 512.0
v 1432.0 -1120.0 512.0
v 1432.0 -1088.0 512.0
v 1376.0 -896.0 512.0
v 1376.0 -928.0 512.0
v 1376.0 -1152.0 512.0
v 1984.0 -928.0 512.0
v 1984.0 -896.0 512.0
v 1984.0 -1152.0 512.0
v 1760.0 -1152.0 512.0
v 1760.0 -896.0 512.0
v 1536.0 -928.0 416.0
v 1536.0 -1152.0 416.0
v 1536.0 -1152.0 448.0
v 1536.0 -1152.0 496.0
v 1536.0 -928.0 496.0
v 1536.0 -896.0 496.0
v 1536.0 -896.0 480.0
v 1536.0 -896.0 448.0
v 1536.0 -896.0 416.0
v 1888.0 -896.0 496.0
v 1888.0 -928.0 496.0
v 1888.0 -896.0 416.0
v 1888.0 -928.0 416.0
v 1888.0 -960.0 496.0
v 1888.0 -960.0 416.0
v 1888.0 -1088.0 416.0
v 1888.0 -1088.0 496.0
v 1888.0 -896.0 320.0
v 1888.0 -928.0 320.0
v 1888.0 -960.0 320.0
v 1888.0 -1008.0 320.0
v 1888.0 -1040.0 320.0
v 1888.0 -1088.0 320.0
v 1888.0 -1120.0 496.0
v 1888.0 -1152.0 496.0
v 1888.0 -1120.0 416.0
v 1888.0 -1152.0 416.0
v 1888.0 -1120.0 320.0
v 1888.0 -1152.0 320.0
v 2016.0 -1152.0 448.0
v 2016.0 -1152.0 416.0
v 2016.0 -1152.0 320.0
v 1928.0 -1152.0 496.0
v 1984.0 -1152.0 496.0
v 1984.0 -1152.0 448.0
v 1928.0 -1152.0 448.0
v 1928.0 -1152.0 416.0
v 1928.0 -1152.0 320.0
v 2016.0 -896.0 416.0
v 2016.0 -896.0 448.0
v 2016.0 -896.0 320.0
v 1984.0 -896.0 496.0
v 1968.0 -896.0 496.0
v 1984.0 -896.0 448.0
v 1968.0 -896.0 448.0
v 1968.0 -896.0 416.0
v 1952.0 -896.0 320.0
v 2016.0 -1056.0 320.0
v 2016.0 -1120.0 320.0
v 1952.0 -928.0 320.0
v 1928.0 -928.0 320.0
v 1952.0 -1040.0 320.0
v 1952.0 -1008.0 320.0
v 1952.0 -1056.0 320.0
v 1928.0 -1040.0 320.0
v 1928.0 -1056.0 320.0
v 1928.0 -1008.0 320.0
v 1928.0 -1088.0 320.0
v 1928.0 -960.0 320.0
v 1928.0 -1120.0 320.0
v 1928.0 -1088.0 496.0
v 1928.0 -1120.0 496.0
v 1928.0 -1120.0 448.0
v 1928.0 -1088.0 448.0
v 1928.0 -1120.0 432.0
v 1928.0 -1088.0 432.0
v 1928.0 -960.0 448.0
v 1928.0 -960.0 496.0
v 1928.0 -928.0 496.0
v 1928.0 -928.0 448.0
v 1928.0 -960.0 432.0
v 1928.0 -928.0 432.0
v 1984.0 -1120.0 448.0
v 1984.0 -1088.0 448.0
v 1984.0 -960.0 448.0
v 1984.0 -928.0 448.0
v 1984.0 -928.0 496.0
v 1824.0 -1152.0 492.8
v 1824.0 -1152.0 496.0
v 1808.0 -1152.0 496.0
v 1808.0 -1152.0 480.0
v 1824.0 -1152.0 480.0
v 1808.0 -1152.0 448.0
v 1776.0 -1152.0 496.0
v 1776.0 -1152.0 480.0
v 1776.0 -1152.0 448.0
v 1560.0 -1152.0 496.0
v 1584.0 -1152.0 496.0
v 1616.0 -1152.0 496.0
v 1640.0 -1152.0 496.0
v 1752.0 -1152.0 496.0
v 1760.0 -1152.0 496.0
v 1760.0 -1152.0 448.0
v 1752.0 -1152.0 448.0
v 1640.0 -1152.0 448.0
v 1616.0 -1152.0 448.0
v 1584.0 -1152.0 448.0
v 1560.0 -1152.0 448.0
v 1760.0 -1152.0 416.0
v 1824.0 -1152.0 416.0
v 1824.0 -1152.0 448.0
v 1752.0 -1152.0 480.0
v 1640.0 -1152.0 480.0
v 1616.0 -1152.0 480.0
v 1584.0 -1152.0 480.0
v 1560.0 -1152.0 480.0
v 1848.0 -1120.0 416.0
v 1848.0 -1152.0 416.0
v 1856.0 -896.0 416.0
v 1856.0 -928.0 416.0
v 1760.0 -896.0 416.0
v 1824.0 -896.0 416.0
v 1848.0 -1088.0 416.0
v 1848.0 -960.0 416.0
v 1848.0 -928.0 416.0
v 1824.0 -928.0 416.0
v 1824.0 -1056.0 416.0
v 1824.0 -896.0 480.0
v 1824.0 -896.0 496.0
v 1824.0 -928.0 496.0
v 1824.0 -928.0 492.8
v 1824.0 -928.0 480.0
v 1824.0 -896.0 448.0
v 1824.0 -928.0 448.0
v 1824.0 -1120.0 492.8
v 1824.0 -1056.0 492.8
v 1824.0 -1056.0 448.0
v 1824.0 -1120.0 480.0
v 1824.0 -1120.0 448.0
v 1760.0 -896.0 496.0
v 1752.0 -896.0 496.0
v 1640.0 -896.0 496.0
v 1808.0 -896.0 480.0
v 1776.0 -896.0 480.0
v 1752.0 -896.0 480.0
v 1808.0 -896.0 448.0
v 1776.0 -896.0 448.0
v 1560.0 -896.0 448.0
v 1584.0 -896.0 448.0
v 1616.0 -896.0 448.0
v 1640.0 -896.0 448.0
v 1752.0 -896.0 448.0
v 1760.0 -896.0 448.0
v 1640.0 -896.0 480.0
v 1616.0 -896.0 480.0
v 1584.0 -896.0 480.0
v 1560.0 -896.0 480.0
v 1640.0 -1080.0 480.0
v 1616.0 -1080.0 480.0
v 1600.0 -1080.0 480.0
v 1600.0 -1056.0 480.0
v 1632.0 -1056.0 480.0
v 1656.0 -1056.0 480.0
v 1656.0 -1080.0 480.0
v 1576.0 -1088.0 480.0
v 1576.0 -1056.0 480.0
v 1584.0 -1056.0 480.0
v 1600.0 -1088.0 480.0
v 1640.0 -1104.0 480.0
v 1640.0 -1128.0 480.0
v 1752.0 -1128.0 480.0
v 1752.0 -1104.0 480.0
v 1752.0 -1080.0 480.0
v 1776.0 -1080.0 480.0
v 1736.0 -1080.0 480.0
v 1736.0 -1056.0 480.0
v 1760.0 -1056.0 480.0
v 1792.0 -1056.0 480.0
v 1792.0 -1080.0 480.0
v 1792.0 -1088.0 480.0
v 1808.0 -1056.0 480.0
v 1816.0 -1088.0 480.0
v 1816.0 -1056.0 480.0
v 1752.0 -944.0 480.0
v 1640.0 -944.0 480.0
v 1640.0 -920.0 480.0
v 1752.0 -920.0 480.0
v 1776.0 -968.0 480.0
v 1752.0 -968.0 480.0
v 1640.0 -968.0 480.0
v 1616.0 -968.0 480.0
v 1736.0 -992.0 480.0
v 1760.0 -992.0 480.0
v 1584.0 -992.0 480.0
v 1576.0 -992.0 480.0
v 1576.0 -960.0 480.0
v 1600.0 -960.0 480.0
v 1600.0 -968.0 480.0
v 1600.0 -992.0 480.0
v 1632.0 -992.0 480.0
v 1656.0 -968.0 480.0
v 1656.0 -992.0 480.0
v 1814.0 -968.0 480.0
v 1816.0 -960.0 480.0
v 1816.0 -968.0 480.0
v 1792.0 -968.0 480.0
v 1816.0 -992.0 480.0
v 1736.0 -968.0 480.0
v 1792.0 -960.0 480.0
v 1640.0 -1128.0 448.0
v 1752.0 -1128.0 448.0
v 1752.0 -1104.0 448.0
v 1640.0 -1104.0 448.0
v 1640.0 -1080.0 448.0
v 1616.0 -1080.0 448.0
v 1760.0 -1056.0 448.0
v 1736.0 -1056.0 448.0
v 1736.0 -1080.0 448.0
v 1752.0 -1080.0 448.0
v 1776.0 -1080.0 448.0
v 1792.0 -1080.0 448.0
v 1792.0 -1056.0 448.0
v 1600.0 -1088.0 448.0
v 1600.0 -1080.0 448.0
v 1600.0 -1056.0 448.0
v 1584.0 -1056.0 448.0
v 1576.0 -1088.0 448.0
v 1576.0 -1056.0 448.0
v 1632.0 -1056.0 448.0
v 1656.0 -1080.0 448.0
v 1656.0 -1056.0 448.0
v 1816.0 -1088.0 448.0
v 1808.0 -1056.0 448.0
v 1792.0 -1088.0 448.0
v 1816.0 -1056.0 448.0
v 1656.0 -992.0 448.0
v 1632.0 -992.0 448.0
v 1578.0 -968.0 448.0
v 1576.0 -960.0 448.0
v 1576.0 -968.0 448.0
v 1656.0 -968.0 448.0
v 1640.0 -968.0 448.0
v 1616.0 -968.0 448.0
v 1600.0 -968.0 448.0
v 1576.0 -992.0 448.0
v 1760.0 -992.0 448.0
v 1736.0 -992.0 448.0
v 1600.0 -960.0 448.0
v 1640.0 -944.0 448.0
v 1640.0 -920.0 448.0
v 1752.0 -944.0 448.0
v 1752.0 -920.0 448.0
v 1752.0 -968.0 448.0
v 1776.0 -968.0 448.0
v 1816.0 -992.0 448.0
v 1816.0 -968.0 448.0
v 1814.0 -968.0 448.0
v 1792.0 -968.0 448.0
v 1736.0 -968.0 448.0
v 1816.0 -960.0 448.0
v 1792.0 -960.0 448.0
v 1432.0 -1152.0 320.0
v 1472.0 -1152.0 320.0
v 1472.0 -1152.0 416.0
v 1432.0 -1152.0 416.0
v 1432.0 -1152.0 448.0
v 1376.0 -1152.0 448.0
v 1432.0 -1152.0 496.0
v 1376.0 -1152.0 496.0
v 1472.0 -1152.0 496.0
v 1472.0 -1120.0 320.0
v 1472.0 -1120.0 496.0
v 1472.0 -1120.0 416.0
v 1472.0 -1040.0 320.0
v 1472.0 -992.0 320.0
v 1472.0 -960.0 320.0
v 1472.0 -1088.0 320.0
v 1472.0 -896.0 320.0
v 1472.0 -896.0 416.0
v 1472.0 -928.0 320.0
v 1472.0 -960.0 416.0
v 1472.0 -960.0 496.0
v 1472.0 -1088.0 496.0
v 1472.0 -1088.0 416.0
v 1472.0 -928.0 496.0
v 1472.0 -896.0 496.0
v 1472.0 -928.0 416.0
v 1512.0 -928.0 416.0
v 1512.0 -960.0 416.0
v 1512.0 -1088.0 416.0
v 1512.0 -1120.0 416.0
v 1512.0 -1152.0 416.0
v 1482.0 -1120.0 320.0
v 1432.0 -1120.0 320.0
v 1312.0 -1056.0 320.0
v 1344.0 -1056.0 320.0
v 1432.0 -1056.0 320.0
v 1432.0 -1088.0 320.0
v 1312.0 -992.0 320.0
v 1344.0 -992.0 320.0
v 1344.0 -1040.0 320.0
v 1344.0 -928.0 320.0
v 1432.0 -1040.0 320.0
v 1432.0 -992.0 320.0
v 1392.0 -928.0 320.0
v 1432.0 -928.0 320.0
v 1432.0 -960.0 320.0
v 1392.0 -896.0 320.0
v 1376.0 -896.0 448.0
v 1392.0 -896.0 448.0
v 1392.0 -896.0 416.0
v 1376.0 -896.0 496.0
v 1392.0 -896.0 496.0
v 1392.0 -864.0 416.0
v 1392.0 -864.0 448.0
v 1432.0 -1120.0 496.0
v 1432.0 -1088.0 496.0
v 1432.0 -1088.0 448.0
v 1432.0 -1120.0 448.0
v 1432.0 -1088.0 432.0
v 1432.0 -1120.0 432.0
v 1432.0 -1120.0 416.0
v 1432.0 -928.0 448.0
v 1432.0 -928.0 496.0
v 1432.0 -960.0 496.0
v 1432.0 -960.0 448.0
v 1432.0 -928.0 432.0
v 1432.0 -960.0 432.0
v 1376.0 -1120.0 448.0
v 1376.0 -1088.0 448.0
v 1376.0 -960.0 448.0
v 1376.0 -928.0 448.0
v 1376.0 -928.0 496.0
v 1312.0 -992.0 328.0
v 1312.0 -1056.0 328.0
v 1888.0 -1344.0 400.0
v 1472.0 -1344.0 400.0
v 1856.0 -1344.0 400.0
v 1832.0 -1344.0 400.0
v 1792.0 -1344.0 400.0
v 1768.0 -1344.0 400.0
v 1728.0 -1344.0 400.0
v 1640.0 -1344.0 400.0
v 1600.0 -1344.0 400.0
v 1576.0 -1344.0 400.0
v 1536.0 -1344.0 400.0
v 1512.0 -1344.0 400.0
v 1640.0 -1344.0 320.0
v 1640.0 -1344.0 337.45456
v 1768.0 -1344.0 320.0
v 1768.0 -1344.0 337.45456
v 1832.0 -1344.0 320.0
v 1832.0 -1344.0 337.45456
v 1856.0 -1344.0 320.0
v 1856.0 -1344.0 337.45456
v 1792.0 -1344.0 320.0
v 1792.0 -1344.0 337.45456
v 1728.0 -1344.0 320.0
v 1728.0 -1344.0 337.45456
v 1664.0 -1344.0 337.45456
v 1704.0 -1344.0 337.45456
v 1704.0 -1344.0 320.0
v 1664.0 -1344.0 320.0
v 1536.0 -1344.0 320.0
v 1536.0 -1344.0 337.45456
v 1576.0 -1344.0 320.0
v 1576.0 -1344.0 337.45456
v 1600.0 -1344.0 320.0
v 1600.0 -1344.0 337.45456
v 1512.0 -1344.0 320.0
v 1512.0 -1344.0 337.45456
v 1952.0 -864.0 224.0
v 1952.0 -928.0 272.0
v 1952.0 -928.0 224.0
v 1952.0 -1008.0 224.0
v 1952.0 -1008.0 272.0
v 1952.0 -1040.0 272.0
v 1952.0 -1040.0 224.0
v 1952.0 -1056.0 224.0
v 1952.0 -1088.0 272.0
v 1952.0 -1088.0 224.0
v 1952.0 -960.0 224.0
v 1952.0 -960.0 272.0
v 1952.0 -1184.0 224.0
v 1952.0 -1120.0 224.0
v 1952.0 -1120.0 272.0
v 1952.0 -1216.0 224.0
v 1952.0 -1024.0 96.0
v 1952.0 -1024.0 112.0
v 1952.0 -1056.0 112.0
v 1952.0 -1056.0 64.0
v 1952.0 -1024.0 64.0
v 1952.0 -864.0 32.0
v 1952.0 -864.0 16.0
v 1952.0 -864.0 -32.0
v 1952.0 -1088.0 192.0
v 1952.0 -1056.0 192.0
v 1952.0 -992.0 16.0
v 1952.0 -984.0 16.0
v 1952.0 -984.0 112.0
v 1952.0 -992.0 112.0
v 1952.0 -928.0 16.0
v 1952.0 -920.0 16.0
v 1952.0 -920.0 112.0
v 1952.0 -928.0 112.0
v 1952.0 -864.0 64.0
v 1952.0 -1088.0 -32.0
v 1952.0 -1056.0 -32.0
v 1952.0 -888.0 16.0
v 1952.0 -896.0 16.0
v 1952.0 -952.0 16.0
v 1952.0 -960.0 16.0
v 1952.0 -1024.0 16.0
v 1952.0 -1056.0 16.0
v 1952.0 -1088.0 16.0
v 1952.0 -1024.0 32.0
v 1952.0 -1056.0 32.0
v 1952.0 -1088.0 112.0
v 1952.0 -960.0 112.0
v 1952.0 -952.0 112.0
v 1952.0 -896.0 112.0
v 1952.0 -888.0 112.0
v 1952.0 -864.0 112.0
v 1952.0 -1280.0 -32.0
v 1952.0 -1184.0 112.0
v 1952.0 -1216.0 112.0
v 1952.0 -1280.0 112.0
v 1952.0 -1280.0 80.0
v 1952.0 -1280.0 32.0
v 1952.0 -1280.0 -16.0
v 1952.0 -1216.0 192.0
v 1952.0 -1184.0 192.0
v 1952.0 -1296.0 112.0
v 1952.0 -1296.0 96.0
v 1952.0 -1296.0 80.0
v 1984.0 -1280.0 -16.0
v 2016.0 -1280.0 -16.0
v 2016.0 -1296.0 -16.0
v 1984.0 -1296.0 -16.0
v 1968.0 -1296.0 -16.0
v 1968.0 -1280.0 -16.0
v 1984.0 -1056.0 -16.0
v 1968.0 -1056.0 -16.0
v 1968.0 -1072.0 -16.0
v 2112.0 -1296.0 -16.0
v 2080.0 -1296.0 -16.0
v 2080.0 -1280.0 -16.0
v 2112.0 -1280.0 -16.0
v 2080.0 -1216.0 -16.0
v 2016.0 -1216.0 -16.0
v 2016.0 -1120.0 -16.0
v 2016.0 -1088.0 -16.0
v 2080.0 -1088.0 -16.0
v 2112.0 -1296.0 0.0
v 2080.0 -1296.0 0.0
v 2016.0 -1296.0 0.0
v 1984.0 -1296.0 0.0
v 1968.0 -1296.0 0.0
v 1984.0 -1296.0 112.0
v 1984.0 -1296.0 96.0
v 2112.0 -880.0 112.0
v 2112.0 -992.0 112.0
v 2112.0 -1024.0 112.0
v 2128.0 -1024.0 112.0
v 1984.0 -1216.0 112.0
v 2016.0 -1216.0 112.0
v 2080.0 -1216.0 112.0
v 2112.0 -1216.0 112.0
v 2112.0 -1296.0 112.0
v 2112.0 -1120.0 112.0
v 2080.0 -1120.0 112.0
v 2016.0 -1120.0 112.0
v 1984.0 -1120.0 112.0
v 1984.0 -1184.0 112.0
v 1984.0 -920.0 112.0
v 1984.0 -896.0 112.0
v 1984.0 -952.0 112.0
v 1984.0 -928.0 112.0
v 1984.0 -888.0 112.0
v 1984.0 -864.0 112.0
v 1984.0 -984.0 112.0
v 1984.0 -960.0 112.0
v 1984.0 -1024.0 112.0
v 1984.0 -992.0 112.0
v 1984.0 -1088.0 112.0
v 1984.0 -1184.0 128.0
v 1984.0 -1184.0 144.0
v 1984.0 -1184.0 192.0
v 1984.0 -1184.0 224.0
v 2112.0 -1184.0 144.0
v 2112.0 -1184.0 128.0
v 2112.0 -1184.0 256.0
v 1984.0 -1184.0 256.0
v 2112.0 -880.0 128.0
v 2112.0 -928.0 272.0
v 2112.0 -928.0 256.0
v 2112.0 -896.0 256.0
v 2112.0 -896.0 128.0
v 2112.0 -992.0 216.0
v 2112.0 -960.0 216.0
v 2112.0 -960.0 256.0
v 2112.0 -960.0 272.0
v 2112.0 -1008.0 272.0
v 2112.0 -1008.0 216.0
v 2112.0 -936.0 256.0
v 2112.0 -1024.0 216.0
v 2112.0 -1040.0 272.0
v 2112.0 -1040.0 216.0
v 2112.0 -1088.0 272.0
v 2112.0 -1088.0 216.0
v 2112.0 -1120.0 272.0
v 2112.0 -1120.0 216.0
v 2112.0 -1152.0 160.0
v 2112.0 -1152.0 144.0
v 2112.0 -1120.0 176.0
v 2112.0 -1120.0 160.0
v 2112.0 -960.0 160.0
v 2112.0 -992.0 128.0
v 2112.0 -960.0 128.0
v 2112.0 -1024.0 176.0
v 2136.0 -920.0 128.0
v 2120.0 -920.0 128.0
v 2120.0 -896.0 128.0
v 2136.0 -896.0 128.0
v 2144.0 -896.0 128.0
v 2144.0 -920.0 128.0
v 2144.0 -960.0 128.0
v 2136.0 -960.0 128.0
v 2136.0 -936.0 128.0
v 2120.0 -936.0 128.0
v 2120.0 -960.0 128.0
v 2144.0 -896.0 256.0
v 2144.0 -920.0 256.0
v 2144.0 -936.0 256.0
v 2144.0 -960.0 256.0
v 2136.0 -920.0 256.0
v 2136.0 -896.0 256.0
v 2120.0 -896.0 256.0
v 2120.0 -920.0 256.0
v 2120.0 -936.0 256.0
v 2136.0 -936.0 256.0
v 2120.0 -960.0 256.0
v 2136.0 -960.0 256.0
v 2120.0 -896.0 232.0
v 2136.0 -896.0 232.0
v 2136.0 -896.0 144.0
v 2136.0 -896.0 160.0
v 2136.0 -896.0 216.0
v 2120.0 -896.0 216.0
v 2120.0 -896.0 160.0
v 2120.0 -896.0 144.0
v 2144.0 -960.0 216.0
v 2144.0 -960.0 160.0
v 2120.0 -960.0 232.0
v 2136.0 -960.0 232.0
v 2136.0 -960.0 216.0
v 2120.0 -960.0 216.0
v 2120.0 -960.0 160.0
v 2136.0 -960.0 160.0
v 2120.0 -960.0 144.0
v 2136.0 -960.0 144.0
v 2136.0 -920.0 216.0
v 2136.0 -920.0 232.0
v 2136.0 -936.0 216.0
v 2136.0 -936.0 232.0
v 2136.0 -920.0 160.0
v 2136.0 -936.0 160.0
v 2136.0 -920.0 144.0
v 2136.0 -936.0 144.0
v 2120.0 -920.0 144.0
v 2120.0 -920.0 216.0
v 2120.0 -920.0 160.0
v 2120.0 -920.0 232.0
v 2120.0 -936.0 160.0
v 2120.0 -936.0 216.0
v 2120.0 -936.0 144.0
v 2120.0 -936.0 232.0
v 1984.0 -1120.0 224.0
v 1984.0 -1088.0 224.0
v 1984.0 -1008.0 272.0
v 1984.0 -928.0 272.0
v 1984.0 -928.0 224.0
v 1984.0 -960.0 272.0
v 1984.0 -960.0 224.0
v 1984.0 -1008.0 224.0
v 1984.0 -1088.0 272.0
v 1984.0 -1056.0 272.0
v 1984.0 -1056.0 224.0
v 1984.0 -1024.0 224.0
v 1984.0 -1040.0 272.0
v 1984.0 -1120.0 272.0
v 1984.0 -1024.0 176.0
v 2016.0 -1024.0 112.0
v 2016.0 -1024.0 176.0
v 1984.0 -1056.0 176.0
v 1984.0 -1056.0 192.0
v 1984.0 -1088.0 192.0
v 1984.0 -1088.0 176.0
v 1984.0 -1120.0 176.0
v 1984.0 -1120.0 160.0
v 1984.0 -1120.0 144.0
v 1984.0 -1088.0 144.0
v 1984.0 -1152.0 160.0
v 1984.0 -1152.0 144.0
v 1984.0 -1216.0 224.0
v 1984.0 -1216.0 256.0
v 1984.0 -1216.0 192.0
v 1984.0 -1216.0 128.0
v 2112.0 -1216.0 256.0
v 2112.0 -1216.0 128.0
v 2016.0 -1216.0 0.0
v 2016.0 -1216.0 96.0
v 2016.0 -1120.0 96.0
v 2016.0 -1120.0 8.0
v 2016.0 -1056.0 0.0
v 2016.0 -1056.0 96.0
v 2016.0 -1024.0 96.0
v 2016.0 -1024.0 8.0
v 2016.0 -1024.0 0.0
v 2016.0 -1088.0 0.0
v 2016.0 -1088.0 8.0
v 2016.0 -1088.0 96.0
v 2016.0 -1280.0 0.0
v 2080.0 -1056.0 96.0
v 2080.0 -1056.0 0.0
v 2112.0 -1024.0 96.0
v 2112.0 -1024.0 32.0
v 2128.0 -1024.0 32.0
v 2080.0 -1024.0 96.0
v 2080.0 -1024.0 32.0
v 2080.0 -1024.0 8.0
v 2128.0 -1024.0 8.0
v 2080.0 -1024.0 0.0
v 2080.0 -880.0 8.0
v 2128.0 -880.0 8.0
v 2016.0 -880.0 8.0
v 2112.0 -1216.0 96.0
v 2080.0 -1216.0 96.0
v 2080.0 -1216.0 8.0
v 2080.0 -1216.0 0.0
v 2080.0 -1088.0 8.0
v 2080.0 -1088.0 96.0
v 2080.0 -1088.0 0.0
v 2080.0 -1120.0 8.0
v 2080.0 -1120.0 96.0
v 2112.0 -1120.0 96.0
v 2080.0 -1280.0 0.0
v 2112.0 -1280.0 0.0
v 1984.0 -1024.0 8.0
v 1984.0 -1024.0 32.0
v 1984.0 -1024.0 64.0
v 1984.0 -1024.0 96.0
v 1984.0 -1024.0 16.0
v 1984.0 -896.0 16.0
v 1984.0 -920.0 16.0
v 1984.0 -960.0 16.0
v 1984.0 -984.0 16.0
v 1984.0 -992.0 16.0
v 1984.0 -928.0 16.0
v 1984.0 -952.0 16.0
v 1984.0 -864.0 16.0
v 1984.0 -888.0 16.0
v 1984.0 -864.0 32.0
v 1984.0 -864.0 64.0
v 1984.0 -1120.0 96.0
v 1984.0 -1216.0 96.0
v 1968.0 -1280.0 0.0
v 1968.0 -1072.0 0.0
v 1968.0 -1056.0 0.0
v 1984.0 -1280.0 0.0
v 1984.0 -1056.0 0.0
v 1376.0 -1120.0 224.0
v 1376.0 -1184.0 224.0
v 1408.0 -1184.0 224.0
v 1408.0 -1120.0 224.0
v 1408.0 -1088.0 224.0
v 1376.0 -1088.0 224.0
v 1472.0 -1088.0 272.0
v 1472.0 -1120.0 272.0
v 1472.0 -1008.0 272.0
v 1472.0 -1040.0 272.0
v 1472.0 -928.0 272.0
v 1472.0 -960.0 272.0
v 1888.0 -1120.0 272.0
v 1888.0 -960.0 272.0
v 1888.0 -928.0 272.0
v 1888.0 -1040.0 272.0
v 1888.0 -1008.0 272.0
v 1888.0 -1088.0 272.0
v 1376.0 -1120.0 272.0
v 1408.0 -1120.0 272.0
v 1376.0 -960.0 272.0
v 1408.0 -960.0 272.0
v 1376.0 -952.0 224.0
v 1376.0 -928.0 224.0
v 1376.0 -928.0 272.0
v 1376.0 -960.0 224.0
v 1376.0 -864.0 224.0
v 1408.0 -928.0 272.0
v 1408.0 -864.0 224.0
v 1408.0 -928.0 224.0
v 1408.0 -952.0 224.0
v 1408.0 -960.0 224.0
v 1376.0 -1088.0 272.0
v 1376.0 -1056.0 224.0
v 1376.0 -1056.0 272.0
v 1376.0 -1024.0 224.0
v 1376.0 -1008.0 224.0
v 1376.0 -1008.0 272.0
v 1376.0 -1040.0 272.0
v 1408.0 -1040.0 272.0
v 1408.0 -1008.0 272.0
v 1408.0 -1008.0 224.0
v 1408.0 -1040.0 224.0
v 1408.0 -1088.0 272.0
v 1408.0 -1056.0 224.0
v 1376.0 -1216.0 256.0
v 1408.0 -1216.0 224.0
v 1376.0 -1216.0 224.0
v 1376.0 -1184.0 256.0
v 1760.0 -1296.0 4.0
v 1760.0 -1296.0 8.0
v 1760.0 -1296.0 -32.0
v 1760.0 -1280.0 -32.0
v 1760.0 -1280.0 4.0
v 1760.0 -1280.0 8.0
v 1792.0 -1280.0 -16.0
v 1792.0 -1280.0 8.0
v 1792.0 -1280.0 -32.0
v 1824.0 -1280.0 -16.0
v 1824.0 -1280.0 16.0
v 1792.0 -1280.0 16.0
v 1920.0 -1280.0 32.0
v 1888.0 -1280.0 32.0
v 1856.0 -1280.0 32.0
v 1824.0 -1280.0 32.0
v 1888.0 -1280.0 48.0
v 1856.0 -1280.0 48.0
v 1920.0 -1280.0 64.0
v 1888.0 -1280.0 64.0
v 1920.0 -1280.0 80.0
v 1392.0 -1280.0 -16.0
v 1376.0 -1280.0 -16.0
v 1504.0 -1280.0 48.0
v 1472.0 -1280.0 48.0
v 1440.0 -1280.0 48.0
v 1408.0 -1280.0 48.0
v 1408.0 -1280.0 -16.0
v 1536.0 -1280.0 -16.0
v 1536.0 -1280.0 32.0
v 1536.0 -1280.0 48.0
v 1568.0 -1280.0 -16.0
v 1568.0 -1280.0 16.0
v 1568.0 -1280.0 32.0
v 1408.0 -1280.0 112.0
v 1408.0 -1280.0 96.0
v 1376.0 -1280.0 96.0
v 1376.0 -1280.0 112.0
v 1440.0 -1280.0 80.0
v 1440.0 -1280.0 96.0
v 1472.0 -1280.0 64.0
v 1472.0 -1280.0 80.0
v 1504.0 -1280.0 64.0
v 1600.0 -1280.0 -16.0
v 1600.0 -1280.0 8.0
v 1600.0 -1280.0 16.0
v 1632.0 -1280.0 -32.0
v 1632.0 -1280.0 -16.0
v 1408.0 -1280.0 -32.0
v 1632.0 -1280.0 8.0
v 1408.0 -888.0 16.0
v 1408.0 -896.0 16.0
v 1408.0 -896.0 112.0
v 1408.0 -888.0 112.0
v 1408.0 -864.0 32.0
v 1408.0 -864.0 64.0
v 1408.0 -864.0 112.0
v 1408.0 -920.0 112.0
v 1408.0 -928.0 112.0
v 1408.0 -952.0 112.0
v 1408.0 -952.0 176.0
v 1408.0 -920.0 16.0
v 1408.0 -928.0 16.0
v 1408.0 -864.0 16.0
v 1408.0 -1024.0 176.0
v 1408.0 -1056.0 176.0
v 1408.0 -1056.0 192.0
v 1408.0 -960.0 112.0
v 1408.0 -984.0 112.0
v 1408.0 -992.0 112.0
v 1408.0 -1024.0 112.0
v 1408.0 -1056.0 112.0
v 1408.0 -1024.0 96.0
v 1408.0 -1024.0 64.0
v 1408.0 -1056.0 64.0
v 1408.0 -952.0 16.0
v 1408.0 -960.0 16.0
v 1408.0 -984.0 16.0
v 1408.0 -992.0 16.0
v 1408.0 -1024.0 32.0
v 1408.0 -1056.0 32.0
v 1408.0 -1024.0 16.0
v 1408.0 -1056.0 16.0
v 1408.0 -1056.0 -32.0
v 1408.0 -1088.0 192.0
v 1408.0 -1088.0 112.0
v 1408.0 -1216.0 112.0
v 1408.0 -1184.0 112.0
v 1408.0 -1184.0 192.0
v 1408.0 -1216.0 192.0
v 1376.0 -1216.0 192.0
v 1376.0 -1216.0 112.0
v 1376.0 -1216.0 128.0
v 1280.0 -1216.0 96.0
v 1344.0 -1216.0 96.0
v 1376.0 -1216.0 96.0
v 1344.0 -1216.0 112.0
v 1376.0 -1024.0 112.0
v 1376.0 -1024.0 176.0
v 1344.0 -1024.0 176.0
v 1344.0 -1024.0 112.0
v 1376.0 -1024.0 96.0
v 1344.0 -1024.0 96.0
v 1376.0 -1024.0 64.0
v 1376.0 -1024.0 32.0
v 1376.0 -1024.0 16.0
v 1344.0 -1024.0 8.0
v 1376.0 -1024.0 8.0
v 1248.0 -1024.0 96.0
v 1280.0 -1024.0 96.0
v 1280.0 -1024.0 8.0
v 1248.0 -1024.0 8.0
v 1344.0 -1024.0 0.0
v 1280.0 -1024.0 0.0
v 1376.0 -888.0 16.0
v 1376.0 -864.0 16.0
v 1376.0 -952.0 16.0
v 1376.0 -928.0 16.0
v 1376.0 -992.0 16.0
v 1376.0 -984.0 16.0
v 1376.0 -960.0 16.0
v 1376.0 -920.0 16.0
v 1376.0 -896.0 16.0
v 1376.0 -952.0 112.0
v 1376.0 -928.0 112.0
v 1376.0 -920.0 112.0
v 1376.0 -896.0 112.0
v 1376.0 -888.0 112.0
v 1376.0 -864.0 112.0
v 1376.0 -952.0 176.0
v 1376.0 -864.0 64.0
v 1376.0 -864.0 32.0
v 1376.0 -960.0 112.0
v 1376.0 -984.0 112.0
v 1376.0 -992.0 112.0
v 1376.0 -1184.0 112.0
v 1376.0 -1152.0 112.0
v 1376.0 -1120.0 112.0
v 1376.0 -1088.0 112.0
v 1344.0 -1152.0 112.0
v 1280.0 -1152.0 112.0
v 1376.0 -1120.0 176.0
v 1376.0 -1120.0 160.0
v 1376.0 -1056.0 192.0
v 1376.0 -1056.0 176.0
v 1376.0 -1088.0 192.0
v 1376.0 -1088.0 176.0
v 1376.0 -1184.0 128.0
v 1376.0 -1184.0 144.0
v 1376.0 -1184.0 192.0
v 1376.0 -1152.0 144.0
v 1376.0 -1152.0 160.0
v 1344.0 -1088.0 96.0
v 1280.0 -1088.0 96.0
v 1280.0 -1088.0 0.0
v 1344.0 -1088.0 0.0
v 1344.0 -1056.0 96.0
v 1280.0 -1056.0 96.0
v 1344.0 -1056.0 0.0
v 1280.0 -1056.0 0.0
v 1344.0 -1152.0 96.0
v 1376.0 -1152.0 96.0
v 1280.0 -1152.0 96.0
v 1344.0 -1280.0 112.0
v 1376.0 -1296.0 -16.0
v 1392.0 -1296.0 -16.0
v 1344.0 -1344.0 112.0
v 1344.0 -1344.0 120.0
v 1280.0 -1344.0 112.0
v 1280.0 -1344.0 120.0
v 1664.0 -1760.0 160.0
v 1664.0 -1760.0 280.0
v 1632.0 -1760.0 280.0
v 1632.0 -1760.0 160.0
v 1632.0 -1760.0 56.0
v 1664.0 -1760.0 56.0
v 1632.0 -1760.0 0.0
v 1664.0 -1760.0 0.0
v 1760.0 -1760.0 64.0
v 1792.0 -1760.0 64.0
v 1792.0 -1760.0 96.0
v 1760.0 -1760.0 96.0
v 1760.0 -1760.0 32.0
v 1792.0 -1760.0 32.0
v 1792.0 -1760.0 0.0
v 1760.0 -1760.0 0.0
v 1792.0 -1760.0 128.0
v 1760.0 -1760.0 128.0
v 1760.0 -1760.0 160.0
v 1744.0 -1760.0 160.0
v 1728.0 -1760.0 160.0
v 2016.0 -1760.0 -16.0
v 1792.0 -1760.0 -16.0
v 1792.0 -1760.0 -32.0
v 2016.0 -1760.0 -32.0
v 2080.0 -1760.0 -32.0
v 2080.0 -1760.0 -16.0
v 1792.0 -1760.0 -160.0
v 2016.0 -1760.0 -160.0
v 2080.0 -1760.0 -160.0
v 2000.0 -1760.0 160.0
v 1984.0 -1760.0 160.0
v 1936.0 -1760.0 160.0
v 1920.0 -1760.0 160.0
v 1872.0 -1760.0 160.0
v 1856.0 -1760.0 160.0
v 1808.0 -1760.0 160.0
v 1792.0 -1760.0 160.0
v 2016.0 -1760.0 0.0
v 2016.0 -1760.0 160.0
v 2080.0 -1760.0 0.0
v 2080.0 -1760.0 32.0
v 2080.0 -1760.0 64.0
v 2080.0 -1760.0 96.0
v 2080.0 -1760.0 128.0
v 2080.0 -1760.0 160.0
v 2064.0 -1760.0 160.0
v 2048.0 -1760.0 160.0
v 2112.0 -1760.0 96.0
v 2112.0 -1760.0 128.0
v 2112.0 -1760.0 0.0
v 2112.0 -1760.0 32.0
v 2112.0 -1760.0 64.0
v 2112.0 -1760.0 160.0
v 1728.0 -1760.0 192.0
v 1728.0 -1760.0 208.0
v 1728.0 -1760.0 280.0
v 1744.0 -1760.0 192.0
v 1760.0 -1760.0 280.0
v 1744.0 -1760.0 280.0
v 1744.0 -1760.0 208.0
v 1792.0 -1760.0 192.0
v 1792.0 -1760.0 208.0
v 1792.0 -1760.0 280.0
v 1856.0 -1760.0 192.0
v 1856.0 -1760.0 208.0
v 1808.0 -1760.0 208.0
v 1808.0 -1760.0 192.0
v 1872.0 -1760.0 192.0
v 1872.0 -1760.0 208.0
v 1872.0 -1760.0 280.0
v 2000.0 -1760.0 192.0
v 1984.0 -1760.0 192.0
v 2000.0 -1760.0 208.0
v 2000.0 -1760.0 280.0
v 1984.0 -1760.0 280.0
v 1984.0 -1760.0 208.0
v 1936.0 -1760.0 280.0
v 1936.0 -1760.0 208.0
v 1936.0 -1760.0 192.0
v 2048.0 -1760.0 192.0
v 2048.0 -1760.0 208.0
v 2048.0 -1760.0 280.0
v 2064.0 -1760.0 208.0
v 2064.0 -1760.0 280.0
v 1920.0 -1760.0 192.0
v 2128.0 -1760.0 280.0
v 2112.0 -1760.0 280.0
v 2112.0 -1760.0 208.0
v 2128.0 -1760.0 208.0
v 2128.0 -1760.0 176.0
v 2128.0 -1760.0 192.0
v 2112.0 -1760.0 192.0
v 2128.0 -1760.0 0.0
v 1920.0 -1760.0 280.0
v 1920.0 -1760.0 208.0
v 2064.0 -1760.0 192.0
v 2240.0 -1760.0 176.0
v 2192.0 -1760.0 176.0
v 2176.0 -1760.0 176.0
v 2304.0 -1760.0 0.0
v 2304.0 -1760.0 32.0
v 2304.0 -1760.0 64.0
v 2304.0 -1760.0 128.0
v 2304.0 -1760.0 176.0
v 2176.0 -1760.0 192.0
v 2192.0 -1760.0 192.0
v 2176.0 -1760.0 208.0
v 2176.0 -1760.0 280.0
v 2192.0 -1760.0 280.0
v 2192.0 -1760.0 208.0
v 2240.0 -1760.0 280.0
v 2304.0 -1760.0 192.0
v 1632.0 -1632.0 280.0
v 1632.0 -1632.0 160.0
v 1632.0 -1440.0 96.0
v 1632.0 -1440.0 0.0
v 1632.0 -1536.0 0.0
v 1632.0 -1632.0 0.0
v 1632.0 -1536.0 160.0
v 1632.0 -1440.0 160.0
v 2304.0 -1632.0 176.0
v 2304.0 -1632.0 192.0
v 2192.0 -1632.0 192.0
v 2192.0 -1632.0 208.0
v 2192.0 -1632.0 280.0
v 2240.0 -1632.0 280.0
v 2240.0 -1632.0 176.0
v 2192.0 -1632.0 176.0
v 2176.0 -1632.0 208.0
v 2128.0 -1632.0 208.0
v 2112.0 -1632.0 208.0
v 2064.0 -1632.0 208.0
v 2048.0 -1632.0 208.0
v 2048.0 -1632.0 280.0
v 2176.0 -1632.0 176.0
v 2176.0 -1632.0 192.0
v 2128.0 -1632.0 176.0
v 2128.0 -1632.0 192.0
v 2304.0 -1632.0 64.0
v 2304.0 -1632.0 128.0
v 2304.0 -1632.0 0.0
v 2304.0 -1632.0 32.0
v 2128.0 -1632.0 0.0
v 2112.0 -1632.0 32.0
v 2112.0 -1632.0 64.0
v 2112.0 -1632.0 96.0
v 2112.0 -1632.0 128.0
v 2112.0 -1632.0 160.0
v 2112.0 -1632.0 192.0
v 2112.0 -1632.0 0.0
v 2080.0 -1632.0 160.0
v 2064.0 -1632.0 160.0
v 2064.0 -1632.0 192.0
v 2000.0 -1632.0 192.0
v 2000.0 -1632.0 208.0
v 2000.0 -1632.0 280.0
v 2048.0 -1632.0 192.0
v 2048.0 -1632.0 160.0
v 2016.0 -1632.0 160.0
v 2000.0 -1632.0 160.0
v 1984.0 -1632.0 208.0
v 1936.0 -1632.0 208.0
v 1920.0 -1632.0 208.0
v 1872.0 -1632.0 208.0
v 1856.0 -1632.0 208.0
v 1856.0 -1632.0 280.0
v 1984.0 -1632.0 160.0
v 1984.0 -1632.0 192.0
v 1936.0 -1632.0 160.0
v 1936.0 -1632.0 192.0
v 1920.0 -1632.0 160.0
v 1920.0 -1632.0 192.0
v 1872.0 -1632.0 160.0
v 1872.0 -1632.0 192.0
v 1792.0 -1632.0 280.0
v 1808.0 -1632.0 280.0
v 1808.0 -1632.0 208.0
v 1792.0 -1632.0 208.0
v 1856.0 -1632.0 192.0
v 1808.0 -1632.0 192.0
v 1792.0 -1632.0 160.0
v 1792.0 -1632.0 192.0
v 1744.0 -1632.0 208.0
v 1744.0 -1632.0 280.0
v 1760.0 -1632.0 192.0
v 1744.0 -1632.0 192.0
v 1728.0 -1632.0 280.0
v 1728.0 -1632.0 208.0
v 1728.0 -1632.0 192.0
v 1728.0 -1632.0 160.0
v 1760.0 -1632.0 160.0
v 1792.0 -1632.0 128.0
v 1760.0 -1632.0 128.0
v 2080.0 -1632.0 128.0
v 2080.0 -1632.0 96.0
v 2080.0 -1632.0 0.0
v 2080.0 -1632.0 32.0
v 2080.0 -1632.0 64.0
v 2016.0 -1632.0 0.0
v 1792.0 -1632.0 0.0
v 1792.0 -1632.0 32.0
v 1792.0 -1632.0 64.0
v 1792.0 -1632.0 96.0
v 2016.0 -1632.0 -32.0
v 1792.0 -1632.0 -32.0
v 1792.0 -1632.0 -16.0
v 2016.0 -1632.0 -16.0
v 2080.0 -1632.0 -16.0
v 2080.0 -1632.0 -32.0
v 2016.0 -1632.0 -160.0
v 1792.0 -1632.0 -160.0
v 2080.0 -1632.0 -160.0
v 1760.0 -1632.0 0.0
v 1760.0 -1632.0 32.0
v 1760.0 -1632.0 96.0
v 1760.0 -1632.0 64.0
v 1760.0 -1600.0 128.0
v 1760.0 -1600.0 160.0
v 1760.0 -1600.0 96.0
v 1760.0 -1600.0 64.0
v 1760.0 -1600.0 32.0
v 1760.0 -1600.0 0.0
v 1760.0 -1536.0 0.0
v 1760.0 -1536.0 96.0
v 1760.0 -1536.0 160.0
v 1760.0 -1472.0 96.0
v 1760.0 -1440.0 96.0
v 1760.0 -1440.0 160.0
v 1760.0 -1472.0 0.0
v 2080.0 -1616.0 0.0
v 2080.0 -1616.0 -16.0
v 1816.0 -1536.0 0.0
v 1816.0 -1536.0 96.0
v 1816.0 -1472.0 96.0
v 1816.0 -1472.0 0.0
v 1824.0 -1528.0 88.0
v 1824.0 -1528.0 8.0
v 1824.0 -1480.0 8.0
v 1824.0 -1480.0 88.0
v 1792.0 -1616.0 0.0
v 1792.0 -1616.0 -16.0
v 2016.0 -1616.0 -16.0
v 2016.0 -1616.0 0.0
v 2240.0 -1664.0 224.0
v 2240.0 -1664.0 176.0
v 2240.0 -1664.0 280.0
v 2240.0 -1728.0 280.0
v 2240.0 -1728.0 224.0
v 2240.0 -1728.0 176.0
v 1952.0 -1664.0 176.0
v 1936.0 -1664.0 176.0
v 1920.0 -1664.0 176.0
v 1872.0 -1664.0 176.0
v 1856.0 -1664.0 176.0
v 1808.0 -1664.0 176.0
v 1792.0 -1664.0 176.0
v 1744.0 -1664.0 176.0
v 1728.0 -1664.0 176.0
v 1728.0 -1728.0 176.0
v 1744.0 -1728.0 176.0
v 1792.0 -1728.0 176.0
v 1808.0 -1728.0 176.0
v 1856.0 -1728.0 176.0
v 1872.0 -1728.0 176.0
v 1920.0 -1728.0 176.0
v 1936.0 -1728.0 176.0
v 1952.0 -1728.0 176.0
v 2176.0 -1664.0 176.0
v 2128.0 -1664.0 176.0
v 2112.0 -1664.0 176.0
v 2064.0 -1664.0 176.0
v 2048.0 -1664.0 176.0
v 2000.0 -1664.0 176.0
v 1984.0 -1664.0 176.0
v 1984.0 -1728.0 176.0
v 2000.0 -1728.0 176.0
v 2048.0 -1728.0 176.0
v 2064.0 -1728.0 176.0
v 2112.0 -1728.0 176.0
v 2128.0 -1728.0 176.0
v 2176.0 -1728.0 176.0
v 2192.0 -1728.0 176.0
v 2192.0 -1664.0 176.0
v 1952.0 -1728.0 224.0
v 1936.0 -1728.0 224.0
v 1920.0 -1728.0 224.0
v 1872.0 -1728.0 224.0
v 1856.0 -1728.0 224.0
v 1808.0 -1728.0 224.0
v 1792.0 -1728.0 224.0
v 1744.0 -1728.0 224.0
v 1728.0 -1728.0 224.0
v 1728.0 -1664.0 224.0
v 1744.0 -1664.0 224.0
v 1792.0 -1664.0 224.0
v 1808.0 -1664.0 224.0
v 1856.0 -1664.0 224.0
v 1872.0 -1664.0 224.0
v 1920.0 -1664.0 224.0
v 1936.0 -1664.0 224.0
v 1952.0 -1664.0 224.0
v 2176.0 -1728.0 224.0
v 2128.0 -1728.0 224.0
v 2112.0 -1728.0 224.0
v 2064.0 -1728.0 224.0
v 2048.0 -1728.0 224.0
v 2000.0 -1728.0 224.0
v 1984.0 -1728.0 224.0
v 1984.0 -1664.0 224.0
v 2000.0 -1664.0 224.0
v 2048.0 -1664.0 224.0
v 2064.0 -1664.0 224.0
v 2112.0 -1664.0 224.0
v 2128.0 -1664.0 224.0
v 2176.0 -1664.0 224.0
v 2192.0 -1664.0 224.0
v 2192.0 -1728.0 224.0
v 1936.0 -1664.0 192.0
v 1936.0 -1664.0 208.0
v 1936.0 -1728.0 192.0
v 1936.0 -1728.0 208.0
v 2112.0 -1664.0 192.0
v 2112.0 -1664.0 208.0
v 2112.0 -1728.0 192.0
v 2112.0 -1728.0 208.0
v 2176.0 -1664.0 192.0
v 2176.0 -1664.0 208.0
v 2176.0 -1728.0 192.0
v 2176.0 -1728.0 208.0
v 2192.0 -1664.0 208.0
v 2192.0 -1664.0 192.0
v 2192.0 -1728.0 192.0
v 2192.0 -1728.0 208.0
v 2128.0 -1664.0 192.0
v 2128.0 -1664.0 208.0
v 2128.0 -1728.0 192.0
v 2128.0 -1728.0 208.0
v 2048.0 -1664.0 192.0
v 2048.0 -1664.0 208.0
v 2048.0 -1728.0 192.0
v 2048.0 -1728.0 208.0
v 2064.0 -1664.0 208.0
v 2064.0 -1664.0 192.0
v 2064.0 -1728.0 192.0
v 2064.0 -1728.0 208.0
v 1984.0 -1664.0 192.0
v 1984.0 -1664.0 208.0
v 2000.0 -1664.0 192.0
v 2000.0 -1664.0 208.0
v 2000.0 -1728.0 192.0
v 2000.0 -1728.0 208.0
v 1984.0 -1728.0 192.0
v 1984.0 -1728.0 208.0
v 1792.0 -1664.0 192.0
v 1792.0 -1664.0 208.0
v 1792.0 -1728.0 192.0
v 1792.0 -1728.0 208.0
v 1856.0 -1664.0 192.0
v 1856.0 -1664.0 208.0
v 1856.0 -1728.0 192.0
v 1856.0 -1728.0 208.0
v 1872.0 -1664.0 208.0
v 1872.0 -1664.0 192.0
v 1920.0 -1664.0 208.0
v 1920.0 -1664.0 192.0
v 1872.0 -1728.0 192.0
v 1872.0 -1728.0 208.0
v 1920.0 -1728.0 192.0
v 1920.0 -1728.0 208.0
v 1808.0 -1664.0 192.0
v 1808.0 -1664.0 208.0
v 1808.0 -1728.0 192.0
v 1808.0 -1728.0 208.0
v 1728.0 -1664.0 192.0
v 1728.0 -1664.0 208.0
v 1728.0 -1728.0 208.0
v 1728.0 -1728.0 192.0
v 1744.0 -1664.0 208.0
v 1744.0 -1664.0 192.0
v 1744.0 -1728.0 192.0
v 1744.0 -1728.0 208.0
v 2080.0 -1776.0 0.0
v 2080.0 -1776.0 -16.0
v 2168.0 -1816.0 176.0
v 2184.0 -1816.0 176.0
v 2208.0 -1816.0 176.0
v 2208.0 -1792.0 176.0
v 2144.0 -1792.0 176.0
v 2144.0 -1816.0 176.0
v 2144.0 -1896.0 176.0
v 2144.0 -1864.0 176.0
v 2112.0 -1792.0 176.0
v 2208.0 -1848.0 176.0
v 2208.0 -1864.0 176.0
v 2208.0 -1896.0 176.0
v 2304.0 -1792.0 176.0
v 2184.0 -1896.0 176.0
v 2168.0 -1896.0 280.0
v 2184.0 -1896.0 280.0
v 2208.0 -1896.0 280.0
v 2208.0 -1864.0 280.0
v 2208.0 -1848.0 280.0
v 2208.0 -1816.0 280.0
v 2184.0 -1816.0 280.0
v 2168.0 -1816.0 280.0
v 2144.0 -1816.0 280.0
v 2144.0 -1848.0 280.0
v 2144.0 -1864.0 280.0
v 2144.0 -1896.0 280.0
v 2184.0 -1896.0 224.0
v 2184.0 -1896.0 192.0
v 2168.0 -1896.0 224.0
v 2144.0 -1896.0 192.0
v 2168.0 -1896.0 192.0
v 2168.0 -1816.0 192.0
v 2184.0 -1816.0 192.0
v 2168.0 -1816.0 224.0
v 2184.0 -1816.0 224.0
v 2144.0 -1816.0 192.0
v 2184.0 -1864.0 192.0
v 2184.0 -1864.0 224.0
v 2184.0 -1848.0 192.0
v 2184.0 -1848.0 224.0
v 2208.0 -1848.0 192.0
v 2208.0 -1848.0 224.0
v 2208.0 -1864.0 192.0
v 2208.0 -1864.0 224.0
v 2168.0 -1848.0 192.0
v 2168.0 -1848.0 224.0
v 2168.0 -1864.0 192.0
v 2168.0 -1864.0 224.0
v 2144.0 -1864.0 192.0
v 2144.0 -1864.0 224.0
v 2144.0 -1848.0 192.0
v 2144.0 -1848.0 224.0
v 2112.0 -1920.0 32.0
v 2112.0 -1920.0 48.0
v 2112.0 -1920.0 64.0
v 2112.0 -1792.0 0.0
v 2304.0 -1792.0 0.0
v 2304.0 -1792.0 128.0
v 2304.0 -1792.0 32.0
v 2304.0 -1792.0 64.0
v 1792.0 -1776.0 0.0
v 1792.0 -1776.0 -16.0
v 2016.0 -1776.0 0.0
v 2016.0 -1776.0 -16.0
v 2624.0 -2016.0 168.0
v 2624.0 -2008.0 168.0
v 2624.0 -1960.0 168.0
v 2624.0 -1952.0 168.0
v 2624.0 -1952.0 256.0
v 2624.0 -2112.0 256.0
v 2624.0 -2112.0 224.0
v 2624.0 -2112.0 168.0
v 2624.0 -2144.0 224.0
v 2624.0 -2144.0 128.0
v 2624.0 -2112.0 128.0
v 2624.0 -2144.0 256.0
v 2624.0 -2176.0 256.0
v 2624.0 -2336.0 224.0
v 2624.0 -1960.0 120.0
v 2624.0 -1952.0 120.0
v 2624.0 -2008.0 120.0
v 2624.0 -2016.0 120.0
v 2624.0 -1952.0 96.0
v 2624.0 -2016.0 96.0
v 2624.0 -2016.0 64.0
v 2624.0 -2112.0 96.0
v 2624.0 -2112.0 64.0
v 2624.0 -2144.0 64.0
v 2624.0 -2240.0 64.0
v 2624.0 -2264.0 64.0
v 2624.0 -2288.0 64.0
v 2624.0 -2320.0 64.0
v 2624.0 -2344.0 64.0
v 2624.0 -2144.0 48.0
v 2624.0 -2016.0 48.0
v 2624.0 -2144.0 32.0
v 2624.0 -2016.0 32.0
v 2624.0 -2240.0 -16.0
v 2624.0 -2144.0 -16.0
v 2624.0 -2016.0 -16.0
v 2624.0 -2144.0 112.0
v 2624.0 -2144.0 96.0
v 2624.0 -2224.0 96.0
v 2624.0 -2240.0 96.0
v 2624.0 -2240.0 80.0
v 2624.0 -2336.0 128.0
v 2624.0 -2344.0 96.0
v 2624.0 -2336.0 96.0
v 2624.0 -2264.0 80.0
v 2624.0 -2288.0 80.0
v 2624.0 -2264.0 96.0
v 2624.0 -2288.0 96.0
v 2624.0 -2344.0 80.0
v 2624.0 -2320.0 80.0
v 2624.0 -2320.0 96.0
v 2848.0 -1952.0 160.0
v 2848.0 -1952.0 128.0
v 2848.0 -1952.0 96.0
v 2816.0 -1952.0 96.0
v 2816.0 -1952.0 168.0
v 2816.0 -1952.0 224.0
v 2816.0 -1952.0 256.0
v 2848.0 -1952.0 256.0
v 2784.0 -1952.0 288.0
v 2784.0 -1952.0 256.0
v 2752.0 -1952.0 256.0
v 2752.0 -1952.0 336.0
v 2752.0 -1952.0 352.0
v 2752.0 -1952.0 408.0
v 2784.0 -1952.0 408.0
v 2656.0 -1952.0 256.0
v 2656.0 -1952.0 336.0
v 2784.0 -1952.0 168.0
v 2784.0 -1952.0 224.0
v 2656.0 -1952.0 168.0
v 2784.0 -1952.0 96.0
v 2672.0 -1952.0 96.0
v 2656.0 -1952.0 96.0
v 2736.0 -1928.0 192.0
v 2672.0 -1928.0 192.0
v 2736.0 -1928.0 96.0
v 2672.0 -1928.0 96.0
v 2728.0 -1936.0 104.0
v 2728.0 -1936.0 184.0
v 2680.0 -1936.0 184.0
v 2680.0 -1936.0 104.0
v 2784.0 -2176.0 408.0
v 2784.0 -2128.0 408.0
v 2784.0 -1984.0 408.0
v 2752.0 -2144.0 408.0
v 2816.0 -2080.0 96.0
v 2784.0 -2080.0 96.0
v 2784.0 -2016.0 96.0
v 2736.0 -2016.0 96.0
v 2672.0 -2016.0 96.0
v 2736.0 -2080.0 96.0
v 2672.0 -2080.0 96.0
v 2656.0 -2080.0 96.0
v 2656.0 -2144.0 96.0
v 2656.0 -2112.0 96.0
v 2784.0 -2176.0 96.0
v 2784.0 -2304.0 96.0
v 2656.0 -2304.0 96.0
v 2656.0 -2336.0 96.0
v 2648.0 -2240.0 96.0
v 2648.0 -2224.0 96.0
v 2648.0 -2144.0 96.0
v 2648.0 -2336.0 96.0
v 2632.0 -2224.0 96.0
v 2632.0 -2336.0 96.0
v 2632.0 -2240.0 96.0
v 2784.0 -2320.0 309.33334
v 2784.0 -2320.0 288.0
v 2784.0 -2256.0 309.33334
v 2784.0 -2304.0 309.33334
v 2784.0 -2304.0 288.0
v 2784.0 -2256.0 288.0
v 2784.0 -2240.0 309.33334
v 2784.0 -2192.0 309.33334
v 2784.0 -2176.0 309.33334
v 2784.0 -2176.0 256.0
v 2784.0 -2176.0 288.0
v 2784.0 -2192.0 288.0
v 2784.0 -2240.0 288.0
v 2784.0 -2080.0 224.0
v 2784.0 -2080.0 256.0
v 2784.0 -2112.0 256.0
v 2784.0 -2128.0 256.0
v 2784.0 -2000.0 256.0
v 2784.0 -2048.0 256.0
v 2784.0 -2064.0 256.0
v 2784.0 -2128.0 288.0
v 2784.0 -2128.0 309.33334
v 2784.0 -2112.0 288.0
v 2784.0 -2064.0 288.0
v 2784.0 -2064.0 309.33334
v 2784.0 -2112.0 309.33334
v 2784.0 -2048.0 288.0
v 2784.0 -2000.0 288.0
v 2784.0 -2000.0 309.33334
v 2784.0 -2048.0 309.33334
v 2784.0 -1984.0 309.33334
v 2784.0 -1984.0 288.0
v 2816.0 -2080.0 256.0
v 2816.0 -2080.0 224.0
v 2752.0 -2320.0 352.0
v 2752.0 -2304.0 352.0
v 2752.0 -2256.0 352.0
v 2752.0 -2240.0 352.0
v 2752.0 -2192.0 352.0
v 2752.0 -2176.0 352.0
v 2752.0 -2128.0 352.0
v 2752.0 -2112.0 352.0
v 2752.0 -2064.0 352.0
v 2752.0 -2048.0 352.0
v 2752.0 -2000.0 352.0
v 2752.0 -1984.0 352.0
v 2752.0 -2144.0 352.0
v 2656.0 -1984.0 336.0
v 2656.0 -2112.0 256.0
v 2656.0 -2176.0 256.0
v 2656.0 -2176.0 336.0
v 2656.0 -2112.0 128.0
v 2656.0 -2112.0 224.0
v 2656.0 -2144.0 224.0
v 2656.0 -2144.0 128.0
v 2656.0 -2176.0 224.0
v 2656.0 -2144.0 112.0
v 2656.0 -2208.0 336.0
v 2656.0 -2336.0 224.0
v 2656.0 -2336.0 128.0
v 2748.0 -1984.0 336.0
v 2752.0 -1984.0 330.66666
v 2752.0 -1984.0 336.0
v 2736.0 -2080.0 104.0
v 2672.0 -2080.0 104.0
v 2672.0 -2016.0 104.0
v 2736.0 -2016.0 104.0
v 2752.0 -2000.0 330.66666
v 2748.0 -2000.0 336.0
v 2752.0 -2064.0 330.66666
v 2752.0 -2048.0 330.66666
v 2748.0 -2048.0 336.0
v 2748.0 -2064.0 336.0
v 2752.0 -2128.0 330.66666
v 2752.0 -2112.0 330.66666
v 2748.0 -2112.0 336.0
v 2748.0 -2128.0 336.0
v 2752.0 -2192.0 330.66666
v 2752.0 -2176.0 330.66666
v 2748.0 -2176.0 336.0
v 2748.0 -2192.0 336.0
v 2752.0 -2256.0 330.66666
v 2752.0 -2240.0 330.66666
v 2748.0 -2240.0 336.0
v 2748.0 -2256.0 336.0
v 2752.0 -2320.0 330.66666
v 2752.0 -2304.0 330.66666
v 2748.0 -2304.0 336.0
v 2748.0 -2320.0 336.0
v 2752.0 -2176.0 336.0
v 2752.0 -2112.0 336.0
v 2752.0 -2064.0 336.0
v 2752.0 -2000.0 336.0
v 2752.0 -2048.0 336.0
v 2752.0 -2128.0 336.0
v 2752.0 -2304.0 336.0
v 2752.0 -2256.0 336.0
v 2752.0 -2240.0 336.0
v 2752.0 -2192.0 336.0
v 2748.0 -2208.0 336.0
v 2752.0 -2320.0 336.0
v 2632.0 -2144.0 112.0
v 2648.0 -2144.0 112.0
v 2648.0 -2144.0 128.0
v 2632.0 -2144.0 128.0
v 2632.0 -1960.0 168.0
v 2632.0 -1960.0 120.0
v 2632.0 -2008.0 120.0
v 2632.0 -2008.0 168.0
v 2632.0 -2224.0 128.0
v 2648.0 -2224.0 128.0
v 2648.0 -2240.0 128.0
v 2632.0 -2240.0 128.0
v 2648.0 -2224.0 112.0
v 2632.0 -2224.0 112.0
v 2240.0 -1936.0 96.0
v 2240.0 -1936.0 64.0
v 2240.0 -1936.0 128.0
v 2240.0 -1952.0 32.0
v 2240.0 -1952.0 16.0
v 2240.0 -1952.0 64.0
v 2240.0 -2016.0 224.0
v 2240.0 -1952.0 224.0
v 2240.0 -1952.0 352.0
v 2240.0 -2016.0 352.0
v 2240.0 -2112.0 352.0
v 2240.0 -2112.0 128.0
v 2240.0 -2016.0 128.0
v 2240.0 -2112.0 96.0
v 2240.0 -2016.0 96.0
v 2240.0 -2144.0 352.0
v 2240.0 -2176.0 352.0
v 2240.0 -2304.0 352.0
v 2240.0 -2336.0 128.0
v 2240.0 -2144.0 128.0
v 2240.0 -1952.0 128.0
v 2240.0 -1952.0 96.0
v 2240.0 -1984.0 48.0
v 2240.0 -1984.0 64.0
v 2240.0 -2016.0 64.0
v 2240.0 -2016.0 48.0
v 2240.0 -2112.0 64.0
v 2240.0 -2144.0 96.0
v 2240.0 -2144.0 64.0
v 2240.0 -1984.0 32.0
v 2240.0 -2336.0 96.0
v 2240.0 -2336.0 64.0
v 2464.0 -2016.0 96.0
v 2272.0 -2016.0 96.0
v 2360.0 -1952.0 96.0
v 2464.0 -1952.0 96.0
v 2584.0 -1952.0 96.0
v 2496.0 -2016.0 96.0
v 2592.0 -2344.0 96.0
v 2592.0 -2264.0 96.0
v 2592.0 -2240.0 96.0
v 2592.0 -2320.0 96.0
v 2592.0 -2288.0 96.0
v 2368.0 -2240.0 96.0
v 2496.0 -2240.0 96.0
v 2496.0 -2264.0 96.0
v 2496.0 -2288.0 96.0
v 2496.0 -2320.0 96.0
v 2496.0 -2344.0 96.0
v 2528.0 -2264.0 96.0
v 2528.0 -2240.0 96.0
v 2528.0 -2344.0 96.0
v 2528.0 -2320.0 96.0
v 2528.0 -2288.0 96.0
v 2248.0 -2144.0 96.0
v 2264.0 -2144.0 96.0
v 2264.0 -2336.0 96.0
v 2248.0 -2336.0 96.0
v 2360.0 -1952.0 224.0
v 2360.0 -1952.0 256.0
v 2560.0 -1952.0 256.0
v 2584.0 -1952.0 256.0
v 2592.0 -1952.0 256.0
v 2272.0 -1952.0 224.0
v 2272.0 -1952.0 256.0
v 2336.0 -1952.0 256.0
v 2336.0 -2016.0 256.0
v 2336.0 -2040.0 256.0
v 2336.0 -2040.0 272.0
v 2336.0 -2040.0 284.8
v 2336.0 -2040.0 344.0
v 2336.0 -2016.0 344.0
v 2336.0 -2104.0 272.0
v 2336.0 -2056.0 272.0
v 2336.0 -2120.0 256.0
v 2336.0 -2120.0 272.0
v 2336.0 -2056.0 284.8
v 2336.0 -2056.0 344.0
v 2336.0 -2104.0 284.8
v 2336.0 -2104.0 344.0
v 2336.0 -2120.0 284.8
v 2336.0 -2168.0 284.8
v 2336.0 -2184.0 284.8
v 2336.0 -2184.0 344.0
v 2336.0 -2168.0 256.0
v 2336.0 -2168.0 272.0
v 2336.0 -2232.0 272.0
v 2336.0 -2184.0 272.0
v 2336.0 -2176.0 256.0
v 2336.0 -2248.0 256.0
v 2336.0 -2248.0 272.0
v 2336.0 -2232.0 284.8
v 2336.0 -2232.0 344.0
v 2336.0 -2248.0 284.8
v 2336.0 -2248.0 344.0
v 2336.0 -2264.0 256.0
v 2336.0 -2264.0 272.0
v 2336.0 -2264.0 288.0
v 2336.0 -2264.0 344.0
v 2336.0 -2288.0 288.0
v 2336.0 -2304.0 288.0
v 2336.0 -2328.0 288.0
v 2336.0 -2328.0 344.0
v 2336.0 -2288.0 284.8
v 2336.0 -2288.0 272.0
v 2336.0 -2304.0 256.0
v 2336.0 -2304.0 272.0
v 2336.0 -2304.0 284.8
v 2336.0 -2328.0 256.0
v 2592.0 -2176.0 256.0
v 2592.0 -2328.0 256.0
v 2560.0 -2016.0 256.0
v 2560.0 -2056.0 256.0
v 2560.0 -2104.0 256.0
v 2560.0 -2176.0 256.0
v 2560.0 -2184.0 256.0
v 2560.0 -2232.0 256.0
v 2560.0 -2328.0 256.0
v 2560.0 -2328.0 272.0
v 2560.0 -2328.0 284.8
v 2560.0 -2328.0 344.0
v 2560.0 -2016.0 344.0
v 2560.0 -2016.0 272.0
v 2560.0 -2304.0 272.0
v 2560.0 -2304.0 284.8
v 2560.0 -2248.0 272.0
v 2560.0 -2248.0 284.8
v 2560.0 -2288.0 284.8
v 2560.0 -2288.0 272.0
v 2560.0 -2232.0 272.0
v 2560.0 -2232.0 284.8
v 2560.0 -2232.0 344.0
v 2560.0 -2184.0 272.0
v 2560.0 -2184.0 284.8
v 2560.0 -2184.0 344.0
v 2560.0 -2120.0 284.8
v 2560.0 -2168.0 284.8
v 2560.0 -2168.0 272.0
v 2560.0 -2120.0 272.0
v 2560.0 -2104.0 272.0
v 2560.0 -2104.0 284.8
v 2560.0 -2104.0 344.0
v 2560.0 -2056.0 272.0
v 2560.0 -2056.0 284.8
v 2560.0 -2056.0 344.0
v 2560.0 -2040.0 284.8
v 2560.0 -2040.0 344.0
v 2560.0 -2040.0 272.0
v 2376.0 -2248.0 304.0
v 2360.0 -2248.0 304.0
v 2360.0 -2288.0 304.0
v 2376.0 -2288.0 304.0
v 2536.0 -2248.0 304.0
v 2520.0 -2248.0 304.0
v 2520.0 -2288.0 304.0
v 2536.0 -2288.0 304.0
v 2520.0 -2232.0 304.0
v 2376.0 -2232.0 304.0
v 2376.0 -2304.0 304.0
v 2520.0 -2304.0 304.0
v 2536.0 -2232.0 304.0
v 2536.0 -2184.0 304.0
v 2520.0 -2184.0 304.0
v 2376.0 -2184.0 304.0
v 2360.0 -2184.0 304.0
v 2360.0 -2232.0 304.0
v 2376.0 -2168.0 304.0
v 2520.0 -2168.0 304.0
v 2536.0 -2168.0 304.0
v 2536.0 -2120.0 304.0
v 2520.0 -2120.0 304.0
v 2376.0 -2120.0 304.0
v 2360.0 -2120.0 304.0
v 2360.0 -2168.0 304.0
v 2360.0 -2056.0 304.0
v 2360.0 -2080.0 304.0
v 2360.0 -2104.0 304.0
v 2376.0 -2104.0 304.0
v 2376.0 -2056.0 304.0
v 2520.0 -2056.0 304.0
v 2520.0 -2104.0 304.0
v 2536.0 -2104.0 304.0
v 2536.0 -2080.0 304.0
v 2536.0 -2056.0 304.0
v 2520.0 -2040.0 304.0
v 2376.0 -2040.0 304.0
v 2360.0 -2080.0 320.0
v 2360.0 -2040.0 320.0
v 2536.0 -2040.0 320.0
v 2536.0 -2080.0 320.0
v 2536.0 -2264.0 320.0
v 2360.0 -2264.0 320.0
v 2536.0 -2304.0 320.0
v 2360.0 -2304.0 320.0
v 2536.0 -2304.0 304.0
v 2360.0 -2304.0 304.0
v 2536.0 -2040.0 304.0
v 2360.0 -2040.0 304.0
v 2272.0 -2040.0 256.0
v 2272.0 -2176.0 256.0
v 2272.0 -2264.0 256.0
v 2272.0 -2336.0 96.0
v 2272.0 -2336.0 128.0
v 2272.0 -2264.0 224.0
v 2272.0 -2264.0 128.0
v 2272.0 -2112.0 224.0
v 2272.0 -2112.0 128.0
v 2272.0 -2144.0 128.0
v 2272.0 -2112.0 96.0
v 2272.0 -2144.0 96.0
v 2272.0 -2040.0 224.0
v 2272.0 -2016.0 224.0
v 2272.0 -2336.0 64.0
v 2272.0 -2144.0 32.0
v 2272.0 -2264.0 48.0
v 2272.0 -2144.0 48.0
v 2272.0 -2016.0 48.0
v 2272.0 -2016.0 32.0
v 2272.0 -2144.0 -16.0
v 2272.0 -2240.0 -16.0
v 2272.0 -2264.0 -16.0
v 2272.0 -2016.0 -16.0
v 2272.0 -2016.0 64.0
v 2272.0 -2144.0 64.0
v 2496.0 -2016.0 -16.0
v 2360.0 -2016.0 -16.0
v 2496.0 -2016.0 32.0
v 2360.0 -2016.0 48.0
v 2496.0 -2016.0 48.0
v 2496.0 -2016.0 64.0
v 2496.0 -2344.0 48.0
v 2496.0 -2320.0 48.0
v 2496.0 -2288.0 48.0
v 2496.0 -2264.0 48.0
v 2496.0 -2240.0 48.0
v 2496.0 -2240.0 -16.0
v 2496.0 -2240.0 80.0
v 2496.0 -2264.0 80.0
v 2496.0 -2288.0 80.0
v 2496.0 -2344.0 80.0
v 2496.0 -2320.0 80.0
v 2528.0 -2240.0 80.0
v 2592.0 -2240.0 80.0
v 2528.0 -2344.0 80.0
v 2592.0 -2344.0 80.0
v 2592.0 -2320.0 80.0
v 2592.0 -2264.0 80.0
v 2592.0 -2288.0 80.0
v 2528.0 -2320.0 80.0
v 2528.0 -2288.0 80.0
v 2528.0 -2264.0 80.0
v 2360.0 -2264.0 48.0
v 2368.0 -2264.0 48.0
v 2360.0 -2240.0 48.0
v 2368.0 -2240.0 48.0
v 2360.0 -2264.0 -16.0
v 2368.0 -2264.0 -16.0
v 2360.0 -2240.0 -16.0
v 2368.0 -2240.0 -16.0
v 2248.0 -2336.0 64.0
v 2248.0 -2336.0 80.0
v 2264.0 -2336.0 80.0
v 2264.0 -2336.0 64.0
v 2264.0 -2144.0 64.0
v 2248.0 -2144.0 64.0
v 2248.0 -2144.0 80.0
v 2264.0 -2144.0 80.0
v 2112.0 -1952.0 128.0
v 2128.0 -1952.0 352.0
v 2144.0 -1952.0 352.0
v 2208.0 -1952.0 352.0
v 2112.0 -1952.0 352.0
v 2128.0 -2176.0 352.0
v 2112.0 -2144.0 352.0
v 2112.0 -2176.0 352.0
v 2128.0 -2304.0 352.0
v 2208.0 -2304.0 352.0
v 2144.0 -2304.0 352.0
v 2160.0 -2280.0 352.0
v 2144.0 -2288.0 352.0
v 2176.0 -2288.0 352.0
v 2176.0 -2240.0 352.0
v 2208.0 -2256.0 352.0
v 2208.0 -2240.0 352.0
v 2192.0 -2232.0 352.0
v 2176.0 -2224.0 352.0
v 2160.0 -2232.0 352.0
v 2144.0 -2240.0 352.0
v 2144.0 -2256.0 352.0
v 2208.0 -2224.0 352.0
v 2208.0 -2208.0 352.0
v 2160.0 -2184.0 352.0
v 2144.0 -2192.0 352.0
v 2144.0 -2208.0 352.0
v 2176.0 -2192.0 352.0
v 2176.0 -2144.0 352.0
v 2208.0 -2160.0 352.0
v 2208.0 -2144.0 352.0
v 2192.0 -2136.0 352.0
v 2176.0 -2128.0 352.0
v 2160.0 -2136.0 352.0
v 2144.0 -2144.0 352.0
v 2144.0 -2160.0 352.0
v 2208.0 -2128.0 352.0
v 2208.0 -2112.0 352.0
v 2144.0 -2112.0 352.0
v 2144.0 -2128.0 352.0
v 2192.0 -2184.0 352.0
v 2176.0 -2176.0 352.0
v 2144.0 -2176.0 352.0
v 2208.0 -2192.0 352.0
v 2208.0 -2176.0 352.0
v 2144.0 -2224.0 352.0
v 2192.0 -2280.0 352.0
v 2176.0 -2272.0 352.0
v 2144.0 -2272.0 352.0
v 2208.0 -2288.0 352.0
v 2208.0 -2272.0 352.0
v 2176.0 -2096.0 352.0
v 2160.0 -2088.0 352.0
v 2144.0 -2096.0 352.0
v 2176.0 -2048.0 352.0
v 2208.0 -2064.0 352.0
v 2208.0 -2048.0 352.0
v 2192.0 -2040.0 352.0
v 2176.0 -2032.0 352.0
v 2160.0 -2040.0 352.0
v 2144.0 -2048.0 352.0
v 2144.0 -2064.0 352.0
v 2208.0 -2032.0 352.0
v 2208.0 -2016.0 352.0
v 2144.0 -2016.0 352.0
v 2208.0 -2080.0 352.0
v 2208.0 -2096.0 352.0
v 2144.0 -2080.0 352.0
v 2144.0 -2032.0 352.0
v 2192.0 -2088.0 352.0
v 2176.0 -2080.0 352.0
v 2208.0 -2016.0 368.0
v 2144.0 -2016.0 368.0
v 2144.0 -2016.0 408.0
v 2208.0 -2016.0 408.0
v 2144.0 -2304.0 368.0
v 2208.0 -2304.0 368.0
v 2208.0 -2304.0 408.0
v 2144.0 -2304.0 408.0
v 2144.0 -2272.0 368.0
v 2144.0 -2288.0 368.0
v 2144.0 -2288.0 408.0
v 2144.0 -2272.0 408.0
v 2144.0 -2240.0 408.0
v 2144.0 -2240.0 368.0
v 2144.0 -2256.0 368.0
v 2144.0 -2160.0 368.0
v 2144.0 -2176.0 368.0
v 2144.0 -2176.0 408.0
v 2144.0 -2144.0 408.0
v 2144.0 -2144.0 368.0
v 2144.0 -2192.0 368.0
v 2144.0 -2192.0 408.0
v 2144.0 -2128.0 368.0
v 2144.0 -2128.0 408.0
v 2144.0 -2208.0 368.0
v 2144.0 -2224.0 368.0
v 2144.0 -2224.0 408.0
v 2144.0 -2096.0 408.0
v 2144.0 -2096.0 368.0
v 2144.0 -2112.0 368.0
v 2144.0 -2032.0 368.0
v 2144.0 -2032.0 408.0
v 2144.0 -2048.0 368.0
v 2144.0 -2048.0 408.0
v 2144.0 -2080.0 368.0
v 2144.0 -2080.0 408.0
v 2144.0 -2064.0 368.0
v 2208.0 -2288.0 368.0
v 2208.0 -2288.0 408.0
v 2208.0 -2272.0 368.0
v 2208.0 -2272.0 408.0
v 2208.0 -2224.0 408.0
v 2208.0 -2224.0 368.0
v 2208.0 -2208.0 368.0
v 2208.0 -2192.0 368.0
v 2208.0 -2192.0 408.0
v 2208.0 -2176.0 368.0
v 2208.0 -2176.0 408.0
v 2208.0 -2144.0 368.0
v 2208.0 -2128.0 368.0
v 2208.0 -2128.0 408.0
v 2208.0 -2144.0 408.0
v 2208.0 -2160.0 368.0
v 2208.0 -2240.0 368.0
v 2208.0 -2240.0 408.0
v 2208.0 -2256.0 368.0
v 2208.0 -2096.0 368.0
v 2208.0 -2080.0 368.0
v 2208.0 -2080.0 408.0
v 2208.0 -2096.0 408.0
v 2208.0 -2032.0 408.0
v 2208.0 -2032.0 368.0
v 2208.0 -2048.0 368.0
v 2208.0 -2048.0 408.0
v 2208.0 -2064.0 368.0
v 2208.0 -2112.0 368.0
v 2160.0 -2280.0 368.0
v 2176.0 -2288.0 368.0
v 2176.0 -2240.0 368.0
v 2192.0 -2232.0 368.0
v 2160.0 -2232.0 368.0
v 2176.0 -2224.0 368.0
v 2160.0 -2184.0 368.0
v 2176.0 -2192.0 368.0
v 2176.0 -2144.0 368.0
v 2192.0 -2136.0 368.0
v 2160.0 -2136.0 368.0
v 2176.0 -2128.0 368.0
v 2176.0 -2176.0 368.0
v 2192.0 -2184.0 368.0
v 2176.0 -2272.0 368.0
v 2192.0 -2280.0 368.0
v 2176.0 -2080.0 368.0
v 2192.0 -2088.0 368.0
v 2176.0 -2096.0 368.0
v 2160.0 -2088.0 368.0
v 2160.0 -2040.0 368.0
v 2176.0 -2032.0 368.0
v 2192.0 -2040.0 368.0
v 2176.0 -2048.0 368.0
v 2112.0 -2144.0 128.0
v 2208.0 -2112.0 64.0
v 2144.0 -2112.0 64.0
v 2128.0 -2112.0 64.0
v 2128.0 -2016.0 64.0
v 2208.0 -2320.0 64.0
v 2208.0 -2304.0 64.0
v 2208.0 -2288.0 64.0
v 2208.0 -2272.0 64.0
v 2208.0 -2256.0 64.0
v 2208.0 -2240.0 64.0
v 2208.0 -2224.0 64.0
v 2208.0 -2208.0 64.0
v 2208.0 -2192.0 64.0
v 2208.0 -2176.0 64.0
v 2208.0 -2160.0 64.0
v 2208.0 -2144.0 64.0
v 2208.0 -2128.0 64.0
v 2208.0 -2336.0 64.0
v 2128.0 -2240.0 64.0
v 2144.0 -2128.0 64.0
v 2144.0 -2144.0 64.0
v 2144.0 -2160.0 64.0
v 2144.0 -2176.0 64.0
v 2144.0 -2192.0 64.0
v 2144.0 -2208.0 64.0
v 2144.0 -2224.0 64.0
v 2144.0 -2240.0 64.0
v 2144.0 -2256.0 64.0
v 2144.0 -2272.0 64.0
v 2144.0 -2288.0 64.0
v 2144.0 -2304.0 64.0
v 2144.0 -2320.0 64.0
v 2144.0 -2336.0 64.0
v 2128.0 -2336.0 64.0
v 2112.0 -2240.0 64.0
v 2112.0 -2144.0 64.0
v 2112.0 -2016.0 64.0
v 2208.0 -2112.0 32.0
v 2144.0 -2112.0 32.0
v 2144.0 -2112.0 -16.0
v 2208.0 -2112.0 -16.0
v 2112.0 -1952.0 16.0
v 2112.0 -1952.0 32.0
v 2112.0 -1984.0 32.0
v 2112.0 -1984.0 48.0
v 2112.0 -2016.0 48.0
v 2208.0 -2336.0 32.0
v 2208.0 -2336.0 44.0
v 2144.0 -2336.0 44.0
v 2144.0 -2336.0 32.0
v 2208.0 -2336.0 -16.0
v 2144.0 -2336.0 -16.0
v 2208.0 -2336.0 60.0
v 2144.0 -2336.0 60.0
v 2208.0 -2320.0 32.0
v 2144.0 -2128.0 32.0
v 2144.0 -2144.0 32.0
v 2144.0 -2160.0 32.0
v 2144.0 -2176.0 32.0
v 2144.0 -2192.0 32.0
v 2144.0 -2208.0 32.0
v 2144.0 -2224.0 32.0
v 2144.0 -2240.0 32.0
v 2144.0 -2256.0 32.0
v 2144.0 -2272.0 32.0
v 2144.0 -2288.0 32.0
v 2144.0 -2304.0 32.0
v 2144.0 -2320.0 32.0
v 2208.0 -2304.0 32.0
v 2208.0 -2288.0 32.0
v 2208.0 -2272.0 32.0
v 2208.0 -2256.0 32.0
v 2208.0 -2240.0 32.0
v 2208.0 -2224.0 32.0
v 2208.0 -2208.0 32.0
v 2208.0 -2192.0 32.0
v 2208.0 -2176.0 32.0
v 2208.0 -2160.0 32.0
v 2208.0 -2144.0 32.0
v 2208.0 -2128.0 32.0
v 2144.0 -2224.0 44.0
v 2208.0 -2224.0 44.0
v 2208.0 -2224.0 60.0
v 2144.0 -2224.0 60.0
v 2144.0 -2160.0 44.0
v 2208.0 -2160.0 44.0
v 2208.0 -2160.0 60.0
v 2144.0 -2160.0 60.0
v 2144.0 -2144.0 60.0
v 2144.0 -2144.0 44.0
v 2144.0 -2128.0 44.0
v 2144.0 -2128.0 60.0
v 2208.0 -2144.0 44.0
v 2208.0 -2144.0 60.0
v 2208.0 -2128.0 60.0
v 2208.0 -2128.0 44.0
v 2144.0 -2192.0 44.0
v 2208.0 -2192.0 44.0
v 2208.0 -2192.0 60.0
v 2144.0 -2192.0 60.0
v 2208.0 -2176.0 44.0
v 2208.0 -2176.0 60.0
v 2144.0 -2176.0 44.0
v 2144.0 -2176.0 60.0
v 2208.0 -2208.0 44.0
v 2208.0 -2208.0 60.0
v 2144.0 -2208.0 44.0
v 2144.0 -2208.0 60.0
v 2144.0 -2288.0 44.0
v 2208.0 -2288.0 44.0
v 2208.0 -2288.0 60.0
v 2144.0 -2288.0 60.0
v 2144.0 -2256.0 44.0
v 2208.0 -2256.0 44.0
v 2208.0 -2256.0 60.0
v 2144.0 -2256.0 60.0
v 2208.0 -2240.0 44.0
v 2208.0 -2240.0 60.0
v 2144.0 -2240.0 60.0
v 2144.0 -2240.0 44.0
v 2208.0 -2272.0 60.0
v 2208.0 -2272.0 44.0
v 2144.0 -2272.0 44.0
v 2144.0 -2272.0 60.0
v 2144.0 -2320.0 44.0
v 2144.0 -2320.0 60.0
v 2144.0 -2304.0 60.0
v 2144.0 -2304.0 44.0
v 2208.0 -2320.0 44.0
v 2208.0 -2320.0 60.0
v 2208.0 -2304.0 44.0
v 2208.0 -2304.0 60.0
v 1240.0 -936.0 128.0
v 1240.0 -920.0 128.0
v 1240.0 -896.0 128.0
v 1224.0 -896.0 128.0
v 1224.0 -920.0 128.0
v 1216.0 -920.0 128.0
v 1216.0 -896.0 128.0
v 1224.0 -936.0 128.0
v 1216.0 -960.0 128.0
v 1216.0 -936.0 128.0
v 1240.0 -896.0 256.0
v 1240.0 -920.0 256.0
v 1240.0 -936.0 256.0
v 1240.0 -960.0 256.0
v 1224.0 -896.0 256.0
v 1216.0 -896.0 256.0
v 1216.0 -920.0 256.0
v 1224.0 -920.0 256.0
v 1216.0 -936.0 256.0
v 1224.0 -936.0 256.0
v 1216.0 -960.0 256.0
v 1224.0 -960.0 256.0
v 1240.0 -960.0 232.0
v 1240.0 -960.0 216.0
v 1240.0 -960.0 160.0
v 1240.0 -960.0 144.0
v 1224.0 -960.0 232.0
v 1224.0 -960.0 224.0
v 1216.0 -960.0 216.0
v 1224.0 -960.0 216.0
v 1216.0 -960.0 144.0
v 1216.0 -960.0 160.0
v 1224.0 -960.0 160.0
v 1224.0 -960.0 144.0
v 1224.0 -896.0 224.0
v 1224.0 -896.0 232.0
v 1224.0 -920.0 232.0
v 1224.0 -920.0 224.0
v 1224.0 -936.0 232.0
v 1224.0 -936.0 224.0
v 1224.0 -920.0 160.0
v 1224.0 -920.0 216.0
v 1224.0 -936.0 216.0
v 1224.0 -936.0 160.0
v 1224.0 -896.0 216.0
v 1224.0 -936.0 144.0
v 1224.0 -920.0 144.0
v 1224.0 -896.0 144.0
v 1224.0 -896.0 160.0
v 1240.0 -896.0 144.0
v 1240.0 -896.0 216.0
v 1240.0 -896.0 160.0
v 1240.0 -896.0 232.0
v 1240.0 -936.0 216.0
v 1240.0 -920.0 216.0
v 1240.0 -936.0 232.0
v 1240.0 -920.0 232.0
v 1240.0 -920.0 160.0
v 1240.0 -920.0 144.0
v 1240.0 -936.0 160.0
v 1240.0 -936.0 144.0
v 1232.0 -1024.0 112.0
v 1232.0 -1024.0 8.0
v 1232.0 -832.0 8.0
v 1232.0 -832.0 96.0
v 1232.0 -832.0 112.0
v 2352.0 -2400.0 352.0
v 2336.0 -2400.0 352.0
v 2304.0 -2400.0 352.0
v 2272.0 -2400.0 352.0
v 2240.0 -2400.0 352.0
v 2208.0 -2400.0 352.0
v 2144.0 -2400.0 352.0
v 2128.0 -2400.0 352.0
v 2128.0 -2432.0 352.0
v 2176.0 -2432.0 352.0
v 2192.0 -2432.0 352.0
v 2208.0 -2432.0 352.0
v 2224.0 -2432.0 352.0
v 2240.0 -2432.0 352.0
v 2256.0 -2432.0 352.0
v 2272.0 -2432.0 352.0
v 2288.0 -2432.0 352.0
v 2304.0 -2432.0 352.0
v 2320.0 -2432.0 352.0
v 2336.0 -2432.0 352.0
v 2352.0 -2432.0 352.0
v 2368.0 -2432.0 352.0
v 2384.0 -2432.0 352.0
v 2400.0 -2432.0 352.0
v 2416.0 -2432.0 352.0
v 2432.0 -2432.0 352.0
v 2448.0 -2432.0 352.0
v 2464.0 -2432.0 352.0
v 2496.0 -2432.0 352.0
v 2496.0 -2400.0 352.0
v 2368.0 -2400.0 352.0
v 2384.0 -2464.0 352.0
v 2368.0 -2496.0 352.0
v 2384.0 -2496.0 352.0
v 2392.0 -2480.0 352.0
v 2400.0 -2464.0 352.0
v 2392.0 -2448.0 352.0
v 2400.0 -2496.0 352.0
v 2416.0 -2496.0 352.0
v 2440.0 -2448.0 352.0
v 2432.0 -2464.0 352.0
v 2352.0 -2496.0 352.0
v 2336.0 -2496.0 352.0
v 2320.0 -2496.0 352.0
v 2304.0 -2496.0 352.0
v 2288.0 -2496.0 352.0
v 2272.0 -2496.0 352.0
v 2256.0 -2496.0 352.0
v 2240.0 -2496.0 352.0
v 2224.0 -2496.0 352.0
v 2208.0 -2496.0 352.0
v 2192.0 -2496.0 352.0
v 2176.0 -2496.0 352.0
v 2128.0 -2496.0 352.0
v 2496.0 -2496.0 352.0
v 2464.0 -2496.0 352.0
v 2448.0 -2496.0 352.0
v 2432.0 -2496.0 352.0
v 2440.0 -2480.0 352.0
v 2448.0 -2464.0 352.0
v 2344.0 -2480.0 352.0
v 2352.0 -2464.0 352.0
v 2344.0 -2448.0 352.0
v 2336.0 -2464.0 352.0
v 2192.0 -2464.0 352.0
v 2200.0 -2480.0 352.0
v 2208.0 -2464.0 352.0
v 2200.0 -2448.0 352.0
v 2248.0 -2448.0 352.0
v 2240.0 -2464.0 352.0
v 2288.0 -2464.0 352.0
v 2296.0 -2480.0 352.0
v 2304.0 -2464.0 352.0
v 2296.0 -2448.0 352.0
v 2248.0 -2480.0 352.0
v 2256.0 -2464.0 352.0
v 2112.0 -2400.0 352.0
v 2464.0 -2496.0 368.0
v 2464.0 -2432.0 368.0
v 2464.0 -2432.0 408.0
v 2464.0 -2496.0 408.0
v 2176.0 -2432.0 368.0
v 2176.0 -2496.0 368.0
v 2176.0 -2496.0 408.0
v 2176.0 -2432.0 408.0
v 2384.0 -2496.0 368.0
v 2400.0 -2496.0 368.0
v 2400.0 -2496.0 408.0
v 2384.0 -2496.0 408.0
v 2368.0 -2496.0 368.0
v 2352.0 -2496.0 408.0
v 2352.0 -2496.0 368.0
v 2448.0 -2496.0 408.0
v 2448.0 -2496.0 368.0
v 2432.0 -2496.0 368.0
v 2432.0 -2496.0 408.0
v 2416.0 -2496.0 368.0
v 2208.0 -2496.0 408.0
v 2208.0 -2496.0 368.0
v 2224.0 -2496.0 368.0
v 2240.0 -2496.0 368.0
v 2240.0 -2496.0 408.0
v 2256.0 -2496.0 368.0
v 2256.0 -2496.0 408.0
v 2304.0 -2496.0 408.0
v 2304.0 -2496.0 368.0
v 2320.0 -2496.0 368.0
v 2336.0 -2496.0 368.0
v 2336.0 -2496.0 408.0
v 2288.0 -2496.0 368.0
v 2288.0 -2496.0 408.0
v 2272.0 -2496.0 368.0
v 2192.0 -2496.0 368.0
v 2192.0 -2496.0 408.0
v 2400.0 -2432.0 368.0
v 2384.0 -2432.0 368.0
v 2384.0 -2432.0 408.0
v 2400.0 -2432.0 408.0
v 2432.0 -2432.0 408.0
v 2432.0 -2432.0 368.0
v 2416.0 -2432.0 368.0
v 2448.0 -2432.0 368.0
v 2448.0 -2432.0 408.0
v 2368.0 -2432.0 368.0
v 2352.0 -2432.0 368.0
v 2352.0 -2432.0 408.0
v 2224.0 -2432.0 368.0
v 2208.0 -2432.0 368.0
v 2208.0 -2432.0 408.0
v 2240.0 -2432.0 408.0
v 2240.0 -2432.0 368.0
v 2192.0 -2432.0 368.0
v 2192.0 -2432.0 408.0
v 2304.0 -2432.0 368.0
v 2288.0 -2432.0 368.0
v 2288.0 -2432.0 408.0
v 2304.0 -2432.0 408.0
v 2336.0 -2432.0 408.0
v 2336.0 -2432.0 368.0
v 2320.0 -2432.0 368.0
v 2256.0 -2432.0 368.0
v 2256.0 -2432.0 408.0
v 2272.0 -2432.0 368.0
v 2344.0 -2480.0 368.0
v 2352.0 -2464.0 368.0
v 2336.0 -2464.0 368.0
v 2344.0 -2448.0 368.0
v 2392.0 -2448.0 368.0
v 2400.0 -2464.0 368.0
v 2440.0 -2480.0 368.0
v 2448.0 -2464.0 368.0
v 2432.0 -2464.0 368.0
v 2440.0 -2448.0 368.0
v 2392.0 -2480.0 368.0
v 2384.0 -2464.0 368.0
v 2192.0 -2464.0 368.0
v 2200.0 -2480.0 368.0
v 2200.0 -2448.0 368.0
v 2208.0 -2464.0 368.0
v 2240.0 -2464.0 368.0
v 2248.0 -2448.0 368.0
v 2288.0 -2464.0 368.0
v 2296.0 -2480.0 368.0
v 2296.0 -2448.0 368.0
v 2304.0 -2464.0 368.0
v 2256.0 -2464.0 368.0
v 2248.0 -2480.0 368.0
v 2304.0 -2400.0 144.0
v 2304.0 -2400.0 128.0
v 2368.0 -2400.0 96.0
v 2368.0 -2400.0 112.0
v 2368.0 -2400.0 224.0
v 2496.0 -2400.0 192.0
v 2496.0 -2400.0 224.0
v 2336.0 -2400.0 112.0
v 2336.0 -2400.0 128.0
v 2208.0 -2376.0 64.0
v 2144.0 -2376.0 64.0
v 2240.0 -2400.0 176.0
v 2240.0 -2400.0 160.0
v 2272.0 -2400.0 144.0
v 2272.0 -2400.0 160.0
v 2240.0 -2400.0 192.0
v 2240.0 -2400.0 224.0
v 2144.0 -2400.0 176.0
v 2208.0 -2400.0 176.0
v 2112.0 -2400.0 176.0
v 2208.0 -2400.0 224.0
v 2208.0 -2400.0 288.0
v 2208.0 -2400.0 192.0
v 2144.0 -2400.0 192.0
v 2112.0 -2400.0 192.0
v 2144.0 -2400.0 288.0
v 2144.0 -2400.0 224.0
v 2112.0 -2400.0 224.0
v 2144.0 -2376.0 160.0
v 2208.0 -2376.0 160.0
v 2200.0 -2384.0 72.0
v 2200.0 -2384.0 152.0
v 2152.0 -2384.0 152.0
v 2152.0 -2384.0 72.0
v 2400.0 -2592.0 192.0
v 2464.0 -2592.0 192.0
v 2464.0 -2560.0 192.0
v 2400.0 -2560.0 192.0
v 2400.0 -2560.0 96.0
v 2464.0 -2560.0 96.0
v 2464.0 -2592.0 96.0
v 2400.0 -2592.0 96.0
f 1 2 3
f 1 3 4
f 5 6 7
f 5 7 8
f 5 8 9
f 6 10 2
f 6 2 1
f 6 1 11
f 6 11 7
f 12 13 14
f 12 14 5
f 12 5 9
f 12 9 15
f 12 15 16
f 3 2 10
f 3 10 17
f 3 17 18
f 3 18 19
f 20 21 22
f 20 22 23
f 20 23 24
f 22 21 12
f 22 12 16
f 25 26 27
f 25 27 28
f 21 20 27
f 21 27 26
f 21 26 29
f 21 29 13
f 21 13 12
f 30 31 32
f 30 32 33
f 34 35 36
f 34 36 37
f 34 37 38
f 39 40 41
f 39 41 42
f 37 36 43
f 37 43 44
f 37 44 45
f 41 40 35
f 41 35 34
f 41 34 46
f 44 43 47
f 44 47 48
f 44 48 32
f 44 32 31
f 44 31 49
f 47 43 36
f 47 36 35
f 47 35 40
f 47 40 39
f 47 39 50
f 47 50 51
f 52 53 48
f 52 48 47
f 52 47 51
f 54 33 32
f 54 32 48
f 54 48 53
f 54 53 55
f 51 50 56
f 51 56 57
f 51 57 58
f 59 60 52
f 59 52 51
f 59 51 58
f 61 62 63
f 61 63 64
f 65 66 67
f 65 67 68
f 69 70 71
f 69 71 72
f 73 74 75
f 73 75 76
f 73 76 77
f 78 79 73
f 78 73 77
f 80 81 82
f 80 82 66
f 80 66 65
f 80 65 74
f 80 74 73
f 79 71 70
f 79 70 83
f 79 83 80
f 79 80 73
f 84 85 86
f 84 86 87
f 88 89 90
f 88 90 91
f 92 93 94
f 92 94 95
f 92 95 96
f 92 96 97
f 98 99 100
f 98 100 101
f 102 103 104
f 102 104 105
f 102 105 106
f 102 106 107
f 108 109 110
f 108 110 111
f 112 113 114
f 112 114 115
f 112 115 116
f 112 116 117
f 112 117 118
f 117 119 120
f 117 120 121
f 117 121 118
f 122 123 124
f 122 124 125
f 122 125 126
f 122 126 108
f 122 108 111
f 122 111 127
f 128 129 130
f 131 132 133
f 131 133 134
f 131 134 135
f 124 136 137
f 124 137 138
f 124 138 125
f 124 123 139
f 124 139 136
f 122 127 140
f 122 140 128
f 122 128 130
f 122 130 134
f 122 134 133
f 132 141 142
f 132 142 143
f 132 143 139
f 132 139 123
f 132 123 122
f 132 122 133
f 141 144 142
f 145 146 147
f 145 147 148
f 145 148 149
f 150 151 152
f 150 152 153
f 146 154 155
f 146 155 147
f 156 154 146
f 156 146 145
f 156 145 157
f 158 159 150
f 158 150 153
f 158 153 156
f 158 156 157
f 158 157 160
f 158 160 161
f 162 163 164
f 162 164 165
f 162 165 152
f 162 152 151
f 162 151 166
f 162 166 167
f 165 164 168
f 165 168 169
f 170 171 172
f 170 172 169
f 170 169 168
f 148 147 155
f 148 155 172
f 148 172 171
f 173 174 175
f 173 175 176
f 174 177 178
f 174 178 175
f 177 179 180
f 177 180 178
f 179 181 182
f 179 182 183
f 179 183 184
f 179 184 185
f 179 185 186
f 179 186 187
f 179 187 180
f 182 188 189
f 182 189 183
f 190 191 192
f 190 192 193
f 194 190 193
f 194 193 195
f 196 197 198
f 196 198 199
f 191 196 199
f 191 199 192
f 200 201 202
f 200 202 203
f 200 203 204
f 200 204 205
f 206 207 208
f 206 208 209
f 206 209 210
f 206 210 211
f 206 211 212
f 206 212 213
f 206 213 189
f 206 189 188
f 206 188 214
f 206 214 215
f 202 216 217
f 202 217 218
f 202 218 203
f 201 219 220
f 201 220 221
f 201 221 222
f 201 222 223
f 201 223 216
f 201 216 202
f 224 225 131
f 224 131 135
f 224 135 226
f 226 227 228
f 226 228 229
f 226 229 230
f 226 230 231
f 226 231 232
f 226 232 224
f 224 232 233
f 224 233 234
f 224 234 225
f 228 235 236
f 228 236 237
f 228 237 229
f 227 238 239
f 227 239 235
f 227 235 228
f 240 241 242
f 240 242 243
f 229 237 244
f 229 244 230
f 245 246 247
f 245 247 248
f 245 248 249
f 245 249 250
f 251 252 253
f 254 255 256
f 254 256 251
f 255 254 242
f 255 242 241
f 256 257 258
f 259 260 261
f 259 261 262
f 263 264 265
f 266 267 268
f 266 268 233
f 266 233 234
f 269 270 271
f 269 271 272
f 269 272 273
f 269 273 274
f 268 267 275
f 268 275 276
f 275 263 259
f 275 259 276
f 54 55 277
f 54 277 266
f 54 266 234
f 278 279 57
f 278 57 56
f 278 56 280
f 278 280 281
f 282 247 246
f 282 246 280
f 282 280 56
f 283 284 285
f 283 285 286
f 283 286 287
f 288 278 281
f 288 281 253
f 288 253 252
f 288 252 287
f 288 287 286
f 289 261 260
f 289 260 290
f 289 290 291
f 289 291 292
f 289 292 293
f 284 283 258
f 284 258 257
f 284 257 294
f 295 293 296
f 295 296 297
f 295 297 298
f 295 298 299
f 295 299 300
f 295 300 284
f 295 284 294
f 289 262 261
f 293 295 262
f 293 262 289
f 301 302 303
f 301 303 304
f 305 298 297
f 305 297 306
f 307 308 309
f 307 309 310
f 309 308 284
f 309 284 300
f 309 300 311
f 309 311 312
f 309 312 313
f 309 313 314
f 315 278 288
f 315 288 316
f 315 316 285
f 315 285 284
f 315 284 317
f 315 317 318
f 315 318 319
f 315 319 279
f 320 318 317
f 320 317 307
f 311 299 298
f 311 298 312
f 305 306 296
f 305 296 293
f 305 293 321
f 305 321 322
f 305 322 323
f 305 323 313
f 324 322 321
f 324 321 301
f 325 326 327
f 325 327 291
f 325 291 290
f 264 271 270
f 264 270 328
f 264 328 329
f 264 329 330
f 264 330 326
f 264 326 325
f 264 325 265
f 331 327 326
f 331 326 332
f 326 330 333
f 326 333 334
f 329 60 333
f 329 333 330
f 59 58 57
f 59 57 279
f 59 279 319
f 59 319 320
f 59 320 307
f 59 307 310
f 59 310 314
f 59 314 313
f 59 313 323
f 59 323 324
f 59 324 301
f 59 301 304
f 59 304 335
f 336 334 333
f 336 333 60
f 336 60 59
f 336 59 335
f 331 332 334
f 331 334 336
f 331 336 303
f 331 303 302
f 331 302 293
f 331 293 292
f 337 279 278
f 337 278 338
f 337 338 339
f 337 339 340
f 341 326 334
f 341 334 342
f 341 342 343
f 341 343 344
f 345 346 347
f 345 347 348
f 345 348 349
f 345 349 350
f 345 350 351
f 345 351 352
f 345 352 344
f 345 344 343
f 345 343 353
f 345 353 354
f 345 354 355
f 345 355 356
f 345 356 357
f 345 357 358
f 345 358 359
f 345 359 360
f 345 360 340
f 345 340 339
f 353 361 336
f 353 336 335
f 353 335 304
f 353 304 362
f 353 362 354
f 361 353 343
f 361 343 342
f 363 364 357
f 363 357 356
f 363 356 365
f 337 340 360
f 337 360 366
f 367 368 359
f 367 359 358
f 367 358 369
f 370 371 355
f 370 355 354
f 370 354 362
f 368 320 319
f 368 319 366
f 368 366 360
f 368 360 359
f 364 314 310
f 364 310 369
f 364 369 358
f 364 358 357
f 371 324 323
f 371 323 365
f 371 365 356
f 371 356 355
f 344 352 372
f 344 372 341
f 291 327 372
f 291 372 352
f 291 352 351
f 291 351 373
f 291 373 292
f 374 345 339
f 374 339 338
f 348 375 376
f 348 376 377
f 348 377 349
f 378 373 351
f 378 351 350
f 378 350 379
f 379 350 349
f 379 349 377
f 379 377 297
f 379 297 296
f 375 348 347
f 375 347 380
f 375 380 300
f 375 300 299
f 346 381 382
f 346 382 380
f 346 380 347
f 381 346 345
f 381 345 374
f 381 374 288
f 381 288 286
f 381 286 285
f 370 383 384
f 370 384 371
f 384 383 378
f 384 378 379
f 384 379 385
f 384 385 386
f 384 386 363
f 384 363 365
f 376 375 387
f 376 387 388
f 367 389 390
f 367 390 368
f 390 389 382
f 390 382 381
f 390 381 391
f 390 391 392
f 390 392 337
f 390 337 366
f 391 374 338
f 391 338 392
f 388 387 380
f 388 380 382
f 388 382 393
f 388 393 394
f 388 394 364
f 388 364 363
f 393 367 369
f 393 369 394
f 385 377 376
f 385 376 386
f 395 370 362
f 395 362 396
f 341 372 397
f 341 397 398
f 395 396 361
f 395 361 342
f 395 342 398
f 395 398 397
f 395 397 373
f 395 373 378
f 317 284 382
f 317 382 389
f 319 318 390
f 319 390 366
f 302 301 370
f 302 370 395
f 327 331 397
f 327 397 372
f 303 336 361
f 303 361 396
f 332 326 341
f 332 341 398
f 334 332 398
f 334 398 342
f 304 303 396
f 304 396 362
f 318 320 368
f 318 368 390
f 331 292 373
f 331 373 397
f 307 317 389
f 307 389 367
f 293 302 395
f 293 395 378
f 284 308 393
f 284 393 382
f 309 314 364
f 309 364 394
f 306 297 377
f 306 377 385
f 301 321 383
f 301 383 370
f 321 293 378
f 321 378 383
f 296 306 385
f 296 385 379
f 311 300 380
f 311 380 387
f 313 312 388
f 313 388 363
f 298 305 386
f 298 386 376
f 322 324 371
f 322 371 384
f 312 298 376
f 312 376 388
f 305 313 363
f 305 363 386
f 323 322 384
f 323 384 365
f 299 311 387
f 299 387 375
f 308 307 367
f 308 367 393
f 310 309 394
f 310 394 369
f 316 288 374
f 316 374 391
f 285 316 391
f 285 391 381
f 315 279 337
f 315 337 392
f 278 315 392
f 278 392 338
f 230 244 44
f 230 44 49
f 263 265 325
f 55 53 399
f 55 399 277
f 53 52 400
f 53 400 399
f 52 60 329
f 52 329 328
f 52 328 400
f 231 230 49
f 231 49 31
f 259 290 260
f 325 290 259
f 325 259 263
f 234 233 33
f 234 33 54
f 232 231 31
f 232 31 30
f 233 232 30
f 233 30 33
f 41 46 238
f 41 238 240
f 256 258 283
f 46 34 239
f 46 239 238
f 37 45 237
f 37 237 236
f 45 44 244
f 45 244 237
f 34 38 235
f 34 235 239
f 38 37 236
f 38 236 235
f 41 240 243
f 41 243 401
f 41 401 402
f 41 402 42
f 251 287 252
f 256 283 287
f 256 287 251
f 56 50 403
f 56 403 282
f 50 39 404
f 50 404 403
f 404 39 42
f 404 42 402
f 405 406 407
f 405 407 408
f 409 410 411
f 409 411 412
f 409 412 413
f 409 413 414
f 412 411 415
f 412 415 416
f 412 416 417
f 412 417 418
f 412 418 419
f 412 419 420
f 421 422 423
f 421 423 419
f 421 419 418
f 424 425 426
f 424 426 427
f 424 427 408
f 424 408 428
f 424 428 429
f 424 429 430
f 424 430 431
f 426 432 433
f 426 433 434
f 426 434 427
f 435 436 437
f 435 437 414
f 435 414 413
f 435 413 438
f 435 438 439
f 432 440 435
f 432 435 439
f 432 439 441
f 432 441 433
f 442 409 414
f 442 414 437
f 443 444 445
f 443 445 446
f 443 446 447
f 443 447 448
f 443 448 449
f 450 446 445
f 450 445 451
f 444 452 453
f 444 453 451
f 444 451 445
f 454 455 410
f 454 410 409
f 454 409 442
f 454 442 456
f 411 410 455
f 411 455 457
f 411 457 415
f 415 457 458
f 415 458 459
f 415 459 460
f 415 460 461
f 415 461 416
f 462 463 448
f 462 448 447
f 464 465 466
f 464 466 467
f 464 467 468
f 465 461 460
f 465 460 466
f 422 464 468
f 422 468 469
f 422 469 470
f 422 470 423
f 471 463 462
f 471 462 472
f 471 472 473
f 471 473 474
f 471 474 475
f 471 475 476
f 471 476 477
f 478 479 472
f 478 472 462
f 478 462 447
f 478 447 446
f 478 446 450
f 478 450 480
f 481 473 472
f 481 472 479
f 475 482 483
f 475 483 476
f 481 484 485
f 481 485 474
f 481 474 473
f 486 487 477
f 486 477 476
f 486 476 483
f 488 489 490
f 488 490 491
f 488 491 492
f 488 492 487
f 488 487 486
f 491 493 494
f 491 494 492
f 495 496 497
f 495 497 498
f 495 498 499
f 495 499 493
f 495 493 491
f 495 491 490
f 490 489 500
f 490 500 501
f 490 501 495
f 500 502 503
f 500 503 501
f 504 496 495
f 504 495 501
f 504 501 503
f 505 506 507
f 505 507 508
f 509 510 511
f 509 511 512
f 513 514 505
f 513 505 508
f 513 508 515
f 513 515 516
f 513 516 517
f 511 510 518
f 511 518 513
f 511 513 517
f 519 520 521
f 519 521 514
f 519 514 513
f 518 522 519
f 518 519 513
f 523 524 525
f 523 525 526
f 527 516 515
f 527 515 528
f 524 527 528
f 524 528 525
f 529 530 531
f 529 531 532
f 529 532 533
f 529 534 535
f 529 535 530
f 530 535 536
f 530 536 537
f 530 537 538
f 530 538 531
f 539 540 536
f 539 536 535
f 539 535 534
f 539 534 541
f 72 509 512
f 72 512 69
f 529 542 543
f 529 543 534
f 542 544 545
f 542 545 543
f 546 547 548
f 546 548 549
f 541 548 547
f 541 547 533
f 541 534 543
f 541 543 548
f 548 543 545
f 548 545 549
f 547 542 529
f 547 529 533
f 546 544 542
f 546 542 547
f 542 543 548
f 542 548 547
f 547 548 543
f 547 543 542
f 549 545 544
f 549 544 546
f 518 510 71
f 518 71 79
f 522 518 79
f 522 79 78
f 83 70 511
f 83 511 550
f 83 550 551
f 512 511 70
f 512 70 69
f 71 510 509
f 71 509 72
f 66 508 507
f 66 507 67
f 66 82 552
f 66 552 508
f 80 83 551
f 80 551 523
f 80 523 526
f 80 526 553
f 80 553 81
f 553 552 82
f 553 82 81
f 75 74 514
f 75 514 521
f 74 65 505
f 74 505 514
f 513 518 79
f 513 79 73
f 513 73 74
f 513 74 514
f 73 79 518
f 73 518 513
f 73 513 514
f 73 514 74
f 519 522 78
f 519 78 77
f 519 77 76
f 519 76 520
f 76 75 521
f 76 521 520
f 506 68 67
f 506 67 507
f 506 505 65
f 506 65 68
f 554 555 556
f 554 556 557
f 558 559 560
f 558 560 561
f 562 558 561
f 562 561 563
f 559 564 565
f 559 565 560
f 566 567 563
f 566 563 561
f 566 561 560
f 566 560 565
f 566 565 568
f 567 566 569
f 567 569 570
f 567 570 571
f 567 571 572
f 567 572 573
f 574 564 559
f 574 559 558
f 574 558 562
f 574 562 555
f 574 555 554
f 574 554 575
f 574 575 576
f 577 578 579
f 577 579 580
f 577 580 574
f 577 574 576
f 581 565 564
f 581 564 574
f 581 574 580
f 579 582 581
f 579 581 580
f 583 584 568
f 583 568 565
f 583 565 581
f 582 585 586
f 582 586 583
f 582 583 581
f 587 588 589
f 587 589 590
f 591 592 593
f 591 593 594
f 591 594 595
f 591 595 596
f 597 598 591
f 597 591 596
f 599 600 601
f 599 601 602
f 599 602 603
f 599 603 604
f 587 590 605
f 587 605 600
f 587 600 599
f 600 605 606
f 600 606 607
f 600 607 608
f 600 608 601
f 608 607 609
f 608 609 610
f 608 610 611
f 608 611 612
f 608 612 613
f 608 613 614
f 611 615 616
f 611 616 617
f 611 617 612
f 618 524 523
f 618 523 619
f 516 527 620
f 516 620 621
f 606 605 590
f 606 590 589
f 606 589 621
f 606 621 620
f 606 620 618
f 606 618 619
f 606 619 622
f 606 622 623
f 620 527 524
f 620 524 618
f 624 625 626
f 624 626 627
f 624 627 628
f 629 630 631
f 629 631 632
f 629 632 633
f 629 633 634
f 635 636 637
f 635 637 638
f 635 638 639
f 640 641 642
f 640 642 643
f 640 643 644
f 640 644 645
f 646 647 648
f 646 648 649
f 646 649 650
f 651 652 653
f 651 653 654
f 655 656 657
f 655 657 658
f 659 660 661
f 659 661 662
f 659 662 663
f 664 665 666
f 664 666 667
f 664 667 668
f 664 668 669
f 626 670 671
f 626 671 627
f 619 523 551
f 619 551 672
f 619 672 622
f 673 674 675
f 673 675 671
f 673 671 670
f 673 670 676
f 673 676 677
f 673 677 616
f 673 616 615
f 675 674 655
f 675 655 658
f 675 658 651
f 675 651 654
f 675 654 650
f 675 650 649
f 675 649 645
f 675 645 644
f 675 644 678
f 639 638 634
f 639 634 633
f 639 633 628
f 639 628 627
f 639 627 671
f 639 671 675
f 639 675 678
f 655 674 673
f 655 673 662
f 673 615 611
f 673 611 610
f 673 610 669
f 673 669 668
f 673 668 663
f 673 663 662
f 679 657 656
f 679 656 661
f 679 661 660
f 679 660 666
f 679 666 665
f 679 665 617
f 679 617 616
f 679 616 677
f 637 636 642
f 637 642 641
f 637 641 647
f 637 647 646
f 637 646 653
f 637 653 652
f 637 652 679
f 637 679 677
f 637 677 676
f 670 626 625
f 670 625 631
f 670 631 630
f 670 630 637
f 670 637 676
f 672 551 550
f 680 681 682
f 680 682 683
f 684 685 681
f 684 681 680
f 686 687 688
f 686 688 689
f 690 691 692
f 690 692 693
f 690 693 694
f 691 690 695
f 691 695 696
f 691 696 697
f 698 699 700
f 698 700 701
f 698 701 702
f 703 704 705
f 703 705 706
f 703 706 707
f 703 707 708
f 703 708 709
f 710 711 712
f 710 712 703
f 710 703 709
f 713 714 715
f 713 715 716
f 713 716 717
f 713 717 718
f 713 718 719
f 713 719 720
f 713 720 705
f 713 705 704
f 703 712 721
f 703 721 722
f 703 722 713
f 703 713 704
f 700 699 689
f 700 689 688
f 700 688 723
f 700 723 724
f 700 724 725
f 700 725 726
f 700 726 727
f 693 692 687
f 693 687 686
f 728 685 684
f 728 684 729
f 729 684 680
f 729 680 683
f 729 683 730
f 729 730 537
f 729 537 536
f 729 536 540
f 731 732 714
f 731 714 713
f 731 713 722
f 731 722 733
f 734 732 731
f 734 731 735
f 736 737 715
f 736 715 714
f 736 714 732
f 736 732 734
f 736 734 738
f 716 715 737
f 716 737 727
f 716 727 739
f 740 741 742
f 740 742 743
f 743 706 705
f 743 705 720
f 743 720 740
f 717 716 739
f 717 739 744
f 717 744 745
f 718 717 745
f 718 745 746
f 718 746 747
f 740 720 719
f 740 719 748
f 740 748 749
f 740 749 741
f 750 749 748
f 750 748 751
f 750 751 752
f 753 754 755
f 753 755 752
f 753 752 756
f 753 756 757
f 753 757 758
f 753 758 759
f 759 758 760
f 759 760 761
f 759 761 762
f 759 762 763
f 757 756 764
f 757 764 765
f 764 756 752
f 764 752 751
f 764 751 766
f 764 766 767
f 767 766 768
f 767 768 769
f 767 769 770
f 768 771 772
f 768 772 773
f 768 773 769
f 774 775 776
f 774 776 777
f 777 776 724
f 777 724 723
f 778 775 774
f 778 774 697
f 778 697 696
f 778 696 779
f 778 779 780
f 781 744 726
f 781 726 725
f 781 725 724
f 781 724 782
f 781 782 783
f 784 785 778
f 784 778 780
f 784 780 786
f 787 785 784
f 787 784 788
f 787 788 789
f 790 791 787
f 790 787 789
f 790 789 792
f 790 792 793
f 782 794 795
f 782 795 796
f 782 796 783
f 797 798 799
f 797 799 800
f 796 795 798
f 796 798 797
f 796 797 801
f 796 801 802
f 796 802 803
f 799 798 795
f 799 795 794
f 797 800 791
f 797 791 804
f 797 804 805
f 797 805 801
f 791 790 806
f 791 806 807
f 791 807 808
f 791 808 804
f 808 809 810
f 808 810 811
f 808 811 812
f 813 814 806
f 813 806 790
f 813 790 793
f 815 816 817
f 815 817 805
f 815 805 818
f 819 815 818
f 819 818 820
f 819 820 821
f 809 816 815
f 809 815 819
f 809 819 810
f 822 763 762
f 822 762 823
f 822 823 824
f 825 824 823
f 825 823 826
f 825 826 765
f 825 765 764
f 825 764 767
f 825 767 770
f 827 828 829
f 830 831 832
f 830 832 827
f 832 831 833
f 832 833 834
f 830 835 836
f 719 837 838
f 719 838 748
f 718 839 837
f 718 837 719
f 839 718 747
f 839 747 840
f 841 834 833
f 841 833 842
f 843 844 840
f 843 840 842
f 843 842 845
f 843 845 846
f 109 846 845
f 109 845 110
f 847 848 836
f 847 836 849
f 847 849 850
f 847 850 851
f 280 828 852
f 280 852 281
f 853 854 855
f 853 855 856
f 853 856 857
f 853 857 858
f 854 853 859
f 854 859 848
f 855 854 848
f 855 848 847
f 860 861 862
f 860 862 856
f 860 856 855
f 860 855 847
f 860 847 851
f 860 851 863
f 860 863 864
f 860 864 865
f 860 865 866
f 860 866 867
f 868 869 858
f 868 858 857
f 868 857 870
f 868 870 871
f 868 871 872
f 872 253 281
f 872 281 852
f 872 852 868
f 856 862 873
f 856 873 870
f 856 870 857
f 860 867 874
f 860 874 875
f 860 875 876
f 860 876 877
f 878 879 294
f 878 294 257
f 879 880 881
f 879 881 295
f 879 295 294
f 860 877 881
f 860 881 880
f 860 880 861
f 861 880 879
f 861 879 878
f 861 878 882
f 861 882 873
f 861 873 862
f 295 881 877
f 295 877 876
f 295 876 262
f 883 884 885
f 883 885 886
f 883 886 887
f 883 887 865
f 883 865 864
f 883 864 888
f 883 888 889
f 866 865 887
f 866 887 890
f 866 890 891
f 892 891 890
f 892 890 893
f 892 893 894
f 893 890 887
f 893 887 886
f 893 886 895
f 885 896 897
f 885 897 898
f 899 900 895
f 899 895 886
f 899 886 885
f 899 885 898
f 899 898 901
f 902 903 904
f 902 904 905
f 902 905 897
f 902 897 896
f 902 896 884
f 902 884 906
f 907 867 866
f 907 866 891
f 907 891 892
f 907 892 908
f 902 909 910
f 902 910 903
f 905 904 911
f 905 911 899
f 905 899 901
f 912 913 914
f 912 914 915
f 912 915 916
f 874 867 907
f 874 907 917
f 918 919 917
f 918 917 907
f 918 907 908
f 918 908 920
f 918 920 916
f 918 916 915
f 921 922 923
f 921 923 910
f 911 904 913
f 911 913 912
f 911 912 924
f 328 270 925
f 328 925 921
f 328 921 910
f 328 910 909
f 328 909 906
f 328 906 884
f 328 884 883
f 923 922 925
f 923 925 270
f 923 270 926
f 923 926 927
f 923 927 913
f 923 913 904
f 926 271 928
f 926 928 927
f 915 914 928
f 915 928 271
f 915 271 264
f 915 264 918
f 929 885 884
f 929 884 930
f 929 930 931
f 929 931 932
f 933 934 935
f 933 935 936
f 933 936 274
f 933 274 273
f 933 273 937
f 933 937 938
f 933 938 939
f 933 939 940
f 933 940 932
f 933 932 931
f 932 940 941
f 932 941 929
f 939 942 905
f 939 905 901
f 939 901 898
f 939 898 941
f 939 941 940
f 943 938 937
f 943 937 944
f 943 944 914
f 943 914 913
f 938 943 945
f 938 945 942
f 938 942 939
f 946 928 914
f 946 914 944
f 946 944 937
f 946 937 273
f 946 273 272
f 947 933 931
f 947 931 930
f 909 948 934
f 909 934 933
f 909 933 947
f 909 947 906
f 949 950 935
f 949 935 934
f 949 934 948
f 925 951 936
f 925 936 935
f 925 935 950
f 925 950 921
f 269 274 936
f 269 936 951
f 272 952 953
f 272 953 946
f 953 952 269
f 953 269 951
f 953 951 954
f 953 954 955
f 953 955 945
f 953 945 943
f 954 950 949
f 954 949 955
f 948 956 957
f 948 957 949
f 958 959 942
f 958 942 945
f 958 945 957
f 958 957 956
f 958 956 947
f 958 947 930
f 958 929 941
f 958 941 959
f 913 927 953
f 913 953 943
f 926 270 269
f 926 269 952
f 271 926 952
f 271 952 272
f 927 928 946
f 927 946 953
f 896 885 929
f 896 929 958
f 909 902 956
f 909 956 948
f 923 904 945
f 923 945 955
f 925 922 954
f 925 954 951
f 898 897 959
f 898 959 941
f 903 910 949
f 903 949 957
f 910 923 955
f 910 955 949
f 922 921 950
f 922 950 954
f 904 903 957
f 904 957 945
f 897 905 942
f 897 942 959
f 884 896 958
f 884 958 930
f 902 906 947
f 902 947 956
f 681 960 961
f 681 961 682
f 685 962 960
f 685 960 681
f 963 962 685
f 963 685 728
f 400 328 883
f 400 883 889
f 400 889 964
f 399 400 964
f 399 964 965
f 966 967 277
f 966 277 399
f 966 399 965
f 966 965 961
f 966 961 960
f 966 960 962
f 966 962 963
f 968 969 970
f 970 969 968
f 971 972 973
f 971 973 970
f 971 970 968
f 971 968 974
f 971 974 975
f 971 975 976
f 971 976 977
f 971 977 978
f 971 978 979
f 977 976 975
f 977 975 974
f 977 974 968
f 977 968 970
f 977 970 973
f 977 973 972
f 977 972 971
f 977 971 979
f 977 979 978
f 975 976 980
f 975 980 981
f 980 976 975
f 980 975 981
f 980 981 982
f 980 982 983
f 980 983 984
f 980 984 985
f 982 981 980
f 982 980 985
f 982 985 984
f 982 984 983
f 224 225 973
f 224 973 972
f 224 972 226
f 973 225 224
f 973 224 226
f 973 226 972
f 971 986 979
f 979 986 971
f 987 988 985
f 987 985 980
f 987 980 976
f 987 976 977
f 987 977 989
f 987 989 990
f 976 980 985
f 976 985 988
f 976 988 987
f 976 987 990
f 976 990 989
f 976 989 977
f 990 846 845
f 990 845 989
f 989 845 846
f 989 846 990
f 991 992 993
f 991 993 994
f 995 911 924
f 996 920 908
f 996 994 993
f 996 993 995
f 974 997 992
f 974 992 991
f 974 991 975
f 998 858 869
f 998 827 832
f 998 832 999
f 999 832 834
f 999 834 1000
f 977 1000 834
f 977 834 841
f 977 841 978
f 1001 1002 276
f 1001 276 259
f 1003 268 276
f 1003 276 1002
f 225 234 233
f 225 233 268
f 225 268 1003
f 225 1003 973
f 1001 875 874
f 1004 917 919
f 1005 267 266
f 1005 266 969
f 1005 969 970
f 267 1005 1006
f 267 1006 275
f 1004 263 275
f 1004 275 1006
f 266 277 967
f 266 967 997
f 995 924 912
f 996 916 920
f 995 912 916
f 995 916 996
f 1004 919 918
f 918 264 263
f 918 263 1004
f 968 969 266
f 968 266 997
f 968 997 974
f 1001 1004 1006
f 1001 1006 1002
f 1005 1003 1002
f 1005 1002 1006
f 973 1003 1005
f 973 1005 970
f 1001 874 917
f 1001 917 1004
f 1007 241 240
f 1007 240 238
f 1007 238 227
f 1007 227 226
f 1007 226 972
f 1008 255 241
f 1008 241 1007
f 1009 873 882
f 256 255 1008
f 256 1008 1009
f 1001 876 875
f 1009 882 878
f 876 1001 259
f 876 259 262
f 1009 878 257
f 1009 257 256
f 243 242 1010
f 243 1010 971
f 243 971 986
f 1011 871 870
f 1012 254 251
f 1012 251 1011
f 254 1012 1010
f 254 1010 242
f 971 1010 1007
f 971 1007 972
f 1012 1008 1007
f 1012 1007 1010
f 1012 1011 1009
f 1012 1009 1008
f 1011 870 873
f 1011 873 1009
f 243 841 401
f 998 869 868
f 998 868 852
f 1011 872 871
f 251 253 872
f 251 872 1011
f 828 827 998
f 828 998 852
f 243 986 979
f 243 979 978
f 243 978 841
f 1013 774 777
f 1013 777 1014
f 1014 777 723
f 1014 723 1015
f 1016 697 774
f 1016 774 1013
f 981 1017 1018
f 981 1018 1019
f 981 1019 982
f 1020 1021 1022
f 1020 1022 1023
f 1020 892 894
f 1021 900 899
f 1018 1017 1023
f 1018 1023 1022
f 991 1017 981
f 991 981 975
f 1017 991 994
f 1017 994 1023
f 996 1020 1023
f 996 1023 994
f 997 967 966
f 997 966 1019
f 992 1018 1022
f 992 1022 993
f 995 993 1022
f 995 1022 1021
f 1019 1018 992
f 1019 992 997
f 1021 899 911
f 1021 911 995
f 996 908 892
f 996 892 1020
f 895 1021 1020
f 895 1020 893
f 1021 895 900
f 1020 894 893
f 1024 693 686
f 1024 686 1025
f 694 693 1024
f 694 1024 1026
f 689 699 1027
f 689 1027 1028
f 689 1028 1025
f 689 1025 686
f 982 1019 1026
f 982 1026 983
f 1027 699 698
f 1027 698 682
f 1027 682 961
f 965 964 1029
f 965 1029 1030
f 1027 961 965
f 1027 965 1030
f 964 889 888
f 964 888 1029
f 966 963 728
f 966 728 1031
f 966 1031 694
f 966 694 1026
f 966 1026 1019
f 688 1032 1015
f 688 1015 723
f 1029 1033 1034
f 1029 1034 1030
f 1032 1028 1027
f 1032 1027 1030
f 1032 1030 1034
f 1032 1034 1015
f 888 864 863
f 888 863 1033
f 888 1033 1029
f 692 1035 1036
f 692 1036 687
f 1037 1035 692
f 1037 692 691
f 687 1036 1032
f 687 1032 688
f 1036 1025 1028
f 1036 1028 1032
f 983 1026 1024
f 983 1024 1035
f 983 1035 1037
f 983 1037 984
f 1035 1024 1025
f 1035 1025 1036
f 1037 691 697
f 1037 697 1016
f 988 985 984
f 988 984 1037
f 988 1037 1016
f 988 1016 987
f 842 833 1038
f 842 1038 989
f 842 989 845
f 1039 831 830
f 1039 830 1040
f 831 1039 1038
f 831 1038 833
f 1040 859 853
f 1039 999 1000
f 1039 1000 1038
f 1039 1040 998
f 1039 998 999
f 989 1038 1000
f 989 1000 977
f 853 858 998
f 853 998 1040
f 843 1041 1042
f 843 1042 844
f 1043 1041 843
f 1043 843 846
f 1043 846 990
f 1044 1016 1013
f 1044 1013 1045
f 1046 1014 1015
f 1046 1015 1047
f 1045 1013 1014
f 1045 1014 1046
f 1048 1049 839
f 1048 839 840
f 1048 840 844
f 1048 844 1042
f 1016 1044 1043
f 1016 1043 990
f 1016 990 987
f 863 851 850
f 863 850 838
f 863 838 837
f 863 837 1033
f 1034 1049 1048
f 1034 1048 1047
f 1034 1047 1015
f 1033 837 839
f 1033 839 1049
f 1033 1049 1034
f 1040 848 859
f 848 1040 830
f 848 830 836
f 778 1044 1045
f 778 1045 775
f 776 1046 1047
f 776 1047 724
f 775 1045 1046
f 775 1046 776
f 1041 799 794
f 1041 794 1042
f 1043 791 800
f 1043 800 799
f 1043 799 1041
f 1042 794 782
f 1042 782 1048
f 785 787 791
f 785 791 1043
f 785 1043 1044
f 785 1044 778
f 724 1047 1048
f 724 1048 782
f 137 982 983
f 137 983 138
f 110 845 989
f 110 989 111
f 136 981 982
f 136 982 137
f 131 225 973
f 131 973 132
f 141 970 969
f 141 969 144
f 143 974 975
f 143 975 139
f 142 144 969
f 142 969 968
f 142 968 974
f 142 974 143
f 139 975 981
f 139 981 136
f 132 973 970
f 132 970 141
f 134 972 226
f 134 226 135
f 127 977 978
f 127 978 140
f 129 986 971
f 129 971 130
f 130 971 972
f 130 972 134
f 979 986 129
f 979 129 128
f 979 128 140
f 979 140 978
f 111 989 977
f 111 977 127
f 988 987 990
f 988 990 846
f 988 846 109
f 988 109 108
f 988 108 126
f 125 138 983
f 125 983 984
f 125 984 985
f 125 985 988
f 125 988 126
f 282 403 1050
f 282 1050 1051
f 282 1051 1052
f 1050 403 404
f 1050 404 768
f 1050 768 766
f 768 404 402
f 768 402 771
f 1050 766 751
f 1050 751 1051
f 402 401 841
f 402 841 842
f 402 842 840
f 402 840 747
f 402 747 1053
f 402 1053 771
f 748 838 1051
f 748 1051 751
f 838 850 1054
f 838 1054 1052
f 838 1052 1051
f 1055 1056 1057
f 1055 1057 1058
f 1055 1058 1059
f 1055 1059 1060
f 1061 1062 1059
f 1061 1059 1058
f 1063 1064 1065
f 1063 1065 1066
f 1063 1066 1067
f 1063 1067 1068
f 1067 1066 1069
f 1067 1069 1055
f 1067 1055 1060
f 1063 1068 249
f 1063 249 248
f 1070 1071 1062
f 1070 1062 1061
f 1070 1061 1072
f 1070 1072 1073
f 1074 1075 1056
f 1074 1056 1076
f 1077 1078 1079
f 1077 1079 1080
f 1077 1080 1074
f 1077 1074 1076
f 1077 1076 1057
f 1077 1057 1072
f 1081 1073 849
f 1081 849 836
f 1081 836 835
f 1081 835 1082
f 1081 1082 1083
f 1084 1080 1079
f 1084 1079 1083
f 1084 1083 1082
f 1081 1078 1077
f 1081 1077 1073
f 1085 1086 246
f 1085 246 1087
f 1086 1088 1080
f 1086 1080 1084
f 1086 1084 829
f 1086 829 828
f 1086 828 280
f 1086 280 246
f 1089 1090 1080
f 1089 1080 1088
f 1089 1088 1085
f 1089 1085 1087
f 1089 1087 247
f 1089 247 1064
f 1075 1090 1089
f 1075 1089 1065
f 1091 1092 1093
f 1091 1093 1094
f 1091 1094 250
f 1091 250 249
f 1091 249 1068
f 1091 1068 1067
f 1091 1067 1060
f 1091 1060 1059
f 1091 1059 1062
f 1091 1062 1071
f 1095 1096 1093
f 1095 1093 1092
f 1095 1092 1097
f 1098 1094 1093
f 1098 1093 1096
f 1098 1096 1088
f 1098 1088 1086
f 1098 245 250
f 1098 250 1094
f 1099 1081 1083
f 1099 1083 1079
f 1099 1079 1097
f 1099 1097 1092
f 1099 1092 1091
f 1091 1071 1070
f 1091 1070 1099
f 1098 1100 1101
f 1098 1101 245
f 1101 1100 1096
f 1101 1096 1095
f 1101 1095 1102
f 1101 1102 1103
f 1101 1103 1063
f 1101 1063 248
f 1102 1069 1066
f 1102 1066 1103
f 1069 1104 1105
f 1069 1105 1055
f 1105 1104 1095
f 1105 1095 1097
f 1105 1097 1106
f 1105 1106 1107
f 1105 1107 1061
f 1105 1061 1058
f 1106 1099 1070
f 1106 1070 1107
f 1074 1080 1095
f 1074 1095 1104
f 1057 1076 1105
f 1057 1105 1058
f 1090 1075 1069
f 1090 1069 1102
f 1086 1085 1100
f 1086 1100 1098
f 1089 1064 1063
f 1089 1063 1103
f 1087 246 245
f 1087 245 1101
f 247 1087 1101
f 247 1101 248
f 1065 1089 1103
f 1065 1103 1066
f 1076 1056 1055
f 1076 1055 1105
f 1085 1088 1096
f 1085 1096 1100
f 1075 1074 1104
f 1075 1104 1069
f 1080 1090 1102
f 1080 1102 1095
f 1078 1081 1099
f 1078 1099 1106
f 1079 1078 1106
f 1079 1106 1097
f 1077 1072 1061
f 1077 1061 1107
f 1073 1077 1107
f 1073 1107 1070
f 827 829 1084
f 830 1082 835
f 1082 830 827
f 1082 827 1084
f 850 849 1073
f 850 1073 1072
f 850 1072 1054
f 1072 1057 1056
f 1072 1056 1075
f 1072 1075 1065
f 1072 1065 1064
f 1072 1064 247
f 1072 247 282
f 1072 282 1052
f 1072 1052 1054
f 114 1108 1109
f 114 1109 115
f 1108 1110 804
f 1108 804 808
f 1108 808 812
f 1108 812 1109
f 1111 1112 1113
f 1111 1113 821
f 821 820 1114
f 821 1114 1111
f 1112 1115 113
f 1112 113 112
f 1112 112 1113
f 1116 1115 1112
f 1116 1112 1111
f 1116 1111 1114
f 1110 1116 1114
f 1110 1114 820
f 1110 820 818
f 1110 818 805
f 1110 805 804
f 1108 1115 1112
f 1108 1112 1113
f 1108 1113 1109
f 1112 1115 1108
f 1112 1108 1109
f 1112 1109 1113
f 1115 1116 1110
f 1115 1110 1108
f 113 1115 1108
f 113 1108 114
f 1113 1117 1118
f 1113 1118 1119
f 1113 1119 1120
f 1113 1120 1121
f 1113 1121 1122
f 1113 1122 1109
f 1109 1122 1121
f 1109 1121 1120
f 1109 1120 1119
f 1109 1119 1118
f 1109 1118 1117
f 1109 1117 1113
f 602 1123 1124
f 602 1124 1125
f 602 1125 603
f 1126 1127 1128
f 1126 1128 1124
f 1126 1124 1123
f 1129 1130 1131
f 1129 1131 1132
f 1129 1132 1133
f 1134 1128 1127
f 1134 1127 1135
f 1134 1135 1136
f 1134 1136 1132
f 1137 1138 1139
f 1137 1139 1140
f 1141 1142 1143
f 1141 1143 1144
f 1141 1144 1145
f 1141 1145 1146
f 1147 1148 1149
f 1147 1149 1150
f 1145 1144 1136
f 1145 1136 1135
f 1151 1152 1130
f 1151 1130 1129
f 1149 1148 1143
f 1149 1143 1142
f 1153 1146 1145
f 1153 1145 1135
f 1153 1135 1127
f 1153 1127 1126
f 1148 1154 1140
f 1148 1140 1139
f 1148 1139 1143
f 1146 1153 1155
f 1146 1155 1156
f 1146 1156 1141
f 1126 1123 602
f 1126 602 601
f 1126 601 608
f 1126 608 614
f 1126 614 1157
f 1126 1157 1158
f 1153 1126 1158
f 1153 1158 1159
f 1160 1155 1153
f 1160 1153 1159
f 1161 1162 1163
f 1161 1163 1164
f 1161 1164 1165
f 1166 1167 1168
f 1166 1168 1169
f 1170 1166 1169
f 1170 1169 1171
f 1170 1171 1172
f 1173 1161 1165
f 1173 1165 1174
f 1173 1174 1175
f 1176 1177 1178
f 1176 1178 1179
f 1176 1179 1173
f 1176 1173 1175
f 1180 1181 1162
f 1180 1162 1161
f 1180 1161 1173
f 1179 1182 1183
f 1179 1183 1180
f 1179 1180 1173
f 1177 1184 1185
f 1177 1185 1186
f 1177 1186 1178
f 1187 1188 1172
f 1187 1172 1171
f 1187 1171 1189
f 1187 1189 1190
f 1191 1192 1193
f 1191 1193 1194
f 1191 1194 1195
f 1191 1195 1196
f 1197 698 702
f 1197 702 1198
f 1197 1198 1199
f 1200 1201 1184
f 1200 1184 1177
f 1200 1177 1176
f 1200 1176 1202
f 1200 1202 1203
f 1204 1205 1206
f 1204 1206 1200
f 1204 1200 1203
f 1204 1203 1207
f 1204 1207 1208
f 1209 712 711
f 1209 711 1210
f 1209 1210 1204
f 1209 1204 1208
f 1174 1165 1164
f 1174 1164 1211
f 1174 1211 1212
f 1174 1212 1213
f 1174 1213 1214
f 1202 1176 1175
f 1202 1175 1174
f 1202 1174 1214
f 1202 1214 1215
f 1202 1215 1216
f 1202 1216 1217
f 1202 1217 1218
f 1207 1203 1202
f 1207 1202 1218
f 1207 1218 1219
f 1207 1219 1220
f 1209 1208 1207
f 1209 1207 1220
f 1209 1220 1221
f 1209 1221 1222
f 1209 1222 1223
f 721 712 1209
f 721 1209 1223
f 1156 1155 1160
f 1156 1160 1224
f 1156 1224 1225
f 1156 1225 1226
f 1156 1226 1227
f 1226 1228 1229
f 1226 1229 1230
f 1226 1230 1231
f 1226 1231 1232
f 1226 1232 1227
f 531 538 1233
f 531 1233 1234
f 531 1234 1235
f 531 1235 532
f 1236 1237 1199
f 1236 1199 1238
f 1236 1238 1239
f 537 730 1233
f 537 1233 538
f 1240 1241 1242
f 1240 1242 1243
f 1242 1241 1244
f 1242 1244 1197
f 1242 1197 1199
f 1242 1199 1237
f 682 698 1197
f 682 1197 1244
f 682 1244 1245
f 682 1245 683
f 730 683 1245
f 730 1245 1240
f 730 1240 1243
f 730 1243 1234
f 730 1234 1233
f 1246 1247 1241
f 1246 1241 1240
f 728 729 540
f 728 540 539
f 728 539 1248
f 728 1248 1249
f 728 1249 1250
f 728 1250 1031
f 1246 1248 539
f 1246 539 541
f 1250 1249 1247
f 1250 1247 1251
f 1248 1246 1240
f 1248 1240 1245
f 1247 1249 1244
f 1247 1244 1241
f 1249 1248 1245
f 1249 1245 1244
f 1251 1247 1246
f 1251 1246 541
f 1251 541 533
f 1251 533 1252
f 1251 1252 1253
f 1251 1253 1254
f 532 1235 1255
f 532 1255 1252
f 532 1252 533
f 1256 1253 1252
f 1256 1252 1255
f 1254 1253 1256
f 1254 1256 1236
f 1254 1236 1239
f 1255 1235 1234
f 1255 1234 1243
f 1256 1255 1243
f 1256 1243 1242
f 1236 1256 1242
f 1236 1242 1237
f 1229 1257 1258
f 1229 1258 1230
f 1257 1259 1150
f 1257 1150 1258
f 1260 1261 1262
f 1263 638 637
f 1263 637 1262
f 1263 1262 1261
f 1264 1260 1262
f 1264 1262 1265
f 1266 1267 1268
f 1266 1268 1269
f 1264 1267 1266
f 1264 1266 1224
f 1264 1224 1160
f 1264 1160 1159
f 1264 1159 1260
f 1265 630 629
f 632 631 1268
f 1269 625 624
f 1269 1268 631
f 1269 631 625
f 1265 1262 637
f 1265 637 630
f 634 638 1263
f 634 1263 1270
f 1226 1225 1271
f 1226 1271 1272
f 1226 1272 1270
f 1226 1270 1263
f 1226 1263 1273
f 1226 1273 1228
f 1273 1259 1257
f 1273 1257 1229
f 1273 1229 1228
f 628 633 1272
f 628 1272 1271
f 1272 633 632
f 1272 632 1268
f 1272 1268 1267
f 1269 624 628
f 1269 628 1271
f 1269 1271 1266
f 1271 1225 1224
f 1271 1224 1266
f 1265 629 634
f 1265 634 1270
f 1265 1270 1264
f 1270 1272 1267
f 1270 1267 1264
f 1274 1147 1150
f 1274 1150 1259
f 511 1275 1276
f 511 1276 1277
f 511 1277 672
f 511 672 550
f 1278 662 661
f 1278 661 1279
f 1278 1279 1280
f 1281 1282 1276
f 1281 1276 1275
f 1281 1275 1283
f 1284 1280 1279
f 1285 1286 1287
f 1285 1287 1288
f 1287 1289 1290
f 1287 1290 1291
f 1287 1291 1288
f 1285 1292 639
f 1285 639 678
f 1285 678 644
f 1285 644 1286
f 1287 1286 1293
f 1287 1293 1294
f 1287 1294 1295
f 1287 1295 1296
f 1287 1296 1289
f 1294 1293 645
f 1294 645 649
f 1294 649 1297
f 1298 1297 1299
f 1298 1299 1300
f 1298 1300 1301
f 1298 1301 1302
f 1298 1302 1303
f 1294 1297 1298
f 1294 1298 1304
f 1294 1304 1295
f 1263 1292 1285
f 1263 1285 1288
f 1263 1288 1273
f 1288 1291 1274
f 1288 1274 1259
f 1288 1259 1273
f 1301 1300 1305
f 1301 1305 1306
f 1301 1306 1307
f 1300 1299 650
f 1300 650 654
f 1300 654 1305
f 1308 1309 1307
f 1308 1307 1306
f 1308 1306 651
f 1308 651 658
f 1308 1310 1311
f 1308 1311 1309
f 1311 1310 655
f 1311 655 662
f 1311 662 1278
f 1311 1278 1282
f 1311 1282 1281
f 1307 1309 1311
f 1307 1311 1281
f 1307 1281 1283
f 1307 1283 1302
f 1307 1302 1301
f 1312 1134 1132
f 1312 1132 1131
f 1312 1131 1302
f 1312 1302 1283
f 1292 1263 1261
f 1292 1261 1260
f 1292 1260 1313
f 1293 1286 1314
f 1293 1314 1315
f 1316 1299 1297
f 1316 1297 1317
f 1316 1317 1318
f 1319 1306 1305
f 1319 1305 1320
f 1319 1320 1321
f 1319 1321 1322
f 1323 1310 1308
f 1323 1308 1324
f 1323 1324 1325
f 1323 1325 1326
f 1321 1320 1327
f 1305 654 653
f 1305 653 1327
f 1305 1327 1320
f 1328 640 645
f 1328 645 1293
f 1328 1293 1315
f 1328 641 640
f 1313 1314 1329
f 1313 1329 1330
f 643 642 1329
f 1330 636 635
f 1330 1329 642
f 1330 642 636
f 1329 1314 1286
f 1329 1286 644
f 1329 644 643
f 1330 635 639
f 1330 639 1292
f 1330 1292 1313
f 1299 1316 1331
f 1299 1331 646
f 1299 646 650
f 1316 1318 1331
f 1315 1317 1332
f 1315 1332 1328
f 648 647 1332
f 1328 1332 647
f 1328 647 641
f 1297 649 648
f 1297 648 1332
f 1297 1332 1317
f 1318 1321 1327
f 1318 1327 1331
f 1331 1327 653
f 1331 653 646
f 1323 1326 1333
f 1310 1323 1333
f 1310 1333 656
f 1310 656 655
f 1325 1324 1334
f 1308 658 657
f 1308 657 1334
f 1308 1334 1324
f 1319 1322 1335
f 1306 1319 1335
f 1306 1335 652
f 1306 652 651
f 1322 1336 1325
f 1322 1325 1334
f 1322 1334 1335
f 1335 1334 657
f 1335 657 679
f 1335 679 652
f 1326 1284 1279
f 1326 1279 1333
f 1333 1279 661
f 1333 661 656
f 1159 1158 1336
f 1159 1336 1322
f 1159 1322 1321
f 1159 1321 1318
f 1159 1318 1317
f 1159 1317 1315
f 1159 1315 1314
f 1159 1314 1313
f 1159 1313 1260
f 1158 1157 1284
f 1158 1284 1326
f 1158 1326 1325
f 1158 1325 1336
f 1290 1289 1140
f 1290 1140 1154
f 1290 1154 1148
f 1290 1148 1291
f 1274 1291 1148
f 1274 1148 1147
f 1304 1298 1152
f 1304 1152 1151
f 1296 1295 1138
f 1296 1138 1137
f 1296 1137 1140
f 1296 1140 1289
f 1304 1151 1138
f 1304 1138 1295
f 1131 1130 1303
f 1131 1303 1302
f 1152 1298 1303
f 1152 1303 1130
f 607 606 1276
f 607 1276 1282
f 669 610 609
f 669 609 1337
f 1282 1278 1338
f 1282 1338 1339
f 1282 1339 1337
f 1282 1337 609
f 1282 609 607
f 663 668 1339
f 663 1339 1338
f 672 1277 623
f 672 623 622
f 1277 1276 606
f 1277 606 623
f 1280 1284 1340
f 1280 1340 1338
f 1280 1338 1278
f 1341 1342 1337
f 1341 1337 1339
f 1339 668 667
f 1339 667 1343
f 1339 1343 1341
f 667 666 1343
f 1340 1341 1343
f 1340 1343 1344
f 1344 660 659
f 1344 1343 666
f 1344 666 660
f 1340 1344 659
f 1340 659 663
f 1340 663 1338
f 1342 613 612
f 1342 612 1345
f 1345 665 664
f 1345 612 617
f 1345 617 665
f 1342 1345 664
f 1342 664 669
f 1342 669 1337
f 1157 614 613
f 1157 613 1342
f 1157 1342 1341
f 1157 1341 1340
f 1157 1340 1284
f 1283 1275 511
f 1283 511 517
f 1283 517 516
f 1283 516 621
f 1283 621 589
f 1283 589 588
f 1283 588 604
f 1283 604 603
f 1283 603 1125
f 1283 1125 1312
f 1346 1347 1348
f 1346 1348 1182
f 1346 1182 1179
f 1349 1350 1351
f 1349 1351 1352
f 1349 1352 1353
f 1349 1353 1354
f 1351 1355 1356
f 1351 1356 1352
f 1357 1358 1359
f 1357 1359 1360
f 1357 1360 1361
f 1357 1361 1362
f 1353 1352 1356
f 1353 1356 1363
f 1353 1363 1364
f 1365 1366 1367
f 1365 1367 1368
f 1365 1368 1369
f 1365 1369 1370
f 1365 1370 1371
f 1365 1371 1372
f 1365 1372 1373
f 1365 1373 1374
f 1365 1374 1375
f 1365 1375 1376
f 1363 1377 1378
f 1363 1378 1379
f 1363 1379 1380
f 1363 1380 1364
f 1374 1373 1381
f 1374 1381 1382
f 1374 1382 1383
f 1374 1383 1375
f 1384 1385 106
f 1384 106 105
f 1386 1387 98
f 1386 98 101
f 1386 1388 1389
f 1386 1389 1390
f 1389 1391 1392
f 1389 1392 1390
f 1388 1393 1394
f 1388 1394 502
f 1388 502 500
f 1358 1395 1396
f 1358 1396 1397
f 1358 1397 1359
f 1397 1398 1399
f 1397 1399 1400
f 1397 1400 1360
f 1397 1360 1359
f 1401 1402 1399
f 1401 1399 1398
f 1401 1398 1403
f 1401 1403 1404
f 1401 1404 1405
f 1360 1400 1406
f 1360 1406 1361
f 1406 1400 1399
f 1406 1399 1402
f 1406 1402 1407
f 1406 1407 1408
f 1402 1401 1409
f 1402 1409 1407
f 1404 1403 1410
f 1404 1410 1411
f 1404 1411 1412
f 1411 1410 1413
f 1411 1413 1414
f 1411 1414 1415
f 1411 1415 1416
f 1413 1417 1418
f 1413 1418 1419
f 1413 1419 1420
f 1413 1420 1421
f 1413 1421 1414
f 1421 1422 1415
f 1421 1415 1414
f 1423 1420 1419
f 1423 1419 1424
f 1423 1424 1425
f 1423 1425 1426
f 1423 1426 1427
f 1423 1427 1428
f 1423 1428 1429
f 1423 1429 1430
f 1423 1430 1431
f 1423 1431 1432
f 1433 1431 1430
f 1433 1430 1434
f 1433 1434 1435
f 1436 1433 1435
f 1436 1435 1437
f 1436 1437 1438
f 1436 1438 1439
f 1428 1438 1437
f 1428 1437 1440
f 1428 1440 1429
f 1440 1437 1435
f 1440 1435 1434
f 1441 1442 1443
f 1441 1443 1444
f 1441 1444 1445
f 1441 1445 1446
f 1447 1444 1443
f 1447 1443 1448
f 1447 1448 1449
f 1446 1445 822
f 1446 822 824
f 1446 824 1450
f 1451 1452 1453
f 1451 1453 1454
f 1451 1454 1455
f 1451 1455 1456
f 1451 1456 1457
f 1458 1459 1449
f 1458 1449 1448
f 1458 1448 1460
f 1458 1460 1461
f 1458 1461 1450
f 1458 1450 824
f 1458 824 825
f 1462 1463 1459
f 1462 1459 1458
f 1462 1458 1464
f 1462 1464 1465
f 1458 825 770
f 1458 770 1464
f 1466 1467 1401
f 1466 1401 1405
f 1468 1469 1465
f 1468 1465 1464
f 770 769 1468
f 770 1468 1464
f 1470 1471 1472
f 1470 1472 1469
f 1470 1469 1468
f 769 773 1470
f 769 1470 1468
f 1473 1474 754
f 1473 754 753
f 1473 753 1475
f 1473 1475 1476
f 755 754 1474
f 755 1474 1477
f 1478 752 755
f 1478 755 1477
f 1478 1477 1479
f 1478 1479 1480
f 1478 1480 1481
f 1478 1481 1482
f 1483 1482 1481
f 1483 1481 1476
f 1483 1476 1475
f 1483 1475 1484
f 1485 1486 1487
f 1485 1487 1488
f 1489 1490 1485
f 1489 1485 1488
f 1489 1488 1491
f 1489 1491 1492
f 1489 1492 1493
f 1489 1493 1494
f 1493 1492 1495
f 1493 1495 1496
f 1493 1496 1497
f 1496 1495 1498
f 1496 1498 1357
f 1496 1357 1362
f 1486 1485 1490
f 1486 1490 1499
f 1486 1499 1500
f 1501 1500 1499
f 1501 1499 1502
f 1499 1490 1489
f 1499 1489 1503
f 1504 1505 1506
f 1504 1506 1507
f 1508 1509 1510
f 1508 1510 1506
f 1508 1506 1505
f 1511 1512 1513
f 1511 1513 1514
f 1511 1514 1515
f 1511 1515 1516
f 1511 1516 1517
f 1511 1517 1518
f 1511 1518 1519
f 1511 1519 1520
f 1511 1520 1521
f 1511 1521 1522
f 1511 1522 1523
f 1511 1523 1524
f 1511 1524 1525
f 1511 1525 1526
f 1527 1528 1529
f 1527 1529 1530
f 1527 1530 1531
f 1527 1531 1532
f 1527 1532 1533
f 1527 1533 1534
f 1527 1534 1535
f 1527 1535 1536
f 1527 1536 1537
f 1527 1537 1538
f 1539 1540 1541
f 1539 1541 1542
f 1539 1542 1543
f 1539 1543 1544
f 1539 1544 1545
f 1539 1545 1546
f 1539 1546 1547
f 1539 1547 1548
f 1539 1548 1549
f 1539 1549 1550
f 1539 1550 1551
f 1539 1551 1552
f 1539 1552 1553
f 1539 1553 1554
f 1555 1556 1557
f 1555 1557 1558
f 1555 1558 1178
f 1555 1178 1186
f 1559 1560 1561
f 1559 1561 1558
f 1559 1558 1557
f 1559 1557 1562
f 1559 1562 1563
f 1560 1564 1565
f 1560 1565 1561
f 1566 1167 1166
f 1566 1166 1170
f 1566 1170 1567
f 1566 1567 1568
f 1569 1570 1571
f 1569 1571 1572
f 1569 1572 1573
f 1569 1573 1574
f 1575 1576 1577
f 1575 1577 1563
f 1575 1563 1562
f 1575 1562 1578
f 1575 1578 1579
f 1575 1579 1580
f 1575 1580 1569
f 1575 1569 1574
f 1575 1581 1582
f 1575 1582 1583
f 1575 1583 1568
f 1575 1568 1567
f 1575 1567 1576
f 1584 1505 1504
f 1584 1504 1585
f 1584 1585 1586
f 1587 1583 1582
f 1587 1582 1584
f 1587 1584 1586
f 1588 1589 1590
f 1588 1590 1508
f 1588 1508 1505
f 1588 1505 1584
f 1582 1581 1588
f 1582 1588 1584
f 1589 1573 1572
f 1589 1572 1590
f 1572 1571 1509
f 1572 1509 1508
f 1572 1508 1590
f 1591 1592 1507
f 1591 1507 1506
f 1593 1594 1595
f 1593 1595 1596
f 1597 1598 1118
f 1597 1118 1119
f 1597 1119 1599
f 1600 1601 1598
f 1600 1598 1597
f 1600 1597 1602
f 1603 1604 1595
f 1603 1595 1594
f 1604 1603 1605
f 1604 1605 1606
f 1607 1608 1605
f 1607 1605 1603
f 1607 1603 1594
f 1607 1594 1593
f 1607 1593 1609
f 1607 1609 1591
f 1607 1591 1506
f 1607 1506 1510
f 1113 1117 1118
f 1113 1118 1598
f 1113 1598 1601
f 1113 1601 821
f 1610 1611 1612
f 1610 1612 1613
f 1610 1613 1614
f 1610 1614 1615
f 1610 1615 1616
f 1610 1616 1617
f 1618 1610 1617
f 1618 1617 1619
f 1611 1610 1618
f 1611 1618 1620
f 1611 1620 1621
f 1611 1621 781
f 1611 781 783
f 1611 783 796
f 1611 796 803
f 1611 803 1622
f 1611 1622 1612
f 1592 1623 1624
f 1592 1624 1625
f 1592 1625 1507
f 1625 1585 1504
f 1625 1504 1507
f 1624 1626 1627
f 1624 1627 1628
f 1624 1628 1629
f 1624 1629 1625
f 1629 1587 1586
f 1629 1586 1585
f 1629 1585 1625
f 1630 1631 1632
f 1630 1632 1633
f 1630 1633 1634
f 1630 1634 1635
f 1630 1635 1636
f 1630 1636 1637
f 1630 1637 1638
f 1632 1639 1640
f 1632 1640 1633
f 1635 1641 1642
f 1635 1642 1636
f 1643 1644 1645
f 1643 1645 1642
f 1643 1642 1641
f 1643 1641 1646
f 1643 1646 1640
f 1643 1640 1639
f 1643 1639 1647
f 739 727 1648
f 739 1648 1649
f 1648 1650 1651
f 1648 1651 1652
f 1648 1652 1653
f 1648 1653 1654
f 1648 1654 1649
f 701 700 727
f 701 727 1648
f 701 1648 1650
f 701 1650 1651
f 701 1651 1652
f 701 1652 1655
f 1198 702 701
f 1198 701 1655
f 1656 1657 1658
f 1656 1658 1659
f 1656 1659 1643
f 1656 1643 1647
f 1656 1647 1631
f 1656 1631 1630
f 1660 1661 1649
f 1660 1649 1654
f 1661 1660 1662
f 1661 1662 1663
f 1664 1665 1666
f 1664 1666 1667
f 1664 1667 1668
f 707 706 1663
f 707 1663 1669
f 1670 1658 1657
f 1670 1657 1671
f 1672 1673 1633
f 1672 1633 1640
f 1674 1653 1675
f 1674 1675 1676
f 1677 1674 1676
f 1677 1676 1678
f 1677 1678 1679
f 1680 1681 1682
f 1680 1682 1662
f 1680 1662 1666
f 1680 1666 1665
f 1682 1681 1683
f 1682 1683 1684
f 1682 1684 1678
f 1682 1678 1676
f 1682 1676 1675
f 1685 1546 1545
f 1685 1545 1686
f 1685 1686 1687
f 1685 1687 1688
f 710 709 708
f 710 708 1689
f 710 1689 1690
f 710 1690 1691
f 710 1691 1692
f 710 1692 1693
f 710 1693 1694
f 710 1694 1695
f 710 1695 1696
f 710 1696 1697
f 710 1697 1698
f 710 1698 1699
f 1210 711 710
f 1210 710 1699
f 1699 1698 1700
f 1699 1700 1701
f 1699 1701 1702
f 1699 1702 1205
f 1699 1205 1204
f 1699 1204 1210
f 1703 1704 1705
f 1703 1705 1706
f 1707 1708 1696
f 1707 1696 1695
f 1707 1695 1703
f 1707 1703 1706
f 1707 1706 1709
f 1707 1709 1700
f 1710 1711 1693
f 1710 1693 1692
f 1712 1713 1714
f 1712 1714 1695
f 1712 1695 1694
f 1712 1694 1711
f 1712 1711 1710
f 1712 1710 1715
f 1713 1716 1704
f 1713 1704 1714
f 1698 1697 1708
f 1698 1708 1707
f 1702 1701 1688
f 1702 1688 1687
f 1205 1702 1687
f 1205 1687 1206
f 1701 1700 1717
f 1701 1717 1688
f 1718 1719 1709
f 1718 1709 1705
f 1718 1705 1704
f 1718 1704 1716
f 1718 1716 1712
f 1718 1712 1715
f 1718 1715 1720
f 1718 1720 1721
f 1718 1721 1722
f 1718 1722 1723
f 1700 1709 1719
f 1700 1719 1683
f 1700 1683 1717
f 1724 1725 1690
f 1724 1690 1689
f 1724 1689 1726
f 1724 1726 1727
f 1724 1727 1720
f 1724 1720 1715
f 1692 1691 1725
f 1692 1725 1724
f 1722 1689 708
f 1722 708 707
f 1722 707 1669
f 1722 1669 1723
f 1726 1722 1721
f 1726 1721 1727
f 1728 1533 1532
f 1728 1532 1729
f 1728 1729 1700
f 1728 1700 1698
f 1730 1527 1538
f 1730 1538 1731
f 1730 1731 1689
f 1730 1689 1722
f 1532 1531 1732
f 1532 1732 1729
f 1528 1527 1730
f 1528 1730 1733
f 1528 1733 1734
f 1528 1734 1735
f 1528 1735 1736
f 1737 1529 1528
f 1737 1528 1736
f 1737 1736 1712
f 1737 1712 1716
f 1530 1529 1737
f 1530 1737 1738
f 1530 1738 1739
f 1732 1531 1530
f 1732 1530 1739
f 1732 1739 1705
f 1732 1705 1709
f 1721 1720 1734
f 1721 1734 1733
f 1534 1533 1728
f 1534 1728 1740
f 1741 1537 1536
f 1741 1536 1742
f 1741 1742 1694
f 1741 1694 1693
f 1538 1537 1741
f 1538 1741 1743
f 1538 1743 1744
f 1538 1744 1745
f 1538 1745 1731
f 1746 1535 1534
f 1746 1534 1740
f 1746 1740 1697
f 1746 1697 1696
f 1536 1535 1746
f 1536 1746 1747
f 1536 1747 1742
f 1691 1690 1745
f 1691 1745 1744
f 1739 1738 1748
f 1739 1748 1749
f 1749 1748 1747
f 1749 1747 1746
f 1749 1746 1750
f 1749 1750 1751
f 1749 1751 1729
f 1749 1729 1732
f 1741 1752 1753
f 1741 1753 1743
f 1753 1752 1742
f 1753 1742 1747
f 1753 1747 1754
f 1753 1754 1755
f 1753 1755 1736
f 1753 1736 1735
f 1754 1738 1737
f 1754 1737 1755
f 1750 1740 1728
f 1750 1728 1751
f 1756 1757 1731
f 1756 1731 1745
f 1756 1745 1758
f 1756 1758 1759
f 1756 1759 1735
f 1756 1735 1734
f 1758 1744 1743
f 1758 1743 1759
f 1733 1730 1757
f 1733 1757 1756
f 1708 1697 1740
f 1708 1740 1750
f 1704 1703 1748
f 1704 1748 1738
f 1709 1706 1749
f 1709 1749 1732
f 1698 1707 1751
f 1698 1751 1728
f 1707 1700 1729
f 1707 1729 1751
f 1706 1705 1739
f 1706 1739 1749
f 1720 1727 1756
f 1720 1756 1734
f 1726 1689 1731
f 1726 1731 1757
f 1696 1708 1750
f 1696 1750 1746
f 1724 1715 1735
f 1724 1735 1759
f 1690 1725 1758
f 1690 1758 1745
f 1703 1695 1747
f 1703 1747 1748
f 1692 1724 1759
f 1692 1759 1743
f 1714 1704 1738
f 1714 1738 1754
f 1693 1711 1752
f 1693 1752 1741
f 1695 1714 1754
f 1695 1754 1747
f 1711 1694 1742
f 1711 1742 1752
f 1713 1712 1736
f 1713 1736 1755
f 1716 1713 1755
f 1716 1755 1737
f 1710 1692 1743
f 1710 1743 1753
f 1715 1710 1753
f 1715 1753 1735
f 1725 1691 1744
f 1725 1744 1758
f 1722 1726 1757
f 1722 1757 1730
f 1727 1721 1733
f 1727 1733 1756
f 1760 1718 1723
f 1760 1723 1669
f 1760 1669 1663
f 1719 1718 1760
f 1719 1760 1761
f 1719 1761 1762
f 1763 1652 1651
f 1763 1651 1764
f 1763 1764 1765
f 1763 1765 1766
f 1763 1766 1761
f 1767 1768 1769
f 1767 1769 1765
f 1767 1765 1764
f 1770 1771 1768
f 1770 1768 1767
f 1770 1767 1764
f 1770 1764 1651
f 1770 1651 1650
f 1770 1650 1772
f 733 722 1766
f 733 1766 1765
f 722 721 1223
f 722 1223 1222
f 722 1222 1762
f 722 1762 1761
f 722 1761 1766
f 731 733 1765
f 731 1765 1769
f 738 734 1771
f 738 1771 1770
f 735 731 1769
f 735 1769 1768
f 734 735 1768
f 734 1768 1771
f 736 738 1770
f 736 1770 1772
f 1653 1652 1763
f 1653 1763 1675
f 1675 1763 1761
f 1675 1761 1760
f 1675 1760 1682
f 1222 1221 1684
f 1222 1684 1762
f 1683 1719 1762
f 1683 1762 1684
f 1682 1760 1663
f 1682 1663 1662
f 1221 1220 1219
f 1221 1219 1773
f 1221 1773 1774
f 1221 1774 1775
f 1221 1775 1684
f 1776 1777 1774
f 1776 1774 1773
f 1776 1773 1778
f 1776 1778 1779
f 1778 1565 1564
f 1778 1564 1779
f 1773 1219 1218
f 1773 1218 1217
f 1773 1217 1778
f 1217 1216 1565
f 1217 1565 1778
f 1780 1781 1782
f 1780 1782 1783
f 1780 1783 1784
f 1659 1658 1785
f 1659 1785 1786
f 1659 1786 1787
f 1659 1787 1788
f 1659 1788 1789
f 1790 1791 1792
f 1790 1792 1793
f 1794 1792 1791
f 1794 1791 1789
f 1794 1789 1788
f 1794 1788 1781
f 1794 1781 1780
f 1794 1780 1795
f 1795 1796 1797
f 1795 1797 1794
f 1656 1798 1799
f 1656 1799 1657
f 1799 1798 1784
f 1799 1784 1783
f 1799 1783 1786
f 1799 1786 1785
f 1800 1801 1802
f 1800 1802 1774
f 1800 1774 1777
f 1776 1779 1564
f 1776 1564 1560
f 1776 1560 1803
f 1804 1800 1777
f 1804 1777 1776
f 1804 1776 1803
f 1805 1806 1807
f 1805 1807 1808
f 1805 1808 1554
f 1805 1554 1553
f 1687 1809 1810
f 1687 1810 1811
f 1687 1811 1812
f 1687 1812 1813
f 1687 1813 1814
f 1687 1814 1815
f 1687 1815 1816
f 1687 1816 1817
f 1687 1817 1818
f 1687 1818 1819
f 1687 1819 1820
f 1687 1820 1821
f 1687 1821 1822
f 1687 1822 1201
f 1687 1201 1200
f 1687 1200 1206
f 1822 1823 1824
f 1822 1824 1825
f 1822 1825 1826
f 1822 1826 1827
f 1822 1827 1828
f 1822 1828 1829
f 1822 1829 1830
f 1822 1830 1831
f 1822 1831 1807
f 1822 1807 1185
f 1822 1185 1184
f 1822 1184 1201
f 1832 1833 1834
f 1832 1834 1835
f 1836 1814 1813
f 1836 1813 1837
f 1838 1839 1840
f 1838 1840 1841
f 1838 1841 1836
f 1838 1836 1837
f 1838 1837 1812
f 1838 1812 1811
f 1842 1843 1844
f 1842 1844 1845
f 1846 1847 1688
f 1846 1688 1848
f 1846 1848 1842
f 1846 1842 1845
f 1846 1845 1811
f 1846 1811 1810
f 1687 1847 1846
f 1687 1846 1809
f 1844 1849 1839
f 1844 1839 1838
f 1816 1850 1851
f 1816 1851 1841
f 1816 1841 1852
f 1816 1852 1833
f 1816 1833 1832
f 1816 1832 1817
f 1814 1851 1850
f 1814 1850 1815
f 1717 1802 1801
f 1717 1801 1853
f 1717 1853 1854
f 1717 1854 1855
f 1717 1855 1856
f 1717 1856 1857
f 1717 1857 1858
f 1717 1858 1835
f 1717 1835 1834
f 1717 1834 1852
f 1717 1852 1841
f 1717 1841 1840
f 1717 1840 1849
f 1717 1849 1844
f 1717 1844 1843
f 1717 1843 1848
f 1717 1848 1688
f 1853 1859 1860
f 1853 1860 1861
f 1853 1861 1862
f 1853 1862 1863
f 1853 1863 1864
f 1853 1864 1865
f 1853 1865 1866
f 1853 1866 1854
f 1867 1868 1861
f 1867 1861 1860
f 1867 1860 1869
f 1870 1826 1825
f 1870 1825 1871
f 1872 1873 1864
f 1872 1864 1863
f 1872 1863 1870
f 1872 1870 1871
f 1872 1871 1824
f 1872 1824 1823
f 1874 1854 1866
f 1874 1866 1875
f 1876 1820 1819
f 1876 1819 1877
f 1878 1879 1857
f 1878 1857 1856
f 1878 1856 1876
f 1878 1876 1877
f 1878 1877 1818
f 1878 1818 1817
f 1835 1858 1879
f 1835 1879 1878
f 1880 1881 1856
f 1880 1856 1855
f 1880 1855 1874
f 1880 1874 1875
f 1880 1875 1823
f 1880 1823 1822
f 1820 1881 1880
f 1820 1880 1821
f 1866 1865 1873
f 1866 1873 1872
f 1828 1882 1883
f 1828 1883 1863
f 1828 1863 1862
f 1828 1862 1868
f 1828 1868 1867
f 1828 1867 1829
f 1826 1883 1882
f 1826 1882 1827
f 1869 1884 1885
f 1869 1885 1886
f 1886 1885 1887
f 1886 1887 1806
f 1886 1806 1888
f 1886 1888 1889
f 1886 1889 1830
f 1886 1830 1829
f 1888 1807 1831
f 1888 1831 1889
f 1806 1887 1884
f 1806 1884 1869
f 1806 1869 1860
f 1806 1860 1859
f 1806 1859 1890
f 1542 1541 1891
f 1542 1891 1892
f 1542 1892 1893
f 1542 1893 1894
f 1895 1896 1897
f 1895 1897 1543
f 1895 1543 1542
f 1895 1542 1894
f 1898 1544 1543
f 1898 1543 1897
f 1898 1897 1899
f 1898 1899 1810
f 1898 1810 1809
f 1545 1544 1898
f 1545 1898 1686
f 1900 1816 1815
f 1900 1815 1901
f 1900 1901 1893
f 1900 1893 1892
f 1896 1902 1903
f 1896 1903 1899
f 1896 1899 1897
f 1904 1813 1812
f 1904 1812 1902
f 1904 1902 1896
f 1904 1896 1895
f 1905 1904 1895
f 1905 1895 1894
f 1905 1894 1893
f 1905 1893 1901
f 1891 1906 1907
f 1891 1907 1908
f 1891 1908 1909
f 1891 1909 1910
f 1891 1910 1911
f 1891 1911 1912
f 1891 1912 1913
f 1891 1913 1914
f 1891 1914 1915
f 1891 1915 1916
f 1891 1916 1917
f 1891 1917 1918
f 1891 1918 1900
f 1891 1900 1892
f 1828 1827 1908
f 1828 1908 1907
f 1822 1821 1914
f 1822 1914 1913
f 1819 1818 1917
f 1819 1917 1916
f 1825 1824 1911
f 1825 1911 1910
f 1919 1539 1554
f 1919 1554 1808
f 1919 1831 1830
f 1919 1830 1920
f 1919 1920 1540
f 1919 1540 1539
f 1540 1920 1921
f 1540 1921 1906
f 1540 1906 1891
f 1540 1891 1541
f 1922 1923 1924
f 1922 1924 1925
f 1922 1925 1926
f 1922 1926 1550
f 1922 1550 1549
f 1548 1927 1928
f 1548 1928 1929
f 1548 1929 1922
f 1548 1922 1549
f 1930 1927 1548
f 1930 1548 1547
f 1930 1547 1931
f 1930 1931 1848
f 1930 1848 1843
f 1547 1546 1685
f 1547 1685 1931
f 1550 1926 1932
f 1550 1932 1933
f 1550 1933 1934
f 1550 1934 1551
f 1927 1930 1935
f 1927 1935 1936
f 1927 1936 1928
f 1936 1849 1840
f 1936 1840 1937
f 1936 1937 1929
f 1936 1929 1928
f 1938 1852 1834
f 1938 1834 1939
f 1938 1939 1924
f 1938 1924 1923
f 1940 1938 1923
f 1940 1923 1922
f 1940 1922 1929
f 1940 1929 1937
f 1941 1942 1943
f 1941 1943 1944
f 1941 1944 1945
f 1941 1945 1946
f 1941 1946 1947
f 1941 1947 1948
f 1941 1948 1949
f 1941 1949 1950
f 1941 1950 1951
f 1941 1951 1925
f 1941 1925 1924
f 1941 1924 1939
f 1932 1926 1925
f 1932 1925 1951
f 1932 1951 1862
f 1932 1862 1861
f 1865 1864 1949
f 1865 1949 1948
f 1855 1854 1946
f 1855 1946 1945
f 1858 1857 1943
f 1858 1943 1942
f 1934 1884 1887
f 1934 1887 1952
f 1934 1952 1552
f 1934 1552 1551
f 1805 1553 1552
f 1805 1552 1952
f 1953 1905 1901
f 1953 1901 1954
f 1955 1956 1938
f 1955 1938 1940
f 1955 1940 1953
f 1955 1953 1954
f 1955 1954 1900
f 1955 1900 1918
f 1957 1936 1935
f 1957 1935 1958
f 1959 1686 1898
f 1959 1898 1960
f 1961 1962 1931
f 1961 1931 1685
f 1961 1685 1959
f 1961 1959 1960
f 1961 1960 1899
f 1961 1899 1903
f 1935 1930 1962
f 1935 1962 1961
f 1963 1964 1940
f 1963 1940 1937
f 1963 1937 1957
f 1963 1957 1958
f 1963 1958 1903
f 1963 1903 1902
f 1905 1964 1963
f 1905 1963 1904
f 1939 1956 1955
f 1939 1955 1941
f 1932 1965 1966
f 1932 1966 1933
f 1909 1967 1968
f 1909 1968 1910
f 1968 1967 1950
f 1968 1950 1949
f 1968 1949 1969
f 1968 1969 1970
f 1968 1970 1912
f 1968 1912 1911
f 1947 1946 1971
f 1947 1971 1972
f 1915 1973 1974
f 1915 1974 1916
f 1974 1973 1944
f 1974 1944 1943
f 1974 1943 1975
f 1974 1975 1976
f 1974 1976 1918
f 1974 1918 1917
f 1975 1942 1941
f 1975 1941 1976
f 1972 1971 1945
f 1972 1945 1944
f 1972 1944 1977
f 1972 1977 1978
f 1972 1978 1913
f 1972 1913 1912
f 1977 1915 1914
f 1977 1914 1978
f 1969 1948 1947
f 1969 1947 1970
f 1966 1965 1951
f 1966 1951 1950
f 1966 1950 1979
f 1966 1979 1980
f 1966 1980 1907
f 1966 1907 1906
f 1966 1906 1921
f 1979 1909 1908
f 1979 1908 1980
f 1981 1934 1933
f 1981 1933 1982
f 1983 1984 1805
f 1983 1805 1952
f 1983 1952 1981
f 1983 1981 1982
f 1983 1982 1921
f 1983 1921 1920
f 1808 1984 1983
f 1808 1983 1919
f 1688 1847 1959
f 1688 1959 1685
f 1846 1810 1899
f 1846 1899 1960
f 1847 1687 1686
f 1847 1686 1959
f 1809 1846 1960
f 1809 1960 1898
f 1885 1884 1934
f 1885 1934 1981
f 1807 1888 1984
f 1807 1984 1808
f 1811 1845 1961
f 1811 1961 1903
f 1842 1848 1931
f 1842 1931 1962
f 1889 1831 1919
f 1889 1919 1983
f 1869 1886 1982
f 1869 1982 1933
f 1845 1844 1935
f 1845 1935 1961
f 1843 1842 1962
f 1843 1962 1930
f 1886 1829 1921
f 1886 1921 1982
f 1836 1841 1940
f 1836 1940 1964
f 1812 1837 1963
f 1812 1963 1902
f 1839 1849 1936
f 1839 1936 1957
f 1838 1811 1903
f 1838 1903 1958
f 1844 1838 1958
f 1844 1958 1935
f 1840 1839 1957
f 1840 1957 1937
f 1883 1826 1909
f 1883 1909 1979
f 1861 1868 1965
f 1861 1965 1932
f 1837 1813 1904
f 1837 1904 1963
f 1868 1862 1951
f 1868 1951 1965
f 1814 1836 1964
f 1814 1964 1905
f 1863 1883 1979
f 1863 1979 1950
f 1850 1816 1900
f 1850 1900 1954
f 1841 1851 1953
f 1841 1953 1940
f 1851 1814 1905
f 1851 1905 1953
f 1815 1850 1954
f 1815 1954 1901
f 1873 1865 1948
f 1873 1948 1969
f 1826 1870 1967
f 1826 1967 1909
f 1817 1832 1955
f 1817 1955 1918
f 1833 1852 1938
f 1833 1938 1956
f 1866 1872 1970
f 1866 1970 1947
f 1871 1825 1910
f 1871 1910 1968
f 1832 1835 1941
f 1832 1941 1955
f 1834 1833 1956
f 1834 1956 1939
f 1872 1823 1912
f 1872 1912 1970
f 1876 1856 1944
f 1876 1944 1973
f 1818 1877 1974
f 1818 1974 1917
f 1879 1858 1942
f 1879 1942 1975
f 1878 1817 1918
f 1878 1918 1976
f 1835 1878 1976
f 1835 1976 1941
f 1857 1879 1975
f 1857 1975 1943
f 1854 1874 1971
f 1854 1971 1946
f 1881 1820 1915
f 1881 1915 1977
f 1877 1819 1916
f 1877 1916 1974
f 1874 1855 1945
f 1874 1945 1971
f 1820 1876 1973
f 1820 1973 1915
f 1856 1881 1977
f 1856 1977 1944
f 1880 1822 1913
f 1880 1913 1978
f 1821 1880 1978
f 1821 1978 1914
f 1875 1866 1947
f 1875 1947 1972
f 1823 1875 1972
f 1823 1972 1912
f 1824 1871 1968
f 1824 1968 1911
f 1870 1863 1950
f 1870 1950 1967
f 1864 1873 1969
f 1864 1969 1949
f 1882 1828 1907
f 1882 1907 1980
f 1827 1882 1980
f 1827 1980 1908
f 1966 1867 1869
f 1966 1869 1933
f 1867 1966 1921
f 1867 1921 1829
f 1830 1889 1983
f 1830 1983 1920
f 1888 1806 1805
f 1888 1805 1984
f 1887 1885 1981
f 1887 1981 1952
f 1555 1186 1185
f 1555 1185 1807
f 1555 1807 1806
f 1555 1806 1890
f 1795 1780 1784
f 1795 1784 1798
f 1795 1798 1656
f 1795 1656 1985
f 1795 1985 1986
f 1795 1986 1796
f 1986 1987 1988
f 1986 1988 1989
f 1986 1989 1990
f 1986 1990 1991
f 1986 1991 1796
f 1988 1992 1801
f 1988 1801 1800
f 1988 1800 1989
f 1683 1993 1994
f 1683 1994 1995
f 1683 1995 1802
f 1683 1802 1717
f 1996 1997 1998
f 1996 1998 1999
f 1996 1999 2000
f 1996 2000 2001
f 1996 2001 2002
f 1996 2002 2003
f 1996 2003 2004
f 1996 2004 1993
f 1996 1993 1683
f 1996 1683 1681
f 1996 1681 1680
f 1996 1680 2005
f 2006 2007 2002
f 2006 2002 2001
f 2008 2009 2010
f 2008 2010 2004
f 2008 2004 2003
f 2008 2003 2007
f 2008 2007 2006
f 2008 2006 2011
f 1995 1994 2012
f 1995 2012 2013
f 1995 2013 2008
f 1995 2008 2011
f 1995 2011 2014
f 1995 2014 2015
f 1995 2015 2016
f 1995 2016 2017
f 1995 2017 2018
f 1995 2018 2019
f 1995 2019 2020
f 2012 1994 1993
f 2012 1993 2004
f 2009 2013 2012
f 2009 2012 2010
f 1996 2005 2021
f 1996 2021 2022
f 2022 2021 2019
f 2022 2019 2018
f 2022 2018 2023
f 2022 2023 2024
f 2022 2024 1998
f 2022 1998 1997
f 2016 2015 2025
f 2016 2025 2026
f 2026 2025 2014
f 2026 2014 2011
f 2026 2011 2027
f 2026 2027 2028
f 2026 2028 1999
f 2026 1999 1998
f 2027 2001 2000
f 2027 2000 2028
f 2023 2017 2016
f 2023 2016 2024
f 1664 2020 2019
f 1664 2019 2005
f 1664 2005 1680
f 1664 1680 1665
f 2029 1511 1526
f 2029 1526 2030
f 2029 2030 2005
f 2029 2005 2019
f 2031 1519 1518
f 2031 1518 2032
f 2031 2032 2012
f 2031 2012 2004
f 1524 1523 2033
f 1524 2033 2034
f 1524 2034 2035
f 2033 1523 1522
f 2033 1522 2036
f 2033 2036 2000
f 2033 2000 1999
f 1520 1519 2031
f 1520 2031 2037
f 2038 1521 1520
f 2038 1520 2037
f 2038 2037 2003
f 2038 2003 2002
f 1522 1521 2038
f 1522 2038 2039
f 1522 2039 2036
f 2040 1525 1524
f 2040 1524 2035
f 2040 2035 1997
f 2040 1997 1996
f 1526 1525 2040
f 1526 2040 2030
f 2041 1515 1514
f 2041 1514 2042
f 2041 2042 2015
f 2041 2015 2014
f 1516 1515 2041
f 1516 2041 2043
f 1516 2043 2044
f 2045 1517 1516
f 2045 1516 2044
f 2045 2044 2008
f 2045 2008 2013
f 1518 1517 2045
f 1518 2045 2032
f 1512 1511 2029
f 1512 2029 2046
f 2047 1513 1512
f 2047 1512 2046
f 2047 2046 2018
f 2047 2018 2017
f 1514 1513 2047
f 1514 2047 2048
f 1514 2048 2042
f 2032 2045 2049
f 2032 2049 2050
f 2051 2052 2037
f 2051 2037 2031
f 2051 2031 2050
f 2051 2050 2049
f 2051 2049 2044
f 2051 2044 2043
f 2038 2052 2051
f 2038 2051 2039
f 2053 2030 2040
f 2053 2040 2054
f 2055 2056 2046
f 2055 2046 2029
f 2055 2029 2053
f 2055 2053 2054
f 2055 2054 2035
f 2055 2035 2034
f 2042 2048 2057
f 2042 2057 2058
f 2059 2060 2043
f 2059 2043 2041
f 2059 2041 2058
f 2059 2058 2057
f 2059 2057 2034
f 2059 2034 2033
f 2059 2036 2039
f 2059 2039 2060
f 2048 2047 2056
f 2048 2056 2055
f 2011 2006 2051
f 2011 2051 2043
f 2007 2003 2037
f 2007 2037 2052
f 2013 2009 2049
f 2013 2049 2045
f 2004 2010 2050
f 2004 2050 2031
f 2010 2012 2032
f 2010 2032 2050
f 2009 2008 2044
f 2009 2044 2049
f 2001 2027 2060
f 2001 2060 2039
f 2025 2015 2042
f 2025 2042 2058
f 2002 2007 2052
f 2002 2052 2038
f 2014 2025 2058
f 2014 2058 2041
f 2006 2001 2039
f 2006 2039 2051
f 2027 2011 2043
f 2027 2043 2060
f 1999 2028 2059
f 1999 2059 2033
f 2028 2000 2036
f 2028 2036 2059
f 1998 2024 2055
f 1998 2055 2034
f 2023 2018 2046
f 2023 2046 2056
f 2026 1998 2034
f 2026 2034 2057
f 2017 2023 2056
f 2017 2056 2047
f 2016 2026 2057
f 2016 2057 2048
f 2024 2016 2048
f 2024 2048 2055
f 2022 1997 2035
f 2022 2035 2054
f 2019 2021 2053
f 2019 2053 2029
f 2021 2005 2030
f 2021 2030 2053
f 1996 2022 2054
f 1996 2054 2040
f 1789 1791 1790
f 1789 1790 1775
f 1789 1775 1774
f 1789 1774 1802
f 1789 1802 1995
f 1789 1995 2020
f 1789 2020 1664
f 1789 1664 1668
f 1789 1668 1659
f 2061 2062 2063
f 2061 2063 2064
f 2061 2064 2065
f 2061 2065 2066
f 2067 1579 1578
f 2067 1578 2068
f 1562 2069 2070
f 1562 2070 2068
f 1562 2068 1578
f 1580 1579 2067
f 1580 2067 2071
f 1580 2071 2072
f 2073 2074 2066
f 2073 2066 2072
f 2073 2072 2071
f 2073 2071 2070
f 2073 2070 2069
f 2073 2069 2075
f 2074 2073 2076
f 2074 2076 2077
f 2078 2079 2080
f 2078 2080 2081
f 2077 2082 2083
f 2077 2083 2079
f 2077 2079 2078
f 2077 2078 2084
f 2077 2084 2085
f 2077 2085 2086
f 2077 2086 1987
f 2077 1987 1986
f 2077 1986 2061
f 2077 2061 2066
f 2077 2066 2074
f 2087 2088 1988
f 2087 1988 1987
f 2087 1987 2086
f 2084 2089 2090
f 2084 2090 2085
f 2083 2082 2091
f 2083 2091 2092
f 2093 2088 2087
f 2093 2087 2090
f 2093 2090 2089
f 2093 2089 2081
f 2093 2081 2080
f 2093 2080 2092
f 2093 2092 2091
f 2093 2091 2076
f 2093 2076 2073
f 2093 2073 2075
f 2094 1556 1555
f 2094 1555 1890
f 1859 2095 2094
f 1859 2094 1890
f 1853 1801 1992
f 1853 1992 2096
f 1853 2096 2095
f 1853 2095 1859
f 2093 2075 2069
f 2093 2069 1562
f 2093 1562 1557
f 2093 1557 1556
f 2093 1556 2094
f 2093 2094 2095
f 2093 2095 2096
f 1992 1988 2088
f 1992 2088 2093
f 1992 2093 2096
f 2097 2098 2071
f 2097 2071 2067
f 2099 2100 2082
f 2099 2082 2077
f 2099 2077 2101
f 2079 2083 2102
f 2079 2102 2103
f 2104 2084 2078
f 2104 2078 2105
f 2104 2105 2106
f 2107 2086 2085
f 2107 2085 2108
f 2107 2108 2109
f 2087 2086 2107
f 2087 2107 2110
f 2087 2110 2111
f 2109 2110 2107
f 2111 2110 1989
f 2111 1989 1800
f 2111 1800 1804
f 1990 1989 2110
f 1990 2110 2109
f 2112 2090 2087
f 2112 2087 2111
f 2112 2111 2113
f 2114 2081 2089
f 2114 2089 2115
f 2114 2115 2116
f 2117 2092 2080
f 2117 2080 2118
f 2117 2118 2119
f 2117 2119 2120
f 2091 2121 2122
f 2091 2122 2123
f 2091 2123 2076
f 2124 2125 2126
f 2124 2126 2127
f 2124 2127 2068
f 2124 2068 2070
f 2126 2125 2122
f 2126 2122 2121
f 2126 2121 2120
f 2126 2120 2119
f 2126 2119 2116
f 2126 2116 2115
f 2126 2115 2113
f 2126 2113 2111
f 2126 2111 1804
f 2126 1804 1803
f 2126 1803 1560
f 2126 1560 1559
f 2099 2128 2100
f 2091 2082 2100
f 2091 2100 2128
f 2091 2128 2121
f 2129 2118 2080
f 2129 2080 2079
f 2129 2079 2103
f 2119 2118 2129
f 2130 2114 2116
f 2130 2105 2078
f 2130 2078 2081
f 2130 2081 2114
f 2131 2112 2113
f 2131 2108 2085
f 2131 2085 2090
f 2131 2090 2112
f 2132 2131 2113
f 2132 2113 2115
f 2089 2084 2104
f 2089 2104 2132
f 2089 2132 2115
f 2106 2132 2104
f 2131 2132 2106
f 2131 2106 2108
f 2129 2130 2116
f 2129 2116 2119
f 2130 2129 2103
f 2130 2103 2105
f 2133 2128 2099
f 2133 2099 2102
f 2128 2133 2120
f 2128 2120 2121
f 2133 2117 2120
f 2133 2102 2083
f 2133 2083 2092
f 2133 2092 2117
f 2098 2134 2124
f 2098 2124 2070
f 2098 2070 2071
f 2125 2124 2134
f 2135 2134 2098
f 2135 2098 2101
f 2134 2135 2122
f 2134 2122 2125
f 2135 2123 2122
f 2135 2101 2077
f 2135 2077 2076
f 2135 2076 2123
f 2136 1563 1577
f 2136 1577 2097
f 1559 1563 2136
f 1559 2136 2126
f 2136 2127 2126
f 2136 2097 2067
f 2136 2067 2068
f 2136 2068 2127
f 2108 2106 2105
f 2108 2105 2103
f 2108 2103 2102
f 2108 2102 2099
f 2108 2099 2101
f 2108 2101 2098
f 2108 2098 2097
f 2108 2097 1577
f 2108 1577 1576
f 2108 1576 2137
f 1991 1990 2109
f 1991 2109 2108
f 1991 2108 2137
f 2138 2063 2062
f 2138 2062 2139
f 2138 2139 2140
f 2138 2140 2141
f 2138 2141 2142
f 2138 2142 2143
f 2138 2143 2144
f 2145 2146 2140
f 2145 2140 2139
f 2147 2148 2143
f 2147 2143 2142
f 2148 2147 2149
f 2148 2149 2146
f 2148 2146 2145
f 2148 2145 2061
f 2148 2061 1986
f 2148 1986 1985
f 2148 1985 2150
f 2151 2152 2153
f 2151 2153 2154
f 2064 2155 2156
f 2064 2156 2157
f 2064 2157 2158
f 2064 2158 2159
f 2064 2159 2065
f 2156 2155 2151
f 2156 2151 2154
f 2156 2154 2160
f 2156 2160 2161
f 2162 2163 2159
f 2162 2159 2158
f 2164 2165 2142
f 2164 2142 2141
f 2164 2141 2166
f 2164 2166 2167
f 2164 2167 2154
f 2164 2154 2153
f 2139 2062 2168
f 2139 2168 2169
f 2167 2166 2157
f 2167 2157 2156
f 2164 2144 2143
f 2164 2143 2165
f 2170 2171 2141
f 2170 2141 2140
f 2170 2140 2169
f 2170 2169 2168
f 2170 2168 2065
f 2170 2065 2159
f 2171 2170 2158
f 2171 2158 2157
f 2063 2138 2152
f 2063 2152 2151
f 2063 2151 2155
f 2063 2155 2064
f 2172 2173 2174
f 2172 2174 2162
f 2175 2176 2146
f 2175 2146 2149
f 2175 2149 2173
f 2175 2173 2172
f 2175 2172 2163
f 2175 2163 2066
f 2177 2148 2150
f 2177 2150 2178
f 2179 2180 2161
f 2179 2161 2174
f 2061 2145 2176
f 2061 2176 2175
f 2180 2179 2149
f 2180 2149 2147
f 2180 2147 2177
f 2180 2177 2178
f 2180 2178 2181
f 2180 2181 2160
f 2149 2179 2166
f 2149 2166 2141
f 2167 2180 2160
f 2167 2160 2154
f 2180 2167 2156
f 2180 2156 2161
f 2170 2172 2162
f 2170 2162 2158
f 2061 2175 2168
f 2061 2168 2062
f 2172 2170 2159
f 2172 2159 2163
f 2168 2175 2066
f 2168 2066 2065
f 2166 2179 2174
f 2166 2174 2157
f 2173 2171 2157
f 2173 2157 2174
f 2176 2145 2139
f 2176 2139 2169
f 2173 2149 2141
f 2173 2141 2171
f 2146 2176 2169
f 2146 2169 2140
f 2178 2150 2144
f 2178 2144 2164
f 2177 2147 2142
f 2177 2142 2165
f 2148 2177 2165
f 2148 2165 2143
f 2178 2164 2153
f 2178 2153 2181
f 1569 1580 2072
f 1569 2072 2066
f 1569 2066 2163
f 1569 2163 2162
f 1569 2162 2174
f 1569 2174 2161
f 1569 2161 2160
f 1569 2160 2181
f 1569 2181 1570
f 2182 1192 1191
f 2182 1191 2183
f 2182 2183 1638
f 2182 1638 2184
f 1991 2182 2184
f 1991 2184 1796
f 2185 2186 2187
f 2185 2187 2188
f 2185 2188 2189
f 1644 2189 2188
f 1644 2188 1775
f 1644 1775 1790
f 2188 1678 1684
f 2188 1684 1775
f 1679 2187 2186
f 1679 2186 1677
f 1678 2188 2187
f 1678 2187 1679
f 1637 1645 1644
f 1637 1644 1790
f 1637 1790 1793
f 1637 1793 1797
f 1637 1797 1796
f 1637 1796 2184
f 1637 2184 1638
f 2190 1782 1781
f 2190 1781 2191
f 2190 2191 1794
f 2190 1794 1797
f 2190 1797 2192
f 2190 2192 2193
f 2190 2193 1635
f 2190 1635 1634
f 1673 2194 1634
f 1673 1634 1633
f 2195 1783 1782
f 2195 1782 2194
f 2195 2194 1673
f 2195 1673 1671
f 1671 1657 1799
f 1671 1799 2195
f 2193 2192 1637
f 2193 1637 1636
f 2196 2197 1788
f 2196 1788 1787
f 2196 1787 2198
f 2196 2198 2199
f 2196 2199 1642
f 2196 1642 1645
f 2200 2201 1785
f 2200 1785 1658
f 2200 1658 1670
f 2200 1670 1672
f 2200 1672 1640
f 2200 1640 1646
f 2199 2198 1646
f 2199 1646 1641
f 2200 1787 1786
f 2200 1786 2201
f 2196 1793 1792
f 2196 1792 2197
f 2199 2193 1636
f 2199 1636 1642
f 2198 1787 1782
f 2198 1782 2190
f 2197 1792 1794
f 2197 1794 2191
f 2192 2196 1645
f 2192 1645 1637
f 2192 1797 1793
f 2192 1793 2196
f 2191 1781 1788
f 2191 1788 2197
f 2201 1786 1783
f 2201 1783 2195
f 2194 2200 1646
f 2194 1646 1634
f 2194 1782 1787
f 2194 1787 2200
f 2193 2199 1641
f 2193 1641 1635
f 2198 2190 1634
f 2198 1634 1646
f 2195 1799 1785
f 2195 1785 2201
f 2202 2203 2204
f 2202 2204 2205
f 2137 1576 1567
f 2137 1567 2205
f 2137 2205 2204
f 2137 2204 2206
f 2182 1991 2137
f 2182 2137 2206
f 2207 1188 1187
f 2207 1187 2208
f 2207 2208 2202
f 2207 2202 2205
f 2209 1194 1193
f 2209 1193 2204
f 2209 2204 2203
f 1193 1192 2182
f 1193 2182 2206
f 1193 2206 2204
f 1172 1188 2207
f 1172 2207 2205
f 1172 2205 1567
f 1172 1567 1170
f 1650 1648 2210
f 1650 2210 1772
f 737 736 1772
f 737 1772 2210
f 727 737 2210
f 727 2210 1648
f 1672 1670 1647
f 1672 1647 1639
f 1673 1632 1631
f 1673 1631 1671
f 1673 1672 1639
f 1673 1639 1632
f 1670 1671 1631
f 1670 1631 1647
f 2211 2212 2213
f 2211 2213 2214
f 1659 1668 2215
f 1659 2215 2211
f 1659 2211 2214
f 1659 2214 1643
f 2216 2212 2211
f 2216 2211 2215
f 2216 2215 2217
f 1606 2216 2217
f 1606 2217 2218
f 2217 2219 2220
f 2217 2220 2221
f 2217 2221 2218
f 2217 2215 1668
f 2217 1668 1667
f 2217 1667 2222
f 2217 2222 2219
f 1667 1666 2223
f 1667 2223 2222
f 2219 2222 2223
f 2219 2223 2224
f 2219 2224 2220
f 2220 2224 742
f 2220 742 741
f 2220 741 749
f 2220 749 750
f 2220 750 2221
f 2225 1660 1654
f 2225 1654 2226
f 1662 1660 2225
f 1662 2225 2227
f 1662 2227 2223
f 1662 2223 1666
f 2228 743 742
f 2228 742 2224
f 2228 2224 2223
f 2228 2223 2227
f 2229 2225 2226
f 2229 2226 2230
f 2225 2229 2228
f 2225 2228 2227
f 2229 1661 1663
f 2229 1663 2228
f 1661 2229 2230
f 1661 2230 1649
f 706 743 2228
f 706 2228 1663
f 2231 2232 2138
f 2231 2138 2144
f 2233 2234 2235
f 2233 2235 2236
f 2233 2236 2237
f 2234 2233 2232
f 2234 2232 2231
f 2234 2231 2238
f 2234 2238 2239
f 2240 2241 2242
f 2240 2242 2243
f 2236 2244 2245
f 2236 2245 2243
f 2236 2243 2242
f 2236 2242 2237
f 1985 2246 2247
f 1985 2247 1608
f 1985 1608 1607
f 1985 1607 2248
f 1985 2248 2245
f 1985 2245 2244
f 1985 2244 2249
f 1985 2249 2239
f 1985 2239 2238
f 1985 2238 2150
f 2250 2212 2216
f 2250 2216 2251
f 2212 2250 2252
f 2212 2252 2213
f 2253 2250 2251
f 2253 2251 2247
f 2253 2247 2246
f 2253 2246 1985
f 2253 1985 1656
f 2253 1656 1630
f 2253 1630 2254
f 2250 2253 2254
f 2250 2254 2252
f 1605 2251 2216
f 1605 2216 1606
f 2251 1605 1608
f 2251 1608 2247
f 2241 2240 2248
f 2241 2248 2255
f 2241 2255 2256
f 2241 2256 2257
f 2181 2258 2259
f 2181 2259 2260
f 2181 2260 2261
f 2181 2261 2262
f 2181 2262 2255
f 2181 2255 1571
f 2181 1571 1570
f 2263 2264 2255
f 2263 2255 2262
f 2265 2266 2245
f 2265 2245 2248
f 2265 2248 2264
f 2265 2264 2263
f 2265 2263 2261
f 2265 2261 2260
f 2249 2244 2266
f 2249 2266 2265
f 2267 2268 2150
f 2267 2150 2238
f 2267 2238 2269
f 2267 2269 2270
f 2267 2270 2260
f 2267 2260 2259
f 2269 2239 2249
f 2269 2249 2270
f 2268 2267 2258
f 2268 2258 2181
f 2152 2257 2256
f 2152 2256 2271
f 2152 2271 2272
f 2152 2272 2273
f 2152 2273 2274
f 2152 2274 2275
f 2152 2275 2153
f 2258 2275 2274
f 2258 2274 2259
f 2262 2261 2272
f 2262 2272 2271
f 2276 2277 2231
f 2276 2231 2144
f 2276 2144 2278
f 2276 2278 2279
f 2276 2279 2274
f 2276 2274 2273
f 2276 2235 2234
f 2276 2234 2277
f 2279 2278 2153
f 2279 2153 2275
f 2280 2281 2271
f 2280 2271 2256
f 2281 2280 2240
f 2281 2240 2243
f 2281 2243 2282
f 2281 2282 2283
f 2281 2283 2273
f 2281 2273 2272
f 2236 2235 2283
f 2236 2283 2282
f 2138 2232 2233
f 2138 2233 2237
f 2138 2237 2242
f 2138 2242 2241
f 2138 2241 2257
f 2138 2257 2152
f 2249 2265 2283
f 2249 2283 2235
f 2281 2263 2262
f 2281 2262 2271
f 2263 2281 2272
f 2263 2272 2261
f 2150 2268 2278
f 2150 2278 2144
f 2279 2267 2259
f 2279 2259 2274
f 2267 2279 2275
f 2267 2275 2258
f 2278 2268 2181
f 2278 2181 2153
f 2283 2265 2260
f 2283 2260 2273
f 2269 2238 2231
f 2269 2231 2277
f 2270 2276 2273
f 2270 2273 2260
f 2270 2249 2235
f 2270 2235 2276
f 2239 2269 2277
f 2239 2277 2234
f 2264 2248 2240
f 2264 2240 2280
f 2266 2244 2236
f 2266 2236 2282
f 2245 2266 2282
f 2245 2282 2243
f 2264 2280 2256
f 2264 2256 2255
f 2255 2248 1607
f 2255 1607 1510
f 2255 1510 1509
f 2255 1509 1571
f 2213 2284 2285
f 2213 2285 2214
f 2214 2285 2286
f 2214 2286 1643
f 2185 2189 1644
f 2185 1644 1643
f 2185 1643 2286
f 2185 2286 2287
f 2185 2287 2288
f 2185 2288 2289
f 2290 2291 2186
f 2290 2186 2185
f 2290 2185 2289
f 2292 746 745
f 2292 745 2293
f 2292 2293 2294
f 2295 2294 2293
f 2295 2293 2230
f 2295 2230 2226
f 2296 2297 2295
f 2296 2295 2226
f 2296 2226 1654
f 2296 1654 1653
f 2296 1653 1674
f 1677 2298 2299
f 1677 2299 2296
f 1677 2296 1674
f 727 726 2300
f 727 2300 1648
f 2301 2302 2303
f 2301 2303 2304
f 2305 2306 2301
f 2305 2301 2304
f 2305 2304 2307
f 1199 2305 2307
f 1199 2307 1238
f 1655 1652 1651
f 1655 1651 1650
f 1655 1650 1648
f 1655 1648 2300
f 1655 2300 2302
f 1655 2302 2301
f 1655 2301 2306
f 2305 1199 1198
f 2305 1198 1655
f 2305 1655 2306
f 2308 1649 2230
f 2308 2230 2293
f 2302 2300 2308
f 2302 2308 1620
f 2302 1620 2303
f 744 781 1621
f 744 1621 1620
f 744 1620 2308
f 744 739 1649
f 744 1649 2308
f 726 744 2308
f 726 2308 2300
f 745 744 2308
f 745 2308 2293
f 2309 2310 2311
f 2309 2311 2312
f 2299 2298 2313
f 2299 2313 2314
f 2291 2290 2315
f 2291 2315 2316
f 2186 2291 2316
f 2186 2316 2313
f 2186 2313 2298
f 2186 2298 1677
f 2310 2314 2313
f 2310 2313 2311
f 2310 2296 2299
f 2310 2299 2314
f 2315 2309 2312
f 2315 2312 2316
f 2316 2312 2311
f 2316 2311 2313
f 2290 2289 2288
f 2290 2288 2309
f 2290 2309 2315
f 2317 2287 2286
f 2317 2286 2285
f 2317 2285 2318
f 2297 2317 2318
f 2297 2318 2295
f 2310 2309 2288
f 2310 2288 2287
f 2310 2287 2317
f 2310 2317 2297
f 2310 2297 2296
f 2319 2320 2321
f 2319 2321 2322
f 2319 2322 1596
f 2319 1596 2323
f 2321 2324 2284
f 2321 2284 2322
f 2285 2284 2324
f 2285 2324 2318
f 2319 2292 2294
f 2319 2294 2295
f 2319 2295 2320
f 2318 2324 2321
f 2318 2321 2320
f 2318 2320 2295
f 747 746 2292
f 747 2292 2319
f 747 2319 2323
f 747 2323 1053
f 2203 2202 2325
f 2203 2325 2326
f 2327 2326 2325
f 2327 2325 1568
f 2327 1568 1583
f 2327 1583 2328
f 2329 2330 2327
f 2329 2327 2328
f 2328 1583 1587
f 2328 1587 1629
f 2328 1629 1628
f 1627 2329 2328
f 1627 2328 1628
f 1187 1190 2331
f 1187 2331 2332
f 1187 2332 2208
f 2202 2208 2332
f 2202 2332 2325
f 1194 2209 2333
f 1194 2333 1195
f 2209 2203 2326
f 2209 2326 2333
f 2183 1191 1196
f 2183 1196 2330
f 2333 2326 2327
f 2333 2327 2330
f 2333 2330 1196
f 2333 1196 1195
f 2334 2335 2336
f 2334 2336 2337
f 1168 2334 2337
f 1168 2337 1169
f 2335 1189 1171
f 2335 1171 2336
f 2335 2331 1190
f 2335 1190 1189
f 1169 2337 2336
f 1169 2336 1171
f 1167 1566 2334
f 1167 2334 1168
f 2325 2332 2331
f 2325 2331 2335
f 2325 2335 2334
f 2325 2334 1566
f 2325 1566 1568
f 1591 2338 2339
f 1591 2339 2340
f 1591 2340 2341
f 1591 2341 2329
f 1591 2329 2328
f 1591 2328 1583
f 1591 1583 1582
f 1591 1582 1584
f 1591 1584 1505
f 1591 1505 1506
f 2328 2329 2341
f 2328 2341 2340
f 2328 2340 2339
f 2328 2339 2338
f 2328 2338 1591
f 2328 1591 1506
f 2328 1506 1505
f 2328 1505 1584
f 2328 1584 1582
f 2328 1582 1583
f 2284 2213 2252
f 2284 2252 2342
f 1638 2183 2330
f 1638 2330 2329
f 1638 2329 2341
f 1638 2341 2340
f 1638 2340 1630
f 1630 2340 2339
f 1630 2339 2254
f 2338 2342 2252
f 2338 2252 2254
f 2338 2254 2339
f 2284 2342 2343
f 2284 2343 2322
f 2343 1609 1593
f 2343 1593 1596
f 2343 1596 2322
f 2343 2342 2338
f 2343 2338 1591
f 2343 1591 1609
f 1626 1624 1623
f 1626 1623 2338
f 1626 2338 2339
f 1626 2339 2340
f 1626 2340 2341
f 2329 1627 1626
f 2329 1626 2341
f 2338 1623 1592
f 2338 1592 1591
f 1120 2344 1599
f 1120 1599 1119
f 2345 2346 1619
f 2345 1619 1617
f 2345 1617 2347
f 2345 2348 2349
f 2345 2349 2346
f 1614 1613 2350
f 1614 2350 2351
f 1616 1615 2352
f 1616 2352 2353
f 1616 2353 2354
f 1616 2354 2355
f 2347 1617 1616
f 2347 1616 2355
f 2347 2355 2356
f 2347 2356 2357
f 2347 2357 2358
f 1615 1614 2351
f 1615 2351 2359
f 1615 2359 2360
f 1615 2360 2361
f 1615 2361 2352
f 2362 2363 1602
f 2362 1602 1597
f 2364 2365 2366
f 2361 2353 2364
f 2361 2364 2366
f 2361 2366 2362
f 2367 2360 2359
f 786 780 2368
f 786 2368 2369
f 779 696 2370
f 779 2370 2371
f 2304 2370 2372
f 2304 2372 2373
f 2304 2373 2307
f 2373 1239 1238
f 2373 1238 2307
f 2374 2375 2376
f 2374 2376 2377
f 1250 2378 695
f 1250 695 690
f 1250 690 694
f 1250 694 1031
f 2379 2380 2381
f 2379 2381 2378
f 2379 2378 1250
f 2379 1250 1251
f 2382 2379 1251
f 2382 1251 1254
f 2383 2381 2380
f 2383 2380 2384
f 2373 2372 2383
f 2373 2383 2384
f 2373 2384 2382
f 2373 2382 1254
f 2373 1254 1239
f 696 695 2378
f 696 2378 2381
f 696 2381 2383
f 696 2383 2372
f 696 2372 2370
f 2384 2380 2377
f 2384 2377 2376
f 2379 2382 2375
f 2379 2375 2374
f 2375 2382 2384
f 2375 2384 2376
f 2379 2374 2377
f 2379 2377 2380
f 2303 2368 2371
f 2303 2371 2370
f 2303 2370 2304
f 780 779 2371
f 780 2371 2368
f 2362 2366 2385
f 2362 2385 2386
f 2362 2386 2363
f 2387 2388 2389
f 2387 2389 2390
f 2387 2390 2391
f 2392 2393 2394
f 2392 2394 2395
f 2396 2397 2398
f 2396 2398 2399
f 2396 2399 2400
f 2401 2402 2403
f 2401 2403 2404
f 819 2405 2406
f 819 2406 810
f 788 784 2407
f 788 2407 2408
f 1620 2407 2369
f 1620 2369 2368
f 1620 2368 2303
f 784 786 2369
f 784 2369 2407
f 2409 1618 1619
f 2409 1619 2346
f 2409 2346 2349
f 2409 2349 2410
f 2411 792 789
f 2411 789 2409
f 2411 2409 2410
f 2407 1620 1618
f 2407 1618 2409
f 2407 2409 2408
f 789 788 2408
f 789 2408 2409
f 2412 2413 2414
f 2412 2414 2415
f 2416 2417 2418
f 2416 2418 2419
f 2420 2421 2422
f 2420 2422 2423
f 2424 2425 2426
f 2424 2426 2427
f 2428 2429 2430
f 2428 2430 2431
f 2428 2431 2432
f 2431 2430 2427
f 2431 2427 2426
f 2431 2426 2423
f 2431 2423 2422
f 2431 2422 2419
f 2431 2419 2418
f 2431 2418 2415
f 2431 2415 2414
f 2431 2414 2356
f 2431 2356 2355
f 2431 2355 2433
f 2431 2433 2434
f 806 814 2432
f 806 2432 2431
f 806 2431 2434
f 2435 2424 2427
f 2428 2436 2437
f 2428 2437 2429
f 793 792 2411
f 793 2411 2438
f 793 2438 2435
f 793 2435 2437
f 793 2437 2436
f 793 2436 813
f 2436 2428 2432
f 813 2436 2432
f 813 2432 814
f 2429 2437 2430
f 2437 2435 2427
f 2437 2427 2430
f 2357 2439 2440
f 2357 2440 2358
f 2441 2442 2440
f 2441 2440 2439
f 2441 2439 2413
f 2441 2413 2412
f 2441 2443 2444
f 2441 2444 2442
f 2445 2446 2444
f 2445 2444 2443
f 2445 2443 2417
f 2445 2417 2416
f 2420 2447 2448
f 2420 2448 2421
f 2448 2447 2449
f 2448 2449 2450
f 2448 2450 2446
f 2448 2446 2445
f 2435 2438 2450
f 2435 2450 2449
f 2435 2449 2425
f 2435 2425 2424
f 2440 2442 2444
f 2440 2444 2446
f 2440 2446 2450
f 2440 2450 2438
f 2440 2438 2411
f 2440 2411 2410
f 2440 2410 2349
f 2440 2349 2348
f 2440 2348 2358
f 2445 2416 2419
f 2447 2420 2423
f 2425 2449 2426
f 2449 2447 2423
f 2449 2423 2426
f 2421 2448 2422
f 2448 2445 2419
f 2448 2419 2422
f 2441 2412 2415
f 2417 2443 2418
f 2443 2441 2415
f 2443 2415 2418
f 2413 2439 2414
f 2439 2357 2356
f 2439 2356 2414
f 809 808 807
f 809 807 2451
f 809 2451 2452
f 809 2452 2453
f 809 2453 816
f 2454 2455 2456
f 2454 2456 2457
f 2454 2457 2458
f 2454 2458 2459
f 2460 2461 2462
f 2460 2462 2463
f 2460 2463 2464
f 2465 2466 2467
f 2465 2467 2468
f 2465 2468 2469
f 2465 2469 2470
f 2471 2472 2473
f 2471 2473 2474
f 2471 2474 2475
f 2476 2477 2354
f 2476 2354 2353
f 2476 2353 2361
f 2476 2361 2360
f 2476 2360 2367
f 2476 2367 2478
f 2479 802 801
f 2479 801 2480
f 2479 2480 2481
f 2479 2481 2482
f 2481 2351 2350
f 2481 2350 2482
f 2479 2482 2350
f 2479 2350 1613
f 2479 1613 1612
f 2479 1612 1622
f 803 802 2479
f 803 2479 1622
f 2483 817 816
f 2483 816 2453
f 2483 2453 2459
f 2483 2459 2458
f 2483 2458 2464
f 2483 2464 2463
f 2483 2463 2470
f 2483 2470 2469
f 2483 2469 2475
f 2483 2475 2474
f 2483 2474 2484
f 2483 2484 2485
f 2484 2478 2367
f 2484 2367 2359
f 2484 2359 2485
f 2483 2485 2359
f 2483 2359 2351
f 2483 2351 2481
f 2483 2481 2480
f 801 805 817
f 801 817 2483
f 801 2483 2480
f 2472 2471 2467
f 2472 2467 2466
f 2472 2466 2462
f 2472 2462 2461
f 2472 2461 2456
f 2472 2456 2455
f 2472 2455 2451
f 2472 2451 807
f 2472 807 806
f 2472 806 2434
f 2472 2434 2433
f 2472 2433 2486
f 2433 2355 2354
f 2433 2354 2477
f 2433 2477 2486
f 2465 2487 2466
f 2393 2487 2465
f 2393 2465 2470
f 2393 2470 2488
f 2393 2488 2394
f 2460 2489 2461
f 2398 2489 2460
f 2398 2460 2464
f 2398 2464 2490
f 2398 2490 2399
f 2402 2491 2458
f 2402 2458 2457
f 2402 2457 2492
f 2402 2492 2403
f 2492 2457 2456
f 2493 2494 2404
f 2493 2404 2495
f 2493 2495 2406
f 2454 2494 2455
f 2451 2493 2452
f 2494 2493 2451
f 2494 2451 2455
f 2496 2497 2405
f 2496 2405 2401
f 2459 2453 2497
f 2459 2497 2496
f 2405 2497 2453
f 2405 2453 2452
f 2405 2452 2493
f 2405 2493 2406
f 2459 2496 2401
f 2459 2401 2404
f 2459 2404 2494
f 2459 2494 2454
f 2489 2492 2456
f 2489 2456 2461
f 2464 2458 2491
f 2464 2491 2490
f 2490 2491 2402
f 2490 2402 2399
f 2492 2489 2398
f 2492 2398 2403
f 2487 2498 2462
f 2487 2462 2466
f 2488 2499 2400
f 2488 2400 2394
f 2470 2463 2499
f 2470 2499 2488
f 2462 2498 2396
f 2462 2396 2400
f 2462 2400 2499
f 2462 2499 2463
f 2498 2397 2396
f 2498 2487 2393
f 2498 2393 2397
f 2389 2500 2471
f 2389 2471 2475
f 2389 2475 2501
f 2389 2501 2390
f 2389 2388 2500
f 2502 2500 2388
f 2502 2388 2392
f 2502 2468 2467
f 2500 2502 2467
f 2500 2467 2471
f 2475 2469 2503
f 2475 2503 2501
f 2501 2503 2395
f 2501 2395 2390
f 2395 2503 2469
f 2395 2469 2468
f 2395 2468 2502
f 2395 2502 2392
f 2504 2505 2385
f 2504 2385 2387
f 2476 2505 2477
f 2504 2473 2472
f 2505 2504 2472
f 2505 2472 2486
f 2505 2486 2477
f 2478 2484 2474
f 2478 2474 2506
f 2478 2506 2507
f 2507 2506 2391
f 2507 2391 2508
f 2507 2508 2386
f 2473 2504 2387
f 2473 2387 2391
f 2473 2391 2506
f 2473 2506 2474
f 2385 2505 2476
f 2385 2476 2478
f 2385 2478 2507
f 2385 2507 2386
f 2509 812 811
f 2509 811 2510
f 2509 2510 2511
f 2509 2511 2512
f 2511 2365 2364
f 2511 2364 2512
f 2391 2390 2395
f 2391 2395 2394
f 2391 2394 2400
f 2391 2400 2399
f 2391 2399 2402
f 2391 2402 2401
f 2391 2401 2405
f 2391 2405 819
f 2391 819 821
f 2391 821 1601
f 2391 1601 1600
f 2391 1600 2508
f 1600 1602 2363
f 1600 2363 2386
f 1600 2386 2508
f 2495 2404 2403
f 2495 2403 2398
f 2495 2398 2397
f 2495 2397 2393
f 2495 2393 2392
f 2495 2392 2388
f 2495 2388 2387
f 2495 2387 2385
f 2495 2385 2366
f 2495 2366 2365
f 2495 2365 2511
f 2495 2511 2510
f 811 810 2406
f 811 2406 2495
f 811 2495 2510
f 2509 2512 2364
f 2509 2364 1121
f 2509 1121 1122
f 1109 812 2509
f 1109 2509 1122
f 2513 2347 2358
f 2513 2358 2514
f 2347 2513 2515
f 2347 2515 2345
f 2514 2358 2348
f 2514 2348 2516
f 2348 2345 2515
f 2348 2515 2516
f 2517 2518 2519
f 2517 2519 2520
f 2516 2515 2520
f 2516 2520 2519
f 2514 2516 2519
f 2514 2519 2518
f 2518 2517 2513
f 2518 2513 2514
f 2513 2517 2520
f 2513 2520 2515
f 2364 2353 2352
f 2364 2352 2344
f 2364 2344 1120
f 2364 1120 1121
f 2344 2352 2361
f 2344 2361 2362
f 2344 2362 1597
f 2344 1597 1599
f 1596 1595 1500
f 1596 1500 1501
f 1596 1501 2521
f 1487 1486 1604
f 1487 1604 1606
f 1487 1606 2218
f 1487 2218 2522
f 1604 1486 1500
f 1604 1500 1595
f 750 752 1478
f 750 1478 2221
f 2221 1478 1482
f 2221 1482 1483
f 2221 1483 2522
f 2221 2522 2218
f 2323 2523 771
f 2323 771 1053
f 1596 2521 2523
f 1596 2523 2323
f 1575 1353 1364
f 1575 1364 1380
f 1575 1380 1581
f 1216 1215 2524
f 1216 2524 1565
f 1558 1346 1179
f 1558 1179 1178
f 1558 1561 1565
f 1558 1565 2524
f 1558 2524 1346
f 2525 2526 1354
f 2525 1354 1573
f 2525 1573 1589
f 1588 1581 1380
f 1588 1380 2527
f 1588 2527 2525
f 1588 2525 1589
f 1353 1575 1574
f 1353 1574 1573
f 1353 1573 1354
f 1491 1488 2528
f 1491 2528 2529
f 1502 1499 2530
f 1502 2530 2531
f 2532 2533 1487
f 2532 1487 2522
f 2532 2522 1463
f 2532 1463 1462
f 2534 2521 1501
f 2534 1501 2535
f 2534 2535 2536
f 2537 2538 2532
f 2537 2532 1462
f 2537 1462 1465
f 2537 1465 1469
f 2537 1469 1472
f 2537 1472 2539
f 2533 2532 2538
f 2533 2538 2540
f 2540 2538 2537
f 2540 2537 2541
f 2535 2541 2537
f 2535 2537 2539
f 2535 2539 2536
f 2522 1483 2542
f 2522 2542 1459
f 2522 1459 1463
f 2543 2544 1447
f 2543 1447 1449
f 2543 1449 2545
f 2542 2546 2547
f 2542 2547 2545
f 2542 2545 1449
f 2542 1449 1459
f 1484 2548 2549
f 1484 2549 2546
f 1484 2546 2542
f 1484 2542 1483
f 2550 2549 2548
f 2550 2548 2544
f 2550 2544 2543
f 2551 2552 2553
f 2551 2553 2554
f 1441 2555 2556
f 1441 2556 1442
f 2557 2558 2559
f 2557 2559 761
f 2557 761 760
f 1443 1442 2556
f 1443 2556 2560
f 1443 2560 2550
f 1443 2550 2543
f 2559 2555 1441
f 2559 1441 1446
f 2559 1446 762
f 2559 762 761
f 2561 2562 2549
f 2561 2549 2550
f 2561 2550 2560
f 2563 1473 1476
f 2563 1476 2562
f 2563 2562 2561
f 2557 2564 2558
f 2565 2564 2557
f 2565 2557 760
f 2565 760 758
f 2565 758 2566
f 2565 2566 1474
f 2565 1474 1473
f 2565 1473 2563
f 2544 2548 1484
f 2544 1484 1475
f 2544 1475 753
f 2544 753 759
f 2544 759 763
f 2544 763 822
f 2544 822 1445
f 2544 1445 1444
f 2544 1444 1447
f 2567 2568 2569
f 2567 2569 2570
f 2571 2572 2573
f 2571 2573 2574
f 1450 1461 2575
f 1450 2575 2576
f 1450 2576 826
f 1450 826 823
f 2577 2578 1460
f 2577 1460 1448
f 2577 1448 2545
f 2577 2545 2547
f 2573 2572 2575
f 2573 2575 1461
f 2573 1461 1460
f 2573 1460 2578
f 2579 2580 2581
f 2579 2581 2582
f 2546 2583 2584
f 2546 2584 2569
f 2546 2569 2568
f 2546 2568 2577
f 2546 2577 2547
f 1481 1480 2585
f 1481 2585 2584
f 1481 2584 2583
f 2586 2587 2588
f 2586 2588 2589
f 1479 2590 2591
f 1479 2591 2588
f 1479 2588 2587
f 1479 2587 2585
f 1479 2585 1480
f 2580 2579 2592
f 2580 2592 2593
f 2580 2593 757
f 2580 757 765
f 2580 765 826
f 2580 826 2576
f 2594 2590 1479
f 2594 1479 1477
f 2594 1477 2593
f 2594 2593 2592
f 2590 2594 2591
f 2584 2585 2563
f 2584 2563 2561
f 2562 1476 1481
f 2562 1481 2583
f 2562 2583 2546
f 2562 2546 2549
f 1448 1443 2543
f 1448 2543 2545
f 2568 2569 2584
f 2568 2584 2561
f 2568 2561 2560
f 2568 2560 2577
f 2578 2577 2560
f 2578 2560 2556
f 2594 2592 2564
f 2594 2564 2565
f 2593 1477 1474
f 2593 1474 2566
f 2593 2566 758
f 2593 758 757
f 2587 2588 2591
f 2587 2591 2594
f 2587 2594 2565
f 2587 2565 2563
f 2587 2563 2585
f 2576 2575 2555
f 2576 2555 2559
f 2555 2575 2572
f 2555 2572 2573
f 2555 2573 2578
f 2555 2578 2556
f 2554 2553 2580
f 2554 2580 2579
f 2558 2564 2592
f 2558 2592 2579
f 2558 2579 2580
f 2558 2580 2576
f 2558 2576 2559
f 2552 2551 2569
f 2552 2569 2568
f 2588 2587 2551
f 2588 2551 2554
f 2573 2572 2553
f 2573 2553 2552
f 2553 2595 2581
f 2553 2581 2580
f 2596 2552 2568
f 2596 2568 2567
f 2596 2597 2595
f 2587 2586 2598
f 2587 2598 2551
f 2598 2597 2596
f 2579 2582 2599
f 2579 2599 2554
f 2589 2588 2554
f 2589 2554 2599
f 2586 2589 2599
f 2586 2599 2598
f 2599 2582 2581
f 2599 2581 2595
f 2599 2595 2597
f 2599 2597 2598
f 2598 2570 2569
f 2598 2569 2551
f 2598 2596 2567
f 2598 2567 2570
f 2595 2553 2572
f 2595 2572 2571
f 2596 2574 2573
f 2596 2573 2552
f 2596 2595 2571
f 2596 2571 2574
f 823 762 1446
f 823 1446 1450
f 2523 2600 772
f 2523 772 771
f 2521 2534 2601
f 2521 2601 2600
f 2521 2600 2523
f 772 2600 2601
f 772 2601 1471
f 772 1471 1470
f 772 1470 773
f 2601 2534 2536
f 2601 2536 2539
f 2601 2539 1472
f 2601 1472 1471
f 1488 1487 2533
f 1488 2533 2528
f 1501 1502 2531
f 1501 2531 2535
f 2528 2533 2540
f 2528 2540 2602
f 2602 2540 2541
f 2602 2541 2530
f 2531 2530 2541
f 2531 2541 2535
f 1499 1503 2603
f 1499 2603 2530
f 2604 2605 2606
f 2604 2606 2607
f 2604 2607 2608
f 2609 2610 2611
f 2609 2611 2612
f 2609 2612 2613
f 2609 2613 2614
f 2607 2606 2610
f 2607 2610 2609
f 2607 2609 2615
f 2611 2529 2528
f 2611 2528 2602
f 2611 2602 2612
f 2602 2530 2603
f 2602 2603 2613
f 2602 2613 2612
f 2616 2608 1406
f 2616 1406 1408
f 1358 1357 1498
f 1358 1498 2617
f 1358 2617 1395
f 2617 1498 1495
f 2617 1495 1492
f 2617 1492 1491
f 2617 1491 2529
f 2617 2529 2611
f 2617 2611 2610
f 2617 2610 2606
f 2617 2606 2605
f 102 107 2618
f 102 2618 2619
f 2618 2617 2605
f 2618 2605 2619
f 107 106 1385
f 107 1385 2620
f 107 2620 2618
f 2620 1395 2617
f 2620 2617 2618
f 1497 1496 2607
f 1497 2607 2615
f 1493 1497 2615
f 1493 2615 2609
f 1503 1489 2613
f 1503 2613 2603
f 1494 1493 2609
f 1494 2609 2614
f 1489 1494 2614
f 1489 2614 2613
f 1496 1362 1361
f 1496 1361 1406
f 1496 1406 2608
f 1496 2608 2607
f 2621 2616 1408
f 2621 1408 1407
f 103 102 2619
f 103 2619 2622
f 2619 2605 2604
f 2619 2604 2623
f 2619 2623 1456
f 2619 1456 1455
f 2619 1455 2622
f 2604 2608 2616
f 2604 2616 2621
f 2604 2621 2624
f 2604 2624 2623
f 1467 2624 2621
f 1467 2621 2625
f 2625 2621 1407
f 2625 1407 1409
f 1467 2625 1409
f 1467 1409 1401
f 1437 1435 1433
f 1437 1433 2626
f 1437 2626 2627
f 1437 2627 2628
f 1437 2628 2629
f 1437 2629 2630
f 1437 2630 1438
f 2629 2628 2627
f 2629 2627 2626
f 2629 2626 1433
f 2629 1433 1435
f 2629 1435 1437
f 2629 1437 1438
f 2629 1438 2630
f 2631 2632 2633
f 2631 2633 2634
f 2635 2631 2634
f 2635 2634 2636
f 1452 1451 1457
f 1452 1457 2637
f 1452 2637 2635
f 1452 2635 2636
f 104 103 2622
f 104 2622 2638
f 2622 1455 2639
f 2622 2639 2638
f 99 2640 2641
f 99 2641 2642
f 99 2642 100
f 2640 2643 2644
f 2640 2644 2645
f 2640 2645 2641
f 2646 2647 2648
f 2646 2648 2649
f 2646 2649 2650
f 2646 2650 2651
f 2646 2651 2652
f 2642 2641 2645
f 2642 2645 2652
f 2642 2652 2651
f 496 504 2648
f 496 2648 2647
f 496 2647 2653
f 496 2653 2654
f 496 2654 497
f 2654 2655 498
f 2654 498 497
f 2656 1456 2623
f 2656 2623 2624
f 2656 2624 1467
f 2656 1467 1466
f 2656 1466 2657
f 2658 2656 2657
f 2658 2657 2659
f 2658 2659 2660
f 2661 2662 2658
f 2661 2658 2660
f 2661 2660 2663
f 2661 2663 2664
f 2639 2662 2661
f 2639 2661 2665
f 2639 2665 2666
f 2661 2664 2667
f 2661 2667 2668
f 2661 2668 2665
f 2652 2645 2644
f 2652 2644 2669
f 2652 2669 2670
f 2652 2670 2671
f 2652 2671 2646
f 2672 2669 2644
f 2672 2644 2643
f 2672 2643 2673
f 2672 2673 2674
f 2675 2676 2672
f 2675 2672 2674
f 2675 2674 2677
f 2677 2674 2673
f 2677 2673 2666
f 2677 2666 2665
f 2653 2647 2646
f 2653 2646 2671
f 2677 2665 2668
f 2677 2668 2678
f 2677 2678 2679
f 2677 2679 2680
f 2677 2680 2681
f 2677 2681 2675
f 2678 2626 2627
f 2678 2627 2682
f 2678 2682 2679
f 2682 2627 2628
f 2682 2628 2683
f 2680 2683 2628
f 2680 2628 2629
f 2680 2629 2681
f 2676 2675 2681
f 2676 2681 2629
f 2676 2629 2630
f 2684 2685 2686
f 2684 2686 2633
f 2684 2633 2632
f 2655 2654 2653
f 2655 2653 2685
f 2655 2685 2684
f 1457 1456 2656
f 1457 2656 2658
f 1457 2658 2662
f 1457 2662 2687
f 1457 2687 2637
f 2688 2689 2684
f 2688 2684 2632
f 2688 2632 2631
f 2690 2691 2688
f 2690 2688 2631
f 2690 2631 2635
f 2637 2687 2690
f 2637 2690 2635
f 2655 2684 2689
f 2655 2689 2670
f 2634 2633 2686
f 2634 2686 2692
f 2634 2692 2693
f 2636 2634 2693
f 2636 2693 2694
f 2636 2694 2695
f 2696 1453 1452
f 2696 1452 2636
f 2696 2636 2695
f 2689 2697 2671
f 2689 2671 2670
f 2662 2639 2698
f 2662 2698 2687
f 1455 1454 2698
f 1455 2698 2639
f 1454 1453 2696
f 1454 2696 2698
f 2694 2693 2692
f 2694 2692 2697
f 2694 2697 2689
f 2694 2689 2688
f 2694 2688 2691
f 2690 2687 2698
f 2690 2698 2696
f 2690 2696 2695
f 2690 2695 2694
f 2690 2694 2691
f 2671 2697 2685
f 2671 2685 2653
f 2697 2692 2686
f 2697 2686 2685
f 2699 2679 2682
f 2699 2682 2700
f 2699 2700 2701
f 2699 2701 2702
f 1419 1418 2639
f 1419 2639 2666
f 1419 2666 2673
f 1419 2673 1424
f 1384 105 104
f 1384 104 2638
f 1384 2638 2703
f 2638 2639 1418
f 2638 1418 2703
f 99 98 1387
f 99 1387 2704
f 99 2704 2640
f 2704 1424 2673
f 2704 2673 2643
f 2704 2643 2640
f 2657 1466 1405
f 2657 1405 1404
f 1416 2663 2660
f 1416 2660 1411
f 2659 2657 1404
f 2659 1404 1412
f 2660 2659 1412
f 2660 1412 1411
f 2626 2678 1431
f 2626 1431 1433
f 2664 2663 1416
f 2664 1416 1415
f 2664 1415 1422
f 2664 1422 2667
f 2668 2667 1422
f 2668 1422 1432
f 2678 2668 1432
f 2678 1432 1431
f 2655 2670 2669
f 2655 2669 1427
f 2655 1427 1392
f 2655 1392 1391
f 2655 1391 499
f 2655 499 498
f 1388 1386 2642
f 1388 2642 2651
f 2642 1386 101
f 2642 101 100
f 2705 2706 2707
f 2705 2707 2708
f 2705 2708 2709
f 2705 2709 2710
f 2711 2712 2713
f 2711 2713 2714
f 2711 2714 2705
f 2711 2705 2710
f 2715 2716 2717
f 2715 2717 2718
f 2715 2718 2707
f 2715 2707 2706
f 2714 2713 2716
f 2714 2716 2715
f 1388 2651 2650
f 1388 2650 1393
f 2650 2649 2709
f 2650 2709 2708
f 2650 2708 1394
f 2650 1394 1393
f 2719 2720 2721
f 2719 2721 2722
f 2719 2722 2708
f 2719 2708 2707
f 2707 2718 2723
f 2707 2723 2719
f 2724 2725 2726
f 2724 2726 2721
f 2724 2721 2720
f 2723 2718 2717
f 2723 2717 2725
f 2723 2725 2724
f 2727 2728 2729
f 2727 2729 2730
f 2727 2730 2731
f 2726 2731 2730
f 2726 2730 2732
f 2726 2732 2721
f 2733 2729 2728
f 2733 2728 2734
f 2722 2721 2732
f 2722 2732 2733
f 2722 2733 2734
f 2722 2734 2735
f 2712 2711 2736
f 2712 2736 2737
f 2712 2737 2738
f 2728 2727 2738
f 2728 2738 2737
f 2728 2737 2739
f 2728 2739 2734
f 2740 2736 2711
f 2740 2711 2710
f 2735 2734 2739
f 2735 2739 2740
f 2735 2740 2710
f 2735 2710 2709
f 2735 2709 2649
f 2735 2649 2648
f 2741 2737 2736
f 2741 2736 2742
f 2741 2742 2714
f 2741 2714 2715
f 2741 2715 2743
f 2741 2743 2744
f 2741 2744 2730
f 2741 2730 2729
f 2723 2724 2744
f 2723 2744 2743
f 2731 2726 2725
f 2731 2725 2717
f 2731 2717 2716
f 2731 2716 2713
f 2731 2713 2712
f 2731 2712 2738
f 2731 2738 2727
f 2733 2745 2741
f 2733 2741 2729
f 2746 2705 2714
f 2746 2714 2742
f 2745 2739 2737
f 2745 2737 2741
f 2740 2746 2742
f 2740 2742 2736
f 2746 2740 2739
f 2746 2739 2745
f 2706 2747 2743
f 2706 2743 2715
f 2748 2732 2730
f 2748 2730 2744
f 2748 2747 2706
f 2748 2706 2705
f 2748 2705 2746
f 2748 2746 2745
f 2748 2745 2733
f 2748 2733 2732
f 2747 2719 2723
f 2747 2723 2743
f 2720 2748 2744
f 2720 2744 2724
f 2720 2719 2747
f 2720 2747 2748
f 2735 2648 504
f 2735 504 503
f 2735 503 2722
f 1394 2708 2722
f 1394 2722 503
f 1394 503 502
f 2749 2750 2751
f 2749 2751 1429
f 2749 1429 1440
f 2751 2752 2753
f 2751 2753 2754
f 2751 2754 1430
f 2751 1430 1429
f 2755 2753 2752
f 2755 2752 2756
f 2757 2758 2759
f 2757 2759 2760
f 2757 2760 2699
f 2757 2699 2702
f 2758 2755 2756
f 2758 2756 2761
f 2758 2761 2759
f 2680 2679 2699
f 2680 2699 2760
f 1440 1434 2762
f 1440 2762 2763
f 1440 2763 2749
f 2750 2749 2763
f 2750 2763 2764
f 2750 2764 2765
f 2766 2767 2768
f 2766 2768 2769
f 2766 2769 2701
f 2766 2701 2700
f 2767 2770 2765
f 2767 2765 2764
f 2767 2764 2768
f 2682 2683 2766
f 2682 2766 2700
f 2769 2757 2702
f 2769 2702 2701
f 2770 2767 2759
f 2770 2759 2761
f 2767 2766 2760
f 2767 2760 2759
f 2683 2680 2760
f 2683 2760 2766
f 2764 2763 2753
f 2764 2753 2755
f 2765 2770 2761
f 2765 2761 2756
f 2765 2756 2752
f 2765 2752 2751
f 2765 2751 2750
f 2763 2762 2754
f 2763 2754 2753
f 2769 2768 2764
f 2769 2764 2755
f 2769 2755 2758
f 2769 2758 2757
f 2762 1434 1430
f 2762 1430 2754
f 1428 1427 2669
f 1428 2669 2672
f 1428 2672 2676
f 1428 2676 2630
f 1428 2630 1438
f 2629 2628 2627
f 2629 2627 2626
f 2629 2626 2771
f 2629 2771 2772
f 2629 2772 2630
f 2771 2626 1433
f 2771 1433 1436
f 1439 1438 2630
f 1439 2630 2772
f 2771 1436 1439
f 2771 1439 2772
f 2773 2774 2775
f 2773 2775 2776
f 2773 2776 2777
f 2773 2777 2778
f 2779 1350 1349
f 2779 1349 2773
f 2779 2773 2778
f 2780 2781 2774
f 2780 2774 2773
f 1349 1354 2526
f 1349 2526 2780
f 1349 2780 2773
f 2782 2783 2784
f 2782 2784 2781
f 2782 2781 2780
f 2526 2525 2782
f 2526 2782 2780
f 2785 2786 2787
f 2785 2787 2788
f 2785 2788 2789
f 1375 1383 2785
f 1375 2785 2789
f 2789 2788 2790
f 2789 2790 2791
f 2789 2791 2792
f 1376 1375 2789
f 1376 2789 2792
f 2793 2794 2795
f 2793 2795 2796
f 2797 2798 2799
f 2797 2799 2800
f 2797 2800 2801
f 2797 2801 2802
f 2803 2804 2805
f 2803 2805 2797
f 2803 2797 2802
f 2806 2807 2808
f 2806 2808 2809
f 2806 2809 2810
f 2803 2802 2801
f 2803 2801 2811
f 2803 2811 2812
f 2803 2812 2813
f 2807 2806 2804
f 2807 2804 2803
f 2807 2803 2813
f 2814 2815 2816
f 2814 2816 2817
f 2818 2819 2820
f 2818 2820 2821
f 2821 2820 2817
f 2821 2817 2816
f 2821 2816 2794
f 2821 2794 2793
f 2821 2793 2809
f 2821 2809 2808
f 2822 2823 2824
f 2822 2824 2825
f 2822 2825 2826
f 2827 2828 2829
f 2827 2829 2830
f 2827 2830 2831
f 2827 2831 2832
f 584 2829 2828
f 584 2828 2833
f 584 2833 2834
f 584 2834 2835
f 584 2835 568
f 593 592 2831
f 593 2831 2830
f 2827 2832 2836
f 2827 2836 2837
f 2811 2838 2839
f 2811 2839 2823
f 2811 2823 2840
f 2811 2840 2818
f 2811 2818 2812
f 2818 2821 2808
f 2818 2808 2807
f 2818 2807 2813
f 2818 2813 2812
f 2822 2823 2839
f 2822 2839 2841
f 2822 2841 2826
f 2842 2843 2844
f 2842 2844 2845
f 2841 2846 2847
f 2841 2847 2835
f 2841 2835 2834
f 2841 2834 2826
f 2801 2800 2838
f 2801 2838 2811
f 2844 2843 2847
f 2844 2847 2846
f 2806 2810 2848
f 2806 2848 2849
f 2806 2849 2850
f 2851 2852 2853
f 2851 2853 2805
f 2851 2805 2804
f 2850 2854 2851
f 2850 2851 2804
f 2850 2804 2806
f 2855 2856 2854
f 2855 2854 2850
f 2855 2850 2849
f 2852 2851 2854
f 2852 2854 2856
f 2857 2858 2859
f 2857 2859 2860
f 2857 2860 2861
f 2857 2861 2862
f 2863 2864 2857
f 2863 2857 2862
f 2864 2863 2865
f 2864 2865 2866
f 2864 2866 2867
f 2864 2867 2858
f 2864 2858 2857
f 2860 2859 2855
f 2860 2855 2849
f 2860 2849 2848
f 2860 2848 2868
f 2860 2868 2869
f 2860 2869 2870
f 2871 2861 2860
f 2871 2860 2870
f 2872 2796 2795
f 2872 2795 2873
f 2874 2875 2872
f 2874 2872 2873
f 2876 1183 1182
f 2876 1182 1348
f 2876 1348 2877
f 1180 1183 2876
f 1180 2876 2878
f 1180 2878 2879
f 1180 2879 1181
f 2879 2880 1162
f 2879 1162 1181
f 2881 2877 1348
f 2881 1348 1347
f 2881 1347 2882
f 2883 1355 1351
f 2883 1351 2884
f 2883 2884 2885
f 1350 2779 2886
f 1350 2886 2887
f 1350 2887 2888
f 1350 2888 2884
f 1350 2884 1351
f 2889 2886 2779
f 2889 2779 2778
f 2889 2778 2777
f 2890 2880 2879
f 2890 2879 2878
f 2890 2878 2891
f 2892 2893 2883
f 2892 2883 2885
f 2892 2885 2894
f 2892 2894 2895
f 2892 2895 2889
f 2892 2889 2777
f 2892 2777 2776
f 2881 2882 2896
f 2881 2896 2897
f 2881 2897 2898
f 2881 2898 2899
f 2898 2897 2900
f 2898 2900 2901
f 2898 2901 2902
f 2898 2902 2903
f 2898 2903 2904
f 2898 2904 2905
f 2898 2905 2906
f 2898 2906 2899
f 2907 2908 2892
f 2907 2892 2776
f 2907 2776 2775
f 2907 2775 2909
f 2910 1163 1162
f 2910 1162 2880
f 2910 2880 2890
f 2910 2890 2911
f 2912 2911 2890
f 2912 2890 2891
f 2912 2891 2913
f 2912 2913 2914
f 2912 2914 2915
f 2912 2915 2916
f 2915 2917 2918
f 2915 2918 2916
f 2919 2906 2905
f 2920 2919 2905
f 2920 2905 2904
f 2920 2904 2921
f 2920 2921 2922
f 2920 2922 2923
f 2920 2923 2924
f 2920 2924 2925
f 2924 2926 2927
f 2924 2927 2925
f 2928 2918 2917
f 2928 2917 2927
f 2928 2927 2926
f 2928 2926 2929
f 2927 2917 2930
f 2927 2930 2931
f 2876 2877 2932
f 2876 2932 2933
f 2934 2935 2936
f 2934 2936 2937
f 2934 2937 2938
f 2934 2938 2939
f 2887 2886 2940
f 2887 2940 2941
f 2884 2888 2942
f 2884 2942 2943
f 2942 2888 2887
f 2942 2887 2941
f 2942 2941 2937
f 2942 2937 2936
f 2920 2925 2927
f 2920 2927 2931
f 2920 2931 2944
f 2945 2946 2919
f 2945 2919 2920
f 2945 2920 2944
f 2876 2933 2947
f 2876 2947 2878
f 2933 2932 2948
f 2933 2948 2949
f 2933 2949 2947
f 2950 2949 2948
f 2950 2948 2946
f 2950 2946 2945
f 2950 2945 2951
f 2952 2950 2951
f 2951 2945 2944
f 2951 2944 2931
f 2951 2931 2930
f 2951 2930 2953
f 2951 2953 2952
f 2948 2899 2906
f 2948 2906 2919
f 2948 2919 2946
f 2953 2930 2917
f 2953 2917 2915
f 2953 2915 2914
f 2913 2950 2952
f 2913 2952 2953
f 2913 2953 2914
f 2891 2878 2947
f 2891 2947 2949
f 2891 2949 2950
f 2891 2950 2913
f 2932 2877 2881
f 2932 2881 2899
f 2932 2899 2948
f 2894 2885 2954
f 2894 2954 2955
f 2956 2957 2958
f 2956 2958 2895
f 2956 2895 2894
f 2956 2894 2955
f 2956 2955 2959
f 2956 2959 2960
f 2957 2956 2961
f 2957 2961 2962
f 2889 2895 2958
f 2889 2958 2963
f 2964 2965 2960
f 2964 2960 2959
f 2963 2962 2961
f 2963 2961 2939
f 2963 2939 2938
f 2963 2938 2940
f 2963 2940 2886
f 2963 2886 2889
f 2964 2954 2885
f 2964 2885 2884
f 2964 2884 2943
f 2964 2943 2935
f 2964 2935 2934
f 2964 2934 2965
f 2957 2962 2966
f 2957 2966 2967
f 2967 2966 2938
f 2967 2938 2937
f 2967 2937 2968
f 2967 2968 2969
f 2967 2969 2964
f 2967 2964 2959
f 2968 2936 2935
f 2968 2935 2969
f 2961 2956 2960
f 2961 2960 2965
f 2961 2965 2934
f 2961 2934 2939
f 2970 2963 2958
f 2970 2958 2971
f 2972 2973 2941
f 2972 2941 2940
f 2972 2940 2970
f 2972 2970 2971
f 2972 2971 2955
f 2972 2955 2954
f 2943 2942 2973
f 2943 2973 2972
f 2973 2942 2936
f 2973 2936 2968
f 2963 2970 2966
f 2963 2966 2962
f 2955 2971 2967
f 2955 2967 2959
f 2943 2972 2969
f 2943 2969 2935
f 2972 2954 2964
f 2972 2964 2969
f 2971 2958 2957
f 2971 2957 2967
f 2970 2940 2938
f 2970 2938 2966
f 2941 2973 2968
f 2941 2968 2937
f 1382 1381 2974
f 1382 2974 2975
f 1382 2975 2976
f 2785 1383 1382
f 2785 1382 2976
f 2785 2976 2977
f 2785 2977 2786
f 2977 2978 2787
f 2977 2787 2786
f 2867 2979 2980
f 2867 2980 2858
f 2858 2980 2981
f 2858 2981 2859
f 2981 2980 2982
f 2981 2982 2983
f 2981 2983 2984
f 2981 2984 2985
f 2986 2979 2867
f 2986 2867 2866
f 2986 2866 2987
f 2986 2987 2988
f 2989 2990 2986
f 2989 2986 2988
f 2991 2992 2993
f 2991 2993 2983
f 2991 2983 2982
f 2982 2980 2979
f 2982 2979 2986
f 2982 2986 2990
f 2994 2991 2982
f 2994 2982 2990
f 2995 2996 2997
f 2995 2997 2994
f 2995 2994 2990
f 2995 2990 2989
f 2995 2989 2998
f 2993 2992 2999
f 2993 2999 3000
f 2993 3000 3001
f 2993 3001 2984
f 2993 2984 2983
f 3001 3000 2999
f 3001 2999 3002
f 2912 2916 2918
f 2912 2918 2928
f 2912 2928 2985
f 2912 2985 2984
f 3001 3002 2911
f 3001 2911 2912
f 3001 2912 2984
f 2524 3003 3004
f 2524 3004 1346
f 3004 2882 1347
f 3004 1347 1346
f 2910 2911 3002
f 2910 3002 2999
f 2910 2999 3005
f 1163 2910 3005
f 1163 3005 3006
f 1163 3006 1164
f 3007 1211 1164
f 3007 1164 3006
f 2992 3007 3006
f 2992 3006 3005
f 2992 3005 2999
f 1215 1214 1213
f 1215 1213 3008
f 1215 3008 3009
f 1215 3009 3003
f 1215 3003 2524
f 1212 3010 3008
f 1212 3008 1213
f 1212 1211 3007
f 1212 3007 2992
f 1212 2992 3010
f 3011 3012 3013
f 3011 3013 3014
f 3015 3016 3017
f 3015 3017 3018
f 2909 2775 2774
f 2909 2774 3019
f 2994 2997 3020
f 2994 3020 3021
f 2994 3021 3022
f 2992 2991 3023
f 2992 3023 3024
f 2991 2994 3022
f 2991 3022 3023
f 3025 3026 3027
f 3025 3027 3028
f 3029 3030 3031
f 3029 3031 3019
f 3029 3019 2774
f 3029 2774 2781
f 3032 3031 3030
f 3032 3030 3033
f 3034 3033 3030
f 3034 3030 3029
f 3034 3029 3035
f 3034 3035 3036
f 3034 3036 3037
f 3034 3037 3038
f 3039 3040 3034
f 3039 3034 3038
f 2978 3039 3038
f 2978 3038 3037
f 2978 3037 2788
f 2978 2788 2787
f 3029 2781 2784
f 3029 2784 3035
f 2790 2788 3037
f 2790 3037 3036
f 3041 1374 1375
f 3041 1375 2789
f 3041 2789 2788
f 3041 2788 3037
f 3041 3037 3038
f 3041 3038 3039
f 2789 1375 1374
f 2789 1374 3041
f 2789 3041 3039
f 2789 3039 3038
f 2789 3038 3037
f 2789 3037 2788
f 1374 1373 3042
f 1374 3042 3043
f 1374 3043 3044
f 1374 3044 3045
f 1374 3045 3046
f 1374 3046 3047
f 1374 3047 3048
f 1374 3048 3049
f 1374 3049 3041
f 3046 3045 3044
f 3046 3044 3043
f 3046 3043 3042
f 3046 3042 1373
f 3046 1373 1374
f 3046 1374 3041
f 3046 3041 3049
f 3046 3049 3048
f 3046 3048 3047
f 3050 3051 3052
f 3050 3052 3053
f 3054 3055 3056
f 3054 3056 3057
f 3058 3059 3060
f 3058 3060 3061
f 3062 3063 3064
f 3062 3064 3065
f 3066 3067 3068
f 3066 3068 3069
f 3066 3069 3070
f 3066 3070 3071
f 3072 3073 3074
f 3072 3074 3075
f 3076 3036 3035
f 3076 3035 3077
f 2893 2892 3078
f 2893 3078 3079
f 3079 3078 3080
f 3079 3080 3081
f 3079 3081 3082
f 3083 3084 3085
f 3083 3085 3086
f 3083 3086 3082
f 3083 3082 3081
f 3083 3081 3087
f 3049 3088 3089
f 3049 3089 3041
f 3090 3058 3061
f 3090 3061 3091
f 3088 3049 3048
f 3088 3048 3092
f 3047 3093 3094
f 3047 3094 3092
f 3047 3092 3048
f 3094 3093 3095
f 3094 3095 3082
f 3094 3082 3086
f 3096 3079 3082
f 3096 3082 3095
f 2883 2893 3079
f 2883 3079 3096
f 3003 3009 3097
f 2896 2882 3004
f 2896 3004 3003
f 2896 3003 3097
f 1355 2883 3096
f 1355 3096 1356
f 3098 3099 3100
f 3098 3100 3101
f 3098 3101 3102
f 3098 3102 1363
f 3098 1363 1356
f 3098 1356 3096
f 3098 3096 3095
f 3103 3104 3102
f 3103 3102 3101
f 3103 3101 3105
f 3103 3105 3106
f 3103 3106 3043
f 3103 3043 3042
f 3107 3108 3100
f 3107 3100 3099
f 3107 3099 3109
f 3107 3109 3110
f 3107 3110 3045
f 3107 3045 3044
f 3101 3100 3108
f 3101 3108 3105
f 3107 3044 3043
f 3107 3043 3106
f 1373 1372 3103
f 1373 3103 3042
f 1377 1363 3102
f 1377 3102 3104
f 3111 3112 3098
f 3111 3098 3095
f 3111 3095 3093
f 3111 3093 3047
f 3111 3047 3046
f 3111 3046 3045
f 3111 3045 3110
f 3099 3098 3112
f 3099 3112 3109
f 3113 3114 3057
f 3113 3057 3074
f 3113 3074 3115
f 3113 3115 3116
f 3113 3116 3117
f 3113 3117 3118
f 3119 3114 3113
f 3119 3113 3120
f 3087 3091 3061
f 3087 3061 3056
f 3087 3056 3119
f 3087 3119 3120
f 3087 3120 3121
f 3087 3121 3083
f 3112 3122 3123
f 3112 3123 3109
f 3085 3084 3124
f 3085 3124 3125
f 3094 3086 3126
f 3127 3128 3129
f 3127 3129 3130
f 3115 3131 3132
f 3115 3132 3116
f 3121 3118 3117
f 3121 3117 3133
f 3121 3133 3134
f 3121 3134 3129
f 3121 3129 3128
f 3121 3128 3124
f 3121 3124 3084
f 3121 3084 3083
f 3135 3136 3137
f 3135 3137 3138
f 3139 3140 3141
f 3139 3141 3142
f 1380 1379 3143
f 1380 3143 3139
f 1380 3139 3142
f 1380 3142 3137
f 1380 3137 3136
f 1380 3136 3053
f 1380 3053 2527
f 3104 3144 1378
f 3104 1378 1377
f 3135 3138 3141
f 3135 3141 3140
f 3135 3140 3145
f 3135 3145 3146
f 3135 3146 3134
f 3135 3134 3133
f 3135 3133 3132
f 3135 3132 3131
f 3135 3131 3075
f 3135 3075 3052
f 3108 3147 3148
f 3108 3148 3105
f 3125 3127 3130
f 3125 3130 3146
f 3125 3146 3145
f 3125 3145 3143
f 3125 3143 1379
f 3125 1379 1378
f 3125 1378 3144
f 3125 3144 3148
f 3125 3148 3147
f 3125 3147 3123
f 3125 3123 3122
f 3125 3122 3126
f 3125 3126 3086
f 3125 3086 3085
f 3055 3149 3119
f 3055 3119 3056
f 3150 3151 3121
f 3150 3121 3120
f 3152 3092 3094
f 3152 3094 3126
f 3153 3154 3125
f 3153 3125 3124
f 3155 3156 3142
f 3155 3142 3141
f 3157 3158 3133
f 3157 3133 3117
f 3151 3159 3118
f 3151 3118 3121
f 3160 3161 3143
f 3160 3143 3145
f 3162 3163 3146
f 3162 3146 3130
f 3154 3164 3127
f 3154 3127 3125
f 3165 3166 3148
f 3165 3148 3144
f 3167 3168 3123
f 3167 3123 3147
f 3169 3152 3126
f 3169 3126 3122
f 3107 3167 3147
f 3107 3147 3108
f 3103 3165 3144
f 3103 3144 3104
f 3165 3103 1372
f 3165 1372 1371
f 3166 3106 3105
f 3166 3105 3148
f 3167 3107 3106
f 3167 3106 3166
f 3111 3169 3122
f 3111 3122 3112
f 3168 3110 3109
f 3168 3109 3123
f 3169 3111 3110
f 3169 3110 3168
f 3169 3168 3167
f 3169 3167 3166
f 3169 3166 3165
f 3169 3165 1371
f 3169 1371 1370
f 3169 1370 3161
f 3169 3161 3160
f 3169 3160 3163
f 3169 3163 3162
f 3169 3162 3164
f 3169 3164 3154
f 3169 3154 3152
f 3170 3171 3129
f 3170 3129 3134
f 3172 3173 3140
f 3172 3140 3139
f 3174 3153 3124
f 3174 3124 3128
f 3163 3170 3134
f 3163 3134 3146
f 3172 3139 3143
f 3172 3143 3161
f 1369 3172 3161
f 1369 3161 1370
f 3173 3160 3145
f 3173 3145 3140
f 3170 3163 3160
f 3170 3160 3173
f 3164 3174 3128
f 3164 3128 3127
f 3171 3162 3130
f 3171 3130 3129
f 3174 3164 3162
f 3174 3162 3171
f 3174 3171 3170
f 3174 3170 3173
f 3174 3173 3172
f 3174 3172 1369
f 3174 1369 1368
f 3174 1368 3156
f 3174 3156 3155
f 3174 3155 3158
f 3174 3158 3157
f 3174 3157 3159
f 3174 3159 3151
f 3174 3151 3153
f 3175 3157 3117
f 3175 3117 3116
f 3073 3176 3115
f 3073 3115 3074
f 3177 3175 3116
f 3177 3116 3132
f 3178 3179 3138
f 3178 3138 3137
f 3179 3155 3141
f 3179 3141 3138
f 3156 3178 3137
f 3156 3137 3142
f 3178 3156 1368
f 3178 1368 1367
f 3158 3177 3132
f 3158 3132 3133
f 3177 3158 3155
f 3177 3155 3179
f 3176 3180 3131
f 3176 3131 3115
f 3181 3182 3136
f 3181 3136 3135
f 3177 3179 3178
f 3177 3178 1367
f 3177 1367 1366
f 3177 1366 3182
f 3177 3182 3181
f 3177 3181 3180
f 3177 3180 3176
f 3177 3176 3175
f 3051 3181 3135
f 3051 3135 3052
f 3182 3050 3053
f 3182 3053 3136
f 1365 3050 3182
f 1365 3182 1366
f 3180 3072 3075
f 3180 3075 3131
f 3051 3072 3180
f 3051 3180 3181
f 3159 3183 3113
f 3159 3113 3118
f 3184 3054 3057
f 3184 3057 3114
f 3184 3183 3159
f 3184 3159 3157
f 3184 3157 3175
f 3184 3175 3176
f 3184 3176 3073
f 3184 3073 3054
f 3149 3184 3114
f 3149 3114 3119
f 3183 3150 3120
f 3183 3120 3113
f 3150 3183 3184
f 3150 3184 3149
f 3090 3089 3088
f 3090 3088 3092
f 3090 3092 3152
f 3090 3152 3154
f 3090 3154 3153
f 3090 3153 3151
f 3090 3151 3150
f 3090 3150 3149
f 3090 3149 3055
f 3090 3055 3058
f 3185 3071 3060
f 3185 3060 3186
f 3187 3077 3064
f 3187 3064 3188
f 3189 3065 3069
f 3189 3069 3190
f 3187 3188 3189
f 3187 3189 3190
f 3187 3190 3185
f 3187 3185 3186
f 3187 3186 3091
f 3187 3091 3087
f 3187 3087 3032
f 3187 3032 3033
f 3191 2902 2901
f 3191 2901 3192
f 3191 3192 3193
f 2903 2902 3191
f 2903 3191 3194
f 3195 2904 2903
f 3195 2903 3194
f 3195 3194 3196
f 3195 3196 3197
f 3197 3196 3198
f 3197 3198 3199
f 3197 3199 3024
f 3197 3024 3200
f 2904 3195 3201
f 2904 3201 2921
f 3197 3200 3201
f 3197 3201 3195
f 3009 3008 3202
f 3009 3202 3203
f 3009 3203 3097
f 3204 3205 3203
f 3204 3203 3202
f 3010 3206 3202
f 3010 3202 3008
f 3204 3207 3205
f 3202 3206 3199
f 3202 3199 3198
f 3202 3198 3193
f 3202 3193 3192
f 3202 3192 3207
f 3202 3207 3204
f 2992 3024 3199
f 2992 3199 3206
f 2992 3206 3010
f 2901 2900 3207
f 2901 3207 3192
f 2897 2896 3097
f 2897 3097 3203
f 2900 2897 3203
f 2900 3203 3205
f 2900 3205 3207
f 3208 3209 3210
f 3208 3210 2907
f 3208 2907 2909
f 3208 2909 3019
f 2892 2908 3211
f 2892 3211 3212
f 2892 3212 3078
f 2908 2907 3210
f 2908 3210 3211
f 3080 3078 3212
f 3080 3212 3213
f 3209 3208 3214
f 3209 3214 3215
f 3087 3081 3216
f 3087 3216 3031
f 3087 3031 3032
f 3081 3080 3213
f 3081 3213 3215
f 3081 3215 3214
f 3081 3214 3216
f 3214 3208 3019
f 3214 3019 3031
f 3214 3031 3216
f 3217 3218 3209
f 3217 3209 3215
f 3217 3215 3198
f 3217 3198 3196
f 3209 3218 3219
f 3209 3219 3210
f 3196 3194 3220
f 3196 3220 3217
f 3198 3215 3213
f 3198 3213 3193
f 3219 3220 3194
f 3219 3194 3191
f 3219 3191 3211
f 3219 3211 3210
f 3212 3211 3191
f 3212 3191 3193
f 3212 3193 3213
f 3218 3217 3026
f 3218 3026 3025
f 3220 3219 3028
f 3220 3028 3027
f 3219 3218 3025
f 3219 3025 3028
f 3217 3220 3027
f 3217 3027 3026
f 3034 3040 3221
f 3034 3221 3222
f 3222 3221 3223
f 3222 3223 3224
f 3222 3224 3063
f 3222 3063 3076
f 3062 3225 3226
f 3062 3226 3068
f 3066 3227 3228
f 3066 3228 3059
f 3089 3090 3228
f 3089 3228 3227
f 3089 3227 3226
f 3089 3226 3225
f 3089 3225 3224
f 3089 3224 3223
f 3068 3226 3190
f 3068 3190 3069
f 3228 3090 3091
f 3228 3091 3186
f 3226 3227 3185
f 3226 3185 3190
f 3059 3228 3186
f 3059 3186 3060
f 3227 3066 3071
f 3227 3071 3185
f 3063 3224 3188
f 3063 3188 3064
f 3225 3062 3065
f 3225 3065 3189
f 3188 3224 3225
f 3188 3225 3189
f 3034 3222 3187
f 3034 3187 3033
f 3222 3076 3077
f 3222 3077 3187
f 3041 3089 3223
f 3041 3223 3221
f 3041 3221 3040
f 3041 3040 3039
f 2782 2525 2527
f 2782 2527 3053
f 2782 3053 3052
f 2782 3052 3075
f 2782 3075 3074
f 2782 3074 3057
f 2782 3057 3056
f 2782 3056 3061
f 2782 3061 3060
f 2782 3060 3071
f 2782 3071 3070
f 2782 3070 2783
f 3070 3069 3065
f 3070 3065 3064
f 3070 3064 3077
f 3070 3077 3035
f 3070 3035 2784
f 3070 2784 2783
f 3066 3059 3058
f 3066 3058 3055
f 3066 3055 3054
f 3066 3054 3073
f 3066 3073 3072
f 3066 3072 3051
f 3066 3051 3050
f 3066 3050 1365
f 3066 1365 1376
f 3066 1376 2792
f 3066 2792 2791
f 3066 2791 3067
f 2791 2790 3036
f 2791 3036 3076
f 2791 3076 3063
f 2791 3063 3062
f 2791 3062 3068
f 2791 3068 3067
f 2975 3049 3041
f 2975 3041 2976
f 1381 1373 3042
f 1381 3042 3043
f 1381 3043 3044
f 1381 3044 3045
f 1381 3045 3046
f 1381 3046 3047
f 1381 3047 2974
f 2974 3047 3048
f 2974 3048 3049
f 2974 3049 2975
f 2977 2976 3041
f 2977 3041 3039
f 2977 3039 2978
f 3021 3020 3015
f 3021 3015 3229
f 2997 2996 3012
f 2997 3012 3011
f 2997 3011 3016
f 2997 3016 3015
f 2997 3015 3020
f 3201 3230 3231
f 3201 3231 2922
f 3201 2922 2921
f 3024 3232 3233
f 3024 3233 3200
f 3200 3233 3230
f 3200 3230 3201
f 3230 3233 3232
f 3230 3232 3234
f 3230 3234 3231
f 3232 3024 3023
f 3232 3023 3235
f 3232 3235 3234
f 3023 3022 3236
f 3023 3236 3235
f 3021 3229 3236
f 3021 3236 3022
f 3237 3012 2996
f 3237 2996 2995
f 3238 3239 3237
f 3238 3237 2995
f 3238 2995 2998
f 3015 3240 3241
f 3015 3241 3229
f 3239 3238 3242
f 3239 3242 3243
f 3239 3243 3016
f 3239 3016 3011
f 3240 3243 3242
f 3240 3242 3244
f 3240 3244 3241
f 3245 2856 2855
f 3245 2855 3246
f 3247 2852 2856
f 3247 2856 3245
f 3248 3249 2853
f 3248 2853 2852
f 3248 2852 3247
f 3248 3247 3250
f 3251 3252 3248
f 3251 3248 3250
f 3253 3254 3245
f 3253 3245 3246
f 3253 3246 3255
f 3253 3255 3256
f 3229 3241 3244
f 3229 3244 3252
f 3229 3252 3251
f 3229 3251 3236
f 3251 3250 3247
f 3251 3247 3245
f 3251 3245 3254
f 3236 3251 3254
f 3236 3254 3235
f 3235 3254 3253
f 3235 3253 3234
f 3234 3253 3256
f 3234 3256 3231
f 3256 3255 2929
f 3256 2929 2926
f 3256 2926 2924
f 3256 2924 2923
f 3231 3256 2923
f 3231 2923 2922
f 3242 3238 2998
f 3242 2998 2989
f 3242 2989 3252
f 3242 3252 3244
f 3257 3258 3014
f 3257 3014 3013
f 3259 3260 3018
f 3259 3018 3017
f 3239 3011 3014
f 3239 3014 3258
f 3237 3239 3258
f 3237 3258 3257
f 3012 3237 3257
f 3012 3257 3013
f 3016 3243 3259
f 3016 3259 3017
f 3243 3240 3260
f 3243 3260 3259
f 3240 3015 3018
f 3240 3018 3260
f 2859 2981 3261
f 2859 3261 3262
f 2859 3262 3246
f 2859 3246 2855
f 3263 3264 3265
f 3263 3265 3266
f 3246 3262 3267
f 3246 3267 3264
f 3246 3264 3263
f 3246 3263 3255
f 3261 3268 3267
f 3261 3267 3262
f 2981 2985 3266
f 2981 3266 3265
f 2981 3265 3268
f 2981 3268 3261
f 3263 3266 2985
f 3263 2985 2928
f 3263 2928 2929
f 3263 2929 3255
f 3264 3269 3270
f 3264 3270 3265
f 3271 3272 3267
f 3271 3267 3268
f 3272 3269 3264
f 3272 3264 3267
f 3268 3265 3270
f 3268 3270 3271
f 3271 3270 3269
f 3271 3269 3272
f 2989 2988 2987
f 2989 2987 3249
f 2989 3249 3248
f 2989 3248 3252
f 2987 2866 2853
f 2987 2853 3249
f 3273 3274 3275
f 3273 3275 586
f 3273 586 585
f 3273 585 3276
f 3277 3278 3279
f 3277 3279 3280
f 3277 3280 3274
f 3277 3274 3273
f 3281 3282 582
f 3281 582 579
f 3281 3283 3284
f 3281 3284 3282
f 3285 3276 585
f 3285 585 582
f 3285 582 3282
f 3284 3286 3285
f 3284 3285 3282
f 3277 3287 3288
f 3277 3288 3278
f 3286 3289 3290
f 3286 3290 3288
f 3286 3288 3287
f 3286 3287 3285
f 3291 3292 598
f 3291 598 597
f 3293 3294 3292
f 3293 3292 3291
f 3293 3291 3275
f 3293 3275 3274
f 3293 3274 3280
f 3295 3296 3294
f 3295 3294 3293
f 3281 579 578
f 3281 578 3297
f 3281 3297 3298
f 3299 3300 3301
f 3299 3301 3302
f 3299 3302 3283
f 3299 3283 3281
f 3299 3281 3298
f 3302 3301 3303
f 3302 3303 3304
f 3302 3304 3284
f 3302 3284 3283
f 3305 3306 3307
f 3305 3307 3308
f 3305 3308 3304
f 3305 3304 3303
f 3308 3307 3309
f 3308 3309 3290
f 3308 3290 3289
f 3310 3311 3312
f 3310 3312 3313
f 3314 3315 3316
f 3314 3316 3306
f 3314 3306 3305
f 3315 3317 3318
f 3315 3318 3319
f 3315 3319 3316
f 3320 3321 3322
f 3320 3322 3323
f 3324 3325 3321
f 3324 3321 3320
f 3324 3320 3318
f 3324 3318 3317
f 3324 3317 3326
f 2865 2863 3311
f 2865 3311 3310
f 2865 3310 3327
f 2863 2862 3312
f 2863 3312 3311
f 3312 2862 2861
f 3312 2861 2871
f 3312 2871 3326
f 3312 3326 3317
f 3312 3317 3315
f 3312 3315 3314
f 3312 3314 3313
f 2875 2874 3325
f 2875 3325 3324
f 1132 1136 3289
f 1132 3289 3286
f 1132 3286 3284
f 1132 3284 1133
f 1143 3304 3308
f 1143 3308 1144
f 3303 1142 1141
f 3303 1141 3305
f 1258 1150 1149
f 1258 1149 3301
f 1258 3301 3300
f 3301 1149 1142
f 3301 1142 3303
f 1156 3314 3305
f 1156 3305 1141
f 1231 3310 3313
f 1231 3313 1232
f 1227 1232 3313
f 1227 3313 3314
f 1227 3314 1156
f 3327 3310 1231
f 3327 1231 1230
f 1258 3300 3327
f 1258 3327 1230
f 1144 3308 3289
f 1144 3289 1136
f 3304 1143 1139
f 3304 1139 1138
f 3304 1138 1151
f 3304 1151 1129
f 3304 1129 1133
f 3304 1133 3284
f 3328 3329 3330
f 3328 3330 3331
f 3276 3328 3331
f 3276 3331 3332
f 3276 3332 3333
f 3276 3333 3273
f 3334 3330 3329
f 3334 3329 1125
f 3334 1125 1124
f 3334 1124 3335
f 3334 3335 3333
f 3334 3333 3332
f 3336 3337 3338
f 3336 3338 1128
f 3336 1128 1134
f 3336 1134 3339
f 3340 3338 3337
f 3340 3337 3341
f 3336 3339 3342
f 3336 3342 3343
f 3285 3287 3340
f 3285 3340 3341
f 3285 3341 3343
f 3285 3343 3342
f 3341 3337 3334
f 3341 3334 3332
f 1128 3338 3340
f 1128 3340 3287
f 1128 3287 3277
f 1128 3277 3273
f 1128 3273 3333
f 1128 3333 3335
f 1128 3335 1124
f 3336 3343 3331
f 3336 3331 3330
f 3343 3341 3332
f 3343 3332 3331
f 3337 3336 3330
f 3337 3330 3334
f 3285 3342 3339
f 3285 3339 1134
f 3285 1134 1312
f 3285 1312 1125
f 3285 1125 3329
f 3285 3329 3328
f 3285 3328 3276
f 3344 2840 2823
f 3344 2823 2822
f 3344 2822 3345
f 3346 2818 2840
f 3346 2840 3344
f 3346 3344 3347
f 3346 3347 3348
f 3346 3348 3349
f 2826 2834 3350
f 2826 3350 3351
f 2826 3351 3352
f 2826 3352 3353
f 2826 3353 3345
f 2826 3345 2822
f 3307 3306 3316
f 3307 3316 3346
f 3307 3346 3349
f 3307 3349 3354
f 3307 3354 3309
f 3354 3351 3350
f 3354 3350 3278
f 3354 3278 3288
f 3354 3288 3290
f 3354 3290 3309
f 3344 3355 3356
f 3344 3356 3357
f 3344 3357 3358
f 3344 3358 3347
f 3359 3360 3361
f 3359 3361 3362
f 3359 3362 3348
f 3359 3348 3347
f 3359 3347 3358
f 3348 3362 3363
f 3348 3363 3364
f 3348 3364 3365
f 3348 3365 3349
f 3364 3363 3366
f 3364 3366 3367
f 3364 3367 3357
f 3364 3357 3356
f 3368 3369 2819
f 3368 2819 2818
f 3368 2818 3346
f 3316 3319 3370
f 3316 3370 3368
f 3316 3368 3346
f 3371 2815 2814
f 3371 2814 3372
f 3371 3372 3373
f 3371 3373 3374
f 3371 3374 3375
f 3323 3322 3371
f 3323 3371 3375
f 3376 3377 3378
f 3376 3378 3379
f 3380 3381 3382
f 3380 3382 3383
f 3384 3385 3386
f 3384 3386 3374
f 3384 3374 3373
f 3384 3373 3387
f 3387 3373 3372
f 3387 3372 3388
f 3387 3388 3389
f 3387 3389 3390
f 3391 3385 3384
f 3391 3384 3392
f 3382 3381 3378
f 3382 3378 3377
f 3382 3377 3388
f 3382 3388 3372
f 3382 3372 2814
f 3382 2814 2817
f 3393 3375 3374
f 3393 3374 3386
f 3393 3386 3394
f 3393 3394 3395
f 3396 3397 3320
f 3396 3320 3323
f 3396 3323 3375
f 3396 3375 3393
f 3396 3398 3399
f 3396 3399 3397
f 3395 3394 3391
f 3395 3391 3392
f 3395 3392 3390
f 3395 3390 3389
f 3395 3389 3376
f 3395 3376 3379
f 3395 3379 3380
f 3395 3380 3383
f 3395 3383 2793
f 3395 2793 2796
f 3395 2796 2872
f 2875 3324 3399
f 2875 3399 3398
f 2875 3398 3395
f 2875 3395 2872
f 3321 3325 2874
f 3321 2874 2873
f 3321 2873 2795
f 3321 2795 2794
f 3321 2794 2816
f 3321 2816 2815
f 3321 2815 3371
f 3321 3371 3322
f 3400 3401 3402
f 3400 3402 3403
f 3369 3404 3405
f 3369 3405 3406
f 3369 3406 3407
f 3369 3407 3408
f 3369 3408 3409
f 3369 3409 3410
f 3369 3410 3402
f 3369 3402 3401
f 3369 3401 2820
f 3369 2820 2819
f 3411 3406 3405
f 3411 3405 3412
f 3407 3413 3414
f 3407 3414 3408
f 3404 3369 3368
f 3404 3368 3415
f 3404 3415 3416
f 3404 3416 3417
f 3418 3415 3368
f 3418 3368 3370
f 3418 3370 3419
f 3418 3419 3420
f 3418 3420 3421
f 3318 3419 3370
f 3318 3370 3319
f 3422 2869 2868
f 3422 2868 3423
f 3422 3423 3410
f 3422 3410 3409
f 3400 3403 3423
f 3400 3423 2868
f 3400 2868 2848
f 3400 2848 2810
f 3400 2810 2809
f 3414 3413 3411
f 3414 3411 3412
f 3414 3412 3417
f 3414 3417 3416
f 3414 3416 3421
f 3414 3421 3420
f 3414 3420 3326
f 3414 3326 2871
f 3414 2871 2870
f 3414 2870 2869
f 3414 2869 3422
f 3422 3409 3377
f 3422 3377 3376
f 3404 3417 3394
f 3404 3394 3386
f 3421 3416 3395
f 3421 3395 3398
f 3326 3420 3399
f 3326 3399 3324
f 3419 3318 3320
f 3419 3320 3397
f 3415 3418 3396
f 3415 3396 3393
f 3416 3415 3393
f 3416 3393 3395
f 3396 3418 3421
f 3396 3421 3398
f 3419 3397 3399
f 3419 3399 3420
f 3422 3376 3389
f 3422 3389 3414
f 3411 3413 3390
f 3411 3390 3392
f 3417 3412 3391
f 3417 3391 3394
f 3405 3404 3386
f 3405 3386 3385
f 3409 3408 3388
f 3409 3388 3377
f 3407 3406 3384
f 3407 3384 3387
f 3413 3407 3387
f 3413 3387 3390
f 3412 3405 3385
f 3412 3385 3391
f 3406 3411 3392
f 3406 3392 3384
f 3414 3389 3388
f 3414 3388 3408
f 3402 3410 3378
f 3402 3378 3381
f 2820 3401 3382
f 2820 3382 2817
f 3400 2809 2793
f 3400 2793 3383
f 3423 3403 3380
f 3423 3380 3379
f 3410 3423 3379
f 3410 3379 3378
f 3401 3400 3383
f 3401 3383 3382
f 3403 3402 3381
f 3403 3381 3380
f 3352 3424 3425
f 3352 3425 3426
f 3352 3426 3427
f 3352 3427 3353
f 3428 3429 3430
f 3428 3430 3431
f 3428 3431 3432
f 3428 3432 3433
f 3433 3432 3424
f 3433 3424 3352
f 3433 3352 3351
f 3433 3351 3434
f 3435 3345 3353
f 3435 3353 3427
f 3435 3427 3429
f 3435 3429 3428
f 3354 3349 3365
f 3354 3365 3434
f 3354 3434 3351
f 3355 3344 3345
f 3355 3345 3435
f 3436 3437 3430
f 3436 3430 3429
f 3436 3429 3438
f 3439 3440 3441
f 3439 3441 3431
f 3439 3431 3430
f 3439 3430 3437
f 3432 3431 3441
f 3432 3441 3442
f 3432 3442 3443
f 3432 3443 3444
f 3440 3439 3445
f 3440 3445 3446
f 3367 3447 3448
f 3367 3448 3449
f 3367 3449 3357
f 3450 3451 3443
f 3450 3443 3442
f 3451 3450 3452
f 3451 3452 3453
f 3451 3453 3366
f 3451 3366 3363
f 3451 3363 3454
f 3366 3453 3455
f 3366 3455 3456
f 3366 3456 3447
f 3366 3447 3367
f 3457 3444 3443
f 3457 3443 3451
f 3457 3451 3454
f 3448 3458 3459
f 3448 3459 3452
f 3448 3452 3450
f 3448 3450 3442
f 3448 3442 3446
f 3448 3446 3445
f 3448 3445 3436
f 3448 3436 3438
f 3448 3438 3460
f 3448 3460 3449
f 3458 3456 3455
f 3458 3455 3459
f 3365 3364 3356
f 3365 3356 3355
f 3365 3355 3435
f 3365 3435 3428
f 3365 3428 3433
f 3365 3433 3434
f 3461 3462 3440
f 3461 3440 3446
f 3463 3464 3459
f 3463 3459 3455
f 3465 3466 3362
f 3465 3362 3361
f 3465 3361 3463
f 3467 3466 3465
f 3467 3465 3468
f 3467 3468 3469
f 3467 3469 3470
f 3467 3470 3471
f 3467 3471 3472
f 3467 3472 3473
f 3461 3474 3469
f 3461 3469 3468
f 3461 3468 3464
f 3470 3469 3474
f 3470 3474 3471
f 3471 3474 3475
f 3471 3475 3476
f 3471 3476 3472
f 3424 3476 3475
f 3424 3475 3462
f 3424 3462 3425
f 3444 3457 3473
f 3444 3473 3472
f 3444 3472 3476
f 3444 3476 3424
f 3444 3424 3432
f 3474 3461 3446
f 3474 3446 3442
f 3468 3465 3453
f 3468 3453 3452
f 3454 3363 3362
f 3454 3362 3466
f 3454 3466 3467
f 3454 3467 3473
f 3454 3473 3457
f 3465 3463 3455
f 3465 3455 3453
f 3464 3468 3452
f 3464 3452 3459
f 3462 3475 3441
f 3462 3441 3440
f 3475 3474 3442
f 3475 3442 3441
f 3477 3478 3445
f 3477 3445 3439
f 3479 3480 3456
f 3479 3456 3458
f 3462 3461 3464
f 3462 3464 3463
f 3462 3463 3361
f 3462 3361 3360
f 3462 3360 3480
f 3462 3480 3479
f 3462 3479 3478
f 3462 3478 3477
f 3462 3477 3426
f 3462 3426 3425
f 3426 3477 3481
f 3426 3481 3482
f 3426 3482 3427
f 3483 3482 3481
f 3483 3481 3484
f 3484 3478 3479
f 3484 3479 3485
f 3484 3485 3486
f 3484 3486 3487
f 3484 3487 3483
f 3488 3359 3358
f 3488 3358 3486
f 3488 3486 3485
f 3360 3359 3488
f 3360 3488 3480
f 3486 3358 3357
f 3486 3357 3449
f 3486 3449 3460
f 3486 3460 3487
f 3485 3479 3458
f 3485 3458 3448
f 3480 3488 3447
f 3480 3447 3456
f 3488 3485 3448
f 3488 3448 3447
f 3484 3481 3437
f 3484 3437 3436
f 3478 3484 3436
f 3478 3436 3445
f 3481 3477 3439
f 3481 3439 3437
f 3482 3483 3487
f 3482 3487 3460
f 3482 3460 3438
f 3482 3438 3429
f 3482 3429 3427
f 3350 2834 2833
f 3350 2833 3489
f 3279 3278 3350
f 3279 3350 3489
f 3490 2837 2836
f 3490 2836 3491
f 3296 3295 3490
f 3296 3490 3491
f 3492 3493 3494
f 3492 3494 3495
f 3492 3495 3496
f 3492 3496 3497
f 3492 3497 3498
f 3492 3498 3499
f 3492 3499 3500
f 3492 3500 3501
f 3492 3501 2827
f 3492 2827 2837
f 3492 2837 3490
f 3295 3293 3502
f 3295 3502 3503
f 3295 3503 3492
f 3295 3492 3490
f 3504 3503 3502
f 3504 3502 3505
f 3506 3507 3504
f 3506 3504 3505
f 3506 3505 3291
f 3506 3291 597
f 3506 597 596
f 3506 596 595
f 3506 595 3508
f 3509 3510 3511
f 3509 3511 3512
f 3509 3512 3513
f 3509 3513 3514
f 3509 3514 3515
f 3509 3515 594
f 3509 594 593
f 3509 593 2830
f 3508 595 594
f 3508 594 3515
f 3508 3515 3495
f 3508 3495 3494
f 3506 3493 3492
f 3506 3492 3507
f 3513 3497 3496
f 3513 3496 3514
f 3500 3510 3509
f 3500 3509 3501
f 3511 3499 3498
f 3511 3498 3512
f 591 598 3292
f 591 3292 3294
f 591 3294 3296
f 591 3296 3491
f 591 3491 2836
f 591 2836 2832
f 591 2832 2831
f 591 2831 592
f 3516 3275 3291
f 3516 3291 3505
f 3517 3518 3504
f 3517 3504 3507
f 3519 3515 3514
f 3519 3514 3520
f 3521 3522 3506
f 3521 3506 3508
f 3523 3524 3513
f 3523 3513 3512
f 3525 3511 3510
f 3525 3510 3526
f 2829 3527 3509
f 2829 3509 2830
f 3280 3528 3502
f 3280 3502 3293
f 3529 3530 3492
f 3529 3492 3503
f 3531 2828 2827
f 3531 2827 3501
f 3532 3533 3496
f 3532 3496 3495
f 3534 3535 3500
f 3534 3500 3499
f 3536 3537 3494
f 3536 3494 3493
f 3538 3539 3498
f 3538 3498 3497
f 3489 2833 2828
f 3489 2828 3531
f 3489 3531 3535
f 3489 3535 3534
f 3489 3534 3539
f 3489 3539 3538
f 3489 3538 3533
f 3489 3533 3532
f 3489 3532 3537
f 3489 3537 3536
f 3489 3536 3530
f 3529 3528 3280
f 3529 3280 3279
f 3529 3279 3489
f 3529 3489 3530
f 3539 3523 3512
f 3539 3512 3498
f 3522 3536 3493
f 3522 3493 3506
f 3530 3517 3507
f 3530 3507 3492
f 3529 3518 3516
f 3529 3516 3528
f 3528 3516 3505
f 3528 3505 3502
f 3518 3529 3503
f 3518 3503 3504
f 3536 3522 3517
f 3536 3517 3530
f 3521 3537 3532
f 3521 3532 3519
f 3538 3524 3520
f 3538 3520 3533
f 3524 3538 3497
f 3524 3497 3513
f 3519 3532 3495
f 3519 3495 3515
f 3537 3521 3508
f 3537 3508 3494
f 3533 3520 3514
f 3533 3514 3496
f 3525 3534 3499
f 3525 3499 3511
f 3534 3525 3523
f 3534 3523 3539
f 3535 3531 3527
f 3535 3527 3526
f 3500 3535 3526
f 3500 3526 3510
f 3527 3531 3501
f 3527 3501 3509
f 3517 3522 3521
f 3517 3521 3519
f 3517 3519 3520
f 3517 3520 3524
f 3517 3524 3523
f 3517 3523 3525
f 3517 3525 3526
f 3517 3526 3527
f 3517 3527 2829
f 3517 2829 584
f 3517 584 583
f 586 3275 3516
f 586 3516 3518
f 586 3518 3517
f 586 3517 583
f 2797 2805 2853
f 2797 2853 2866
f 2797 2866 3540
f 2797 3540 2798
f 3540 3541 3542
f 3540 3542 2799
f 3540 2799 2798
f 3541 577 576
f 3541 576 575
f 3541 575 2842
f 3541 2842 2845
f 3541 2845 3542
f 2866 2865 3327
f 2866 3327 3300
f 2866 3300 3299
f 2866 3299 3540
f 3299 3298 3297
f 3299 3297 3541
f 3299 3541 3540
f 3297 578 577
f 3297 577 3541
f 3543 3544 3545
f 3543 3545 3546
f 3547 3548 3544
f 3547 3544 3543
f 3547 3543 3549
f 3550 3551 3552
f 3550 3552 3553
f 3550 3553 3554
f 3550 3554 3555
f 3556 3557 3551
f 3556 3551 3550
f 3556 3550 3558
f 3559 3560 431
f 3559 431 430
f 3559 430 3561
f 3562 3560 3559
f 3562 3559 3563
f 3564 3562 3563
f 3564 3563 3565
f 3564 3565 3545
f 3564 3545 3544
f 3564 3544 3548
f 3566 3564 3548
f 3566 3548 3547
f 3566 3547 3567
f 3566 3567 3568
f 3569 3570 3571
f 3569 3571 3566
f 3569 3566 3568
f 3569 3568 3572
f 3569 3572 3573
f 3552 3574 3570
f 3552 3570 3569
f 3552 3569 3553
f 3569 3573 3575
f 3569 3575 3554
f 3569 3554 3553
f 3576 3564 3566
f 3576 3566 3571
f 3576 3571 3577
f 3576 3577 3578
f 3576 3578 3579
f 3570 3580 3577
f 3570 3577 3571
f 3579 3578 3581
f 3579 3581 3582
f 3583 3584 3585
f 3583 3585 3582
f 3583 3582 3581
f 3583 3581 3580
f 3583 3580 3570
f 3583 3570 3574
f 3583 3574 3586
f 3584 3587 3588
f 3584 3588 3585
f 3589 3590 3583
f 3589 3583 3586
f 3591 3592 3593
f 3591 3593 3588
f 3591 3588 3587
f 3591 3587 3590
f 3591 3590 3589
f 3591 3589 3594
f 3595 3596 3591
f 3595 3591 3594
f 3597 3598 3599
f 3597 3599 3600
f 3598 3601 3602
f 3598 3602 3599
f 3603 3604 3605
f 3603 3605 3606
f 3603 3606 3607
f 3551 3557 3606
f 3551 3606 3605
f 3551 3605 3608
f 3551 3608 3609
f 3551 3609 3610
f 3551 3610 3611
f 3551 3611 3612
f 3551 3612 3595
f 3551 3595 3594
f 3551 3594 3589
f 3551 3589 3586
f 3551 3586 3574
f 3551 3574 3552
f 3613 3614 3615
f 3613 3615 3616
f 3613 3616 3617
f 3613 3617 3618
f 3613 3618 3619
f 3618 3620 3621
f 3618 3621 3622
f 3618 3622 3619
f 3623 3624 3611
f 3623 3611 3610
f 3623 3610 3625
f 3623 3625 3626
f 3611 3624 3627
f 3611 3627 3612
f 3612 3627 3628
f 3612 3628 3629
f 3612 3629 3596
f 3612 3596 3595
f 3630 3631 3632
f 3630 3632 3633
f 3630 3633 3634
f 3614 3635 3636
f 3614 3636 3615
f 3631 3616 3615
f 3631 3615 3636
f 3631 3636 3632
f 3637 3638 3634
f 3637 3634 3633
f 3637 3633 3635
f 3637 3635 3614
f 3637 3614 3613
f 3637 3613 3639
f 3613 3619 3622
f 3613 3622 3640
f 3613 3640 3641
f 3613 3641 3639
f 3616 3631 3630
f 3616 3630 3642
f 3616 3642 3643
f 3616 3643 3644
f 3616 3644 3609
f 3616 3609 3608
f 3616 3608 3617
f 3608 3605 3604
f 3608 3604 3645
f 3608 3645 3620
f 3608 3620 3618
f 3608 3618 3617
f 3609 3644 3625
f 3609 3625 3610
f 3629 3628 3623
f 3629 3623 3626
f 3629 3626 3643
f 3629 3643 3642
f 3629 3642 3593
f 3629 3593 3592
f 3646 3647 3648
f 3646 3648 3649
f 3650 3651 3652
f 3650 3652 3653
f 3650 3653 3654
f 3653 3652 3637
f 3653 3637 3639
f 3653 3639 3641
f 3653 3641 3655
f 3648 3647 3651
f 3648 3651 3650
f 3648 3650 3656
f 3657 3658 3659
f 3657 3659 3660
f 3661 3662 3663
f 3661 3663 3664
f 3665 3666 3667
f 3665 3667 3668
f 3669 3670 3671
f 3669 3671 3672
f 3669 3672 3673
f 3672 3674 3675
f 3672 3675 3676
f 3672 3676 3673
f 3677 3678 3679
f 3677 3679 3680
f 3679 3681 3682
f 3679 3682 3683
f 3679 3683 3684
f 3679 3684 3680
f 3682 3597 3600
f 3682 3600 3683
f 3678 3685 3686
f 3678 3686 3687
f 3678 3687 3688
f 3678 3688 3679
f 3688 3689 3681
f 3688 3681 3679
f 3685 3678 3677
f 3685 3677 3671
f 3685 3671 3670
f 3685 3670 3690
f 3685 3690 3691
f 3685 3691 3692
f 3693 3686 3685
f 3693 3685 3692
f 3672 3671 3677
f 3672 3677 3680
f 3672 3680 3674
f 3680 3684 3675
f 3680 3675 3674
f 3694 3695 3691
f 3694 3691 3690
f 3696 3697 3698
f 3696 3698 3699
f 3696 3699 3700
f 3696 3700 470
f 3696 470 469
f 3696 469 3701
f 3702 3703 3704
f 3702 3704 3705
f 3702 3705 3706
f 3702 3706 3707
f 3708 3709 3710
f 3708 3710 3711
f 3708 3711 3712
f 3708 3712 3713
f 3714 3715 3716
f 3714 3716 3717
f 3700 3699 3718
f 3700 3718 3719
f 3705 3708 3713
f 3705 3713 3706
f 3720 3721 3722
f 3720 3722 3723
f 3720 3723 3724
f 3725 3726 3727
f 3725 3727 3728
f 3725 3728 3729
f 3725 3729 3730
f 3731 3732 3733
f 3731 3733 3734
f 3731 3734 3725
f 3731 3725 3730
f 3735 3704 3703
f 3735 3703 3736
f 3735 3736 3737
f 3738 3690 3670
f 3738 3670 3669
f 3738 3669 3739
f 3710 3709 3738
f 3710 3738 3739
f 3710 3739 3740
f 3692 3691 3735
f 3692 3735 3737
f 3692 3737 3693
f 3729 3728 3741
f 3729 3741 3742
f 3729 3742 3743
f 3729 3743 3744
f 3729 3744 3745
f 3712 3711 3731
f 3712 3731 3730
f 3712 3730 3729
f 3712 3729 3745
f 3697 3746 3747
f 3697 3747 3748
f 3697 3748 3749
f 3697 3749 3750
f 3697 3750 3698
f 3751 3744 3743
f 3751 3743 3752
f 3722 3721 3751
f 3722 3751 3752
f 3753 3754 3755
f 3753 3755 3756
f 3753 3756 3757
f 3753 3757 3758
f 3753 3758 3759
f 3753 3759 3760
f 3761 3727 3762
f 3761 3762 3763
f 3710 3740 3732
f 3710 3732 3731
f 3710 3731 3711
f 3702 3707 3720
f 3702 3720 3724
f 3702 3724 3764
f 3702 3764 3765
f 3702 3765 3766
f 3767 3736 3703
f 3767 3703 3702
f 3767 3702 3766
f 3768 3769 3770
f 3768 3770 3771
f 3757 3772 3773
f 3757 3773 3758
f 3773 3772 3774
f 3773 3774 3775
f 3773 3775 3776
f 3773 3776 3777
f 3778 3774 3772
f 3778 3772 3757
f 3778 3757 3756
f 3778 3756 3779
f 3778 3779 3780
f 89 3781 3782
f 89 3782 3783
f 89 3783 90
f 3782 3784 3785
f 3782 3785 3786
f 3782 3786 3783
f 3782 3781 1386
f 3782 1386 1390
f 3782 1390 3784
f 1390 1392 3785
f 1390 3785 3784
f 3787 3788 3789
f 3787 3789 3790
f 3787 3790 3791
f 3787 3791 3735
f 3787 3735 3738
f 3791 3790 3789
f 3791 3789 3788
f 3791 3788 3787
f 3791 3787 3738
f 3791 3738 3735
f 3759 3758 3792
f 3759 3792 3793
f 3714 3717 3794
f 3714 3794 3795
f 3759 3793 3796
f 3759 3796 3777
f 3792 3758 3773
f 3792 3773 3797
f 3797 3773 3777
f 3797 3777 3796
f 3798 3799 3800
f 3798 3800 3801
f 3799 3797 3796
f 3799 3796 3800
f 3797 3799 3798
f 3797 3798 3792
f 3792 3798 3801
f 3792 3801 3793
f 3796 3793 3801
f 3796 3801 3800
f 3769 3768 3802
f 3769 3802 3803
f 3771 3770 3804
f 3771 3804 3805
f 3802 3805 3804
f 3802 3804 3803
f 3769 3803 3804
f 3769 3804 3770
f 3768 3771 3805
f 3768 3805 3802
f 3806 3807 3808
f 3806 3808 3809
f 3806 3810 3811
f 3806 3811 3812
f 3806 3812 3813
f 3806 3813 3807
f 3814 3815 3816
f 3814 3816 3817
f 3814 3817 3818
f 3814 3818 3819
f 3815 3820 3821
f 3815 3821 3816
f 3822 3823 3818
f 3822 3818 3817
f 3822 3821 3820
f 3822 3820 3824
f 3822 3824 3825
f 3822 3825 3809
f 3822 3809 3808
f 3822 3808 3823
f 3824 3811 3810
f 3824 3810 3825
f 3826 3827 3812
f 3826 3812 3811
f 3826 3811 3824
f 3826 3824 3820
f 3826 3820 3815
f 3826 3815 3814
f 3828 3829 3813
f 3828 3813 3812
f 3828 3812 3827
f 3828 3827 3830
f 3828 3830 3831
f 3830 3791 3790
f 3830 3790 3832
f 3830 3832 3831
f 3789 3833 3834
f 3789 3834 3832
f 3789 3832 3790
f 3835 3836 3837
f 3835 3837 3829
f 3835 3829 3828
f 3838 3836 3835
f 3838 3835 3839
f 3838 3839 3840
f 3839 3834 3833
f 3839 3833 3841
f 3839 3841 3842
f 3839 3842 3840
f 3843 3844 3845
f 3843 3845 3846
f 3843 3846 3838
f 3843 3838 3840
f 3847 3843 3840
f 3847 3840 3842
f 1422 1421 1420
f 1422 1420 3844
f 1422 3844 3843
f 1422 3843 3847
f 3848 1413 1410
f 3848 1410 1403
f 3848 1403 1398
f 3848 1398 1397
f 3848 1397 3849
f 3848 3849 3850
f 3848 3850 3851
f 3848 3851 3852
f 3851 3850 3853
f 3851 3853 3854
f 3855 3856 93
f 3855 93 92
f 3856 3855 1385
f 3856 1385 1384
f 3857 3856 1384
f 3857 1384 2703
f 3857 2703 1418
f 3857 1418 1417
f 3857 1417 3858
f 1417 1413 3848
f 1417 3848 3858
f 1395 2620 1385
f 1395 1385 3855
f 1395 3855 3859
f 1395 3859 3860
f 1395 3860 1396
f 3860 3849 1397
f 3860 1397 1396
f 3861 3851 3854
f 3861 3854 3862
f 3863 97 96
f 3863 96 3864
f 3862 3854 3853
f 3862 3853 3863
f 3862 3863 3864
f 3859 3855 92
f 3859 92 97
f 3859 97 3863
f 3850 3849 3860
f 3850 3860 3859
f 3850 3859 3863
f 3850 3863 3853
f 3851 3861 3865
f 3851 3865 3852
f 93 3856 3857
f 93 3857 3866
f 93 3866 94
f 3857 3858 3848
f 3857 3848 3852
f 3857 3852 3865
f 3857 3865 3866
f 3865 3861 3862
f 3865 3862 3867
f 3864 96 95
f 3864 95 3868
f 3867 3862 3864
f 3867 3864 3868
f 94 3866 3868
f 94 3868 95
f 3866 3865 3867
f 3866 3867 3868
f 3834 3869 3870
f 3834 3870 3832
f 3871 3835 3828
f 3871 3828 3872
f 3873 3874 3875
f 3873 3875 3876
f 3871 3869 3834
f 3871 3834 3839
f 3871 3839 3835
f 3870 3872 3828
f 3870 3828 3831
f 3870 3831 3832
f 3869 3871 3874
f 3869 3874 3873
f 3869 3873 3876
f 3869 3876 3870
f 3870 3876 3875
f 3870 3875 3872
f 3874 3871 3872
f 3874 3872 3875
f 3877 3878 88
f 3877 88 91
f 3877 91 3879
f 3880 3881 3877
f 3880 3877 3879
f 3880 3879 3882
f 1424 2704 1387
f 1424 1387 3878
f 1424 3878 3877
f 1424 3877 3881
f 1424 3881 1425
f 3881 3880 1426
f 3881 1426 1425
f 3829 3837 3883
f 3829 3883 3884
f 3829 3884 3885
f 3829 3885 3819
f 3829 3819 3818
f 3829 3818 3823
f 3829 3823 3808
f 3829 3808 3807
f 3829 3807 3813
f 3836 3838 3846
f 3836 3846 3886
f 3836 3886 3883
f 3836 3883 3837
f 3887 3888 3889
f 3887 3889 3890
f 3887 3890 3891
f 3887 3891 3892
f 3887 3892 3885
f 3887 3885 3884
f 3886 3846 3845
f 3886 3845 3893
f 3886 3893 3894
f 3886 3894 3888
f 3886 3888 3887
f 3884 3883 3895
f 3884 3895 3896
f 3886 3887 3897
f 3886 3897 3898
f 3886 3898 3895
f 3886 3895 3883
f 3897 3887 3884
f 3897 3884 3896
f 3898 3897 3896
f 3898 3896 3895
f 1423 1432 3899
f 1423 3899 3900
f 1423 3900 3901
f 3890 3901 3900
f 3890 3900 3902
f 3890 3902 3891
f 3900 3899 3903
f 3900 3903 3902
f 3904 3892 3891
f 3904 3891 3902
f 3903 3905 3906
f 3903 3906 3904
f 3903 3904 3902
f 3885 3892 3904
f 3885 3904 3907
f 3885 3907 3826
f 3885 3826 3814
f 3885 3814 3819
f 3904 3906 3788
f 3904 3788 3787
f 3904 3787 3907
f 3908 3909 3910
f 3908 3910 3911
f 3908 3911 3844
f 3908 3844 1420
f 3908 1420 1423
f 3908 1423 3901
f 3909 3908 3912
f 3909 3912 3913
f 3911 3910 3914
f 3911 3914 3915
f 3916 3894 3893
f 3916 3893 3917
f 3844 3911 3915
f 3844 3915 3917
f 3844 3917 3893
f 3844 3893 3845
f 3918 3912 3908
f 3918 3908 3901
f 3918 3901 3890
f 3918 3890 3889
f 3916 3914 3910
f 3916 3910 3909
f 3916 3909 3913
f 3916 3913 3919
f 3916 3919 3888
f 3916 3888 3894
f 3918 3889 3888
f 3918 3888 3919
f 3920 3921 3922
f 3920 3922 3923
f 3924 3925 3926
f 3924 3926 3927
f 3920 3923 3924
f 3920 3924 3927
f 3920 3927 3913
f 3920 3913 3912
f 3920 3912 3816
f 3920 3816 3821
f 3915 3914 3926
f 3915 3926 3925
f 3915 3925 3922
f 3915 3922 3921
f 3915 3921 3825
f 3915 3825 3810
f 3928 3929 3930
f 3928 3930 3931
f 3928 3931 3917
f 3928 3917 3915
f 3928 3915 3810
f 3928 3810 3806
f 3912 3918 3932
f 3912 3932 3933
f 3912 3933 3817
f 3912 3817 3816
f 3923 3922 3934
f 3923 3934 3935
f 3913 3927 3936
f 3913 3936 3919
f 3937 3924 3923
f 3937 3923 3935
f 3925 3924 3937
f 3925 3937 3938
f 3927 3926 3939
f 3927 3939 3936
f 3926 3914 3916
f 3926 3916 3939
f 3916 3917 3931
f 3916 3931 3939
f 3939 3931 3930
f 3939 3930 3938
f 3939 3938 3937
f 3939 3937 3936
f 3925 3938 3934
f 3925 3934 3922
f 3938 3930 3929
f 3938 3929 3934
f 3918 3919 3936
f 3918 3936 3937
f 3918 3937 3935
f 3918 3935 3932
f 3921 3920 3940
f 3921 3940 3941
f 3941 3940 3933
f 3941 3933 3932
f 3941 3932 3935
f 3941 3935 3934
f 3941 3934 3929
f 3941 3929 3928
f 3921 3941 3809
f 3921 3809 3825
f 3941 3928 3806
f 3941 3806 3809
f 3940 3920 3821
f 3940 3821 3822
f 3933 3940 3822
f 3933 3822 3817
f 3841 3905 3903
f 3841 3903 3842
f 1422 3847 3842
f 1422 3842 3903
f 1422 3903 3899
f 1422 3899 1432
f 3833 3906 3905
f 3833 3905 3841
f 3788 3906 3833
f 3788 3833 3789
f 3785 1392 1427
f 3785 1427 1426
f 3785 1426 3880
f 3785 3880 3882
f 3785 3882 3786
f 3878 3781 89
f 3878 89 88
f 3781 3878 1387
f 3781 1387 1386
f 3879 91 90
f 3879 90 3783
f 3786 3882 3879
f 3786 3879 3783
f 3942 3943 3721
f 3942 3721 3720
f 3942 3720 3707
f 3715 3714 3795
f 3715 3795 3944
f 3715 3944 3945
f 3794 3717 3716
f 3794 3716 3946
f 3794 3946 3947
f 3944 3947 3946
f 3944 3946 3945
f 3795 3794 3947
f 3795 3947 3944
f 3948 3949 3706
f 3948 3706 3713
f 3948 3713 3712
f 3949 3942 3707
f 3949 3707 3706
f 3950 3948 3712
f 3950 3712 3745
f 3950 3745 3744
f 3951 3950 3744
f 3951 3744 3751
f 3943 3951 3751
f 3943 3751 3721
f 3949 3948 3950
f 3949 3950 3951
f 3943 3942 3949
f 3943 3949 3951
f 3827 3826 3708
f 3827 3708 3705
f 3791 3830 3827
f 3791 3827 3705
f 3791 3705 3704
f 3791 3704 3735
f 3826 3907 3787
f 3826 3787 3738
f 3826 3738 3709
f 3826 3709 3708
f 3787 3788 3694
f 3787 3694 3690
f 3787 3690 3738
f 3694 3788 3789
f 3694 3789 3695
f 3695 3789 3790
f 3695 3790 3791
f 3695 3791 3735
f 3695 3735 3691
f 493 499 1391
f 493 1391 3952
f 493 3952 3953
f 493 3953 494
f 3954 3955 488
f 3954 488 486
f 3954 486 483
f 3954 483 3956
f 3953 3957 3958
f 3953 3958 487
f 3953 487 492
f 3953 492 494
f 489 488 3955
f 489 3955 3959
f 3959 1388 500
f 3959 500 489
f 1388 3959 3960
f 1388 3960 3961
f 1388 3961 1389
f 3961 3952 1391
f 3961 1391 1389
f 3960 3959 3955
f 3960 3955 3954
f 3960 3954 3958
f 3960 3958 3957
f 3952 3961 3960
f 3952 3960 3957
f 3952 3957 3953
f 487 3958 3962
f 487 3962 3963
f 487 3963 477
f 3958 3954 3956
f 3958 3956 3964
f 3958 3964 3962
f 3965 3966 3967
f 3965 3967 3968
f 3967 3966 3763
f 3967 3763 3762
f 3965 3968 3727
f 3965 3727 3761
f 3966 3965 3761
f 3966 3761 3763
f 3968 3967 3762
f 3968 3762 3727
f 3718 3969 3970
f 3718 3970 3971
f 3718 3971 3972
f 3718 3972 3750
f 3699 3698 3973
f 3699 3973 3974
f 3973 3698 3750
f 3973 3750 3972
f 3699 3974 3969
f 3699 3969 3718
f 3971 3970 3975
f 3971 3975 3976
f 3972 3971 3976
f 3972 3976 3973
f 3973 3976 3975
f 3973 3975 3974
f 3970 3969 3974
f 3970 3974 3975
f 3977 3978 3979
f 3977 3979 3778
f 3977 3778 3780
f 3977 3780 3980
f 3981 3982 3983
f 3981 3983 3984
f 3985 3986 3987
f 3985 3987 3988
f 3985 3988 3989
f 3990 3991 3992
f 3990 3992 3993
f 3990 3993 3994
f 3995 3996 3997
f 3995 3997 3998
f 3995 3998 3999
f 4000 4001 4002
f 4000 4002 3764
f 4000 3764 3724
f 4003 4004 4005
f 4003 4005 4006
f 4007 4008 4009
f 4007 4009 4010
f 3998 4011 4012
f 3998 4012 4013
f 3998 4013 4014
f 3998 4014 4015
f 3998 4015 3999
f 4016 4017 4018
f 4016 4018 4019
f 4016 4019 4020
f 4016 4020 4021
f 4016 4021 4022
f 4016 4022 4023
f 4016 4023 4024
f 4016 4024 4025
f 4016 4025 4026
f 4015 4014 4016
f 4015 4016 4026
f 4015 4026 4027
f 4015 4027 4028
f 4015 4028 4029
f 4015 4029 4030
f 4015 4030 4031
f 4015 4031 4032
f 4015 4032 4033
f 3727 4034 4035
f 3727 4035 3728
f 4036 3701 469
f 4036 469 468
f 4036 468 467
f 4037 4038 4039
f 4037 4039 4040
f 4041 4042 4043
f 4041 4043 4044
f 4045 4046 459
f 4045 459 458
f 4047 4048 454
f 4047 454 456
f 4047 456 4049
f 4017 4050 4051
f 4017 4051 4052
f 4017 4052 4053
f 4017 4053 4054
f 4017 4054 4018
f 4055 4056 436
f 4055 436 435
f 4055 435 440
f 424 4054 4053
f 424 4053 4057
f 424 4057 425
f 3999 4015 4033
f 3999 4033 3637
f 3999 3637 3652
f 3999 3652 3651
f 3999 3651 3647
f 3999 3647 3646
f 3999 3646 3995
f 4054 424 431
f 4054 431 3560
f 4054 3560 3562
f 4054 3562 3564
f 4054 3564 4019
f 4054 4019 4018
f 4058 4059 4060
f 4058 4060 4061
f 4062 4063 4064
f 4062 4064 4065
f 4062 4065 4066
f 4062 4066 4067
f 4062 4067 4068
f 4062 4068 4069
f 4062 4069 4070
f 4062 4070 4061
f 4070 4071 4058
f 4070 4058 4061
f 4072 4073 4067
f 4072 4067 4066
f 4074 4075 4076
f 4074 4076 4077
f 4074 4077 4017
f 4074 4017 4016
f 4014 4078 4079
f 4014 4079 4074
f 4014 4074 4016
f 4080 4081 4082
f 4080 4082 4083
f 4080 4083 4084
f 4080 4084 4085
f 4080 4085 4086
f 4080 4086 4087
f 4086 4088 4089
f 4086 4089 4087
f 4090 4084 4083
f 4090 4083 4091
f 4092 4086 4085
f 4092 4085 4093
f 4094 4095 4096
f 4094 4096 4097
f 4094 4097 4098
f 4094 4098 4099
f 4094 4099 4100
f 4094 4100 4101
f 4100 4102 4103
f 4100 4103 4101
f 4095 4104 4105
f 4095 4105 4096
f 4101 4106 4107
f 4101 4107 4094
f 86 4108 4109
f 86 4109 4110
f 86 4110 87
f 4111 4112 85
f 4111 85 84
f 4111 84 4113
f 4103 4102 4114
f 4103 4114 4089
f 4103 4089 4088
f 4103 4088 4113
f 4103 4113 84
f 4103 84 87
f 4103 87 4110
f 85 4112 4082
f 85 4082 4081
f 85 4081 4115
f 85 4115 4098
f 85 4098 4097
f 85 4097 4108
f 85 4108 86
f 4116 4117 4118
f 4116 4118 4119
f 4116 4119 4120
f 4121 4122 4123
f 4121 4123 4124
f 4121 4124 4116
f 4121 4116 4120
f 4120 4119 4102
f 4120 4102 4100
f 4120 4100 4099
f 4098 4121 4120
f 4098 4120 4099
f 4125 4126 4083
f 4125 4083 4082
f 4127 4128 4126
f 4127 4126 4125
f 4129 4130 4131
f 4129 4131 4132
f 4084 4129 4132
f 4084 4132 4085
f 4001 4000 4133
f 4001 4133 4134
f 4133 4000 3724
f 4133 3724 3723
f 4133 3723 4127
f 4008 4006 4005
f 4008 4005 4135
f 4008 4135 4136
f 4008 4136 4137
f 4008 4137 4138
f 4008 4138 4009
f 4139 4140 4088
f 4139 4088 4086
f 4141 4142 4140
f 4141 4140 4139
f 4013 4012 4143
f 4013 4143 4144
f 4013 4144 4142
f 4013 4142 4078
f 4013 4078 4014
f 4067 4073 4145
f 4067 4145 4146
f 4067 4146 4147
f 4067 4147 4068
f 4148 4149 4113
f 4148 4113 4088
f 4148 4088 4140
f 4150 4149 4148
f 4150 4148 4151
f 4146 4145 4150
f 4146 4150 4151
f 4146 4151 4152
f 4140 4142 4152
f 4140 4152 4151
f 4140 4151 4148
f 4153 4147 4146
f 4153 4146 4152
f 4153 4152 4142
f 4153 4142 4144
f 4154 4155 4059
f 4154 4059 4058
f 4154 4058 4071
f 4154 4071 4156
f 4112 4157 4158
f 4112 4158 4125
f 4112 4125 4082
f 4157 4159 4160
f 4157 4160 4158
f 4161 4160 4159
f 4161 4159 4155
f 4161 4155 4154
f 4160 4161 4127
f 4160 4127 4125
f 4160 4125 4158
f 4161 4154 4156
f 4161 4156 4162
f 4161 4162 4133
f 4161 4133 4127
f 4163 4156 4071
f 4163 4071 4070
f 4163 4070 4069
f 4163 4069 4164
f 4069 4068 4147
f 4069 4147 4164
f 4162 4165 4166
f 4162 4166 4134
f 4162 4134 4133
f 4167 4168 4165
f 4167 4165 4162
f 4167 4162 4156
f 4167 4156 4163
f 4167 4163 4169
f 4170 4167 4169
f 4170 4169 4171
f 4170 4137 4136
f 4170 4136 4172
f 4170 4172 4168
f 4170 4168 4167
f 4137 4170 4171
f 4137 4171 4173
f 4137 4173 4138
f 4174 4172 4136
f 4174 4136 4135
f 4165 4168 4172
f 4165 4172 4174
f 4165 4174 4166
f 4175 4153 4144
f 4175 4144 4143
f 4169 4163 4164
f 4169 4164 4147
f 4169 4147 4153
f 4169 4153 4175
f 4169 4175 4173
f 4169 4173 4171
f 4176 4177 4092
f 4176 4092 4093
f 4178 4177 4176
f 4178 4176 4179
f 4180 4181 4173
f 4180 4173 4175
f 4182 4183 4184
f 4182 4184 4185
f 4186 4187 4166
f 4186 4166 4174
f 4184 4183 4090
f 4184 4090 4091
f 4066 4065 4181
f 4066 4181 4180
f 4062 4061 4187
f 4062 4187 4186
f 4188 4178 4179
f 4188 4179 4189
f 4190 4182 4185
f 4190 4185 4191
f 4145 4073 4072
f 4145 4072 4188
f 4145 4188 4150
f 4064 4063 4190
f 4064 4190 4189
f 4060 4059 4155
f 4060 4155 4159
f 4060 4159 4191
f 4111 4113 4149
f 4111 4149 4192
f 4157 4112 4111
f 4157 4111 4192
f 4192 4149 4150
f 4192 4150 4188
f 4192 4188 4189
f 4192 4189 4190
f 4192 4190 4191
f 4159 4157 4192
f 4159 4192 4191
f 4190 4063 4062
f 4190 4062 4186
f 4190 4186 4182
f 4061 4060 4191
f 4061 4191 4185
f 4061 4185 4187
f 4065 4064 4189
f 4065 4189 4179
f 4065 4179 4181
f 4188 4072 4066
f 4188 4066 4180
f 4188 4180 4178
f 4183 4129 4084
f 4183 4084 4090
f 4130 4129 4183
f 4130 4183 4182
f 4130 4182 4186
f 4130 4186 4174
f 4130 4174 4135
f 4187 4185 4184
f 4187 4184 4126
f 4187 4126 4128
f 4187 4128 4134
f 4187 4134 4166
f 4126 4184 4091
f 4126 4091 4083
f 4132 4176 4093
f 4132 4093 4085
f 4181 4179 4176
f 4181 4176 4132
f 4181 4132 4131
f 4181 4131 4138
f 4181 4138 4173
f 4141 4139 4177
f 4141 4177 4178
f 4141 4178 4180
f 4141 4180 4175
f 4141 4175 4143
f 4177 4139 4086
f 4177 4086 4092
f 4193 4194 4195
f 4193 4195 4196
f 4193 4196 4197
f 4198 4196 4195
f 4198 4195 4199
f 4198 4199 4200
f 4198 4200 4201
f 4114 4102 4119
f 4114 4119 4202
f 4114 4202 4203
f 4114 4203 4204
f 4114 4204 4205
f 4114 4205 4206
f 4114 4206 4207
f 4199 4195 4194
f 4199 4194 4089
f 4199 4089 4114
f 4199 4114 4207
f 4208 4209 4210
f 4208 4210 4211
f 4208 4211 4212
f 4208 4212 4213
f 4208 4213 4118
f 4208 4118 4117
f 4208 4117 4214
f 4215 4216 4198
f 4215 4198 4201
f 4215 4201 4208
f 4215 4208 4214
f 4200 4199 4207
f 4200 4207 4206
f 4200 4206 4217
f 4209 4217 4206
f 4209 4206 4205
f 4209 4205 4218
f 4209 4218 4210
f 4218 4205 4204
f 4218 4204 4219
f 4211 4219 4204
f 4211 4204 4203
f 4211 4203 4220
f 4211 4220 4212
f 4220 4203 4202
f 4220 4202 4221
f 4213 4221 4202
f 4213 4202 4119
f 4213 4119 4118
f 4142 4141 4222
f 4142 4222 4223
f 4128 4127 3723
f 4128 3723 3722
f 4128 3722 4224
f 4128 4224 4225
f 3752 3743 4124
f 3752 4124 4226
f 4227 4224 3722
f 4227 3722 3752
f 4227 3752 4226
f 4222 4228 4229
f 4222 4229 4230
f 4222 4230 4231
f 4222 4231 4232
f 4222 4232 4215
f 4222 4215 4223
f 4130 4229 4228
f 4130 4228 4131
f 4231 4230 4225
f 4231 4225 4224
f 4231 4224 4227
f 4233 4234 4235
f 4233 4235 4236
f 4233 4236 4237
f 4080 4087 4089
f 4080 4089 4194
f 4080 4194 4235
f 4234 4081 4080
f 4234 4080 4235
f 4231 4227 4238
f 4231 4238 4239
f 4240 4241 4236
f 4240 4236 4235
f 4240 4235 4194
f 4240 4194 4193
f 4231 4239 4237
f 4231 4237 4236
f 4231 4236 4241
f 4231 4241 4242
f 4231 4242 4232
f 4243 4240 4193
f 4243 4193 4197
f 4241 4240 4243
f 4241 4243 4244
f 4241 4244 4242
f 4232 4242 4244
f 4232 4244 4216
f 4232 4216 4215
f 4245 4246 4247
f 4245 4247 4121
f 4245 4121 4098
f 4245 4098 4115
f 4081 4234 4245
f 4081 4245 4115
f 4245 4234 4233
f 4245 4233 4248
f 4245 4248 4249
f 4245 4249 4250
f 4245 4250 4246
f 4248 4251 4252
f 4248 4252 4249
f 4226 4124 4123
f 4226 4123 4253
f 4226 4253 4254
f 4226 4254 4255
f 4226 4255 4256
f 4226 4256 4257
f 4226 4257 4258
f 4252 4251 4238
f 4252 4238 4227
f 4252 4227 4226
f 4252 4226 4258
f 4247 4259 4260
f 4247 4260 4261
f 4247 4261 4262
f 4247 4262 4122
f 4247 4122 4121
f 4259 4247 4246
f 4259 4246 4250
f 4259 4250 4257
f 4259 4257 4256
f 4254 4261 4260
f 4254 4260 4255
f 4123 4122 4262
f 4123 4262 4253
f 4263 4264 4265
f 4263 4265 4266
f 4263 4266 4267
f 4263 4267 4268
f 4263 4268 4269
f 4270 4271 4272
f 4270 4272 4266
f 4270 4266 4265
f 4270 4265 4273
f 4270 4273 4220
f 4270 4220 4221
f 4264 4263 4274
f 4264 4274 4275
f 4264 4275 4218
f 4264 4218 4219
f 4276 4277 4278
f 4276 4278 4279
f 4276 4279 4200
f 4276 4200 4217
f 4279 4278 4280
f 4279 4280 4281
f 4279 4281 4282
f 4279 4282 4283
f 4279 4283 4284
f 4277 4276 4275
f 4277 4275 4274
f 4285 4284 4283
f 4285 4283 4286
f 4285 4286 4287
f 4285 4287 4243
f 4285 4243 4197
f 4285 4197 4196
f 4287 4286 4288
f 4289 4290 4291
f 4289 4291 4292
f 4289 4292 4250
f 4289 4250 4249
f 4289 4249 4293
f 4289 4293 4294
f 4291 4290 4295
f 4291 4295 4296
f 4291 4296 4260
f 4291 4260 4259
f 4282 4281 4297
f 4282 4297 4298
f 4299 4300 4301
f 4261 4302 4303
f 4261 4303 4304
f 4261 4304 4299
f 4261 4299 4301
f 4261 4301 4262
f 4305 4304 4303
f 4305 4303 4296
f 4305 4296 4295
f 4305 4295 4306
f 4305 4306 4307
f 4268 4267 4305
f 4268 4305 4307
f 4308 4309 4310
f 4294 4293 4311
f 4294 4311 4308
f 4294 4308 4310
f 4294 4310 4312
f 4294 4312 4298
f 4294 4298 4297
f 4294 4297 4313
f 4248 4233 4237
f 4248 4237 4309
f 4248 4309 4308
f 4248 4308 4311
f 4248 4311 4314
f 4315 4316 4317
f 4315 4317 4318
f 4211 4210 4315
f 4211 4315 4318
f 4211 4318 4319
f 4211 4319 4320
f 4321 4322 4323
f 4321 4323 4324
f 4321 4324 4325
f 4321 4325 4326
f 4321 4326 4327
f 4212 4328 4329
f 4212 4329 4330
f 4212 4330 4331
f 4212 4331 4332
f 4212 4332 4213
f 4332 4331 4333
f 4334 4330 4329
f 4334 4329 4320
f 4334 4320 4319
f 4334 4319 4335
f 4334 4335 4336
f 4325 4324 4317
f 4325 4317 4316
f 4325 4316 4209
f 4325 4209 4208
f 4325 4208 4201
f 4337 4338 4327
f 4337 4327 4326
f 4337 4326 4339
f 4337 4339 4198
f 4337 4198 4216
f 4337 4216 4244
f 4337 4340 4338
f 4334 4336 4341
f 4334 4341 4342
f 4343 4344 4345
f 4342 4341 4346
f 4342 4346 4347
f 4342 4347 4348
f 4342 4348 4349
f 4342 4349 4343
f 4342 4343 4345
f 4342 4345 4350
f 4322 4321 4351
f 4322 4351 4352
f 4344 4343 4349
f 4344 4349 4353
f 4344 4353 4254
f 4344 4254 4253
f 4354 4355 4256
f 4354 4256 4255
f 4354 4255 4348
f 4354 4348 4347
f 4354 4356 4357
f 4354 4357 4355
f 4252 4258 4257
f 4252 4257 4357
f 4252 4357 4356
f 4252 4356 4358
f 4252 4358 4359
f 4351 4360 4361
f 4351 4361 4362
f 4351 4362 4363
f 4351 4363 4359
f 4351 4359 4358
f 4351 4358 4364
f 4351 4364 4352
f 4361 4365 4362
f 4365 4239 4238
f 4365 4238 4251
f 4365 4251 4366
f 4365 4366 4363
f 4365 4363 4362
f 4315 4210 4218
f 4315 4218 4275
f 4319 4318 4274
f 4319 4274 4263
f 4354 4347 4295
f 4354 4295 4290
f 4256 4355 4291
f 4256 4291 4259
f 4209 4316 4276
f 4209 4276 4217
f 4317 4324 4278
f 4317 4278 4277
f 4358 4356 4289
f 4358 4289 4294
f 4357 4257 4250
f 4357 4250 4292
f 4286 4283 4282
f 4286 4282 4321
f 4286 4321 4327
f 4286 4327 4338
f 4286 4338 4340
f 4286 4340 4288
f 4312 4360 4351
f 4312 4351 4298
f 4363 4366 4314
f 4363 4314 4311
f 4310 4309 4365
f 4310 4365 4361
f 4310 4361 4360
f 4310 4360 4312
f 4239 4365 4309
f 4239 4309 4237
f 4251 4248 4314
f 4251 4314 4366
f 4359 4363 4311
f 4359 4311 4293
f 4249 4252 4359
f 4249 4359 4293
f 4351 4321 4282
f 4351 4282 4298
f 4339 4326 4284
f 4339 4284 4285
f 4340 4337 4287
f 4340 4287 4288
f 4337 4244 4243
f 4337 4243 4287
f 4198 4339 4285
f 4198 4285 4196
f 4326 4325 4279
f 4326 4279 4284
f 4279 4325 4201
f 4279 4201 4200
f 4324 4323 4280
f 4324 4280 4278
f 4335 4319 4263
f 4335 4263 4269
f 4364 4358 4294
f 4364 4294 4313
f 4347 4346 4306
f 4347 4306 4295
f 4355 4357 4292
f 4355 4292 4291
f 4356 4354 4290
f 4356 4290 4289
f 4268 4307 4306
f 4268 4306 4346
f 4268 4346 4341
f 4268 4341 4336
f 4268 4336 4335
f 4268 4335 4269
f 4322 4352 4364
f 4322 4364 4313
f 4322 4313 4297
f 4322 4297 4281
f 4322 4281 4280
f 4322 4280 4323
f 4317 4277 4274
f 4317 4274 4318
f 4276 4316 4315
f 4276 4315 4275
f 4350 4300 4299
f 4350 4299 4304
f 4350 4304 4305
f 4350 4305 4342
f 4345 4344 4301
f 4345 4301 4300
f 4345 4300 4350
f 4349 4348 4296
f 4349 4296 4303
f 4353 4349 4303
f 4353 4303 4302
f 4255 4260 4296
f 4255 4296 4348
f 4261 4254 4353
f 4261 4353 4302
f 4301 4344 4253
f 4301 4253 4262
f 4266 4272 4271
f 4266 4271 4333
f 4266 4333 4331
f 4266 4331 4330
f 4266 4330 4334
f 4266 4334 4267
f 4334 4342 4305
f 4334 4305 4267
f 4333 4271 4270
f 4333 4270 4332
f 4320 4329 4265
f 4320 4265 4264
f 4329 4328 4273
f 4329 4273 4265
f 4320 4264 4219
f 4320 4219 4211
f 4273 4328 4212
f 4273 4212 4220
f 4332 4270 4221
f 4332 4221 4213
f 4229 4130 4135
f 4229 4135 4005
f 4001 4134 4128
f 4001 4128 4225
f 4001 4225 4230
f 4230 4229 4005
f 4230 4005 4001
f 4009 4138 4131
f 4009 4131 4228
f 4143 4012 4222
f 4143 4222 4141
f 4012 4009 4228
f 4012 4228 4222
f 4214 4117 4075
f 4214 4075 4074
f 4214 4074 4079
f 4078 4142 4223
f 4078 4223 4215
f 4078 4215 4214
f 4078 4214 4079
f 4367 4368 4369
f 4367 4369 4370
f 4367 4370 444
f 4367 444 443
f 4370 4371 4372
f 4370 4372 452
f 4370 452 444
f 4373 4374 4372
f 4373 4372 4371
f 4373 4375 4103
f 4373 4103 4110
f 4373 4110 4374
f 4369 4375 4373
f 4369 4373 4371
f 4369 4371 4370
f 4368 4376 4051
f 4368 4051 4050
f 4375 4377 4101
f 4375 4101 4103
f 4369 4378 4377
f 4369 4377 4375
f 4379 4380 4381
f 4379 4381 4037
f 4379 4037 4040
f 4379 4040 4041
f 4379 4041 4044
f 4379 4044 4382
f 4383 4384 3742
f 4383 3742 3741
f 4383 3741 3728
f 4383 3728 4035
f 4383 4035 4385
f 4386 4387 4388
f 4386 4388 4389
f 4387 4095 4094
f 4387 4094 4388
f 4390 4391 4097
f 4390 4097 4096
f 4392 4384 4391
f 4392 4391 4390
f 4385 4035 4393
f 4385 4393 4392
f 4124 3743 3742
f 4124 3742 4384
f 4124 4384 4392
f 4124 4392 4393
f 4124 4393 4116
f 4116 4393 4394
f 4116 4394 4395
f 4116 4395 4396
f 4116 4396 4397
f 4116 4397 4117
f 4394 4386 4389
f 4394 4389 4395
f 4397 4396 4378
f 4397 4378 4369
f 4395 4389 4382
f 4395 4382 4044
f 4381 4386 4394
f 4381 4394 4037
f 4394 4393 4035
f 4394 4035 4037
f 4051 4376 4398
f 4396 4398 4376
f 4396 4376 4378
f 4398 4396 4395
f 4398 4395 4044
f 4398 4044 4051
f 4376 4368 4367
f 4376 4367 4399
f 4400 4401 4402
f 4400 4402 4403
f 4400 4403 4399
f 4400 4399 4367
f 4400 4367 443
f 4400 443 449
f 4404 4405 4406
f 4404 4406 4401
f 4404 4401 4400
f 477 3963 4407
f 477 4407 4405
f 477 4405 4404
f 477 4404 471
f 4402 4408 4379
f 4402 4379 4382
f 4402 4382 4403
f 4405 4409 4380
f 4405 4380 4379
f 4405 4379 4408
f 4405 4408 4406
f 4406 4408 4402
f 4406 4402 4401
f 4410 4411 4412
f 4410 4412 4409
f 4410 4409 4405
f 4410 4405 4407
f 4381 4380 4409
f 4381 4409 4412
f 4411 4410 4413
f 4411 4413 4383
f 4411 4383 4385
f 3962 4413 4410
f 3962 4410 4407
f 3962 4407 3963
f 4414 4415 4416
f 4414 4416 474
f 4414 474 485
f 4414 4417 4418
f 4414 4418 4415
f 4097 4391 4418
f 4097 4418 4417
f 4097 4417 4108
f 4416 4415 4418
f 4416 4418 4391
f 4416 4391 4384
f 4416 4384 4383
f 4416 4383 4413
f 4416 4419 475
f 4416 475 474
f 3956 4420 4419
f 3956 4419 3964
f 483 482 4420
f 483 4420 3956
f 4419 4420 482
f 4419 482 475
f 3962 3964 4419
f 3962 4419 4416
f 3962 4416 4413
f 4421 4422 4107
f 4421 4107 4106
f 4423 4422 4421
f 4423 4421 4424
f 4425 4426 4427
f 4425 4427 4399
f 4425 4399 4403
f 4428 4429 4430
f 4428 4430 4431
f 4432 4433 4412
f 4432 4412 4411
f 4430 4429 4105
f 4430 4105 4104
f 4387 4430 4104
f 4387 4104 4095
f 4433 4431 4430
f 4433 4430 4387
f 4433 4387 4386
f 4433 4386 4381
f 4433 4381 4412
f 4392 4390 4429
f 4392 4429 4428
f 4392 4428 4432
f 4392 4432 4411
f 4392 4411 4385
f 4429 4390 4096
f 4429 4096 4105
f 4422 4388 4094
f 4422 4094 4107
f 4389 4388 4422
f 4389 4422 4423
f 4389 4423 4425
f 4389 4425 4403
f 4389 4403 4382
f 4427 4426 4424
f 4427 4424 4421
f 4427 4421 4377
f 4427 4377 4378
f 4377 4421 4106
f 4377 4106 4101
f 4376 4399 4427
f 4376 4427 4378
f 4426 4425 450
f 4426 450 451
f 4433 4432 481
f 4433 481 479
f 4372 4434 453
f 4372 453 452
f 4424 4434 4435
f 4424 4435 4423
f 4436 478 480
f 4436 480 4435
f 4431 4436 4437
f 4431 4437 4428
f 4437 4414 485
f 4437 485 484
f 4437 4436 4435
f 4437 4435 4434
f 4437 4434 4372
f 4437 4372 4374
f 4437 4374 4438
f 4417 4414 4437
f 4417 4437 4438
f 4438 4374 4110
f 4438 4110 4109
f 4108 4417 4438
f 4108 4438 4109
f 4436 4431 4433
f 4436 4433 479
f 4436 479 478
f 4432 4428 4437
f 4432 4437 484
f 4432 484 481
f 4425 4423 4435
f 4425 4435 480
f 4425 480 450
f 4434 4424 4426
f 4434 4426 451
f 4434 451 453
f 471 4404 4439
f 471 4439 463
f 4439 4404 4400
f 4439 4400 4440
f 4400 449 448
f 4400 448 4440
f 463 4439 4440
f 463 4440 448
f 4397 4076 4075
f 4397 4075 4117
f 4077 4076 4397
f 4077 4397 4369
f 4077 4369 4368
f 4077 4368 4050
f 4077 4050 4017
f 3637 4033 4441
f 3637 4441 3638
f 4019 3564 3576
f 4019 3576 4442
f 3579 3582 3585
f 3579 3585 3588
f 3579 3588 3593
f 3579 3593 3642
f 3579 3642 3630
f 3579 3630 3634
f 3579 3634 3638
f 3579 3638 4441
f 3579 4441 4443
f 3579 4443 4444
f 3579 4444 4445
f 3579 4445 4446
f 3579 4446 4447
f 3579 4447 4448
f 3579 4448 4449
f 3579 4449 4450
f 3579 4450 4451
f 3579 4451 4452
f 3579 4452 4442
f 3579 4442 3576
f 4453 4454 3592
f 4453 3592 3591
f 4455 4456 3626
f 4455 3626 3625
f 4457 4458 3632
f 4457 3632 3636
f 4459 3635 3633
f 4459 3633 4460
f 4459 4460 4443
f 4459 4443 4441
f 4459 4441 4033
f 4459 4033 4032
f 4444 4443 4460
f 4444 4460 4458
f 4032 4031 4457
f 4032 4457 4459
f 3633 3632 4458
f 3633 4458 4460
f 4459 4457 3636
f 4459 3636 3635
f 4461 3644 3643
f 4461 3643 4462
f 4461 4462 4445
f 4461 4445 4444
f 4461 4444 4458
f 4461 4458 4457
f 4461 4457 4031
f 4461 4031 4030
f 4446 4445 4462
f 4446 4462 4456
f 4030 4029 4455
f 4030 4455 4461
f 3643 3626 4456
f 3643 4456 4462
f 4461 4455 3625
f 4461 3625 3644
f 4463 3624 3623
f 4463 3623 4464
f 4463 4464 4447
f 4463 4447 4446
f 4463 4446 4456
f 4463 4456 4455
f 4463 4455 4029
f 4463 4029 4028
f 3629 3592 4454
f 3629 4454 4465
f 3623 3628 4466
f 3623 4466 4464
f 4447 4464 4466
f 4447 4466 4465
f 4447 4465 4454
f 4447 4454 4448
f 4467 4466 3628
f 4467 3628 3627
f 4028 4027 4467
f 4028 4467 4463
f 4463 4467 3627
f 4463 3627 3624
f 4468 3596 3629
f 4468 3629 4465
f 4467 4027 4026
f 4467 4026 4025
f 4467 4025 4468
f 4467 4468 4465
f 4467 4465 4466
f 4025 4024 4453
f 4025 4453 4468
f 4468 4453 3591
f 4468 3591 3596
f 4469 3580 3581
f 4469 3581 4470
f 4471 4472 3584
f 4471 3584 3583
f 4473 3590 3587
f 4473 3587 4474
f 4473 4474 4449
f 4473 4449 4448
f 4473 4448 4454
f 4473 4454 4453
f 4473 4453 4024
f 4473 4024 4023
f 4023 4022 4471
f 4023 4471 4473
f 4472 4450 4449
f 4472 4449 4474
f 3587 3584 4472
f 3587 4472 4474
f 4473 4471 3583
f 4473 3583 3590
f 4469 4470 4451
f 4469 4451 4450
f 4469 4450 4472
f 4469 4472 4471
f 4469 4471 4022
f 4469 4022 4021
f 4475 4476 3578
f 4475 3578 3577
f 4476 4452 4451
f 4476 4451 4470
f 4021 4020 4475
f 4021 4475 4469
f 4469 4475 3577
f 4469 3577 3580
f 3581 3578 4476
f 3581 4476 4470
f 4476 4475 4020
f 4476 4020 4019
f 4476 4019 4442
f 4476 4442 4452
f 4477 3765 3764
f 4477 3764 4002
f 4477 4002 4478
f 4477 4478 4479
f 4480 4481 4482
f 4480 4482 4483
f 4484 4483 4482
f 4484 4482 4007
f 4484 4007 4010
f 4484 4010 4485
f 4484 4485 4486
f 4487 4488 4004
f 4487 4004 4003
f 4487 4003 4481
f 4487 4481 4480
f 4479 4478 4488
f 4479 4488 4487
f 4489 4490 4491
f 4489 4491 4011
f 4489 4011 3998
f 4489 3998 4492
f 4490 4486 4485
f 4490 4485 4491
f 4493 4494 4495
f 4493 4495 4496
f 4493 4496 4497
f 3736 3767 4498
f 3736 4498 4499
f 3736 4499 4500
f 3736 4500 3737
f 4501 4502 4484
f 4501 4484 4486
f 4503 4504 4505
f 4503 4505 4506
f 4507 4508 4509
f 4507 4509 4510
f 4498 3767 3766
f 4498 3766 4511
f 4512 4513 4500
f 4512 4500 4499
f 4512 4499 4514
f 4512 4514 4515
f 4512 4515 4508
f 4512 4508 4507
f 4512 4507 4516
f 4512 4516 4517
f 4512 4517 4504
f 4512 4504 4503
f 4512 4503 4518
f 4512 4518 4519
f 4512 4519 4520
f 4521 4522 4519
f 4521 4519 4518
f 4523 4520 4519
f 4523 4519 4522
f 4523 4522 4496
f 4523 4496 4495
f 4523 4495 4502
f 4523 4502 4501
f 4479 4487 4480
f 4479 4480 4483
f 4479 4483 4484
f 4479 4484 4502
f 4479 4502 4495
f 4479 4495 4494
f 4479 4494 4506
f 4479 4506 4505
f 4479 4505 4524
f 4479 4524 4525
f 4479 4525 4510
f 4479 4510 4509
f 4479 4509 4526
f 4479 4526 4527
f 4479 4527 4528
f 4479 4528 4477
f 4528 4511 3766
f 4528 3766 3765
f 4528 3765 4477
f 4513 4512 4529
f 4513 4529 3689
f 4513 3689 3688
f 4513 3688 3687
f 3686 3693 3737
f 3686 3737 4500
f 3686 4500 4513
f 3686 4513 3687
f 4522 4521 4497
f 4522 4497 4496
f 4515 4514 4527
f 4515 4527 4526
f 4517 4516 4525
f 4517 4525 4524
f 4520 4523 4530
f 4520 4530 4531
f 4520 4531 4532
f 4520 4532 4533
f 4520 4533 4534
f 4520 4534 4535
f 4520 4535 4529
f 4520 4529 4512
f 4536 4537 4489
f 4536 4489 4492
f 4537 4536 4531
f 4537 4531 4530
f 4532 4538 4539
f 4532 4539 4540
f 4532 4540 4533
f 4540 4539 3650
f 4540 3650 3654
f 4541 4542 4543
f 4541 4543 4544
f 4541 4544 4545
f 4541 4545 4546
f 3946 3716 4547
f 3946 4547 4548
f 4547 4541 4546
f 4547 4546 4549
f 4547 4549 4548
f 4550 4551 4552
f 4550 4552 4553
f 4554 4552 4551
f 4554 4551 4543
f 4554 4543 4542
f 4554 4542 4555
f 4554 4555 4556
f 4554 4556 4557
f 4554 4557 4558
f 4543 4551 4550
f 4543 4550 4559
f 4543 4559 4560
f 4543 4560 4561
f 4543 4561 4562
f 4543 4562 4544
f 4544 4562 4563
f 4544 4563 4545
f 4564 4565 4539
f 4564 4539 4538
f 3775 3774 4566
f 3775 4566 4567
f 3775 4567 4568
f 3775 4568 4569
f 4570 4571 4572
f 4570 4572 4573
f 4570 4573 4574
f 4570 4574 4564
f 4570 4564 4538
f 4570 4538 4532
f 4570 4532 4531
f 4571 4572 4573
f 4571 4573 4575
f 4571 4575 4576
f 4571 4576 4577
f 4571 4577 4578
f 4571 4578 4579
f 4571 4579 4570
f 4580 4581 4526
f 4580 4526 4509
f 4582 4583 4510
f 4582 4510 4525
f 4584 4585 4528
f 4584 4528 4527
f 4586 4587 4524
f 4586 4524 4505
f 4494 4588 4589
f 4494 4589 4506
f 4523 4590 4578
f 4523 4578 4579
f 4523 4579 4530
f 4579 4591 4592
f 4579 4592 4593
f 4579 4593 4537
f 4579 4537 4530
f 4537 4593 4594
f 4537 4594 4489
f 4595 4596 4591
f 4595 4591 4592
f 4597 3990 3994
f 4597 3994 4598
f 3778 3979 4599
f 3778 4599 4566
f 3778 4566 3774
f 4600 4601 4602
f 4600 4602 3978
f 4600 3978 3977
f 3979 3978 4602
f 3979 4602 4603
f 3979 4603 4599
f 4604 4605 4606
f 4604 4606 4607
f 4604 4607 3982
f 4604 3982 3981
f 4604 3981 4608
f 4604 4608 4609
f 4606 4610 4601
f 4606 4601 4600
f 4606 4600 4607
f 4611 4609 4608
f 4611 4608 4612
f 4611 4612 4613
f 4613 4612 3986
f 4613 3986 3985
f 4613 3985 4614
f 4613 4614 4615
f 4616 4617 4615
f 4616 4615 4614
f 4618 3991 3990
f 4618 3990 4597
f 4618 4597 4595
f 4618 4595 4619
f 4620 4617 4616
f 4620 4616 3992
f 4620 3992 3991
f 4620 3991 4618
f 4620 4618 4621
f 4622 4605 4604
f 4622 4604 4623
f 4622 4623 4624
f 4566 4599 4603
f 4566 4603 4624
f 4566 4624 4623
f 4566 4623 4567
f 4625 4611 4613
f 4625 4613 4615
f 4625 4615 4617
f 4625 4617 4620
f 4567 4623 4604
f 4567 4604 4609
f 4567 4609 4611
f 4567 4611 4625
f 4567 4625 4568
f 4626 4627 4628
f 4626 4628 4629
f 4626 4629 4630
f 4626 4630 4631
f 3659 4632 4631
f 3659 4631 4630
f 3659 4630 3660
f 4632 4633 4634
f 4632 4634 4626
f 4632 4626 4631
f 4627 4635 4636
f 4627 4636 4624
f 4627 4624 4603
f 4627 4603 4628
f 4636 4635 4634
f 4636 4634 4633
f 3657 4637 4638
f 3657 4638 4639
f 3657 4639 4640
f 3657 4640 3658
f 4641 4638 4637
f 4641 4637 4642
f 4641 4642 4643
f 4641 4643 4644
f 4644 4643 4602
f 4644 4602 4601
f 4644 4601 4610
f 4644 4610 4645
f 4639 4638 4641
f 4639 4641 4646
f 4647 4648 4640
f 4647 4640 4639
f 4647 4639 4646
f 4647 4646 4645
f 4647 4645 4610
f 4647 4610 4606
f 4637 3657 3660
f 4637 3660 4630
f 4649 4643 4642
f 4649 4642 4650
f 4651 4652 4653
f 4651 4653 4650
f 4651 4650 4642
f 4651 4642 4637
f 4651 4637 4630
f 4651 4630 4629
f 4602 4643 4649
f 4602 4649 4654
f 4602 4654 4655
f 4602 4655 4656
f 4602 4656 4628
f 4602 4628 4603
f 4655 4654 4653
f 4655 4653 4652
f 4628 4656 4651
f 4628 4651 4629
f 3658 4640 4657
f 3658 4657 4658
f 3658 4658 4632
f 3658 4632 3659
f 4647 4659 4660
f 4647 4660 4648
f 4640 4648 4660
f 4640 4660 4661
f 4640 4661 4657
f 4659 4647 4606
f 4659 4606 4605
f 4659 4605 4662
f 4663 4664 4658
f 4663 4658 4657
f 4663 4657 4661
f 4663 4661 4662
f 4663 4662 4605
f 4663 4605 4622
f 4665 4636 4633
f 4665 4633 4666
f 4632 4658 4664
f 4632 4664 4666
f 4632 4666 4633
f 4622 4624 4636
f 4622 4636 4665
f 4622 4665 4663
f 4650 4653 4667
f 4650 4667 4668
f 4669 4670 4646
f 4669 4646 4641
f 4669 4641 4668
f 4669 4668 4667
f 4669 4667 4671
f 4669 4671 4672
f 4669 4661 4660
f 4669 4660 4670
f 4672 4671 4652
f 4672 4652 4651
f 4672 4651 4673
f 4672 4673 4674
f 4672 4674 4666
f 4672 4666 4664
f 4626 4634 4674
f 4626 4674 4673
f 4627 4626 4673
f 4627 4673 4675
f 4671 4667 4676
f 4671 4676 4677
f 4668 4641 4644
f 4668 4644 4678
f 4667 4653 4654
f 4667 4654 4676
f 4678 4649 4650
f 4678 4650 4668
f 4676 4654 4649
f 4676 4649 4678
f 4677 4655 4652
f 4677 4652 4671
f 4673 4651 4656
f 4673 4656 4675
f 4675 4656 4655
f 4675 4655 4677
f 4679 4680 4669
f 4679 4669 4672
f 4634 4635 4681
f 4634 4681 4674
f 4682 4645 4646
f 4682 4646 4670
f 4675 4677 4676
f 4675 4676 4678
f 4675 4678 4644
f 4675 4644 4645
f 4675 4645 4682
f 4675 4682 4680
f 4675 4680 4679
f 4675 4679 4681
f 4675 4681 4635
f 4675 4635 4627
f 4662 4661 4669
f 4662 4669 4680
f 4660 4659 4682
f 4660 4682 4670
f 4662 4680 4682
f 4662 4682 4659
f 4664 4663 4679
f 4664 4679 4672
f 4665 4666 4674
f 4665 4674 4681
f 4665 4681 4679
f 4665 4679 4663
f 4490 4489 4594
f 4490 4594 4683
f 4490 4683 4684
f 4490 4684 4486
f 4608 3981 3984
f 4608 3984 4685
f 4600 3977 3980
f 4600 3980 4686
f 4687 4686 3980
f 4687 3980 3780
f 4687 3780 3779
f 3983 4688 4689
f 3983 4689 4690
f 3983 4690 4685
f 3983 4685 3984
f 4686 4687 4689
f 4686 4689 4688
f 3982 4607 4688
f 3982 4688 3983
f 4607 4600 4686
f 4607 4686 4688
f 4614 3985 3989
f 4614 3989 4691
f 3988 4692 4693
f 3988 4693 4684
f 3988 4684 4691
f 3988 4691 3989
f 4694 4693 4692
f 4694 4692 4695
f 4694 4695 4685
f 4694 4685 4690
f 4692 3988 3987
f 4692 3987 4695
f 3986 4612 4695
f 3986 4695 3987
f 4612 4608 4685
f 4612 4685 4695
f 4594 4598 3994
f 4594 3994 3993
f 4594 3993 4696
f 4594 4696 4683
f 4684 4683 4696
f 4684 4696 4691
f 3992 4616 4696
f 3992 4696 3993
f 4616 4614 4691
f 4616 4691 4696
f 4697 4588 4698
f 4697 4698 4699
f 4568 4625 4699
f 4568 4699 4698
f 4690 4689 4687
f 4690 4687 3779
f 4690 3779 3756
f 4690 3756 4585
f 4690 4585 4584
f 4690 4584 4581
f 4690 4581 4580
f 4690 4580 4583
f 4690 4583 4582
f 4690 4582 4587
f 4690 4587 4586
f 4690 4586 4589
f 4690 4589 4588
f 4690 4588 4697
f 4690 4697 4694
f 4700 4701 4693
f 4700 4693 4694
f 4700 4694 4697
f 4702 4701 4700
f 4702 4700 4703
f 4701 4702 4684
f 4701 4684 4693
f 4703 4704 4705
f 4703 4705 4706
f 4703 4706 4707
f 4706 4705 4708
f 4706 4708 4709
f 4578 4590 4707
f 4578 4707 4706
f 4578 4706 4709
f 4578 4709 4592
f 4578 4592 4591
f 4578 4591 4579
f 4620 4621 4705
f 4620 4705 4704
f 4699 4625 4620
f 4699 4620 4704
f 4699 4704 4703
f 4699 4703 4700
f 4699 4700 4697
f 4621 4618 4708
f 4621 4708 4705
f 4618 4619 4709
f 4618 4709 4708
f 4619 4595 4592
f 4619 4592 4709
f 4702 4501 4486
f 4702 4486 4684
f 4703 4707 4590
f 4703 4590 4523
f 4703 4523 4501
f 4703 4501 4702
f 4594 4710 4711
f 4594 4711 4598
f 4593 4712 4710
f 4593 4710 4594
f 4713 4712 4593
f 4713 4593 4592
f 4713 4592 4591
f 4595 4597 4714
f 4595 4714 4715
f 4595 4715 4596
f 4573 4715 4714
f 4573 4714 3996
f 4573 3996 3995
f 4573 3995 4574
f 4714 4597 4598
f 4714 4598 4711
f 3996 4714 4711
f 3996 4711 3997
f 4596 4715 4713
f 4596 4713 4591
f 4715 4573 4572
f 4715 4572 4571
f 4715 4571 4570
f 4715 4570 4713
f 3997 4711 4710
f 3997 4710 4492
f 3997 4492 3998
f 4536 4712 4713
f 4536 4713 4570
f 4536 4570 4531
f 4712 4536 4492
f 4712 4492 4710
f 4555 4716 4717
f 4555 4717 4718
f 4555 4718 4719
f 4555 4719 4556
f 4720 4721 4722
f 4720 4722 4723
f 4720 4723 4724
f 4725 4726 4727
f 4725 4727 4721
f 4725 4721 4720
f 4542 4728 4716
f 4542 4716 4555
f 4726 4725 4557
f 4726 4557 4556
f 4726 4556 4719
f 4721 4729 4730
f 4721 4730 4720
f 4729 4721 4720
f 4729 4720 4730
f 4569 4568 4731
f 4569 4731 4732
f 4569 4732 4733
f 4722 4734 4731
f 4722 4731 4568
f 4722 4568 4698
f 4732 4731 4734
f 4732 4734 4735
f 4732 4735 4736
f 4732 4736 4737
f 4732 4737 4733
f 4723 4736 4738
f 4723 4738 4724
f 4739 4740 4737
f 4739 4737 4736
f 4739 4736 4723
f 4739 4723 4741
f 4741 3759 3777
f 4741 3777 4739
f 4739 3777 3776
f 4739 3776 4740
f 4740 3776 3775
f 4740 3775 4569
f 4740 4569 4733
f 4740 4733 4737
f 4736 4735 4734
f 4736 4734 4729
f 4736 4729 4730
f 4736 4730 4738
f 4734 4722 4721
f 4734 4721 4729
f 4720 4724 4738
f 4720 4738 4730
f 4742 4573 4572
f 4742 4572 4743
f 4744 4743 4572
f 4744 4572 4571
f 4744 4571 4717
f 4744 4717 4716
f 4744 4716 4745
f 4726 4746 4747
f 4726 4747 4727
f 4748 4725 4726
f 4748 4726 4746
f 4746 4726 4725
f 4746 4725 4748
f 4557 4725 4748
f 4557 4748 4558
f 4748 4725 4720
f 4748 4720 4730
f 4747 4729 4721
f 4747 4721 4727
f 4729 4747 4746
f 4729 4746 4748
f 4729 4748 4730
f 4719 4749 4746
f 4719 4746 4726
f 4750 4743 4744
f 4750 4744 4749
f 4751 4750 4576
f 4751 4576 4575
f 4573 4742 4751
f 4573 4751 4575
f 4751 4742 4743
f 4751 4743 4750
f 4750 4749 4719
f 4750 4719 4718
f 4750 4718 4577
f 4750 4577 4576
f 4749 4744 4745
f 4749 4745 4554
f 4749 4554 4558
f 4749 4558 4748
f 4749 4748 4746
f 4554 4745 4752
f 4554 4752 4552
f 4753 4559 4550
f 4753 4550 4553
f 4753 4553 4552
f 4753 4552 4752
f 4560 4559 4753
f 4560 4753 4752
f 4728 4561 4560
f 4728 4560 4752
f 4728 4752 4745
f 4728 4745 4716
f 4741 4723 4754
f 4741 4754 3760
f 4741 3760 3759
f 4521 4755 4756
f 4521 4756 4497
f 4493 4497 4756
f 4493 4756 4757
f 4758 4755 4521
f 4758 4521 4518
f 4722 4757 4756
f 4722 4756 4755
f 4722 4755 4758
f 4722 4758 4754
f 4722 4754 4723
f 4757 4722 4698
f 4757 4698 4588
f 4757 4588 4494
f 4757 4494 4493
f 4508 4515 4759
f 4508 4759 4760
f 4504 4517 4761
f 4504 4761 4762
f 4518 4503 4763
f 4518 4763 4758
f 4516 4507 4764
f 4516 4764 4765
f 4514 4499 4766
f 4514 4766 4767
f 4583 4764 4507
f 4583 4507 4510
f 4767 4584 4527
f 4767 4527 4514
f 3754 4768 4769
f 3754 4769 3755
f 4766 4768 3754
f 4766 3754 3753
f 3755 4769 4585
f 3755 4585 3756
f 4768 4766 4499
f 4768 4499 4498
f 4585 4769 4511
f 4585 4511 4528
f 4768 4498 4511
f 4768 4511 4769
f 4581 4759 4515
f 4581 4515 4526
f 4767 4759 4581
f 4767 4581 4584
f 4760 4580 4509
f 4760 4509 4508
f 4760 4764 4583
f 4760 4583 4580
f 4762 4586 4505
f 4762 4505 4504
f 4765 4582 4525
f 4765 4525 4516
f 4587 4761 4517
f 4587 4517 4524
f 4765 4761 4587
f 4765 4587 4582
f 4762 4763 4589
f 4762 4589 4586
f 4589 4763 4503
f 4589 4503 4506
f 4754 4758 4763
f 4754 4763 4762
f 4754 4762 4761
f 4754 4761 4765
f 4754 4765 4764
f 4754 4764 4760
f 4754 4760 4759
f 4754 4759 4767
f 4754 4767 4766
f 4754 4766 3753
f 4754 3753 3760
f 4718 4770 4578
f 4718 4578 4577
f 4717 4571 4570
f 4717 4570 4771
f 4579 4578 4770
f 4579 4770 4771
f 4579 4771 4570
f 4770 4718 4717
f 4770 4717 4771
f 4549 4546 4545
f 4549 4545 4563
f 4549 4563 4772
f 4549 4772 4773
f 3946 4548 4549
f 3946 4549 4773
f 3946 4773 4774
f 3946 4774 3945
f 4541 4775 4728
f 4541 4728 4542
f 3715 3945 4774
f 3715 4774 4776
f 4774 4773 4772
f 4774 4772 4775
f 4774 4775 4776
f 4776 4775 4541
f 4776 4541 4547
f 3716 3715 4776
f 3716 4776 4547
f 4775 4772 4563
f 4775 4563 4562
f 4775 4562 4561
f 4775 4561 4728
f 3649 3648 4564
f 3649 4564 4574
f 3995 3646 3649
f 3995 3649 4574
f 4565 4564 3648
f 4565 3648 3656
f 4565 3656 3650
f 4565 3650 4539
f 4777 4778 4779
f 4777 4779 4780
f 4777 4780 4781
f 4777 4781 4782
f 4783 4784 4051
f 4783 4051 4044
f 4040 4785 4786
f 4040 4786 4041
f 4787 4788 4037
f 4787 4037 4035
f 4012 4011 4491
f 4012 4491 4789
f 4790 4791 4001
f 4790 4001 4005
f 4792 4793 4006
f 4792 4006 4008
f 4789 4794 4009
f 4789 4009 4012
f 4005 4004 4488
f 4005 4488 4790
f 4001 4791 4478
f 4001 4478 4002
f 4488 4478 4791
f 4488 4791 4790
f 4482 4792 4008
f 4482 4008 4007
f 4793 4481 4003
f 4793 4003 4006
f 4792 4482 4481
f 4792 4481 4793
f 4009 4794 4485
f 4009 4485 4010
f 4491 4485 4794
f 4491 4794 4789
f 4795 437 436
f 4795 436 4056
f 4796 4052 4051
f 4796 4051 4784
f 4046 4797 460
f 4046 460 459
f 4798 4038 4037
f 4798 4037 4788
f 4799 4800 4801
f 4799 4801 4797
f 4799 4797 4802
f 4803 3696 3701
f 4803 3701 4036
f 4803 4036 4801
f 4803 4801 4800
f 4034 4804 4787
f 4034 4787 4035
f 3727 3726 4805
f 3727 4805 4806
f 3727 4806 4804
f 3727 4804 4034
f 4804 4806 4807
f 4804 4807 4808
f 4804 4808 4798
f 4804 4798 4788
f 4804 4788 4787
f 4801 4036 467
f 4801 467 466
f 4797 4801 466
f 4797 466 460
f 4809 4782 4810
f 4809 4810 4811
f 4809 4811 4047
f 4809 4047 4049
f 4777 4782 4809
f 4777 4809 4795
f 4812 4813 4814
f 4812 4814 4815
f 4812 4815 4811
f 4812 4811 4810
f 4047 4811 4815
f 4047 4815 4048
f 4802 4797 4046
f 4802 4046 4045
f 4802 4045 4814
f 4802 4814 4813
f 4786 4816 4042
f 4786 4042 4041
f 4817 4785 4040
f 4817 4040 4039
f 4038 4798 4808
f 4038 4808 4818
f 4038 4818 4817
f 4038 4817 4039
f 4817 4818 4819
f 4817 4819 4816
f 4785 4817 4816
f 4785 4816 4786
f 4783 4044 4043
f 4783 4043 4820
f 4042 4816 4819
f 4042 4819 4821
f 4042 4821 4781
f 4042 4781 4820
f 4042 4820 4043
f 4781 4780 4796
f 4781 4796 4820
f 4820 4796 4784
f 4820 4784 4783
f 4048 4815 455
f 4048 455 454
f 4814 4045 458
f 4814 458 457
f 4815 4814 457
f 4815 457 455
f 442 4809 4049
f 442 4049 456
f 437 4795 4809
f 437 4809 442
f 4822 426 425
f 4822 425 4057
f 4053 4823 4824
f 4053 4824 4822
f 4053 4822 4057
f 4824 4778 4825
f 4824 4825 4822
f 4055 4825 4778
f 4055 4778 4777
f 4055 4777 4795
f 4055 4795 4056
f 4052 4796 4780
f 4052 4780 4779
f 4052 4779 4823
f 4052 4823 4053
f 432 4825 4055
f 432 4055 440
f 426 4822 4825
f 426 4825 432
f 4826 4827 3607
f 4826 3607 3601
f 4826 3601 3598
f 4826 3598 4828
f 3682 3681 4829
f 3682 4829 4828
f 3682 4828 3598
f 3682 3598 3597
f 4827 4826 4830
f 4827 4830 4831
f 4830 4826 4828
f 4830 4828 4829
f 4832 4833 4831
f 4832 4831 4830
f 4832 4830 4829
f 4832 4829 4834
f 4834 4529 4535
f 4834 4535 4835
f 4834 4835 4832
f 3689 4529 4834
f 3689 4834 4829
f 3689 4829 3681
f 4833 4832 4835
f 4833 4835 4836
f 4833 4836 4837
f 4535 4534 4838
f 4535 4838 4839
f 4535 4839 4840
f 4535 4840 4841
f 4535 4841 4836
f 4535 4836 4835
f 4839 4842 4843
f 4839 4843 4840
f 4838 4844 4845
f 4838 4845 4842
f 4838 4842 4839
f 4534 4533 4846
f 4534 4846 4844
f 4534 4844 4838
f 3737 4500 4513
f 3737 4513 4512
f 3737 4512 4529
f 3737 4529 4834
f 3737 4834 4829
f 3737 4829 3735
f 4834 4529 4512
f 4834 4512 4513
f 4834 4513 4500
f 4834 4500 3737
f 4834 3737 3735
f 4834 3735 4829
f 4846 4533 4540
f 4846 4540 3654
f 4846 3654 3653
f 4836 4841 3620
f 4836 3620 3645
f 4842 4845 3641
f 4842 3641 3640
f 4844 4846 3653
f 4844 3653 3655
f 4845 4844 3655
f 4845 3655 3641
f 4840 4843 3622
f 4840 3622 3621
f 4843 4842 3640
f 4843 3640 3622
f 4841 4840 3621
f 4841 3621 3620
f 4837 4836 3645
f 4837 3645 3604
f 4833 4837 3604
f 4833 3604 3603
f 4827 4831 4833
f 4827 4833 3603
f 4827 3603 3607
f 4847 3663 3662
f 4847 3662 4848
f 4849 4850 4851
f 4849 4851 4852
f 4849 4852 4853
f 4849 4853 4854
f 4849 4854 4855
f 4849 4855 4856
f 4854 4857 4858
f 4854 4858 4859
f 4854 4859 4855
f 4860 4861 4862
f 4860 4862 4863
f 4851 4864 4865
f 4851 4865 4861
f 4851 4861 4852
f 4850 4866 4867
f 4850 4867 4864
f 4850 4864 4851
f 4849 4868 4866
f 4849 4866 4850
f 4857 4869 4870
f 4857 4870 4871
f 4857 4871 4858
f 4872 4873 4869
f 4872 4869 4857
f 4872 4857 4854
f 4872 4854 4853
f 4872 4853 4874
f 3675 3684 4872
f 3675 4872 4874
f 3675 4874 3676
f 4869 4873 4875
f 4869 4875 4870
f 4876 4877 4878
f 4876 4878 4879
f 3734 4880 4881
f 3734 4881 3725
f 4806 4805 4882
f 4806 4882 4879
f 4806 4879 4878
f 4806 4878 4883
f 4806 4883 4884
f 4806 4884 4885
f 4806 4885 4886
f 4806 4886 4807
f 3725 4881 4882
f 3725 4882 4805
f 3725 4805 3726
f 4887 4888 4884
f 4887 4884 4883
f 4889 4880 3734
f 4889 3734 3733
f 4890 4891 4892
f 4890 4892 4821
f 4890 4821 4819
f 4890 4819 4818
f 4890 4818 4808
f 4890 4808 4807
f 4890 4807 4886
f 4886 4885 4893
f 4886 4893 4894
f 4886 4894 4895
f 4886 4895 4896
f 4886 4896 4890
f 4897 4891 4890
f 4897 4890 4896
f 4897 4896 4898
f 4897 4898 4899
f 4897 4899 4900
f 4901 4902 4893
f 4901 4893 4885
f 4903 4904 4895
f 4903 4895 4894
f 4905 4906 4900
f 4905 4900 4899
f 4907 4908 4906
f 4907 4906 4905
f 4908 4907 4904
f 4908 4904 4903
f 4908 4903 4902
f 4908 4902 4901
f 4908 4901 4888
f 4908 4888 4887
f 4908 4887 4877
f 4908 4877 4876
f 4908 4876 4889
f 4908 4889 3733
f 4908 3733 3732
f 4908 3732 3740
f 4908 3740 3739
f 4908 3739 4909
f 3673 3676 4874
f 3673 4874 4909
f 3739 3669 3673
f 3739 3673 4909
f 4910 4892 4891
f 4910 4891 4897
f 4910 4897 4911
f 4892 4910 4781
f 4892 4781 4821
f 4853 4852 4861
f 4853 4861 4860
f 4853 4860 4912
f 4853 4912 4913
f 4853 4913 4911
f 4853 4911 4897
f 4853 4897 4900
f 4853 4900 4906
f 4853 4906 4908
f 4853 4908 4909
f 4853 4909 4874
f 4914 4915 4823
f 4914 4823 4779
f 4912 4915 4914
f 4912 4914 4913
f 3735 3738 3739
f 3735 3739 4909
f 3735 4909 4874
f 3735 4874 4872
f 3735 4872 4829
f 4829 4872 4874
f 4829 4874 4909
f 4829 4909 3739
f 4829 3739 3738
f 4829 3738 3735
f 4915 4916 4824
f 4915 4824 4823
f 4917 4918 4916
f 4917 4916 4915
f 4917 4915 4912
f 4919 4920 4921
f 4919 4921 4917
f 4919 4917 4922
f 4919 4922 408
f 4919 408 407
f 4918 4917 4922
f 4918 4922 408
f 4918 408 427
f 4920 4919 3668
f 4920 3668 3667
f 4923 4924 4925
f 4923 4925 4926
f 4927 4898 4896
f 4927 4896 4923
f 4927 4923 4926
f 4927 4926 4928
f 4929 4930 4905
f 4929 4905 4899
f 4930 4931 4907
f 4930 4907 4905
f 4899 4898 4927
f 4899 4927 4929
f 4931 4930 4929
f 4931 4929 4927
f 4931 4927 4928
f 4931 4928 4932
f 4931 4932 4933
f 4926 4925 412
f 4926 412 420
f 4926 420 4934
f 4926 4934 4935
f 4926 4935 4928
f 4936 4935 4934
f 4936 4934 4937
f 4936 4932 4938
f 4936 4938 4939
f 4940 4941 4889
f 4940 4889 4876
f 4942 4943 4888
f 4942 4888 4901
f 4931 4944 4904
f 4931 4904 4907
f 4945 4946 4902
f 4945 4902 4903
f 4947 4948 4877
f 4947 4877 4887
f 4942 4901 4885
f 4942 4885 4949
f 4950 4951 4952
f 4950 4952 4953
f 4950 4953 4954
f 4950 4954 4803
f 4950 4803 4800
f 4950 4800 4799
f 4950 4799 4955
f 4950 4955 4949
f 3697 3696 4803
f 3697 4803 4954
f 3697 4954 4956
f 3697 4956 3746
f 3748 3747 4957
f 3748 4957 4941
f 4957 3747 3746
f 4957 3746 4956
f 4948 4940 4953
f 4948 4953 4952
f 4943 4947 4951
f 4943 4951 4950
f 4877 4948 4952
f 4877 4952 4878
f 4879 4882 4954
f 4879 4954 4953
f 4880 4957 4956
f 4880 4956 4881
f 4880 4889 4941
f 4880 4941 4957
f 4882 4881 4956
f 4882 4956 4954
f 4940 4876 4879
f 4940 4879 4953
f 4885 4884 4950
f 4885 4950 4949
f 4883 4878 4952
f 4883 4952 4951
f 4888 4943 4950
f 4888 4950 4884
f 4947 4887 4883
f 4947 4883 4951
f 4894 4893 4958
f 4894 4958 4959
f 4895 4960 4923
f 4895 4923 4896
f 4924 4923 4960
f 4924 4960 4959
f 4924 4959 4958
f 4924 4958 4949
f 4924 4949 4955
f 4955 4799 4802
f 4955 4802 4813
f 4955 4813 4812
f 4955 4812 4924
f 4944 4945 4959
f 4944 4959 4960
f 4946 4942 4949
f 4946 4949 4958
f 4904 4944 4960
f 4904 4960 4895
f 4902 4946 4958
f 4902 4958 4893
f 4945 4903 4894
f 4945 4894 4959
f 3749 3748 4941
f 3749 4941 4940
f 3749 4940 4948
f 3749 4948 4947
f 3749 4947 4943
f 3749 4943 4942
f 3749 4942 4946
f 3749 4946 4945
f 3749 4945 4944
f 3749 4944 4931
f 3749 4931 4933
f 3718 3750 3749
f 3718 3749 4933
f 3718 4933 4932
f 3718 4932 4936
f 3718 4936 4937
f 3718 4937 3719
f 4911 4913 4961
f 4911 4961 4962
f 4911 4962 4963
f 4911 4963 4964
f 4961 4962 4965
f 4961 4965 4966
f 4961 4966 405
f 4961 405 408
f 4961 408 4922
f 4961 4922 4917
f 438 413 4967
f 438 4967 4968
f 4812 4810 4969
f 4812 4969 4970
f 4812 4970 4924
f 4971 4969 4810
f 4971 4810 4782
f 4970 4969 4971
f 4970 4971 4972
f 4963 4968 4967
f 4963 4967 4972
f 4963 4972 4964
f 4910 4971 4782
f 4910 4782 4781
f 4911 4964 4972
f 4911 4972 4971
f 4911 4971 4910
f 412 4925 4924
f 412 4924 4970
f 412 4970 4972
f 412 4972 4967
f 412 4967 413
f 4973 4974 4975
f 4973 4975 4916
f 4973 4916 4918
f 4963 4962 4976
f 4963 4976 4977
f 4963 4977 4968
f 4962 4961 4973
f 4962 4973 4974
f 4962 4974 4976
f 4916 4975 4778
f 4916 4778 4824
f 4913 4914 4975
f 4913 4975 4974
f 4913 4974 4973
f 4913 4973 4961
f 4975 4914 4779
f 4975 4779 4778
f 4977 439 438
f 4977 438 4968
f 434 433 4974
f 434 4974 4973
f 441 439 4977
f 441 4977 4976
f 4974 433 441
f 4974 441 4976
f 427 434 4973
f 427 4973 4918
f 4978 4979 4980
f 4978 4980 4981
f 4978 4982 4983
f 4978 4983 4979
f 4928 4935 4983
f 4928 4983 4982
f 4982 4978 4981
f 4982 4981 4984
f 4938 4932 4928
f 4938 4928 4982
f 4938 4982 4984
f 4979 4983 4985
f 4979 4985 4980
f 4983 4935 4936
f 4983 4936 4939
f 4983 4939 4985
f 4981 4980 4985
f 4981 4985 4984
f 4985 4939 4938
f 4985 4938 4984
f 4985 4984 4982
f 4985 4982 4983
f 4983 4982 4984
f 4983 4984 4985
f 4986 4920 3667
f 4986 3667 3666
f 4986 4965 4962
f 4986 4962 4987
f 4961 4917 4921
f 4961 4921 4987
f 4961 4987 4962
f 4986 4987 4921
f 4986 4921 4920
f 4919 4988 3665
f 4919 3665 3668
f 4988 4966 4965
f 4988 4965 4986
f 4988 4986 3666
f 4988 3666 3665
f 406 405 4966
f 406 4966 4988
f 406 4988 4919
f 406 4919 407
f 4922 4917 4863
f 4922 4863 4989
f 408 4922 4989
f 408 4989 428
f 4912 4860 4863
f 4912 4863 4917
f 4868 4849 3572
f 4868 3572 3568
f 4849 4856 3573
f 4849 3573 3572
f 4872 3684 3683
f 4872 3683 3600
f 4872 3600 3599
f 4875 4873 4872
f 4875 4872 3599
f 4875 3599 3602
f 4875 3602 3556
f 4828 4829 4872
f 4828 4872 3599
f 4828 3599 3598
f 4872 4829 4828
f 4872 4828 3598
f 4872 3598 3599
f 4871 4870 3558
f 4871 3558 3550
f 4870 4875 3556
f 4870 3556 3558
f 4859 4858 3555
f 4859 3555 3554
f 4858 4871 3550
f 4858 3550 3555
f 4856 4855 3575
f 4856 3575 3573
f 4855 4859 3554
f 4855 3554 3575
f 4865 4864 3549
f 4865 3549 3543
f 4864 4867 3547
f 4864 3547 3549
f 4867 4866 3567
f 4867 3567 3547
f 4866 4868 3568
f 4866 3568 3567
f 4863 4862 3546
f 4863 3546 3545
f 3661 4990 4848
f 3661 4848 3662
f 4862 4861 4865
f 4862 4865 3543
f 4862 3543 3546
f 4990 4991 4847
f 4990 4847 4848
f 4847 4991 3664
f 4847 3664 3663
f 4990 3661 3664
f 4990 3664 4991
f 4992 3565 3563
f 4992 3563 4993
f 4863 3545 3565
f 4863 3565 4992
f 4863 4992 4989
f 4994 4992 4993
f 4994 4993 4995
f 4989 4992 4994
f 4989 4994 429
f 4989 429 428
f 3563 3559 4995
f 3563 4995 4993
f 3561 4994 4995
f 3561 4995 3559
f 4994 3561 430
f 4994 430 429
f 4996 4997 4998
f 4996 4998 4999
f 4996 4999 5000
f 4996 5000 5001
f 5000 5002 5003
f 5000 5003 5001
f 5004 5005 5006
f 5004 5006 5007
f 5008 5009 5005
f 5008 5005 5004
f 5010 5009 5008
f 5010 5008 5011
f 5007 5006 5012
f 5007 5012 5013
f 5011 5008 5004
f 5011 5004 5007
f 5011 5007 5013
f 5011 5013 5014
f 5011 5014 5015
f 5011 5015 5016
f 5011 5016 4996
f 5011 4996 5001
f 5011 5001 5003
f 5017 5018 5019
f 5017 5019 5020
f 5021 5022 5017
f 5021 5017 5020
f 5020 5019 5023
f 5020 5023 5024
f 5025 5021 5020
f 5025 5020 5024
f 5026 5027 5028
f 5026 5028 5029
f 5026 5029 5030
f 5026 5030 5031
f 5026 5031 5032
f 5026 5032 5033
f 5026 5033 5012
f 5026 5012 5006
f 5026 5006 5005
f 5026 5005 5009
f 5026 5009 5010
f 5026 5010 5034
f 5026 5034 5035
f 5034 5036 5037
f 5034 5037 5038
f 5034 5038 5039
f 5034 5039 5040
f 5034 5040 5041
f 5034 5041 5042
f 5034 5042 5043
f 5034 5043 5035
f 5039 5044 5045
f 5039 5045 5040
f 5046 5047 5037
f 5046 5037 5036
f 5037 5047 5048
f 5037 5048 5038
f 5038 5048 5044
f 5038 5044 5039
f 5040 5045 5049
f 5040 5049 5041
f 5016 5050 5051
f 5016 5051 5052
f 5016 5052 4997
f 5016 4997 4996
f 5050 5016 5015
f 5050 5015 5053
f 5054 5055 5056
f 5054 5056 5053
f 5054 5053 5015
f 5054 5015 5014
f 5055 5052 5051
f 5055 5051 5056
f 5033 5057 5058
f 5033 5058 5059
f 5033 5059 5054
f 5033 5054 5014
f 5033 5014 5013
f 5033 5013 5012
f 5031 5060 5061
f 5031 5061 5062
f 5031 5062 5063
f 5031 5063 5032
f 5032 5063 5057
f 5032 5057 5033
f 5030 5064 5060
f 5030 5060 5031
f 5059 5058 5062
f 5059 5062 5061
f 5059 5061 5065
f 5059 5065 5066
f 5026 5067 5068
f 5026 5068 5027
f 5069 5070 5071
f 5069 5071 5072
f 5027 5068 5072
f 5027 5072 5071
f 5027 5071 5073
f 5027 5073 5074
f 5027 5074 5075
f 5027 5075 5028
f 5035 5043 5076
f 5035 5076 5077
f 5035 5077 5078
f 5035 5078 5070
f 5035 5070 5069
f 5035 5069 5067
f 5035 5067 5026
f 5079 5080 5078
f 5079 5078 5077
f 5028 5075 5081
f 5028 5081 5029
f 5082 5083 5084
f 5082 5084 5085
f 5086 5087 5088
f 5086 5088 5049
f 5086 5049 5045
f 5086 5045 5044
f 5086 5044 5048
f 5086 5048 5047
f 5086 5047 5046
f 5086 5046 5089
f 5074 5073 5090
f 5074 5090 5091
f 5029 5081 5091
f 5029 5091 5090
f 5029 5090 5066
f 5029 5066 5065
f 5029 5065 5064
f 5029 5064 5030
f 5042 5092 5076
f 5042 5076 5043
f 5041 5049 5088
f 5041 5088 5084
f 5041 5084 5083
f 5041 5083 5080
f 5041 5080 5079
f 5041 5079 5092
f 5041 5092 5042
f 5093 5094 5095
f 5093 5095 5086
f 5093 5086 5089
f 5093 5089 5096
f 5093 5096 5097
f 5093 5097 5098
f 5093 5098 5099
f 5093 5099 5100
f 5097 2844 2846
f 5097 2846 5098
f 5098 2846 2841
f 5098 2841 5099
f 2845 2844 5097
f 2845 5097 5096
f 5101 5095 5094
f 5101 5094 5102
f 5101 5103 5104
f 5101 5104 5082
f 5101 5082 5085
f 5101 5085 5087
f 5101 5087 5086
f 5101 5086 5095
f 5105 5104 5103
f 5105 5103 5106
f 5105 5106 5102
f 5105 5102 5094
f 5105 5094 5093
f 5105 5093 5107
f 2826 2825 5108
f 2826 5108 5100
f 4999 4998 5109
f 4999 5109 5110
f 5111 3557 3556
f 5111 3556 3602
f 5111 3602 5112
f 5113 5114 5002
f 5113 5002 5000
f 5113 5000 4999
f 5113 4999 5110
f 5113 5110 5115
f 5116 5111 5112
f 5116 5112 5113
f 5116 5113 5115
f 5117 5118 2824
f 5117 2824 2823
f 5119 5120 5121
f 5119 5121 5122
f 5119 5122 5123
f 5119 5123 5124
f 5121 5120 5125
f 5121 5125 5126
f 5121 5126 5127
f 5121 5127 5128
f 5121 5128 5129
f 5121 5129 5130
f 5119 5124 5131
f 5119 5131 5132
f 5125 5132 5131
f 5125 5131 5133
f 5125 5133 5134
f 5125 5134 5126
f 2838 5135 5136
f 2838 5136 2839
f 5137 5138 2800
f 5137 2800 2799
f 2800 5138 5135
f 2800 5135 2838
f 5131 5124 5123
f 5131 5123 5117
f 5131 5117 5136
f 5131 5136 5135
f 5131 5135 5138
f 5131 5138 5137
f 5131 5137 5139
f 5131 5139 5133
f 5140 5141 5142
f 5140 5142 5143
f 5140 5143 5144
f 5140 5144 5145
f 5140 5145 5134
f 5140 5134 5133
f 5140 5133 5139
f 5140 5139 5146
f 5127 5145 5144
f 5127 5144 5147
f 5127 5147 5148
f 5127 5148 5149
f 5127 5149 5128
f 5150 5151 5152
f 5150 5152 5130
f 5150 5130 5129
f 5150 5129 5153
f 5150 5153 5154
f 5150 5154 5155
f 5150 5155 5156
f 5154 5153 5149
f 5154 5149 5148
f 5152 5151 5157
f 5152 5157 5158
f 5152 5158 5159
f 5152 5159 5160
f 5152 5160 5161
f 5152 5161 5162
f 5163 5164 5150
f 5163 5150 5156
f 5165 5166 5158
f 5165 5158 5157
f 5165 5157 5164
f 5165 5164 5163
f 5167 5168 5166
f 5167 5166 5165
f 5169 5170 5160
f 5169 5160 5159
f 5169 5159 5168
f 5169 5168 5167
f 5171 5172 5173
f 5171 5173 5174
f 5173 5172 5162
f 5173 5162 5161
f 5173 5161 5175
f 5173 5175 5176
f 5176 5175 5170
f 5176 5170 5169
f 5176 5169 5177
f 5176 5177 5178
f 5179 5180 5171
f 5179 5171 5174
f 5179 5174 5178
f 5179 5178 5181
f 5179 5181 5182
f 5183 5184 5185
f 5183 5185 5186
f 5183 5186 5110
f 5183 5110 5109
f 5183 5180 5179
f 5183 5179 5184
f 5182 5181 5187
f 5182 5187 5186
f 5182 5186 5185
f 5187 5181 5178
f 5187 5178 5177
f 5187 5177 5188
f 5187 5188 5189
f 5143 5190 5147
f 5143 5147 5144
f 5142 5191 5190
f 5142 5190 5143
f 5192 5193 5140
f 5192 5140 5146
f 5140 5193 5194
f 5140 5194 5141
f 5141 5194 5191
f 5141 5191 5142
f 5195 5196 5197
f 5195 5197 5198
f 5195 5198 5199
f 5195 5199 5188
f 5195 5188 5177
f 5195 5177 5169
f 5195 5169 5167
f 5195 5167 5165
f 5195 5165 5163
f 5195 5163 5156
f 5195 5156 5155
f 5154 5148 5147
f 5154 5147 5190
f 5154 5190 5191
f 5154 5191 5194
f 5154 5194 5193
f 5154 5193 5192
f 5154 5192 5195
f 5154 5195 5155
f 5200 5201 5202
f 5200 5202 5203
f 5204 5205 5200
f 5204 5200 5203
f 5206 5207 5201
f 5206 5201 5200
f 5205 5208 5206
f 5205 5206 5200
f 5209 5210 5197
f 5209 5197 5196
f 5199 5211 5189
f 5199 5189 5188
f 5198 5212 5211
f 5198 5211 5199
f 5197 5210 5212
f 5197 5212 5198
f 5189 5213 5214
f 5189 5214 5187
f 5211 5215 5213
f 5211 5213 5189
f 5212 5216 5215
f 5212 5215 5211
f 5210 5217 5216
f 5210 5216 5212
f 5218 5217 5210
f 5218 5210 5209
f 5213 5215 5216
f 5213 5216 5217
f 5213 5217 5218
f 5213 5218 5219
f 5213 5219 5220
f 5213 5220 5221
f 5213 5221 5214
f 5222 5223 5224
f 5222 5224 5221
f 5222 5221 5220
f 3601 3607 3606
f 3601 3606 5223
f 3601 5223 5222
f 3601 5222 5225
f 5226 5192 5204
f 5226 5204 5227
f 5228 5229 5220
f 5228 5220 5219
f 5229 5230 5222
f 5229 5222 5220
f 5219 5225 5231
f 5219 5231 5228
f 5230 5231 5225
f 5230 5225 5222
f 5232 5233 5234
f 5232 5234 5235
f 5231 5230 5235
f 5231 5235 5234
f 5228 5231 5234
f 5228 5234 5233
f 5228 5233 5232
f 5228 5232 5229
f 5229 5232 5235
f 5229 5235 5230
f 5202 5196 5236
f 5202 5236 5237
f 5238 5237 5236
f 5238 5236 5239
f 5226 5227 5238
f 5226 5238 5239
f 5239 5236 5196
f 5239 5196 5195
f 5192 5226 5239
f 5192 5239 5195
f 5203 5202 5237
f 5203 5237 5238
f 5227 5204 5203
f 5227 5203 5238
f 5223 3606 3557
f 5223 3557 5111
f 5224 5223 5111
f 5224 5111 5116
f 5186 5187 5214
f 5186 5214 5221
f 5186 5221 5224
f 5186 5224 5116
f 5186 5116 5115
f 5186 5115 5110
f 3601 5225 5219
f 3601 5219 5218
f 3601 5218 5209
f 3601 5209 5114
f 3601 5114 5113
f 3601 5113 5112
f 3601 5112 3602
f 5209 5196 5010
f 5209 5010 5011
f 5209 5011 5003
f 5209 5003 5002
f 5209 5002 5114
f 5096 5089 5046
f 5096 5046 5036
f 5096 5036 5192
f 5096 5192 5146
f 5096 5146 5139
f 5096 5139 5137
f 2799 3542 2845
f 2799 2845 5096
f 2799 5096 5137
f 5240 5241 5123
f 5240 5123 5122
f 5240 5122 5242
f 5240 5242 5243
f 5240 5243 5244
f 5093 5245 5244
f 5093 5244 5243
f 5093 5243 5107
f 2839 5136 5099
f 2839 5099 2841
f 5117 5123 5241
f 5117 5241 5245
f 5117 5245 5093
f 5117 5093 5100
f 5117 2823 2822
f 5117 2822 2826
f 5117 2826 5100
f 2824 5118 5108
f 2824 5108 2825
f 5118 5117 5100
f 5118 5100 5108
f 5100 5099 5136
f 5100 5136 5117
f 5246 5247 5248
f 5246 5248 5249
f 5246 5249 5250
f 5246 5250 5251
f 5246 5251 5252
f 5246 5252 5253
f 5246 5253 5254
f 5246 5254 5255
f 5246 5255 5256
f 5246 5256 5257
f 5246 5257 5258
f 5246 5258 5259
f 5246 5259 5260
f 5246 5260 5261
f 5246 5261 5262
f 5246 5262 5263
f 5264 5265 5266
f 5264 5266 5267
f 5264 5267 5268
f 5264 5268 5269
f 5264 5269 5270
f 5264 5270 5246
f 5264 5246 5263
f 5264 5263 5271
f 5264 5271 5272
f 5264 5272 5273
f 5264 5273 5274
f 5264 5274 5275
f 5264 5275 5276
f 5264 5276 5277
f 5278 5245 5241
f 5278 5241 5279
f 5278 5279 5264
f 5278 5264 5277
f 5280 5281 5282
f 5280 5282 5283
f 5280 5283 5284
f 5280 5284 5285
f 5280 5285 5286
f 5280 5286 5287
f 5280 5287 5288
f 5280 5288 5289
f 5280 5289 5290
f 5280 5290 5291
f 5280 5291 5292
f 5280 5292 5293
f 5280 5293 5294
f 5280 5294 5295
f 5280 5295 5296
f 5280 5296 5297
f 5298 5299 5300
f 5298 5300 5301
f 5298 5301 5302
f 5298 5302 5303
f 5298 5303 5304
f 5298 5304 5280
f 5298 5280 5297
f 5298 5297 5305
f 5298 5305 5306
f 5298 5306 5307
f 5298 5307 5308
f 5298 5308 5309
f 5298 5309 5310
f 5298 5310 5311
f 5312 5240 5244
f 5312 5244 5313
f 5312 5313 5298
f 5312 5298 5311
f 4997 5243 5242
f 4997 5242 5122
f 4997 5122 5121
f 4997 5121 5130
f 4997 5130 5152
f 4997 5152 5162
f 4997 5162 5172
f 4997 5172 5171
f 4997 5171 5180
f 4997 5180 5183
f 4997 5183 5109
f 4997 5109 4998
f 4997 5052 5055
f 4997 5055 5054
f 4997 5054 5059
f 4997 5059 5066
f 4997 5066 5090
f 4997 5090 5073
f 4997 5073 5071
f 4997 5071 5070
f 4997 5070 5078
f 4997 5078 5080
f 4997 5080 5083
f 4997 5083 5082
f 4997 5082 5104
f 4997 5104 5105
f 4997 5105 5107
f 4997 5107 5243
f 5166 5314 5315
f 5166 5315 5158
f 5316 5075 5074
f 5316 5074 5317
f 5318 5145 5127
f 5318 5127 5319
f 5088 5320 5321
f 5088 5321 5084
f 5322 5132 5125
f 5322 5125 5323
f 5101 5324 5325
f 5101 5325 5103
f 5326 5327 5279
f 5326 5279 5241
f 5326 5241 5240
f 5326 5240 5312
f 5326 5312 5311
f 5326 5311 5323
f 5264 5279 5327
f 5264 5327 5322
f 5119 5327 5326
f 5119 5326 5120
f 5119 5132 5322
f 5119 5322 5327
f 5326 5323 5125
f 5326 5125 5120
f 5328 5102 5106
f 5328 5106 5329
f 5245 5278 5328
f 5245 5328 5329
f 5245 5329 5313
f 5245 5313 5244
f 5328 5324 5101
f 5328 5101 5102
f 5325 5298 5313
f 5325 5313 5329
f 5106 5103 5325
f 5106 5325 5329
f 5278 5277 5324
f 5278 5324 5328
f 5266 5265 5330
f 5266 5330 5318
f 5331 5310 5309
f 5331 5309 5319
f 5331 5330 5265
f 5331 5265 5264
f 5331 5264 5322
f 5331 5322 5323
f 5331 5323 5311
f 5331 5311 5310
f 5134 5330 5331
f 5134 5331 5126
f 5134 5145 5318
f 5134 5318 5330
f 5331 5319 5127
f 5331 5127 5126
f 5332 5087 5085
f 5332 5085 5333
f 5325 5324 5277
f 5325 5277 5276
f 5325 5276 5332
f 5325 5332 5333
f 5325 5333 5299
f 5325 5299 5298
f 5332 5320 5088
f 5332 5088 5087
f 5321 5300 5299
f 5321 5299 5333
f 5085 5084 5321
f 5085 5321 5333
f 5276 5275 5320
f 5276 5320 5332
f 5334 5153 5129
f 5334 5129 5335
f 5076 5336 5337
f 5076 5337 5077
f 5338 5339 5267
f 5338 5267 5266
f 5338 5266 5318
f 5338 5318 5319
f 5338 5319 5309
f 5338 5309 5308
f 5338 5308 5307
f 5338 5307 5335
f 5268 5267 5339
f 5268 5339 5334
f 5149 5339 5338
f 5149 5338 5128
f 5149 5153 5334
f 5149 5334 5339
f 5338 5335 5129
f 5338 5129 5128
f 5340 5092 5079
f 5340 5079 5341
f 5321 5320 5275
f 5321 5275 5274
f 5321 5274 5340
f 5321 5340 5341
f 5321 5341 5301
f 5321 5301 5300
f 5340 5336 5076
f 5340 5076 5092
f 5337 5302 5301
f 5337 5301 5341
f 5079 5077 5337
f 5079 5337 5341
f 5274 5273 5336
f 5274 5336 5340
f 5315 5314 5247
f 5315 5247 5246
f 5315 5246 5270
f 5315 5270 5342
f 5315 5342 5343
f 5315 5343 5305
f 5315 5305 5297
f 5315 5297 5296
f 5270 5269 5344
f 5270 5344 5342
f 5345 5306 5305
f 5345 5305 5343
f 5345 5344 5269
f 5345 5269 5268
f 5345 5268 5334
f 5345 5334 5335
f 5345 5335 5307
f 5345 5307 5306
f 5150 5344 5345
f 5150 5345 5151
f 5342 5164 5157
f 5342 5157 5343
f 5345 5343 5157
f 5345 5157 5151
f 5150 5164 5342
f 5150 5342 5344
f 5346 5067 5069
f 5346 5069 5347
f 5337 5336 5273
f 5337 5273 5272
f 5337 5272 5346
f 5337 5346 5347
f 5337 5347 5303
f 5337 5303 5302
f 5068 5348 5349
f 5068 5349 5072
f 5069 5072 5349
f 5069 5349 5347
f 5349 5304 5303
f 5349 5303 5347
f 5272 5271 5348
f 5272 5348 5346
f 5346 5348 5068
f 5346 5068 5067
f 5349 5348 5271
f 5349 5271 5263
f 5349 5263 5262
f 5349 5262 5316
f 5349 5316 5317
f 5349 5317 5281
f 5349 5281 5280
f 5349 5280 5304
f 5350 5178 5174
f 5350 5174 5351
f 5057 5352 5353
f 5057 5353 5058
f 5354 5175 5161
f 5354 5161 5355
f 5060 5356 5357
f 5060 5357 5061
f 5358 5294 5293
f 5358 5293 5355
f 5250 5249 5359
f 5250 5359 5354
f 5315 5296 5295
f 5315 5295 5360
f 5248 5247 5314
f 5248 5314 5361
f 5358 5359 5249
f 5358 5249 5248
f 5358 5248 5361
f 5358 5361 5360
f 5358 5360 5295
f 5358 5295 5294
f 5170 5359 5358
f 5170 5358 5160
f 5361 5168 5159
f 5361 5159 5360
f 5315 5360 5159
f 5315 5159 5158
f 5166 5168 5361
f 5166 5361 5314
f 5170 5175 5354
f 5170 5354 5359
f 5358 5355 5161
f 5358 5161 5160
f 5362 5064 5065
f 5362 5065 5363
f 5081 5364 5365
f 5081 5365 5091
f 5074 5091 5365
f 5074 5365 5317
f 5365 5282 5281
f 5365 5281 5317
f 5262 5261 5364
f 5262 5364 5316
f 5316 5364 5081
f 5316 5081 5075
f 5365 5364 5261
f 5365 5261 5260
f 5365 5260 5362
f 5365 5362 5363
f 5365 5363 5283
f 5365 5283 5282
f 5362 5356 5060
f 5362 5060 5064
f 5357 5284 5283
f 5357 5283 5363
f 5065 5061 5357
f 5065 5357 5363
f 5260 5259 5356
f 5260 5356 5362
f 5252 5251 5366
f 5252 5366 5350
f 5367 5292 5291
f 5367 5291 5351
f 5367 5366 5251
f 5367 5251 5250
f 5367 5250 5354
f 5367 5354 5355
f 5367 5355 5293
f 5367 5293 5292
f 5176 5366 5367
f 5176 5367 5173
f 5176 5178 5350
f 5176 5350 5366
f 5367 5351 5174
f 5367 5174 5173
f 5368 5063 5062
f 5368 5062 5369
f 5357 5356 5259
f 5357 5259 5258
f 5357 5258 5368
f 5357 5368 5369
f 5357 5369 5285
f 5357 5285 5284
f 5368 5352 5057
f 5368 5057 5063
f 5353 5286 5285
f 5353 5285 5369
f 5062 5058 5353
f 5062 5353 5369
f 5258 5257 5352
f 5258 5352 5368
f 5370 5185 5184
f 5370 5184 5371
f 5372 5373 5255
f 5372 5255 5254
f 5372 5254 5370
f 5372 5370 5371
f 5372 5371 5289
f 5372 5289 5288
f 5050 5373 5372
f 5050 5372 5051
f 5374 5290 5289
f 5374 5289 5371
f 5254 5253 5375
f 5254 5375 5370
f 5374 5375 5253
f 5374 5253 5252
f 5374 5252 5350
f 5374 5350 5351
f 5374 5351 5291
f 5374 5291 5290
f 5182 5375 5374
f 5182 5374 5179
f 5182 5185 5370
f 5182 5370 5375
f 5374 5371 5184
f 5374 5184 5179
f 5376 5053 5056
f 5376 5056 5377
f 5353 5352 5257
f 5353 5257 5256
f 5353 5256 5376
f 5353 5376 5377
f 5353 5377 5287
f 5353 5287 5286
f 5376 5373 5050
f 5376 5050 5053
f 5372 5288 5287
f 5372 5287 5377
f 5056 5051 5372
f 5056 5372 5377
f 5256 5255 5373
f 5256 5373 5376
f 5019 5018 5010
f 5019 5010 5196
f 5019 5196 5202
f 5019 5202 5201
f 5207 5023 5019
f 5207 5019 5201
f 5205 5204 5192
f 5205 5192 5036
f 5205 5036 5022
f 5205 5022 5021
f 5025 5208 5205
f 5025 5205 5021
f 5021 5020 5019
f 5021 5019 5201
f 5021 5201 5200
f 5021 5200 5205
f 5205 5200 5201
f 5205 5201 5019
f 5205 5019 5020
f 5205 5020 5021
f 5024 5023 5207
f 5024 5207 5206
f 5208 5025 5024
f 5208 5024 5206
f 5022 5036 5378
f 5022 5378 5379
f 5380 5381 5382
f 5380 5382 5383
f 5380 5383 5384
f 5380 5384 5385
f 571 5386 5387
f 571 5387 5385
f 571 5385 5384
f 571 5384 5388
f 571 5388 572
f 5383 5382 5389
f 5383 5389 5390
f 5383 5390 5391
f 5383 5391 570
f 5383 570 569
f 5383 569 5392
f 570 5391 5393
f 570 5393 5386
f 570 5386 571
f 5394 5395 5396
f 5394 5396 5397
f 5394 5397 5398
f 5394 5398 5399
f 5394 5399 5400
f 5394 5400 5401
f 5394 5401 5402
f 5394 5402 5403
f 5394 5403 5404
f 5394 5404 5405
f 5396 5395 5406
f 5396 5406 5407
f 5396 5407 5393
f 5396 5393 5391
f 5406 5395 5394
f 5406 5394 5408
f 5408 5394 5405
f 5408 5405 5409
f 5408 5409 5410
f 5393 5407 5410
f 5393 5410 5409
f 5393 5409 5386
f 5381 5380 5411
f 5381 5411 5412
f 5413 5401 5400
f 5413 5400 5414
f 5413 5411 5380
f 5413 5380 5385
f 5413 5385 5415
f 5413 5415 5402
f 5413 5402 5401
f 5382 5381 5412
f 5382 5412 5414
f 5382 5414 5400
f 5382 5400 5399
f 5416 5407 5406
f 5416 5406 5417
f 5412 5418 5419
f 5412 5419 5414
f 5418 5420 5421
f 5418 5421 5419
f 5421 5420 5389
f 5421 5389 5382
f 5421 5382 5399
f 5421 5399 5398
f 5422 5416 5417
f 5422 5417 5423
f 5423 5417 5419
f 5423 5419 5421
f 5421 5398 5397
f 5421 5397 5423
f 5390 5389 5420
f 5390 5420 5422
f 5420 5418 5416
f 5420 5416 5422
f 5391 5390 5422
f 5391 5422 5423
f 5391 5423 5397
f 5391 5397 5396
f 5424 5411 5413
f 5424 5413 5425
f 5410 5426 5427
f 5410 5427 5408
f 5419 5417 5406
f 5419 5406 5408
f 5419 5408 5427
f 5419 5427 5425
f 5419 5425 5413
f 5419 5413 5414
f 5416 5418 5412
f 5416 5412 5411
f 5416 5411 5424
f 5416 5424 5426
f 5416 5426 5410
f 5416 5410 5407
f 5426 5428 5429
f 5426 5429 5427
f 5424 5430 5428
f 5424 5428 5426
f 5430 5424 5425
f 5430 5425 5431
f 5431 5403 5402
f 5431 5402 5415
f 5431 5415 5430
f 5427 5429 5431
f 5427 5431 5425
f 5429 5404 5403
f 5429 5403 5431
f 5430 5415 5385
f 5430 5385 5387
f 5430 5387 5428
f 5409 5405 5404
f 5409 5404 5429
f 5409 5429 5428
f 5409 5428 5387
f 5409 5387 5386
f 556 5432 5433
f 556 5433 5434
f 556 5434 573
f 556 573 572
f 556 572 5388
f 556 5388 5435
f 556 5435 557
f 5436 2842 575
f 5436 575 554
f 5436 554 557
f 5436 557 5435
f 5437 5392 569
f 5437 569 566
f 2835 5437 566
f 2835 566 568
f 5436 5438 2843
f 5436 2843 2842
f 2847 5439 5437
f 2847 5437 2835
f 2843 5438 5439
f 2843 5439 2847
f 5384 5383 5392
f 5384 5392 5437
f 5384 5437 5439
f 5384 5439 5438
f 5384 5438 5436
f 5384 5436 5435
f 5384 5435 5388
f 5440 5010 5018
f 5440 5018 5441
f 5442 5440 5441
f 5442 5441 5443
f 5379 5378 5442
f 5379 5442 5443
f 5034 5010 5440
f 5034 5440 5442
f 5378 5036 5034
f 5378 5034 5442
f 5443 5441 5018
f 5443 5018 5017
f 5022 5379 5443
f 5022 5443 5017
f 120 1120 1119
f 120 1119 121
f 1122 1121 119
f 1122 119 117
f 1122 117 116
f 115 1109 1122
f 115 1122 116
f 1120 120 119
f 1120 119 1121
f 118 121 1119
f 118 1119 1118
f 118 1118 1117
f 112 118 1117
f 112 1117 1113
f 5444 5445 5446
f 5444 5446 5447
f 5444 5447 5448
f 5444 5448 5449
f 5444 5449 5450
f 5444 5450 5451
f 5451 5450 5452
f 5451 5452 5453
f 5451 5453 5454
f 5455 5456 211
f 5455 211 210
f 5455 210 5457
f 5455 5457 5452
f 5450 5449 5455
f 5450 5455 5452
f 5446 5458 5459
f 5446 5459 5447
f 5460 5445 5444
f 5460 5444 5461
f 5462 5459 5458
f 5462 5458 5460
f 5462 5460 5461
f 5462 5461 5463
f 5464 5463 5461
f 5464 5461 5444
f 5464 5444 5451
f 5464 5451 5454
f 5464 5454 5465
f 5464 5465 5466
f 5467 5468 5469
f 5467 5469 5470
f 5467 5470 5471
f 5467 5471 5472
f 5467 5472 196
f 5467 196 191
f 5467 191 5473
f 5474 5464 5466
f 5474 5466 5467
f 5474 5467 5473
f 5473 191 190
f 5473 190 5475
f 5476 5474 5473
f 5476 5473 5475
f 5475 190 194
f 5475 194 5477
f 5475 5477 5478
f 5479 5476 5475
f 5479 5475 5478
f 5454 5453 5480
f 5454 5480 5481
f 5454 5481 5465
f 5467 5466 5465
f 5467 5465 5481
f 5467 5481 5482
f 5467 5482 5483
f 5467 5483 5484
f 5467 5484 5468
f 209 5485 5457
f 209 5457 210
f 5486 5487 5485
f 5486 5485 209
f 5486 209 208
f 5469 5468 5484
f 5469 5484 5488
f 5489 5470 5469
f 5489 5469 5488
f 5489 5488 5490
f 5489 5490 5491
f 197 196 5472
f 197 5472 5492
f 5471 5470 5489
f 5471 5489 5493
f 5487 5486 5492
f 5487 5492 5472
f 5487 5472 5471
f 5487 5471 5493
f 5487 5493 5494
f 5495 5496 5497
f 5495 5497 5498
f 5495 5498 5499
f 5495 5499 5500
f 5495 5500 5501
f 5495 5501 5502
f 525 5495 5502
f 525 5502 526
f 5497 5496 528
f 5497 528 515
f 528 5496 5495
f 528 5495 525
f 5503 5504 5505
f 5503 5505 5506
f 5503 5506 5507
f 5503 5507 5508
f 5503 5508 5509
f 5510 5511 5506
f 5510 5506 5505
f 5512 5513 5500
f 5512 5500 5499
f 5514 5510 5505
f 5514 5505 5504
f 5514 5504 5513
f 5514 5513 5512
f 5512 5499 5498
f 5512 5498 5515
f 5512 5515 5516
f 5512 5516 5517
f 5512 5517 5514
f 5518 587 599
f 5518 599 5519
f 604 588 5520
f 604 5520 5521
f 604 5521 5519
f 604 5519 599
f 5520 588 587
f 5520 587 5518
f 5522 5523 5524
f 5522 5524 5525
f 5520 5518 5523
f 5520 5523 5522
f 5521 5520 5522
f 5521 5522 5525
f 5521 5525 5524
f 5521 5524 5519
f 5519 5524 5523
f 5519 5523 5518
f 5526 5527 5528
f 5526 5528 5509
f 5526 5509 5508
f 5526 5508 5529
f 5526 5529 222
f 5526 222 221
f 5498 5497 515
f 5498 515 508
f 5498 508 5530
f 5498 5530 5531
f 5498 5531 5532
f 5498 5532 5515
f 5533 5534 5516
f 5533 5516 5515
f 5533 5515 5532
f 5532 5531 5535
f 5532 5535 5533
f 5517 5516 5534
f 5517 5534 5536
f 5517 5536 5537
f 5538 5539 5537
f 5538 5537 5536
f 5538 5536 5535
f 5538 5535 5531
f 5538 5531 5540
f 5538 5540 5541
f 5538 5541 5542
f 5541 200 205
f 5541 205 5543
f 5541 5543 5542
f 5544 5545 5546
f 5544 5546 5538
f 5544 5538 5542
f 5544 5542 5543
f 5544 5543 5547
f 5481 5546 5545
f 5481 5545 5548
f 5481 5548 5482
f 5544 5547 5549
f 5544 5549 5550
f 5487 5494 5491
f 5487 5491 5490
f 5487 5490 5483
f 5487 5483 5482
f 5487 5482 5548
f 5487 5548 5550
f 5487 5550 5549
f 5551 220 219
f 5551 219 5552
f 5553 5554 5555
f 5553 5555 5556
f 5551 5554 5553
f 5551 5553 5557
f 5551 5557 5558
f 5551 5558 5559
f 5551 5559 5526
f 5551 5526 221
f 5551 221 220
f 5560 5561 5562
f 5560 5562 5563
f 5560 5563 5556
f 5560 5556 5555
f 5560 5555 5552
f 5560 5552 219
f 5560 219 201
f 5560 201 200
f 5560 200 5541
f 5560 5541 5540
f 5558 5557 5563
f 5558 5563 5562
f 5564 5565 5566
f 5564 5566 5567
f 5564 5567 5560
f 5564 5560 5540
f 5564 5540 5531
f 5513 5504 5568
f 5513 5568 5569
f 5513 5569 5570
f 5513 5570 5565
f 5513 5565 5564
f 5571 5572 5527
f 5571 5527 5526
f 5571 5526 5559
f 5571 5559 5561
f 5571 5561 5560
f 5571 5560 5567
f 5566 5573 5571
f 5566 5571 5567
f 5565 5570 5574
f 5565 5574 5575
f 5565 5575 5576
f 5565 5576 5573
f 5565 5573 5566
f 5577 5574 5570
f 5577 5570 5569
f 5577 5569 5568
f 5577 5568 5578
f 5577 5578 5579
f 5577 5579 5580
f 5576 5575 5580
f 5576 5580 5579
f 5576 5579 5581
f 5576 5581 5528
f 5576 5528 5527
f 5576 5527 5572
f 5504 5503 5582
f 5504 5582 5578
f 5504 5578 5568
f 5509 5528 5581
f 5509 5581 5582
f 5509 5582 5503
f 5502 5501 5583
f 5502 5583 552
f 5502 552 553
f 5502 553 526
f 552 5583 5584
f 552 5584 5530
f 552 5530 508
f 5584 5564 5531
f 5584 5531 5530
f 5500 5513 5564
f 5500 5564 5584
f 5584 5583 5501
f 5584 5501 5500
f 5551 5585 5586
f 5551 5586 5554
f 5553 5587 5588
f 5553 5588 5557
f 5558 5589 5590
f 5558 5590 5559
f 5572 5591 5592
f 5572 5592 5576
f 5575 5593 5594
f 5575 5594 5580
f 5579 5595 5596
f 5579 5596 5581
f 5597 5590 5589
f 5597 5589 5588
f 5597 5588 5587
f 5597 5587 5586
f 5597 5586 5585
f 5597 5585 223
f 5597 223 222
f 5597 222 5529
f 5508 5507 5596
f 5508 5596 5595
f 5508 5595 5594
f 5508 5594 5593
f 5508 5593 5592
f 5508 5592 5591
f 5508 5591 5597
f 5508 5597 5529
f 5598 5511 5510
f 5598 5510 5599
f 5598 5599 5600
f 5598 5600 5601
f 5602 5603 5599
f 5602 5599 5510
f 5602 5510 5514
f 5602 5514 5517
f 5602 5517 5537
f 5602 5537 5539
f 5604 5603 5602
f 5604 5602 5605
f 5599 5603 5604
f 5599 5604 5606
f 5599 5606 5600
f 5539 5538 5607
f 5539 5607 5605
f 5539 5605 5602
f 5608 5601 5600
f 5608 5600 5606
f 5608 5606 5609
f 5608 5609 203
f 5608 203 218
f 5610 204 203
f 5610 203 5609
f 5543 205 204
f 5543 204 5610
f 5611 5612 5613
f 5582 5581 5596
f 5582 5596 5613
f 5582 5613 5612
f 5511 5598 5611
f 5511 5611 5613
f 5511 5613 5506
f 5506 5613 5596
f 5506 5596 5507
f 5614 5615 5616
f 5614 5616 5617
f 5618 5578 5582
f 5618 5582 5612
f 5618 5612 5611
f 5618 5611 5619
f 5620 5574 5577
f 5620 5577 5621
f 5620 5621 5622
f 5620 5622 5623
f 5624 5571 5573
f 5624 5573 5625
f 5624 5625 5626
f 5624 5626 5627
f 5628 5562 5561
f 5628 5561 5629
f 5628 5629 5630
f 5628 5630 5631
f 5632 5556 5563
f 5632 5563 5633
f 5632 5633 5634
f 5632 5634 5635
f 5636 5552 5555
f 5636 5555 5637
f 5636 5637 5638
f 5636 5638 5639
f 5630 5629 5640
f 5561 5559 5590
f 5561 5590 5640
f 5561 5640 5629
f 5626 5625 5641
f 5573 5576 5592
f 5573 5592 5641
f 5573 5641 5625
f 5620 5623 5642
f 5574 5620 5642
f 5574 5642 5593
f 5574 5593 5575
f 5618 5619 5643
f 5578 5618 5643
f 5578 5643 5595
f 5578 5595 5579
f 5622 5621 5644
f 5577 5580 5594
f 5577 5594 5644
f 5577 5644 5621
f 5644 5643 5619
f 5644 5619 5622
f 5643 5644 5594
f 5643 5594 5595
f 5641 5642 5623
f 5641 5623 5626
f 5642 5641 5592
f 5642 5592 5593
f 5624 5627 5645
f 5571 5624 5645
f 5571 5645 5591
f 5571 5591 5572
f 5640 5645 5627
f 5640 5627 5630
f 5645 5640 5590
f 5645 5590 5597
f 5645 5597 5591
f 5555 5554 5586
f 5555 5586 5646
f 5555 5646 5637
f 5638 5637 5646
f 5632 5635 5647
f 5556 5632 5647
f 5556 5647 5587
f 5556 5587 5553
f 5634 5633 5648
f 5563 5557 5588
f 5563 5588 5648
f 5563 5648 5633
f 5628 5631 5649
f 5562 5628 5649
f 5562 5649 5589
f 5562 5589 5558
f 5648 5649 5631
f 5648 5631 5650
f 5648 5650 5634
f 5649 5648 5588
f 5649 5588 5589
f 5646 5647 5635
f 5646 5635 5638
f 5647 5646 5586
f 5647 5586 5587
f 5636 5639 5651
f 5552 5636 5651
f 5552 5651 5585
f 5552 5585 5551
f 217 216 5651
f 217 5651 5639
f 5651 216 223
f 5651 223 5585
f 5631 5630 5627
f 5631 5627 5626
f 5631 5626 5623
f 5631 5623 5622
f 5631 5622 5619
f 5631 5619 5611
f 5631 5611 5598
f 5631 5598 5601
f 5631 5601 5608
f 5631 5608 5650
f 5608 218 217
f 5608 217 5639
f 5608 5639 5638
f 5608 5638 5635
f 5608 5635 5634
f 5608 5634 5650
f 5535 5536 5615
f 5535 5615 5614
f 5533 5535 5614
f 5533 5614 5617
f 5534 5533 5617
f 5534 5617 5616
f 5536 5534 5616
f 5536 5616 5615
f 5546 5481 5480
f 5546 5480 5652
f 5546 5652 5653
f 5546 5653 5607
f 5546 5607 5538
f 5653 5654 5605
f 5653 5605 5607
f 5480 5453 5655
f 5480 5655 5652
f 5452 5604 5605
f 5452 5605 5654
f 5452 5654 5655
f 5452 5655 5453
f 5458 5446 5656
f 5458 5656 5657
f 5658 5460 5458
f 5658 5458 5657
f 5658 5659 5445
f 5658 5445 5460
f 5445 5659 5656
f 5445 5656 5446
f 5657 5656 5659
f 5657 5659 5658
f 5485 5610 5609
f 5485 5609 5457
f 5487 5549 5547
f 5487 5547 5543
f 5487 5543 5610
f 5487 5610 5485
f 5660 5655 5654
f 5660 5654 5661
f 5660 5661 5662
f 5660 5662 5663
f 5606 5604 5452
f 5606 5452 5457
f 5606 5457 5609
f 5544 5550 5663
f 5544 5663 5662
f 5548 5545 5664
f 5548 5664 5665
f 5653 5652 5665
f 5653 5665 5664
f 5652 5655 5660
f 5652 5660 5665
f 5654 5653 5664
f 5654 5664 5661
f 5664 5545 5544
f 5664 5544 5662
f 5664 5662 5661
f 5550 5548 5665
f 5550 5665 5660
f 5550 5660 5663
f 5666 5667 563
f 5666 563 567
f 5666 567 5668
f 555 562 5669
f 555 5669 5670
f 562 563 5667
f 562 5667 5671
f 562 5671 5669
f 5672 5673 5674
f 5672 5674 5675
f 5672 5675 5676
f 5672 5676 5677
f 5672 5677 5678
f 5677 5679 5680
f 5677 5680 5678
f 5681 5682 5683
f 5681 5683 170
f 5681 170 168
f 5681 168 164
f 5681 164 163
f 5681 163 5684
f 5681 5684 5685
f 5677 5676 5681
f 5677 5681 5685
f 5666 5668 5686
f 5666 5686 5687
f 5688 5689 5690
f 5688 5690 5691
f 5692 5690 5689
f 5692 5689 5671
f 5692 5671 5667
f 5692 5667 5666
f 5692 5666 5687
f 5692 5687 5680
f 5692 5680 5679
f 5692 5679 5693
f 5692 5693 5694
f 5688 5695 5669
f 5688 5669 5671
f 5688 5671 5689
f 5693 5679 5677
f 5693 5677 5685
f 162 5696 5684
f 162 5684 163
f 167 5697 5696
f 167 5696 162
f 5698 5699 5680
f 5698 5680 5687
f 5698 5687 5700
f 5698 5700 5701
f 5702 5462 5463
f 5702 5463 5703
f 5702 5703 5698
f 5702 5698 5701
f 208 207 5704
f 208 5704 5486
f 5490 5705 5706
f 5490 5706 5483
f 5494 5707 5708
f 5494 5708 5491
f 5709 5710 5711
f 5709 5711 5712
f 5709 5712 5713
f 5709 5713 5714
f 5709 5714 215
f 5709 215 181
f 5715 5711 5710
f 5715 5710 5716
f 5717 5718 5719
f 5717 5719 5715
f 5717 5715 5716
f 5717 5716 5706
f 5717 5706 5705
f 5717 5705 5708
f 5717 5708 5707
f 5717 5707 5704
f 5717 5704 207
f 5717 207 206
f 5720 5721 5722
f 5720 5722 5723
f 5718 5713 5712
f 5718 5712 5719
f 206 215 5714
f 206 5714 5717
f 5702 5701 5700
f 5702 5700 5724
f 5702 5724 5725
f 5702 5725 5726
f 5702 5726 5727
f 5728 5448 5447
f 5728 5447 5459
f 5728 5459 5462
f 5728 5462 5702
f 5728 5702 5727
f 5729 5730 5731
f 5729 5731 5725
f 5729 5725 5724
f 5687 5686 5673
f 5687 5673 5729
f 5687 5729 5724
f 5687 5724 5700
f 5732 5733 5734
f 5732 5734 5735
f 5732 5735 5736
f 5732 5736 5737
f 5738 5739 5734
f 5738 5734 5733
f 5738 5733 5740
f 5738 5740 5741
f 5736 5735 5742
f 5736 5742 5743
f 5744 5745 5743
f 5744 5743 5742
f 5744 5742 5739
f 5744 5739 5738
f 5745 5744 5746
f 5745 5746 5747
f 5745 5747 5748
f 5745 5748 5749
f 5741 5740 5750
f 5741 5750 5751
f 5741 5751 5747
f 5741 5747 5746
f 5752 5753 5751
f 5752 5751 5750
f 5752 5750 5754
f 5752 5754 5755
f 5752 5755 5756
f 5757 5758 5749
f 5757 5749 5748
f 5757 5748 5753
f 5757 5753 5752
f 5757 5759 5760
f 5757 5760 5758
f 5759 5756 5755
f 5759 5755 5761
f 5759 5761 5762
f 5759 5762 5763
f 5759 5763 5764
f 5759 5764 5760
f 5765 5766 5767
f 5765 5767 5768
f 5765 5768 5764
f 5765 5764 5763
f 5769 5765 5763
f 5769 5763 5762
f 5769 5762 5770
f 5770 5762 5761
f 5770 5761 5771
f 5770 5771 5772
f 5769 5773 5766
f 5769 5766 5765
f 5767 5766 5773
f 5767 5773 5772
f 5767 5772 5771
f 5767 5771 5774
f 5455 5449 5448
f 5455 5448 5728
f 5455 5728 5775
f 5455 5775 5456
f 5775 5776 212
f 5775 212 211
f 5775 211 5456
f 5777 5726 5725
f 5777 5725 5731
f 5777 5731 5732
f 5728 5727 5726
f 5728 5726 5777
f 5728 5777 5778
f 5728 5778 5779
f 5728 5779 5780
f 5728 5780 5775
f 5780 5781 5782
f 5780 5782 5783
f 5780 5783 5776
f 5780 5776 5775
f 5783 5774 184
f 5783 184 183
f 5783 183 189
f 5783 189 213
f 212 5776 5783
f 212 5783 213
f 5783 5784 5785
f 5783 5785 5786
f 5783 5786 5768
f 5783 5768 5767
f 5783 5767 5774
f 5787 5788 5777
f 5787 5777 5732
f 5787 5732 5737
f 5785 5784 5789
f 5785 5789 5790
f 5791 5792 5793
f 5791 5793 5794
f 5782 5795 5791
f 5782 5791 5794
f 5782 5794 5789
f 5782 5789 5784
f 5782 5784 5783
f 5790 5793 5792
f 5790 5792 5796
f 5790 5796 5797
f 5790 5797 5786
f 5790 5786 5785
f 5796 5795 5782
f 5796 5782 5781
f 5796 5781 5798
f 5796 5798 5799
f 5796 5799 5800
f 5796 5800 5797
f 5801 5802 5803
f 5801 5803 5804
f 5780 5779 5805
f 5780 5805 5804
f 5780 5804 5803
f 5780 5803 5798
f 5780 5798 5781
f 5802 5801 5806
f 5802 5806 5807
f 5802 5807 5800
f 5802 5800 5799
f 5806 5805 5779
f 5806 5779 5778
f 5806 5778 5808
f 5806 5808 5809
f 5806 5809 5810
f 5806 5810 5807
f 5811 5812 5810
f 5811 5810 5809
f 5777 5788 5813
f 5777 5813 5808
f 5777 5808 5778
f 5788 5787 5812
f 5788 5812 5811
f 5788 5811 5813
f 5814 5815 5816
f 5814 5816 5817
f 5818 5819 5820
f 5818 5820 5821
f 5820 5819 5822
f 5820 5822 5823
f 5820 5823 5814
f 5820 5814 5817
f 5820 5817 5824
f 5820 5824 5825
f 5823 5822 5826
f 5823 5826 5827
f 5823 5827 5828
f 5823 5828 5829
f 5823 5829 5830
f 5823 5830 5831
f 5832 5829 5828
f 5832 5828 5833
f 5832 5833 5834
f 5832 5834 5835
f 5832 5835 5836
f 5832 5836 5837
f 5832 5837 5838
f 5832 5838 5839
f 5840 5841 5842
f 5840 5842 5843
f 5840 5843 5844
f 5845 5846 5847
f 5845 5847 5848
f 5845 5848 5849
f 5846 5845 5850
f 5846 5850 5851
f 5846 5851 5844
f 5846 5844 5843
f 5846 5843 5837
f 5846 5837 5836
f 5852 5853 5854
f 5852 5854 5855
f 5852 5855 5856
f 5852 5856 5857
f 5856 5858 5859
f 5856 5859 5857
f 5797 5800 5807
f 5797 5807 5810
f 5797 5810 5812
f 5797 5812 5787
f 5797 5787 5737
f 5797 5737 5736
f 5797 5736 5743
f 5797 5743 5745
f 5797 5745 5749
f 5797 5749 5758
f 5797 5758 5760
f 5797 5760 5764
f 5797 5764 5768
f 5797 5768 5786
f 5858 5860 5825
f 5858 5825 5824
f 5858 5824 5861
f 5858 5861 5859
f 5851 5850 5862
f 5851 5862 5854
f 5851 5854 5853
f 5851 5853 5863
f 5848 5847 5835
f 5848 5835 5834
f 5848 5834 5827
f 5848 5827 5826
f 5848 5826 5818
f 5848 5818 5821
f 5848 5821 5860
f 5848 5860 5858
f 5848 5858 5856
f 5848 5856 5855
f 5854 5862 5849
f 5854 5849 5848
f 5854 5848 5855
f 5852 5857 5859
f 5852 5859 5861
f 5852 5861 5816
f 5852 5816 5815
f 5852 5815 5831
f 5852 5831 5830
f 5852 5830 5839
f 5852 5839 5838
f 5852 5838 5842
f 5852 5842 5841
f 5840 5863 5853
f 5840 5853 5852
f 5840 5852 5841
f 5803 5802 5834
f 5803 5834 5833
f 5832 5839 5747
f 5832 5747 5751
f 5805 5806 5847
f 5805 5847 5846
f 5843 5842 5744
f 5843 5744 5738
f 5849 5809 5808
f 5849 5808 5845
f 5840 5844 5739
f 5840 5739 5742
f 5813 5811 5862
f 5813 5862 5850
f 5851 5863 5735
f 5851 5735 5734
f 5849 5862 5811
f 5849 5811 5809
f 5844 5851 5734
f 5844 5734 5739
f 5735 5863 5840
f 5735 5840 5742
f 5808 5813 5850
f 5808 5850 5845
f 5835 5801 5804
f 5835 5804 5836
f 5838 5837 5741
f 5838 5741 5746
f 5837 5843 5738
f 5837 5738 5741
f 5744 5842 5838
f 5744 5838 5746
f 5835 5847 5806
f 5835 5806 5801
f 5804 5805 5846
f 5804 5846 5836
f 5818 5792 5791
f 5818 5791 5819
f 5815 5814 5756
f 5815 5756 5759
f 5795 5796 5826
f 5795 5826 5822
f 5823 5831 5757
f 5823 5757 5752
f 5827 5799 5798
f 5827 5798 5828
f 5830 5829 5753
f 5830 5753 5748
f 5827 5834 5802
f 5827 5802 5799
f 5829 5832 5751
f 5829 5751 5753
f 5747 5839 5830
f 5747 5830 5748
f 5798 5803 5833
f 5798 5833 5828
f 5814 5823 5752
f 5814 5752 5756
f 5757 5831 5815
f 5757 5815 5759
f 5818 5826 5796
f 5818 5796 5792
f 5791 5795 5822
f 5791 5822 5819
f 5794 5793 5821
f 5794 5821 5820
f 5817 5816 5769
f 5817 5769 5770
f 5860 5790 5789
f 5860 5789 5825
f 5861 5824 5772
f 5861 5772 5773
f 5860 5821 5793
f 5860 5793 5790
f 5824 5817 5770
f 5824 5770 5772
f 5816 5861 5773
f 5816 5773 5769
f 5789 5794 5820
f 5789 5820 5825
f 5750 5740 5733
f 5750 5733 5732
f 5750 5732 5731
f 5750 5731 5730
f 5750 5730 5864
f 5750 5864 5865
f 5750 5865 5754
f 5865 5866 185
f 5865 185 184
f 5865 184 5774
f 5865 5774 5771
f 5865 5771 5761
f 5865 5761 5755
f 5865 5755 5754
f 5867 187 186
f 5867 186 5868
f 185 5866 5869
f 185 5869 5870
f 185 5870 5868
f 185 5868 186
f 5871 5872 5873
f 5871 5873 5870
f 5871 5870 5869
f 5874 5875 5873
f 5874 5873 5872
f 5874 5872 5871
f 5874 5871 5876
f 5874 5876 5877
f 5874 5877 5699
f 5876 5871 5869
f 5876 5869 5866
f 5876 5866 5865
f 5876 5865 5864
f 5730 5729 5877
f 5730 5877 5876
f 5730 5876 5864
f 5873 5875 5721
f 5873 5721 5720
f 5873 5720 5693
f 5873 5693 5685
f 5672 5877 5729
f 5672 5729 5673
f 5699 5877 5672
f 5699 5672 5678
f 5699 5678 5680
f 5723 5722 5867
f 5723 5867 5868
f 5723 5868 5684
f 5723 5684 5696
f 5870 5873 5685
f 5870 5685 5684
f 5870 5684 5868
f 5878 180 187
f 5878 187 5867
f 5879 175 178
f 5879 178 5880
f 5879 5880 5881
f 5882 5883 5879
f 5882 5879 5881
f 5884 5885 5886
f 5884 5886 176
f 5884 176 175
f 5884 175 5879
f 5883 5887 5884
f 5883 5884 5879
f 5874 5699 5888
f 5874 5888 5889
f 5874 5889 5875
f 5881 5880 178
f 5881 178 180
f 5881 180 5878
f 5881 5878 5889
f 5888 5882 5881
f 5888 5881 5889
f 5890 5891 5887
f 5890 5887 5883
f 5890 5883 5892
f 5476 5479 5890
f 5476 5890 5892
f 5892 5883 5882
f 5892 5882 5893
f 5892 5893 5894
f 5474 5476 5892
f 5474 5892 5894
f 5895 5888 5699
f 5895 5699 5698
f 5895 5698 5703
f 5463 5464 5895
f 5463 5895 5703
f 5894 5893 5882
f 5894 5882 5888
f 5894 5888 5895
f 5464 5474 5894
f 5464 5894 5895
f 5896 5897 5898
f 5896 5898 5899
f 5896 5899 5900
f 5896 5900 5901
f 5896 5901 195
f 5896 195 193
f 5896 193 192
f 5902 5900 5899
f 5902 5899 5903
f 5904 5712 5711
f 5904 5711 5903
f 5904 5903 5899
f 5904 5899 5898
f 5905 5714 5713
f 5905 5713 5906
f 5905 5906 5897
f 5905 5897 5896
f 5904 5898 5897
f 5904 5897 5906
f 192 199 198
f 192 198 5905
f 192 5905 5896
f 191 5473 5474
f 191 5474 5894
f 191 5894 5900
f 191 5900 5899
f 191 5899 5898
f 191 5898 5897
f 191 5897 5896
f 191 5896 192
f 5474 5473 191
f 5474 191 192
f 5474 192 5896
f 5474 5896 5897
f 5474 5897 5898
f 5474 5898 5899
f 5474 5899 5900
f 5474 5900 5894
f 5907 5908 5484
f 5907 5484 5483
f 5907 5483 5706
f 5907 5706 5716
f 5907 5716 5710
f 5907 5710 5902
f 5905 5909 5717
f 5905 5717 5714
f 5910 5492 5486
f 5910 5486 5704
f 5911 5910 5704
f 5911 5704 5707
f 5912 5913 5708
f 5912 5708 5705
f 5913 5489 5491
f 5913 5491 5708
f 5488 5912 5705
f 5488 5705 5490
f 5484 5908 5912
f 5484 5912 5488
f 5493 5911 5707
f 5493 5707 5494
f 5489 5913 5911
f 5489 5911 5493
f 5909 5914 5718
f 5909 5718 5717
f 5915 5916 5715
f 5915 5715 5719
f 5911 5913 5912
f 5911 5912 5908
f 5911 5908 5907
f 5911 5907 5916
f 5911 5916 5915
f 5911 5915 5914
f 5911 5914 5909
f 5911 5909 5910
f 5904 5915 5719
f 5904 5719 5712
f 5916 5903 5711
f 5916 5711 5715
f 5907 5902 5903
f 5907 5903 5916
f 5914 5906 5713
f 5914 5713 5718
f 5915 5904 5906
f 5915 5906 5914
f 197 5492 5910
f 197 5910 5909
f 197 5909 5905
f 197 5905 198
f 5479 5478 5477
f 5479 5477 5901
f 5479 5901 5890
f 5477 194 195
f 5477 195 5901
f 5917 5918 177
f 5917 177 178
f 5917 178 5880
f 177 5918 5917
f 177 5917 5880
f 177 5880 178
f 5881 5882 5893
f 5881 5893 5919
f 5881 5919 5917
f 5881 5917 5880
f 5919 5893 5882
f 5919 5882 5881
f 5919 5881 5880
f 5919 5880 5917
f 5919 5920 5918
f 5919 5918 5917
f 5918 5920 5919
f 5918 5919 5917
f 5893 5894 5900
f 5893 5900 5920
f 5893 5920 5919
f 5919 5920 5900
f 5919 5900 5894
f 5919 5894 5893
f 5900 5902 5710
f 5900 5710 5709
f 5900 5709 5920
f 5918 5920 5709
f 5918 5709 181
f 5918 181 179
f 5918 179 177
f 5921 5922 173
f 5921 173 176
f 5921 176 5886
f 5884 5887 5891
f 5884 5891 5923
f 5884 5923 5885
f 5923 5921 5886
f 5923 5886 5885
f 5923 5924 5922
f 5923 5922 5921
f 5890 5901 5924
f 5890 5924 5923
f 5890 5923 5891
f 5924 5901 5900
f 5924 5900 5920
f 5922 5924 5920
f 5922 5920 5918
f 5922 5918 177
f 5922 177 174
f 5922 174 173
f 5697 5925 5926
f 5697 5926 5723
f 5697 5723 5696
f 5927 5928 5878
f 5927 5878 5867
f 5927 5867 5722
f 5925 5928 5927
f 5925 5927 5926
f 5929 5930 5931
f 5929 5931 5932
f 5889 5929 5932
f 5889 5932 5721
f 5889 5721 5875
f 5931 5930 5694
f 5931 5694 5693
f 5931 5693 5720
f 5932 5931 5926
f 5932 5926 5927
f 5931 5720 5723
f 5931 5723 5926
f 5721 5932 5927
f 5721 5927 5722
f 5694 5930 5929
f 5694 5929 5889
f 5694 5889 5878
f 5694 5878 5928
f 5694 5928 5925
f 5694 5925 5697
f 5686 5668 567
f 5686 567 573
f 5686 573 5933
f 5934 5935 5936
f 5934 5936 5674
f 5934 5674 5673
f 5934 5673 5686
f 5934 5686 5933
f 5934 5933 5937
f 5938 5934 5937
f 5938 5937 5939
f 5938 5939 5940
f 149 148 5941
f 149 5941 5938
f 149 5938 5940
f 171 170 5683
f 171 5683 5942
f 171 5942 5943
f 171 5943 5941
f 171 5941 148
f 5944 5945 5943
f 5944 5943 5946
f 5947 5948 5949
f 5947 5949 5950
f 5951 5952 5953
f 5951 5953 5954
f 5951 5954 5947
f 5951 5947 5950
f 5951 5950 5955
f 5951 5955 5956
f 5957 5958 5959
f 5957 5959 5960
f 5961 5962 5963
f 5961 5963 5964
f 5965 5966 5967
f 5965 5967 5968
f 5965 5968 5961
f 5965 5961 5964
f 5965 5964 5969
f 5965 5969 5970
f 5971 5972 5966
f 5971 5966 5965
f 5973 5974 5968
f 5973 5968 5975
f 5973 5975 5957
f 5973 5957 5960
f 5973 5960 5956
f 5973 5956 5976
f 5977 5962 5974
f 5977 5974 5973
f 5959 5978 5952
f 5959 5952 5951
f 5979 5980 5954
f 5979 5954 5981
f 5979 5981 5944
f 5979 5944 5946
f 5979 5946 5942
f 5979 5942 5982
f 5948 5980 5979
f 5948 5979 5983
f 5984 5985 5986
f 5984 5986 5971
f 5987 5988 5989
f 5987 5989 5990
f 5991 5992 5993
f 5991 5993 5994
f 5991 5994 5987
f 5991 5987 5990
f 5991 5990 5995
f 5991 5995 5996
f 5936 5935 5997
f 5936 5997 5996
f 5681 5676 5675
f 5681 5675 5674
f 5681 5674 5936
f 5681 5936 5996
f 5681 5996 5995
f 5681 5995 5989
f 5681 5989 5988
f 5681 5988 5998
f 5681 5998 5999
f 5681 5999 5970
f 5681 5970 5969
f 5681 5969 5963
f 5681 5963 5962
f 5681 5962 5977
f 5681 5977 5682
f 5977 5976 5956
f 5977 5956 5955
f 5977 5955 5949
f 5977 5949 5948
f 5977 5948 5983
f 5977 5983 5982
f 5977 5982 5942
f 5977 5942 5683
f 5977 5683 5682
f 5968 5967 5972
f 5968 5972 5971
f 5968 5971 5986
f 5968 5986 6000
f 5968 6000 5994
f 5968 5994 5993
f 5968 5993 6001
f 5968 6001 5997
f 5968 5997 5935
f 5968 5935 5934
f 5968 5934 5938
f 5968 5938 5975
f 5938 5941 5943
f 5938 5943 5945
f 5938 5945 5981
f 5938 5981 5954
f 5938 5954 5953
f 5938 5953 5978
f 5938 5978 5959
f 5938 5959 5958
f 5938 5958 5975
f 5997 6001 5992
f 5997 5992 5991
f 5999 6002 6003
f 5999 6003 5994
f 5999 5994 6000
f 5999 6000 5985
f 5999 5985 5984
f 5999 5984 5970
f 5998 5988 6003
f 5998 6003 6002
f 6004 5996 5997
f 6004 5997 6005
f 6004 6005 6006
f 6004 6006 6007
f 6008 5943 5942
f 6008 5942 6009
f 6008 6009 6010
f 6008 6010 6011
f 6012 5981 5945
f 6012 5945 6013
f 6012 6013 6014
f 6012 6014 6015
f 6008 6011 6014
f 6008 6014 6013
f 6016 6017 6018
f 6016 6018 6012
f 6016 6012 6015
f 6019 6020 6021
f 6019 6021 6022
f 6019 6022 6023
f 6020 5975 5958
f 6020 5958 6024
f 6020 6024 6025
f 6020 6025 6021
f 6026 5972 5967
f 6026 5967 6023
f 6026 6023 6022
f 6026 6022 6027
f 6025 6024 6028
f 6025 6028 6029
f 6025 6029 6030
f 6029 5978 5953
f 6029 5953 6017
f 6029 6017 6016
f 6029 6016 6030
f 6031 6032 6033
f 6031 6033 6026
f 6031 6026 6027
f 6034 6035 6006
f 6034 6006 6005
f 6034 6001 5993
f 6034 5993 6036
f 6034 6036 6037
f 6034 6037 6035
f 6038 6000 5986
f 6038 5986 6032
f 6038 6032 6031
f 6038 6031 6039
f 6040 6038 6039
f 6040 6039 6037
f 6040 6037 6036
f 6041 6042 6010
f 6041 6010 6009
f 6041 5982 5983
f 6041 5983 6043
f 6041 6043 6044
f 6041 6044 6042
f 6045 6046 6047
f 6045 6047 6048
f 6045 6048 6049
f 6048 5976 5977
f 6048 5977 6050
f 6048 6050 6051
f 6048 6051 6049
f 6052 5963 5969
f 6052 5969 6053
f 6052 6053 6054
f 6052 6054 6055
f 6056 6052 6055
f 6056 6055 6051
f 6056 6051 6050
f 6057 5949 5955
f 6057 5955 6046
f 6057 6046 6045
f 6057 6045 6058
f 6059 6057 6058
f 6059 6058 6044
f 6059 6044 6043
f 6060 5999 5998
f 6060 5998 6061
f 6060 6061 6062
f 6060 6062 6063
f 6004 6007 6064
f 6004 6064 6065
f 6066 5989 5995
f 6066 5995 6065
f 6066 6065 6064
f 6066 6064 6067
f 6068 6066 6067
f 6068 6067 6062
f 6068 6062 6061
f 6069 6060 6063
f 6069 6063 6054
f 6069 6054 6053
f 6008 6013 6070
f 6008 6070 6071
f 6057 6059 6072
f 6057 6072 6073
f 6073 6072 6018
f 6073 6018 6017
f 6073 6017 6074
f 6073 6074 6075
f 6073 6075 6047
f 6073 6047 6046
f 6028 6024 6076
f 6028 6076 6077
f 6052 6056 6078
f 6052 6078 6079
f 6079 6078 6019
f 6079 6019 6023
f 6079 6023 6080
f 6079 6080 6081
f 6079 6081 6069
f 6079 6069 6053
f 6080 6026 6033
f 6080 6033 6081
f 6077 6076 6020
f 6077 6020 6019
f 6077 6019 6082
f 6077 6082 6083
f 6077 6083 6048
f 6077 6048 6047
f 6082 6056 6050
f 6082 6050 6083
f 6074 6029 6028
f 6074 6028 6075
f 6018 6084 6085
f 6018 6085 6041
f 6018 6041 6009
f 6018 6009 6071
f 6018 6071 6070
f 6018 6070 6012
f 6059 6043 6085
f 6059 6085 6084
f 6086 6068 6061
f 6086 6061 6087
f 6088 6089 6038
f 6088 6038 6040
f 6088 6040 6086
f 6088 6086 6087
f 6088 6087 6060
f 6088 6060 6069
f 6090 6034 6005
f 6090 6005 6091
f 6092 6093 6040
f 6092 6040 6036
f 6092 6036 6090
f 6092 6090 6091
f 6092 6091 6004
f 6092 6004 6065
f 6066 6068 6093
f 6066 6093 6092
f 6032 6089 6088
f 6032 6088 6033
f 6042 6044 6058
f 6042 6058 6045
f 6042 6045 6049
f 6042 6049 6051
f 6042 6051 6055
f 6042 6055 6054
f 6042 6054 6063
f 6042 6063 6062
f 6042 6062 6067
f 6042 6067 6064
f 6042 6064 6007
f 6042 6007 6006
f 6042 6006 6035
f 6042 6035 6037
f 6042 6037 6039
f 6042 6039 6031
f 6042 6031 6027
f 6042 6027 6022
f 6042 6022 6021
f 6042 6021 6025
f 6042 6025 6030
f 6042 6030 6016
f 6042 6016 6015
f 6042 6015 6014
f 6042 6014 6011
f 6042 6011 6010
f 5948 6059 6084
f 5948 6084 5980
f 5945 5944 6070
f 5945 6070 6013
f 5987 5994 6040
f 5987 6040 6093
f 5995 5990 6092
f 5995 6092 6065
f 5992 6001 6034
f 5992 6034 6090
f 5991 5996 6004
f 5991 6004 6091
f 5997 5991 6091
f 5997 6091 6005
f 5993 5992 6090
f 5993 6090 6036
f 5944 5981 6012
f 5944 6012 6070
f 5990 5989 6066
f 5990 6066 6092
f 6018 5954 5980
f 6018 5980 6084
f 5988 5987 6093
f 5988 6093 6068
f 5952 5978 6029
f 5952 6029 6074
f 5948 5947 6072
f 5948 6072 6059
f 5994 6003 6086
f 5994 6086 6040
f 6002 5999 6060
f 6002 6060 6087
f 6003 5988 6068
f 6003 6068 6086
f 5998 6002 6087
f 5998 6087 6061
f 5959 5951 6075
f 5959 6075 6028
f 5950 5949 6057
f 5950 6057 6073
f 5985 6000 6038
f 5985 6038 6089
f 5984 6088 6069
f 5984 6069 5970
f 5951 5956 6047
f 5951 6047 6075
f 6088 5984 5971
f 6088 5971 6033
f 5986 5985 6089
f 5986 6089 6032
f 5974 5962 6056
f 5974 6056 6082
f 5958 5957 6076
f 5958 6076 6024
f 5969 5964 6079
f 5969 6079 6053
f 5961 5968 6019
f 5961 6019 6078
f 5966 5972 6026
f 5966 6026 6080
f 5965 5970 6069
f 5965 6069 6081
f 5971 5965 6081
f 5971 6081 6033
f 5967 5966 6080
f 5967 6080 6023
f 5957 5975 6020
f 5957 6020 6076
f 5964 5963 6052
f 5964 6052 6079
f 5968 5974 6082
f 5968 6082 6019
f 5962 5961 6078
f 5962 6078 6056
f 5973 5976 6048
f 5973 6048 6083
f 5977 5973 6083
f 5977 6083 6050
f 5960 5959 6028
f 5960 6028 6077
f 5956 5960 6077
f 5956 6077 6047
f 5955 5950 6073
f 5955 6073 6046
f 5947 5954 6018
f 5947 6018 6072
f 5953 5952 6074
f 5953 6074 6017
f 5979 5982 6041
f 5979 6041 6085
f 5983 5979 6085
f 5983 6085 6043
f 5946 5943 6008
f 5946 6008 6071
f 5942 5946 6071
f 5942 6071 6009
f 160 157 145
f 160 145 149
f 160 149 5940
f 160 5940 5939
f 160 5939 6094
f 5939 5937 5933
f 5939 5933 6094
f 6095 6096 6097
f 6095 6097 6098
f 6095 6098 5690
f 6095 5690 5692
f 6099 6100 6101
f 6099 6101 6102
f 6099 6102 6103
f 6099 6103 6104
f 6099 6104 6105
f 6099 6105 6106
f 6099 6106 6107
f 6099 6107 6108
f 6099 6108 6109
f 6099 6109 6110
f 6099 6110 6111
f 6099 6111 6095
f 6099 6095 5692
f 6099 5692 5694
f 6099 5694 5697
f 6099 5697 6112
f 5697 167 166
f 5697 166 6112
f 6113 6097 6096
f 6113 6096 6114
f 6113 6114 6115
f 6113 6115 6116
f 6113 6116 6117
f 6113 6117 6118
f 6113 6118 6119
f 6113 6119 6120
f 6113 6120 6121
f 6113 6121 6122
f 6113 6122 6123
f 6113 6123 6124
f 6113 6124 6125
f 6113 6125 6126
f 6113 6126 6127
f 6113 6127 6128
f 6127 159 158
f 6127 158 6128
f 6127 6112 166
f 6127 166 159
f 6129 6130 6131
f 6129 6131 6098
f 6129 6098 6097
f 6129 6097 6113
f 6128 158 161
f 6128 161 6129
f 6128 6129 6113
f 6130 6129 161
f 6130 161 160
f 6130 160 6094
f 5933 573 5434
f 5933 5434 6131
f 5933 6131 6130
f 5933 6130 6094
f 6096 6095 6132
f 6096 6132 6133
f 6134 6133 6132
f 6134 6132 6135
f 6136 6137 5432
f 6136 5432 556
f 5433 5432 6137
f 5433 6137 6138
f 5433 6138 6139
f 5434 5433 6139
f 5434 6139 6140
f 5434 6140 6131
f 5695 5688 6139
f 5695 6139 6138
f 5670 5669 6137
f 5670 6137 6136
f 555 5670 6136
f 555 6136 556
f 5669 5695 6138
f 5669 6138 6137
f 5691 5690 6098
f 5691 6098 6131
f 5691 6131 6140
f 5688 5691 6140
f 5688 6140 6139
f 6141 6142 6143
f 6141 6143 6144
f 6145 6141 6144
f 6145 6144 6146
f 6147 6112 6127
f 6147 6127 6148
f 6149 6133 6150
f 6149 6150 6151
f 6149 6151 6152
f 6149 6152 6153
f 6149 6153 6154
f 6149 6154 6155
f 6149 6155 6156
f 6149 6156 6157
f 6149 6157 6158
f 6149 6158 6159
f 6149 6159 6160
f 6149 6160 6161
f 6149 6161 6162
f 6149 6162 6144
f 6149 6144 6141
f 6149 6163 6164
f 6149 6164 6165
f 6149 6165 6166
f 6149 6166 6167
f 6149 6167 6168
f 6149 6168 6169
f 6149 6169 6170
f 6149 6170 6171
f 6149 6171 6172
f 6149 6172 6173
f 6149 6173 6174
f 6149 6174 6132
f 6149 6132 6133
f 6162 6132 6174
f 6162 6174 6173
f 6162 6173 6172
f 6162 6172 6171
f 6162 6171 6170
f 6162 6170 6169
f 6162 6169 6168
f 6162 6168 6167
f 6162 6167 6166
f 6162 6166 6165
f 6162 6165 6164
f 6162 6164 6163
f 6162 6163 6149
f 6162 6149 6141
f 6162 6141 6144
f 6162 6161 6160
f 6162 6160 6159
f 6162 6159 6158
f 6162 6158 6157
f 6162 6157 6156
f 6162 6156 6155
f 6162 6155 6154
f 6162 6154 6153
f 6162 6153 6152
f 6162 6152 6151
f 6162 6151 6150
f 6162 6150 6133
f 6162 6133 6132
f 6175 6176 6177
f 6175 6177 6178
f 6179 6180 6181
f 6179 6181 6182
f 6179 6182 6116
f 6179 6116 6115
f 6179 6115 6183
f 6179 6183 6184
f 6179 6184 6151
f 6179 6151 6152
f 6185 6150 6151
f 6185 6151 6184
f 6185 6186 6114
f 6185 6114 6096
f 6185 6096 6133
f 6185 6133 6150
f 6115 6114 6186
f 6115 6186 6183
f 6187 6188 6110
f 6187 6110 6109
f 6187 6109 6181
f 6187 6181 6180
f 6187 6180 6172
f 6187 6172 6173
f 6095 6111 6189
f 6095 6189 6190
f 6095 6190 6174
f 6095 6174 6132
f 6111 6110 6188
f 6111 6188 6189
f 6187 6173 6174
f 6187 6174 6190
f 6187 6184 6183
f 6187 6183 6188
f 6185 6190 6189
f 6185 6189 6186
f 6190 6185 6184
f 6190 6184 6187
f 6188 6183 6186
f 6188 6186 6189
f 6191 6192 6193
f 6191 6193 6194
f 6195 6196 6108
f 6195 6108 6107
f 6195 6107 6193
f 6195 6193 6192
f 6195 6192 6170
f 6195 6170 6171
f 6109 6108 6196
f 6109 6196 6181
f 6195 6171 6172
f 6195 6172 6180
f 6179 6152 6153
f 6179 6153 6197
f 6191 6194 6118
f 6191 6118 6117
f 6191 6117 6198
f 6191 6198 6197
f 6191 6197 6153
f 6191 6153 6154
f 6117 6116 6182
f 6117 6182 6198
f 6195 6197 6198
f 6195 6198 6196
f 6180 6179 6197
f 6180 6197 6195
f 6196 6198 6182
f 6196 6182 6181
f 6199 6200 6106
f 6199 6106 6105
f 6199 6105 6177
f 6199 6177 6176
f 6199 6176 6168
f 6199 6168 6169
f 6107 6106 6200
f 6107 6200 6193
f 6199 6169 6170
f 6199 6170 6192
f 6191 6154 6155
f 6191 6155 6201
f 6175 6178 6120
f 6175 6120 6119
f 6175 6119 6202
f 6175 6202 6201
f 6175 6201 6155
f 6175 6155 6156
f 6119 6118 6194
f 6119 6194 6202
f 6199 6201 6202
f 6199 6202 6200
f 6192 6191 6201
f 6192 6201 6199
f 6200 6202 6194
f 6200 6194 6193
f 6203 6204 6205
f 6203 6205 6206
f 6207 6208 6209
f 6207 6209 6210
f 6211 6167 6168
f 6211 6168 6176
f 6105 6104 6212
f 6105 6212 6177
f 6211 6212 6104
f 6211 6104 6103
f 6211 6103 6209
f 6211 6209 6208
f 6211 6208 6166
f 6211 6166 6167
f 6121 6120 6178
f 6121 6178 6213
f 6207 6210 6122
f 6207 6122 6121
f 6207 6121 6213
f 6207 6213 6214
f 6207 6214 6157
f 6207 6157 6158
f 6175 6156 6157
f 6175 6157 6214
f 6211 6214 6213
f 6211 6213 6212
f 6176 6175 6214
f 6176 6214 6211
f 6212 6213 6178
f 6212 6178 6177
f 6209 6103 6102
f 6209 6102 6215
f 6166 6208 6216
f 6166 6216 6165
f 6216 6215 6102
f 6216 6102 6101
f 6216 6101 6205
f 6216 6205 6204
f 6216 6204 6164
f 6216 6164 6165
f 6207 6158 6159
f 6207 6159 6217
f 6122 6210 6218
f 6122 6218 6123
f 6203 6206 6124
f 6203 6124 6123
f 6203 6123 6218
f 6203 6218 6217
f 6203 6217 6159
f 6203 6159 6160
f 6216 6217 6218
f 6216 6218 6215
f 6208 6207 6217
f 6208 6217 6216
f 6210 6209 6215
f 6210 6215 6218
f 6144 6143 6219
f 6144 6219 6162
f 6219 6220 6126
f 6219 6126 6125
f 6219 6125 6221
f 6219 6221 6222
f 6219 6222 6161
f 6219 6161 6162
f 6148 6127 6126
f 6148 6126 6220
f 6125 6124 6206
f 6125 6206 6221
f 6203 6160 6161
f 6203 6161 6222
f 6142 6141 6149
f 6142 6149 6223
f 6099 6112 6147
f 6099 6147 6224
f 6225 6226 6100
f 6225 6100 6099
f 6225 6099 6224
f 6225 6224 6223
f 6225 6223 6149
f 6225 6149 6163
f 6101 6100 6226
f 6101 6226 6205
f 6225 6163 6164
f 6225 6164 6204
f 6219 6223 6224
f 6219 6224 6220
f 6225 6222 6221
f 6225 6221 6226
f 6204 6203 6222
f 6204 6222 6225
f 6226 6221 6206
f 6226 6206 6205
f 6223 6219 6143
f 6223 6143 6142
f 6147 6148 6220
f 6147 6220 6224
f 6162 6161 6160
f 6162 6160 6159
f 6162 6159 6158
f 6162 6158 6157
f 6162 6157 6156
f 6162 6156 6155
f 6162 6155 6154
f 6162 6154 6153
f 6162 6153 6152
f 6162 6152 6151
f 6162 6151 6150
f 6162 6150 6133
f 6162 6133 6134
f 6162 6134 6146
f 6162 6146 6144
f 6135 6132 6174
f 6135 6174 6173
f 6135 6173 6172
f 6135 6172 6171
f 6135 6171 6170
f 6135 6170 6169
f 6135 6169 6168
f 6135 6168 6167
f 6135 6167 6166
f 6135 6166 6165
f 6135 6165 6164
f 6135 6164 6163
f 6135 6163 6149
f 6135 6149 6141
f 6135 6141 6145
f 6134 6135 6145
f 6134 6145 6146
f 6227 6228 6229
f 6227 6229 422
f 6227 422 421
f 6230 6229 6228
f 6230 6228 6231
f 6230 6231 6232
f 6230 6232 6233
f 6234 6227 421
f 6234 421 418
f 6234 418 6235
f 6234 6235 6236
f 6236 6232 6231
f 6236 6231 6234
f 63 6233 6232
f 63 6232 6236
f 63 6236 6235
f 63 6235 64
f 465 464 6237
f 465 6237 6238
f 465 6238 6239
f 465 6239 6240
f 465 6240 461
f 6237 6241 6242
f 6237 6242 6243
f 6237 6243 6244
f 6237 6244 6238
f 6243 6245 6246
f 6243 6246 6244
f 6245 6243 6242
f 6245 6242 62
f 6245 62 61
f 6245 61 6247
f 6246 6245 6247
f 6246 6247 6248
f 6246 6248 6240
f 6246 6240 6239
f 416 461 6240
f 416 6240 6249
f 416 6249 6250
f 416 6250 6251
f 416 6251 6252
f 416 6252 417
f 6249 6240 6248
f 6249 6248 6253
f 6254 6253 6248
f 6254 6248 6247
f 6254 6247 6255
f 6254 6255 6256
f 6257 6258 6255
f 6257 6255 6247
f 6257 6247 61
f 6257 61 64
f 6257 64 6235
f 6259 6251 6250
f 6259 6250 6256
f 6259 6256 6255
f 6259 6255 6258
f 418 417 6252
f 418 6252 6260
f 418 6260 6257
f 418 6257 6235
f 6258 6257 6260
f 6258 6260 6259
f 6261 6262 6263
f 6261 6263 6264
f 6265 6266 6264
f 6265 6264 6263
f 6265 6263 6244
f 6265 6244 6246
f 6265 6253 6254
f 6265 6254 6266
f 6267 6268 6269
f 6267 6269 6270
f 6269 6268 6271
f 6269 6271 6261
f 6269 6261 6264
f 6269 6264 6266
f 6269 6266 6254
f 6269 6254 6256
f 6272 6273 6274
f 6272 6274 6275
f 6272 6275 6267
f 6272 6267 6270
f 6272 6270 6259
f 6272 6259 6260
f 6234 6231 6273
f 6234 6273 6272
f 6276 6229 6230
f 6276 6230 6274
f 6277 6278 6275
f 6277 6275 6271
f 6237 6279 6262
f 6237 6262 6241
f 6276 6278 6277
f 6276 6277 6279
f 6276 6279 6237
f 6276 6237 464
f 6276 464 422
f 6276 422 6229
f 6250 6280 6269
f 6250 6269 6256
f 6281 6277 6271
f 6281 6271 6268
f 6249 6253 6265
f 6249 6265 6282
f 6263 6262 6279
f 6263 6279 6283
f 6265 6246 6239
f 6265 6239 6282
f 6283 6238 6244
f 6283 6244 6263
f 6282 6239 6238
f 6282 6238 6283
f 6249 6282 6283
f 6249 6283 6279
f 6249 6279 6277
f 6249 6277 6281
f 6249 6281 6280
f 6249 6280 6250
f 6284 6281 6268
f 6284 6268 6267
f 6228 6285 6273
f 6228 6273 6231
f 6278 6284 6267
f 6278 6267 6275
f 6285 6276 6274
f 6285 6274 6273
f 6276 6285 6284
f 6276 6284 6278
f 6280 6286 6270
f 6280 6270 6269
f 6287 6227 6234
f 6287 6234 6272
f 6287 6286 6280
f 6287 6280 6281
f 6287 6281 6284
f 6287 6284 6285
f 6287 6285 6228
f 6287 6228 6227
f 6286 6251 6259
f 6286 6259 6270
f 6252 6287 6272
f 6252 6272 6260
f 6287 6252 6251
f 6287 6251 6286
f 6242 6241 6262
f 6242 6262 6261
f 6242 6261 6271
f 6242 6271 6275
f 6242 6275 6274
f 6242 6274 6230
f 6242 6230 6233
f 62 6242 6233
f 62 6233 63
f 4937 4934 420
f 4937 420 6288
f 4937 6288 6289
f 6290 6291 3700
f 6290 3700 3719
f 3700 6291 6292
f 3700 6292 470
f 4937 6289 6290
f 4937 6290 3719
f 419 423 470
f 419 470 6292
f 419 6292 6288
f 419 6288 420
f 6289 6288 6292
f 6289 6292 6291
f 6289 6291 6290
f 6293 6294 6295
f 6293 6295 6296
f 6293 6296 6297
f 6293 6297 6298
f 6293 6298 6299
f 6293 6299 6300
f 6293 6300 6301
f 6293 6301 6302
f 6293 6302 6303
f 6293 6303 6304
f 6293 6304 6305
f 6293 6305 6306
f 6293 6306 6307
f 6293 6307 6308
f 6293 6308 6309
f 6293 6309 6310
f 6293 6310 6311
f 6293 6311 6312
f 6293 6312 6313
f 6314 6315 6316
f 6314 6316 6317
f 6314 6317 6318
f 6314 6318 6319
f 6314 6319 6320
f 6314 6320 6321
f 6314 6321 6322
f 6314 6322 6323
f 6314 6323 6293
f 6314 6293 6313
f 6324 6325 6326
f 6324 6326 6327
f 6328 6329 6315
f 6328 6315 6314
f 6328 6314 6324
f 6328 6324 6327
f 6328 6327 6330
f 6328 6330 6331
f 6332 6318 6317
f 6332 6317 6333
f 6334 6335 6336
f 6334 6336 6337
f 6334 6337 6338
f 6334 6338 6339
f 6334 6339 6340
f 6334 6340 6341
f 6334 6341 6342
f 6334 6342 6343
f 6334 6343 6344
f 6334 6344 6345
f 6334 6345 6346
f 6334 6346 17
f 6334 17 10
f 6334 10 6
f 6334 6 5
f 6334 5 14
f 13 29 6347
f 13 6347 6348
f 13 6348 6349
f 13 6349 6350
f 13 6350 6331
f 13 6331 6330
f 13 6330 6326
f 13 6326 6325
f 13 6325 6334
f 13 6334 14
f 6321 6320 6348
f 6321 6348 6347
f 6351 6352 6320
f 6351 6320 6319
f 6351 6319 6332
f 6351 6332 6333
f 6351 6333 6331
f 6351 6331 6350
f 6349 6348 6352
f 6349 6352 6351
f 6317 6316 6329
f 6317 6329 6328
f 6353 6354 6314
f 6353 6314 6313
f 6353 6313 6355
f 6353 6355 6356
f 6353 6356 6336
f 6353 6336 6335
f 6325 6354 6353
f 6325 6353 6334
f 6357 6345 6344
f 6357 6344 6358
f 6359 6360 6303
f 6359 6303 6302
f 6359 6302 6357
f 6359 6357 6358
f 6359 6358 6343
f 6359 6343 6342
f 6361 6306 6305
f 6361 6305 6362
f 6363 6339 6338
f 6363 6338 6364
f 6365 6366 6309
f 6365 6309 6308
f 6365 6308 6363
f 6365 6363 6364
f 6365 6364 6337
f 6365 6337 6336
f 6355 6312 6311
f 6355 6311 6356
f 6302 6301 6346
f 6302 6346 6345
f 6311 6310 6366
f 6311 6366 6365
f 6367 6368 6308
f 6367 6308 6307
f 6367 6307 6361
f 6367 6361 6362
f 6367 6362 6342
f 6367 6342 6341
f 6340 6339 6368
f 6340 6368 6367
f 6305 6304 6360
f 6305 6360 6359
f 18 17 6346
f 18 6346 6301
f 18 6301 6300
f 18 6300 6369
f 6370 6348 6320
f 6370 6320 6371
f 6370 6371 6372
f 6370 6372 6373
f 6374 6302 6345
f 6374 6345 6375
f 6374 6375 6376
f 6374 6376 6377
f 6378 6326 6330
f 6378 6330 6379
f 6378 6379 6380
f 6378 6380 6381
f 6382 6378 6381
f 6382 6381 6383
f 6382 6383 6384
f 6370 6373 6385
f 6370 6385 6386
f 6387 6350 6349
f 6387 6349 6386
f 6387 6386 6385
f 6387 6385 6388
f 6389 6387 6388
f 6389 6388 6380
f 6389 6380 6379
f 6390 6391 6392
f 6390 6392 6393
f 6390 6393 6394
f 6393 6341 6340
f 6393 6340 6395
f 6393 6395 6396
f 6393 6396 6394
f 6397 6398 6399
f 6397 6399 6400
f 6397 6400 6401
f 6400 6335 6334
f 6400 6334 6384
f 6400 6384 6383
f 6400 6383 6401
f 6402 6338 6337
f 6402 6337 6398
f 6402 6398 6397
f 6402 6397 6403
f 6404 6402 6403
f 6404 6403 6396
f 6404 6396 6395
f 6405 6344 6343
f 6405 6343 6391
f 6405 6391 6390
f 6405 6390 6406
f 6405 6406 6376
f 6405 6376 6375
f 6407 6316 6315
f 6407 6315 6408
f 6407 6408 6409
f 6407 6409 6410
f 6411 6412 6413
f 6411 6413 6407
f 6411 6407 6410
f 6414 6319 6318
f 6414 6318 6412
f 6414 6412 6411
f 6414 6411 6415
f 6414 6415 6372
f 6414 6372 6371
f 6409 6408 6416
f 6409 6416 6417
f 6409 6417 6418
f 6419 6420 6421
f 6419 6421 6422
f 6419 6422 6423
f 6420 6304 6303
f 6420 6303 6424
f 6420 6424 6425
f 6420 6425 6421
f 6374 6377 6425
f 6374 6425 6424
f 6426 6310 6309
f 6426 6309 6427
f 6426 6427 6428
f 6426 6428 6429
f 6430 6431 6432
f 6430 6432 6426
f 6430 6426 6429
f 6417 6313 6312
f 6417 6312 6431
f 6417 6431 6430
f 6417 6430 6418
f 6433 6307 6306
f 6433 6306 6423
f 6433 6423 6422
f 6433 6422 6434
f 6435 6433 6434
f 6435 6434 6428
f 6435 6428 6427
f 6382 6384 6436
f 6382 6436 6437
f 6416 6437 6436
f 6416 6436 6400
f 6416 6400 6399
f 6416 6399 6438
f 6416 6438 6439
f 6416 6439 6417
f 6440 6407 6413
f 6440 6413 6441
f 6370 6386 6442
f 6370 6442 6443
f 6444 6445 6414
f 6444 6414 6371
f 6444 6371 6443
f 6444 6443 6442
f 6444 6442 6387
f 6444 6387 6389
f 6444 6413 6412
f 6444 6412 6445
f 6446 6447 6416
f 6446 6416 6408
f 6446 6408 6440
f 6446 6440 6441
f 6446 6441 6389
f 6446 6389 6379
f 6378 6382 6447
f 6378 6447 6446
f 6405 6375 6448
f 6405 6448 6449
f 6449 6448 6374
f 6449 6374 6424
f 6449 6424 6450
f 6449 6450 6451
f 6449 6451 6392
f 6449 6392 6391
f 6452 6419 6423
f 6452 6423 6453
f 6402 6404 6454
f 6402 6454 6455
f 6455 6454 6435
f 6455 6435 6427
f 6455 6427 6456
f 6455 6456 6457
f 6455 6457 6399
f 6455 6399 6398
f 6438 6432 6431
f 6438 6431 6439
f 6456 6426 6432
f 6456 6432 6457
f 6452 6453 6433
f 6452 6433 6435
f 6452 6435 6458
f 6452 6458 6459
f 6452 6459 6393
f 6452 6393 6392
f 6404 6395 6459
f 6404 6459 6458
f 6450 6420 6419
f 6450 6419 6451
f 6406 6390 6394
f 6406 6394 6396
f 6406 6396 6403
f 6406 6403 6397
f 6406 6397 6401
f 6406 6401 6383
f 6406 6383 6381
f 6406 6381 6380
f 6406 6380 6388
f 6406 6388 6385
f 6406 6385 6373
f 6406 6373 6372
f 6406 6372 6415
f 6406 6415 6411
f 6406 6411 6410
f 6406 6410 6409
f 6406 6409 6418
f 6406 6418 6430
f 6406 6430 6429
f 6406 6429 6428
f 6406 6428 6434
f 6406 6434 6422
f 6406 6422 6421
f 6406 6421 6425
f 6406 6425 6377
f 6406 6377 6376
f 6345 6357 6448
f 6345 6448 6375
f 6360 6304 6420
f 6360 6420 6450
f 6351 6350 6387
f 6351 6387 6442
f 6320 6352 6443
f 6320 6443 6371
f 6352 6348 6370
f 6352 6370 6443
f 6349 6351 6442
f 6349 6442 6386
f 6358 6344 6405
f 6358 6405 6449
f 6305 6359 6451
f 6305 6451 6419
f 6331 6333 6444
f 6331 6444 6389
f 6332 6319 6414
f 6332 6414 6445
f 6359 6342 6392
f 6359 6392 6451
f 6333 6317 6413
f 6333 6413 6444
f 6318 6332 6445
f 6318 6445 6412
f 6368 6339 6404
f 6368 6404 6458
f 6306 6361 6453
f 6306 6453 6423
f 6330 6327 6446
f 6330 6446 6379
f 6324 6314 6416
f 6324 6416 6447
f 6329 6316 6407
f 6329 6407 6440
f 6328 6331 6389
f 6328 6389 6441
f 6317 6328 6441
f 6317 6441 6413
f 6315 6329 6440
f 6315 6440 6408
f 6361 6307 6433
f 6361 6433 6453
f 6327 6326 6378
f 6327 6378 6446
f 6308 6368 6458
f 6308 6458 6435
f 6325 6324 6447
f 6325 6447 6382
f 6366 6310 6426
f 6366 6426 6456
f 6339 6363 6454
f 6339 6454 6404
f 6416 6314 6354
f 6416 6354 6437
f 6353 6335 6400
f 6353 6400 6436
f 6325 6382 6437
f 6325 6437 6354
f 6334 6353 6436
f 6334 6436 6384
f 6311 6365 6457
f 6311 6457 6432
f 6364 6338 6402
f 6364 6402 6455
f 6336 6356 6438
f 6336 6438 6399
f 6355 6313 6417
f 6355 6417 6439
f 6365 6336 6399
f 6365 6399 6457
f 6356 6311 6432
f 6356 6432 6438
f 6312 6355 6439
f 6312 6439 6431
f 6337 6364 6455
f 6337 6455 6398
f 6363 6308 6435
f 6363 6435 6454
f 6309 6366 6456
f 6309 6456 6427
f 6367 6341 6393
f 6367 6393 6459
f 6340 6367 6459
f 6340 6459 6395
f 6362 6305 6419
f 6362 6419 6452
f 6342 6362 6452
f 6342 6452 6392
f 6343 6358 6449
f 6343 6449 6391
f 6357 6302 6374
f 6357 6374 6448
f 6303 6360 6450
f 6303 6450 6424
f 8 7 6460
f 8 6460 6461
f 215 25 28
f 215 28 24
f 215 24 23
f 215 23 6462
f 215 6462 181
f 6463 6464 182
f 6463 182 181
f 6463 181 6462
f 23 22 6463
f 23 6463 6462
f 6465 6466 6322
f 6465 6322 6321
f 6465 6321 6347
f 6465 6347 29
f 6465 29 26
f 214 188 6466
f 214 6466 6465
f 215 214 6465
f 215 6465 26
f 215 26 25
f 188 182 6464
f 188 6464 6466
f 6323 6322 6466
f 6323 6466 6464
f 6463 22 16
f 6463 16 15
f 6463 15 6467
f 6293 6323 6464
f 6293 6464 6463
f 6293 6463 6467
f 6293 6467 6468
f 6293 6468 6294
f 6460 6295 6294
f 6460 6294 6468
f 6460 6468 6461
f 9 8 6461
f 9 6461 6468
f 15 9 6468
f 15 6468 6467
f 166 6469 6470
f 166 6470 159
f 4 3 6471
f 4 6471 6472
f 7 11 6473
f 7 6473 6460
f 6474 6296 6295
f 6474 6295 6460
f 6474 6460 6473
f 6471 6475 6476
f 6471 6476 6297
f 6471 6297 6296
f 6471 6296 6474
f 6471 6474 6472
f 1 4 6472
f 1 6472 6474
f 11 1 6474
f 11 6474 6473
f 6477 6478 6471
f 6477 6471 3
f 6477 3 19
f 6477 19 6479
f 6478 6477 153
f 6478 153 152
f 6476 6480 6481
f 6476 6481 6298
f 6476 6298 6297
f 6475 6482 6480
f 6475 6480 6476
f 6478 6482 6475
f 6478 6475 6471
f 6483 6477 6479
f 6483 6479 6484
f 6481 6485 6299
f 6481 6299 6298
f 6486 6483 6484
f 6486 6484 6487
f 6300 6299 6485
f 6300 6485 6486
f 6300 6486 6487
f 6300 6487 6369
f 172 155 6485
f 172 6485 6481
f 154 6486 6485
f 154 6485 155
f 6477 6483 156
f 6477 156 153
f 156 6483 6486
f 156 6486 154
f 6482 165 169
f 6482 169 6480
f 6482 6478 152
f 6482 152 165
f 6480 169 172
f 6480 172 6481
f 6369 6487 6484
f 6369 6484 6479
f 6369 6479 19
f 6369 19 18
f 151 150 6488
f 151 6488 6489
f 6469 166 151
f 6469 151 6489
f 159 6470 6488
f 159 6488 150
f 6490 6491 6492
f 6490 6492 6493
f 6470 6493 6492
f 6470 6492 6488
f 6470 6469 6490
f 6470 6490 6493
f 6469 6489 6491
f 6469 6491 6490
f 6488 6492 6491
f 6488 6491 6489
f 6494 6495 6496
f 6494 6496 6497
f 6496 27 20
f 6496 20 6497
f 6498 24 28
f 6498 28 6499
f 6500 6501 6498
f 6500 6498 6499
f 6497 6496 6499
f 6497 6499 6498
f 6496 6497 6498
f 6496 6498 6499
f 28 27 6496
f 28 6496 6499
f 6497 20 24
f 6497 24 6498
f 6499 6496 6495
f 6499 6495 6500
f 6494 6497 6498
f 6494 6498 6501
f 6500 6495 6494
f 6500 6494 6501
