# BSP v29 exported geometry - frobodm2 (worldmodel faces only)
v 2144.0 -2368.0 160.0
v 2112.0 -2368.0 160.0
v 2112.0 -2368.0 64.0
v 2144.0 -2368.0 64.0
v 2240.0 -2368.0 96.0
v 2240.0 -2368.0 160.0
v 2208.0 -2368.0 160.0
v 2208.0 -2368.0 64.0
v 2240.0 -2368.0 64.0
v 2160.0 -2368.0 128.0
v 2160.0 -2368.0 96.0
v 2192.0 -2368.0 96.0
v 2192.0 -2368.0 128.0
v 2240.0 -2368.0 176.0
v 2208.0 -2368.0 176.0
v 2144.0 -2368.0 176.0
v 2112.0 -2368.0 176.0
v 2144.0 -2368.0 288.0
v 2112.0 -2368.0 288.0
v 2240.0 -2368.0 256.0
v 2240.0 -2368.0 288.0
v 2208.0 -2368.0 288.0
v 2240.0 -2368.0 352.0
v 2112.0 -2368.0 352.0
v 2272.0 -2368.0 -16.0
v 2368.0 -2368.0 -16.0
v 2368.0 -2368.0 48.0
v 2272.0 -2368.0 48.0
v 2496.0 -2368.0 -16.0
v 2624.0 -2368.0 -16.0
v 2624.0 -2368.0 48.0
v 2496.0 -2368.0 48.0
v 2368.0 -2368.0 96.0
v 2368.0 -2368.0 224.0
v 2272.0 -2368.0 224.0
v 2272.0 -2368.0 64.0
v 2624.0 -2368.0 80.0
v 2591.0 -2368.0 80.0
v 2528.0 -2368.0 80.0
v 2496.0 -2368.0 80.0
v 2624.0 -2368.0 96.0
v 2624.0 -2368.0 224.0
v 2496.0 -2368.0 224.0
v 2496.0 -2368.0 96.0
v 2496.0 -2368.0 256.0
v 2336.0 -2368.0 256.0
v 2272.0 -2368.0 256.0
v 2624.0 -2368.0 256.0
v 2560.0 -2368.0 256.0
v 2672.0 -2368.0 96.0
v 2784.0 -2368.0 96.0
v 2784.0 -2368.0 288.0
v 2784.0 -2368.0 304.0
v 2752.0 -2368.0 304.0
v 2656.0 -2368.0 304.0
v 2656.0 -2368.0 96.0
v 2752.0 -2368.0 336.0
v 2656.0 -2368.0 336.0
v 2752.0 -2368.0 352.0
v 2784.0 -2368.0 309.33374
v 2784.0 -2368.0 408.0
v 2752.0 -2368.0 408.0
v 2432.0 352.0 0.0
v 2304.0 352.0 0.0
v 2240.0 352.0 0.0
v 2208.0 352.0 0.0
v 2208.0 352.0 160.0
v 2240.0 352.0 160.0
v 2432.0 352.0 160.0
v 2464.0 352.0 160.0
v 2496.0 352.0 160.0
v 2560.0 352.0 160.0
v 2560.0 352.0 0.0
v 2528.0 352.0 0.0
v 2400.0 352.0 -48.0
v 2560.0 352.0 -48.0
v 2560.0 352.0 -64.0
v 2432.0 352.0 -64.0
v 2400.0 352.0 -64.0
v 2560.0 352.0 -80.0
v 2464.0 352.0 -80.0
v 2432.0 352.0 -80.0
v 2528.0 352.0 -16.0
v 2336.0 352.0 -16.0
v 2304.0 352.0 -16.0
v 2560.0 352.0 -16.0
v 2368.0 352.0 -32.0
v 2560.0 352.0 -32.0
v 2368.0 352.0 -48.0
v 2560.0 352.0 -96.0
v 2496.0 352.0 -96.0
v 2464.0 352.0 -96.0
v 2336.0 352.0 -32.0
v 1224.0 -936.0 144.0
v 1224.0 -936.0 128.0
v 1224.0 -920.0 128.0
v 1224.0 -920.0 144.0
v 1224.0 -936.0 216.0
v 1224.0 -936.0 160.0
v 1224.0 -920.0 160.0
v 1224.0 -920.0 216.0
v 1224.0 -936.0 256.0
v 1224.0 -936.0 232.0
v 1224.0 -920.0 232.0
v 1224.0 -920.0 256.0
v 1224.0 -960.0 232.0
v 1224.0 -960.0 216.0
v 1224.0 -896.0 216.0
v 1224.0 -896.0 232.0
v 1224.0 -960.0 160.0
v 1224.0 -960.0 144.0
v 1224.0 -896.0 144.0
v 1224.0 -896.0 160.0
v 3008.0 -1856.0 72.0
v 3008.0 -2080.0 72.0
v 3008.0 -2080.0 -16.0
v 3008.0 -2016.0 -16.0
v 3008.0 -1856.0 -16.0
v 3008.0 -1792.0 -16.0
v 3008.0 -1792.0 72.0
v 3008.0 -1856.0 80.0
v 3008.0 -2016.0 80.0
v 3008.0 -2080.0 80.0
v 3008.0 -1792.0 80.0
v 3008.0 -1856.0 256.0
v 3008.0 -1920.0 256.0
v 3008.0 -1952.0 256.0
v 3008.0 -2080.0 256.0
v 3008.0 -2080.0 96.0
v 3008.0 -2016.0 96.0
v 3008.0 -1856.0 96.0
v 3008.0 -1792.0 96.0
v 3008.0 -1792.0 256.0
v 2208.0 160.0 -184.0
v 2240.0 160.0 -184.0
v 2240.0 128.0 -184.0
v 2208.0 128.0 -184.0
v 2304.0 160.0 -184.0
v 2272.0 160.0 -184.0
v 2272.0 192.0 -184.0
v 2304.0 192.0 -184.0
v 2208.0 224.0 -184.0
v 2240.0 224.0 -184.0
v 2272.0 224.0 -184.0
v 2432.0 32.0 -184.0
v 2336.0 32.0 -184.0
v 2304.0 32.0 -184.0
v 2208.0 32.0 -184.0
v 2336.0 128.0 -184.0
v 2432.0 128.0 -184.0
v 2560.0 128.0 -184.0
v 2560.0 32.0 -184.0
v 1424.0 -576.0 576.0
v 1600.0 -576.0 576.0
v 1600.0 -448.0 576.0
v 1424.0 -448.0 576.0
v 1600.0 -640.0 576.0
v 1600.0 -608.0 576.0
v 1424.0 -608.0 576.0
v 1424.0 -640.0 576.0
v 1424.0 -736.0 576.0
v 1600.0 -736.0 576.0
v 1600.0 -896.0 576.0
v 1472.0 -896.0 576.0
v 1392.0 -896.0 576.0
v 1376.0 -896.0 576.0
v 1376.0 -928.0 576.0
v 1376.0 -1120.0 576.0
v 1600.0 -1120.0 576.0
v 1376.0 -1152.0 576.0
v 1472.0 -1152.0 576.0
v 1600.0 -1152.0 576.0
v 1824.0 -896.0 576.0
v 1696.0 -896.0 576.0
v 1824.0 -1120.0 576.0
v 1696.0 -1152.0 576.0
v 1824.0 -1152.0 576.0
v 1984.0 -1120.0 576.0
v 1984.0 -960.0 576.0
v 1984.0 -896.0 576.0
v 1888.0 -896.0 576.0
v 1920.0 -1152.0 576.0
v 1984.0 -1152.0 576.0
v 1856.0 -768.0 576.0
v 1984.0 -768.0 576.0
v 1984.0 -640.0 576.0
v 1984.0 -608.0 576.0
v 1792.0 -608.0 576.0
v 1792.0 -640.0 576.0
v 1792.0 -672.0 576.0
v 1792.0 -768.0 576.0
v 1984.0 -576.0 576.0
v 1984.0 -448.0 576.0
v 1952.0 -448.0 576.0
v 1888.0 -448.0 576.0
v 1792.0 -448.0 576.0
v 1792.0 -576.0 576.0
v 2080.0 32.0 576.0
v 1888.0 32.0 576.0
v 1888.0 16.0 576.0
v 1888.0 -32.0 576.0
v 1888.0 -192.0 576.0
v 2080.0 -192.0 576.0
v 1888.0 -256.0 576.0
v 1952.0 -256.0 576.0
v 2080.0 -256.0 576.0
v 1248.0 -1216.0 160.0
v 1248.0 -1152.0 160.0
v 1248.0 -1152.0 144.0
v 1248.0 -1184.0 144.0
v 1248.0 -1216.0 144.0
v 1248.0 -1184.0 128.0
v 1248.0 -1216.0 128.0
v 1248.0 -1152.0 96.0
v 1248.0 -1216.0 96.0
v 1248.0 -1216.0 112.0
v 1248.0 -1152.0 112.0
v 1248.0 -1216.0 288.0
v 1248.0 -1216.0 256.0
v 1248.0 -1408.0 256.0
v 1248.0 -1408.0 288.0
v 1248.0 -1296.0 112.0
v 1248.0 -1408.0 112.0
v 1248.0 -1408.0 120.0
v 1248.0 -1120.0 176.0
v 1248.0 -1120.0 160.0
v 1248.0 -1184.0 256.0
v 1248.0 -1120.0 256.0
v 1248.0 -1184.0 288.0
v 1248.0 -1152.0 288.0
v 1248.0 -1120.0 288.0
v 1248.0 -1120.0 272.0
v 1248.0 -1024.0 176.0
v 1248.0 -960.0 176.0
v 1248.0 -960.0 160.0
v 1248.0 -960.0 144.0
v 1248.0 -960.0 128.0
v 1248.0 -960.0 112.0
v 1248.0 -1024.0 112.0
v 1248.0 -1040.0 272.0
v 1248.0 -1088.0 272.0
v 1248.0 -1088.0 288.0
v 1248.0 -1040.0 288.0
v 1248.0 -960.0 272.0
v 1248.0 -1008.0 272.0
v 1248.0 -1008.0 288.0
v 1248.0 -960.0 288.0
v 1248.0 -960.0 256.0
v 1248.0 -960.0 232.0
v 1248.0 -960.0 216.0
v 1248.0 -936.0 128.0
v 1248.0 -920.0 128.0
v 1248.0 -896.0 128.0
v 1248.0 -832.0 128.0
v 1248.0 -832.0 112.0
v 1248.0 -896.0 144.0
v 1248.0 -896.0 160.0
v 1248.0 -896.0 216.0
v 1248.0 -896.0 232.0
v 1248.0 -896.0 256.0
v 1248.0 -832.0 256.0
v 1248.0 -920.0 256.0
v 1248.0 -936.0 256.0
v 1248.0 -928.0 272.0
v 1248.0 -896.0 272.0
v 1248.0 -832.0 272.0
v 1248.0 -928.0 288.0
v 1248.0 -832.0 288.0
v 1248.0 -1152.0 416.0
v 1248.0 -1152.0 432.0
v 1248.0 -1120.0 432.0
v 1248.0 -1088.0 432.0
v 1248.0 -1056.0 432.0
v 1248.0 -1056.0 328.0
v 1248.0 -1056.0 320.0
v 1248.0 -1152.0 320.0
v 1248.0 -1152.0 448.0
v 1248.0 -1120.0 448.0
v 1248.0 -1088.0 448.0
v 1248.0 -1056.0 448.0
v 1248.0 -968.0 432.0
v 1248.0 -968.0 328.0
v 1248.0 -992.0 328.0
v 1248.0 -968.0 448.0
v 1248.0 -896.0 416.0
v 1248.0 -896.0 328.0
v 1248.0 -960.0 432.0
v 1248.0 -928.0 432.0
v 1248.0 -896.0 432.0
v 1248.0 -960.0 448.0
v 1248.0 -928.0 448.0
v 1248.0 -896.0 448.0
v 1248.0 -640.0 416.0
v 1248.0 -672.0 416.0
v 1248.0 -864.0 416.0
v 1248.0 -864.0 448.0
v 1248.0 -832.0 448.0
v 1248.0 -640.0 448.0
v 1248.0 -608.0 448.0
v 1248.0 -608.0 416.0
v 1248.0 -768.0 320.0
v 1248.0 -832.0 320.0
v 1248.0 -968.0 320.0
v 1248.0 -992.0 320.0
v 1248.0 -768.0 328.0
v 1248.0 -544.0 320.0
v 1248.0 -704.0 320.0
v 1248.0 -672.0 328.0
v 1248.0 -544.0 328.0
v 1248.0 -448.0 328.0
v 1248.0 -448.0 320.0
v 1248.0 -480.0 320.0
v 1248.0 -576.0 448.0
v 1248.0 -448.0 448.0
v 1248.0 -448.0 416.0
v 1248.0 -576.0 416.0
v 1248.0 -480.0 160.0
v 1248.0 -576.0 160.0
v 1248.0 -704.0 160.0
v 1248.0 -448.0 224.0
v 1248.0 -448.0 160.0
v 2720.0 32.0 0.0
v 2720.0 32.0 64.0
v 2880.0 32.0 64.0
v 2880.0 32.0 0.0
v 2880.0 32.0 -96.0
v 2720.0 32.0 -96.0
v 2688.0 32.0 -96.0
v 2688.0 32.0 0.0
v 2560.0 32.0 160.0
v 2368.0 32.0 160.0
v 2336.0 32.0 160.0
v 2336.0 32.0 240.0
v 2560.0 32.0 240.0
v 2656.0 32.0 240.0
v 2656.0 32.0 160.0
v 2592.0 32.0 160.0
v 2592.0 32.0 96.0
v 2528.0 32.0 96.0
v 2464.0 32.0 96.0
v 2368.0 32.0 96.0
v 2368.0 32.0 128.0
v 2656.0 32.0 96.0
v 2592.0 32.0 32.0
v 2656.0 32.0 32.0
v 2656.0 32.0 0.0
v 2560.0 32.0 0.0
v 2528.0 32.0 0.0
v 2528.0 32.0 32.0
v 2560.0 32.0 -96.0
v 2528.0 32.0 -96.0
v 2528.0 32.0 -80.0
v 2528.0 32.0 -24.0
v 2560.0 32.0 -128.0
v 2400.0 32.0 -128.0
v 2368.0 32.0 -128.0
v 2336.0 32.0 -128.0
v 2336.0 32.0 -144.0
v 2400.0 32.0 -24.0
v 2400.0 32.0 32.0
v 2496.0 32.0 -96.0
v 2400.0 32.0 -96.0
v 2400.0 32.0 -80.0
v 1888.0 32.0 352.0
v 2080.0 32.0 536.0
v 2080.0 32.0 352.0
v 2080.0 32.0 312.0
v 2080.0 32.0 248.0
v 1888.0 32.0 248.0
v 2336.0 32.0 128.0
v 2304.0 32.0 128.0
v 2240.0 32.0 128.0
v 2240.0 32.0 160.0
v 2272.0 32.0 160.0
v 2304.0 32.0 160.0
v 2208.0 32.0 160.0
v 2208.0 32.0 128.0
v 2080.0 32.0 128.0
v 2080.0 32.0 160.0
v 2240.0 32.0 64.0
v 2240.0 32.0 16.0
v 2240.0 32.0 0.0
v 2208.0 32.0 0.0
v 2368.0 32.0 80.0
v 2368.0 32.0 64.0
v 2336.0 32.0 64.0
v 2432.0 32.0 80.0
v 2400.0 32.0 80.0
v 2464.0 32.0 80.0
v 2400.0 32.0 64.0
v 2432.0 32.0 64.0
v 2400.0 32.0 48.0
v 2368.0 32.0 48.0
v 2368.0 32.0 -24.0
v 2368.0 32.0 16.0
v 2368.0 32.0 32.0
v 2368.0 32.0 -80.0
v 2336.0 32.0 32.0
v 2336.0 32.0 16.0
v 2304.0 32.0 16.0
v 2336.0 32.0 -24.0
v 2336.0 32.0 -16.0
v 2336.0 32.0 -8.0
v 2336.0 32.0 0.0
v 2368.0 32.0 -112.0
v 2336.0 32.0 -112.0
v 2336.0 32.0 -80.0
v 2400.0 32.0 -112.0
v 2240.0 32.0 -24.0
v 2240.0 32.0 -16.0
v 2272.0 32.0 0.0
v 2304.0 32.0 0.0
v 2240.0 32.0 -80.0
v 2240.0 32.0 -128.0
v 2184.0 32.0 -144.0
v 2184.0 32.0 -16.0
v 2208.0 32.0 -16.0
v 2208.0 32.0 -128.0
v 2208.0 32.0 -144.0
v 2208.0 32.0 -160.0
v 2192.4998 32.0 -160.0
v 2184.0 32.0 -147.3492
v 2304.0 32.0 -144.0
v 2304.0 32.0 -160.0
v 2304.0 32.0 -168.0
v 2208.0 32.0 -168.0
v 2080.0 32.0 192.0
v 2024.0 32.0 192.0
v 1960.0 32.0 192.0
v 1944.0 32.0 192.0
v 1888.0 32.0 192.0
v 2024.0 32.0 176.0
v 2080.0 32.0 176.0
v 1944.0 32.0 176.0
v 1960.0 32.0 176.0
v 1888.0 32.0 176.0
v 1888.0 32.0 0.0
v 1888.0 32.0 160.0
v 2008.0 32.0 176.0
v 2008.0 32.0 160.0
v 2008.0 32.0 0.0
v 2080.0 32.0 0.0
v 2112.0 32.0 -80.0
v 2112.0 32.0 -88.0
v 2128.125 32.0 -88.0
v 2144.125 32.0 -88.0
v 2138.75 32.0 -80.0
v 2176.0 32.0 -72.0
v 2176.0 32.0 -80.0
v 2152.0 32.0 -80.0
v 2152.0 32.0 -72.0
v 2181.7498 32.0 -144.0
v 2176.0 32.0 -135.44215
v 2176.0 32.0 -16.0
v 2136.0 32.0 -72.0
v 2136.0 32.0 -16.0
v 2152.0 32.0 -88.0
v 2168.0 32.0 -123.534836
v 2168.0 32.0 -147.34871
v 2168.0 32.0 -160.0
v 2176.0 32.0 -160.0
v 2080.0 96.0 160.0
v 2080.0 224.0 160.0
v 2080.0 224.0 128.0
v 2080.0 64.0 128.0
v 2080.0 64.0 160.0
v 2080.0 224.0 0.0
v 2688.0 64.0 0.0
v 2688.0 224.0 -96.0
v 2688.0 224.0 -64.0
v 2688.0 224.0 0.0
v 2688.0 224.0 160.0
v 2688.0 96.0 160.0
v 2688.0 64.0 160.0
v 2112.0 96.0 160.0
v 2176.0 64.0 160.0
v 2176.0 96.0 160.0
v 2112.0 97.0 160.0
v 2112.0 113.0 160.0
v 2112.0 144.0 160.0
v 2112.0 159.0 160.0
v 2112.0 160.0 160.0
v 2112.0 176.0 160.0
v 2112.0 208.0 160.0
v 2112.0 224.0 160.0
v 2133.3333 192.0 160.0
v 2144.0 200.0 160.0
v 2176.0 145.0 160.0
v 2176.0 160.0 160.0
v 2175.3333 160.50003 160.0
v 2142.6667 136.0 160.0
v 2144.0 184.0 160.0
v 2176.0 208.0 160.0
v 2176.0 224.0 160.0
v 2176.0 176.0 160.0
v 2154.6667 192.0 160.0
v 2176.0 111.0 160.0
v 2153.3333 128.0 160.0
v 2143.3333 120.50004 160.0
v 2132.6667 128.5 160.0
v 2184.0 96.0 160.0
v 2184.0 112.0 160.0
v 2184.0 128.0 160.0
v 2184.0 160.0 160.0
v 2184.0 176.0 160.0
v 2184.0 224.0 160.0
v 2208.0 112.0 160.0
v 2208.0 128.0 160.0
v 2192.0 128.0 160.0
v 2261.3335 96.0 160.0
v 2240.0 112.0 160.0
v 2464.0 176.0 160.0
v 2447.0 176.0 160.0
v 2447.0 160.0 160.0
v 2496.0 160.0 160.0
v 2496.0 176.0 160.0
v 2256.0 160.0 160.0
v 2319.0 160.0 160.0
v 2319.0 176.0 160.0
v 2304.0 176.0 160.0
v 2272.0 176.0 160.0
v 2256.0 176.0 160.0
v 2240.0 176.0 160.0
v 2240.0 160.0 160.0
v 2319.0 192.0 160.0
v 2304.0 192.0 160.0
v 2256.0 100.0 160.0
v 2256.0 128.0 160.0
v 2240.0 128.0 160.0
v 2240.0 239.0 160.0
v 2243.2502 239.0 160.0
v 2271.5 276.6667 160.0
v 2263.0 288.0 160.0
v 2240.0 257.33334 160.0
v 2359.0 245.33333 160.0
v 2367.0 256.0 160.0
v 2367.5 256.6667 160.0
v 2344.0 288.0 160.0
v 2335.5 276.6668 160.0
v 2423.5002 246.0 160.0
v 2431.5 256.66653 160.0
v 2384.0 320.0 160.0
v 2368.0 320.0 160.0
v 2295.0 245.3332 160.0
v 2303.0 256.0 160.0
v 2255.0 320.0 160.0
v 2240.0 320.0 160.0
v 2240.0 318.66672 160.0
v 2335.4998 299.33328 160.0
v 2320.0 320.0 160.0
v 2304.0 320.0 160.0
v 2303.5 319.33328 160.0
v 2327.0 288.0 160.0
v 2384.0 256.0 160.0
v 2400.0 277.33337 160.0
v 2391.5 288.66672 160.0
v 2431.0 320.0 160.0
v 2415.0 320.0 160.0
v 2399.5 299.33328 160.0
v 2408.0 288.0 160.0
v 2431.5 319.33334 160.0
v 2431.0 256.0 160.0
v 2448.0 256.0 160.0
v 2463.5 276.6667 160.0
v 2455.0 288.0 160.0
v 2287.0 320.0 160.0
v 2351.0 320.0 160.0
v 2447.0 320.0 160.0
v 2464.0 320.0 160.0
v 2479.0 320.0 160.0
v 2496.0 320.0 160.0
v 2463.0 298.66672 160.0
v 2471.5 287.33337 160.0
v 2479.0 256.0 160.0
v 2495.0 256.0 160.0
v 2320.0 256.0 160.0
v 2271.0 298.66663 160.0
v 2279.5 287.33347 160.0
v 2363.75 239.0 160.0
v 2418.2502 239.0 160.0
v 2416.0 256.0 160.0
v 2304.0 239.0 160.0
v 2351.0 256.0 160.0
v 2299.7502 239.0 160.0
v 2319.0 224.0 160.0
v 2447.0 224.0 160.0
v 2464.0 224.0 160.0
v 2464.0 239.0 160.0
v 2304.0 224.0 160.0
v 2496.0 239.0 160.0
v 2496.0 256.0 160.0
v 2240.0 224.0 160.0
v 2256.0 224.0 160.0
v 2272.0 224.0 160.0
v 2272.0 239.0 160.0
v 2256.0 256.0 160.0
v 2287.0 256.0 160.0
v 2496.0 112.0 160.0
v 2400.0 96.0 160.0
v 2496.0 96.0 160.0
v 2272.0 192.0 160.0
v 2256.0 192.0 160.0
v 2464.0 192.0 160.0
v 2447.0 192.0 160.0
v 2208.0 176.0 160.0
v 2192.0 160.0 160.0
v 2208.0 160.0 160.0
v 2512.0 112.0 160.0
v 2512.0 128.0 160.0
v 2512.0 160.0 160.0
v 2528.0 112.0 160.0
v 2528.0 128.0 160.0
v 2528.0 160.0 160.0
v 2528.0 176.0 160.0
v 2528.0 192.0 160.0
v 2512.0 192.0 160.0
v 2496.0 192.0 160.0
v 2528.0 224.0 160.0
v 2512.0 224.0 160.0
v 2560.0 96.0 160.0
v 2560.0 112.0 160.0
v 2560.0 224.0 160.0
v 2560.0 176.0 160.0
v 2576.0 160.0 160.0
v 2576.0 128.0 160.0
v 2576.0 96.0 160.0
v 2592.0 96.0 160.0
v 2592.0 97.0 160.0
v 2592.0 113.0 160.0
v 2592.0 143.0 160.0
v 2592.0 159.0 160.0
v 2592.0 160.0 160.0
v 2560.0 128.0 160.0
v 2592.0 161.0 160.0
v 2592.0 176.0 160.0
v 2592.0 208.0 160.0
v 2592.0 224.0 160.0
v 2560.0 160.0 160.0
v 2656.0 145.0 160.0
v 2656.0 160.0 160.0
v 2655.3333 160.50002 160.0
v 2656.0 176.0 160.0
v 2634.0 192.5 160.0
v 2623.333 184.50023 160.0
v 2656.0 209.0 160.0
v 2656.0 224.0 160.0
v 2622.6665 136.0 160.0
v 2612.0 128.0 160.0
v 2622.6665 120.0 160.0
v 2654.6667 96.0 160.0
v 2656.0 96.0 160.0
v 2656.0 111.0 160.0
v 2633.3333 128.0 160.0
v 2613.3333 192.0 160.0
v 2624.0 200.0 160.0
v 2208.0 64.0 160.0
v 2240.0 64.0 160.0
v 2368.0 64.0 160.0
v 2400.0 64.0 160.0
v 2624.0 96.0 160.0
v 2496.0 64.0 160.0
v 2528.0 64.0 160.0
v 2560.0 64.0 160.0
v 2624.0 64.0 160.0
v 2496.0 224.0 160.0
v 2496.0 256.0 192.0
v 2496.0 320.0 192.0
v 2496.0 320.0 248.0
v 2496.0 256.0 248.0
v 2592.0 224.0 192.0
v 2592.0 224.0 248.0
v 2656.0 224.0 248.0
v 2656.0 224.0 192.0
v 2654.6667 96.0 192.0
v 2654.6667 96.0 240.0
v 2592.0 96.0 240.0
v 2592.0 96.0 192.0
v 2592.0 96.0 248.0
v 2656.0 96.0 240.0
v 2656.0 96.0 248.0
v 2656.0 96.0 192.0
v 2633.3328 128.0 192.0
v 2656.0 111.0 192.0
v 2622.6665 120.0 192.0
v 2612.0 128.0 192.0
v 2592.0 143.0 192.0
v 2592.0 159.0 192.0
v 2622.6667 136.0 192.0
v 2592.0 161.0 192.0
v 2592.0 176.0 192.0
v 2624.0 200.0 192.0
v 2656.0 209.0 192.0
v 2592.0 208.0 192.0
v 2613.3333 192.0 192.0
v 2656.0 160.0 192.0
v 2655.3335 160.49992 192.0
v 2623.3333 184.50002 192.0
v 2634.0 192.50015 192.0
v 2656.0 176.0 192.0
v 2592.0 97.0 192.0
v 2592.0 113.0 192.0
v 2656.0 145.0 192.0
v 2240.0 257.3334 192.0
v 2240.0 318.66672 192.0
v 2240.0 320.0 248.0
v 2240.0 320.0 192.0
v 2240.0 256.0 192.0
v 2240.0 256.0 248.0
v 2271.0 298.6659 192.0
v 2303.0 256.0 192.0
v 2287.0 256.0 192.0
v 2255.0 320.0 192.0
v 2327.0 288.0 192.0
v 2303.5 319.33328 192.0
v 2304.0 320.0 192.0
v 2320.0 320.0 192.0
v 2335.5 299.3333 192.0
v 2367.0 256.0 192.0
v 2391.5002 288.66714 192.0
v 2400.0 277.3338 192.0
v 2384.0 256.0 192.0
v 2399.5 299.33325 192.0
v 2415.0 320.0 192.0
v 2431.0 320.0 192.0
v 2431.5 319.33334 192.0
v 2408.0 288.0 192.0
v 2431.0 256.0 192.0
v 2431.5 256.6666 192.0
v 2455.0 288.0 192.0
v 2463.5 276.66678 192.0
v 2448.0 256.0 192.0
v 2463.0 298.66675 192.0
v 2479.0 320.0 192.0
v 2471.5002 287.33347 192.0
v 2447.0 320.0 192.0
v 2495.0 256.0 192.0
v 2479.0 256.0 192.0
v 2368.0 320.0 192.0
v 2384.0 320.0 192.0
v 2416.0 256.0 192.0
v 2351.0 256.0 192.0
v 2335.5 276.66666 192.0
v 2344.0 288.0 192.0
v 2367.5 256.6667 192.0
v 2320.0 256.0 192.0
v 2351.0 320.0 192.0
v 2287.0 320.0 192.0
v 2279.5 287.3333 192.0
v 2271.5002 276.66693 192.0
v 2256.0 256.0 192.0
v 2263.0 288.0 192.0
v 2464.0 256.0 248.0
v 2464.0 256.0 192.0
v 2464.0 320.0 192.0
v 2464.0 320.0 248.0
v 2176.0 96.0 192.0
v 2176.0 96.0 248.0
v 2112.0 96.0 248.0
v 2112.0 96.0 192.0
v 2112.0 224.0 192.0
v 2112.0 224.0 248.0
v 2176.0 224.0 248.0
v 2176.0 224.0 192.0
v 2142.6663 136.0 192.0
v 2175.3333 160.50003 192.0
v 2176.0 160.0 192.0
v 2176.0 145.0 192.0
v 2112.0 97.0 192.0
v 2112.0 113.0 192.0
v 2133.3333 192.0 192.0
v 2112.0 208.0 192.0
v 2144.0 200.0 192.0
v 2144.0 184.0 192.0
v 2112.0 160.0 192.0
v 2112.0 176.0 192.0
v 2176.0 208.0 192.0
v 2132.6667 128.49995 192.0
v 2112.0 144.0 192.0
v 2112.0 159.0 192.0
v 2154.6667 192.0 192.0
v 2176.0 176.0 192.0
v 2143.333 120.49979 192.0
v 2153.333 128.0 192.0
v 2176.0 111.0 192.0
v 2656.0 256.0 -96.0
v 2560.0 128.0 -128.0
v 2560.0 64.0 -128.0
v 2560.0 64.0 -80.0
v 2560.0 64.0 -96.0
v 2560.0 64.0 0.0
v 2560.0 128.0 128.0
v 2560.0 160.0 128.0
v 2560.0 160.0 -96.0
v 2560.0 128.0 -96.0
v 2656.0 128.0 -96.0
v 2656.0 32.0 -96.0
v 2208.0 64.0 -64.0
v 2208.0 64.0 0.0
v 2208.0 128.0 0.0
v 2208.0 128.0 -96.0
v 2208.0 128.0 -128.0
v 2208.0 64.0 -128.0
v 2208.0 160.0 -128.0
v 2208.0 224.0 -128.0
v 2208.0 224.0 0.0
v 2208.0 160.0 -96.0
v 2208.0 160.0 0.0
v 2208.0 64.0 128.0
v 2208.0 160.0 128.0
v 2208.0 128.0 128.0
v 2240.0 160.0 -128.0
v 2304.0 160.0 -128.0
v 2272.0 160.0 -128.0
v 2240.0 160.0 96.0
v 2240.0 160.0 128.0
v 2240.0 160.0 -96.0
v 2528.0 160.0 128.0
v 2528.0 160.0 -96.0
v 2528.0 160.0 -128.0
v 2560.0 160.0 -128.0
v 2304.0 192.0 128.0
v 2304.0 192.0 130.0
v 2304.0 224.0 130.0
v 2304.0 224.0 0.0
v 2304.0 224.0 -16.0
v 2304.0 224.0 -94.0
v 2304.0 192.0 -94.0
v 2304.0 224.0 -128.0
v 2304.0 192.0 -128.0
v 2304.0 192.0 -96.0
v 2464.0 192.0 -128.0
v 2496.0 192.0 -128.0
v 2496.0 160.0 -128.0
v 2336.0 224.0 -128.0
v 2464.0 224.0 -128.0
v 2496.0 224.0 -128.0
v 2464.0 224.0 -96.0
v 2464.0 224.0 -80.0
v 2464.0 224.0 126.0
v 2464.0 192.0 126.0
v 2464.0 192.0 -96.0
v 2464.0 192.0 -98.0
v 2464.0 224.0 -98.0
v 2464.0 192.0 128.0
v 2464.0 224.0 130.0
v 2496.0 192.0 128.0
v 2496.0 224.0 130.0
v 2496.0 192.0 -96.0
v 2496.0 224.0 128.0
v 2496.0 224.0 -96.0
v 2336.0 224.0 -16.0
v 2336.0 224.0 -32.0
v 2336.0 224.0 -48.0
v 2336.0 224.0 -96.0
v 2400.0 224.0 -96.0
v 2432.0 224.0 -96.0
v 2432.0 224.0 -80.0
v 2400.0 224.0 -64.0
v 2432.0 224.0 -64.0
v 2368.0 224.0 -48.0
v 2400.0 224.0 -48.0
v 2368.0 224.0 -32.0
v 2272.0 224.0 130.0
v 2272.0 224.0 128.0
v 2272.0 224.0 0.0
v 2240.0 224.0 0.0
v 2272.0 224.0 -96.0
v 2272.0 224.0 -128.0
v 2272.0 192.0 -128.0
v 2272.0 192.0 128.0
v 2272.0 192.0 -96.0
v 2400.0 64.0 -128.0
v 2240.0 64.0 -128.0
v 2528.0 128.0 -128.0
v 2336.0 128.0 -128.0
v 2240.0 128.0 -128.0
v 2240.0 64.0 -24.0
v 2240.0 64.0 -64.0
v 2240.0 64.0 -80.0
v 2240.0 128.0 -96.0
v 2240.0 128.0 96.0
v 2240.0 128.0 128.0
v 2400.0 64.0 -80.0
v 2368.0 64.0 -80.0
v 2400.0 64.0 -24.0
v 2400.0 64.0 16.0
v 2368.0 64.0 16.0
v 2368.0 64.0 -24.0
v 2496.0 64.0 -24.0
v 2496.0 64.0 16.0
v 2528.0 64.0 0.0
v 2528.0 64.0 -24.0
v 2528.0 64.0 -80.0
v 2528.0 128.0 128.0
v 2528.0 128.0 -96.0
v 2176.0 224.0 0.0
v 2176.0 32.0 0.0
v 2184.0 32.0 0.0
v 2176.0 192.0 -80.0
v 2176.0 192.0 -168.0
v 2112.0 192.0 -168.0
v 2112.0 192.0 -80.0
v 2176.0 32.0 -168.0
v 2112.0 32.0 -168.0
v 2112.0 32.0 -128.0
v 2112.0 -256.0 -168.0
v 2176.0 -256.0 -168.0
v 2224.0 -256.0 -168.0
v 2304.0 -256.0 -168.0
v 2528.0 -256.0 -168.0
v 2656.0 -256.0 -168.0
v 2656.0 -320.0 -168.0
v 2656.0 -544.0 -168.0
v 2592.0 -544.0 -168.0
v 2368.0 -544.0 -168.0
v 2144.0 -544.0 -168.0
v 2080.0 -480.0 -168.0
v 2080.0 -448.0 -168.0
v 2080.0 -256.0 -168.0
v 2176.0 0.0 -168.0
v 2176.0 -224.0 -168.0
v 2112.0 -32.0 -168.0
v 2656.0 -2144.0 112.0
v 2656.0 -2144.0 128.0
v 2656.0 -2144.0 224.0
v 2656.0 -2144.0 304.0
v 2656.0 -2104.0 304.0
v 2656.0 -2104.0 168.0
v 2656.0 -2104.0 96.0
v 2656.0 -2144.0 96.0
v 2656.0 -2016.0 120.0
v 2656.0 -2016.0 96.0
v 2656.0 -2016.0 168.0
v 2656.0 -2008.0 120.0
v 2656.0 -1952.0 120.0
v 2656.0 -1952.0 96.0
v 2656.0 -2008.0 168.0
v 2656.0 -1952.0 168.0
v 2656.0 -1952.0 304.0
v 2656.0 -1952.0 224.0
v 2656.0 -1952.0 192.0
v 2656.0 -2336.0 336.0
v 2656.0 -2320.0 336.0
v 2656.0 -2240.0 336.0
v 2656.0 -2192.0 336.0
v 2656.0 -2144.0 336.0
v 2656.0 -2336.0 224.0
v 2656.0 -1984.0 336.0
v 2656.0 -1952.0 336.0
v 2656.0 -2336.0 96.0
v 2656.0 -1888.0 160.0
v 2656.0 -1888.0 120.0
v 2656.0 -1888.0 104.0
v 2656.0 -1888.0 96.0
v 2656.0 -1920.0 96.0
v 2656.0 -1920.0 160.0
v 2656.0 -1632.0 80.0
v 2656.0 -1632.0 96.0
v 2656.0 -1664.0 96.0
v 2656.0 -1664.0 64.0
v 2656.0 -1632.0 64.0
v 2656.0 -1696.0 104.0
v 2656.0 -1696.0 120.0
v 2656.0 -1696.0 128.0
v 2656.0 -1664.0 128.0
v 2656.0 -1696.0 96.0
v 2656.0 -1504.0 48.0
v 2656.0 -1504.0 32.0
v 2656.0 -1536.0 32.0
v 2656.0 -1536.0 48.0
v 2656.0 -1600.0 64.0
v 2656.0 -1600.0 80.0
v 2656.0 -1504.0 64.0
v 2656.0 -1504.0 128.0
v 2656.0 -1472.0 128.0
v 2656.0 -1472.0 16.0
v 2656.0 -1504.0 16.0
v 2656.0 -1568.0 48.0
v 2656.0 -1568.0 64.0
v 2656.0 -1696.0 160.0
v 2656.0 -1696.0 336.0
v 2656.0 -1680.0 336.0
v 2656.0 -1600.0 336.0
v 2656.0 -1552.0 336.0
v 2656.0 -1536.0 336.0
v 2656.0 -1504.0 336.0
v 2656.0 -1472.0 336.0
v 2656.0 -1344.0 336.0
v 2656.0 -1344.0 128.0
v 2656.0 -1408.0 128.0
v 2656.0 -1920.0 192.0
v 2656.0 -1920.0 336.0
v 2656.0 -1728.0 336.0
v 2656.0 -576.0 224.0
v 2656.0 -576.0 96.0
v 2656.0 -544.0 96.0
v 2656.0 -544.0 224.0
v 2656.0 -544.0 8.0
v 2656.0 -520.0 8.0
v 2656.0 -456.0 8.0
v 2656.0 -432.0 8.0
v 2656.0 -432.0 32.0
v 2656.0 -432.0 80.0
v 2656.0 -544.0 80.0
v 2656.0 -456.0 0.0
v 2656.0 -448.0 0.0
v 2656.0 -432.0 0.0
v 2656.0 -544.0 0.0
v 2656.0 -520.0 0.0
v 2656.0 -768.0 96.0
v 2656.0 -576.0 240.0
v 2656.0 -608.0 240.0
v 2656.0 -768.0 240.0
v 2656.0 -800.0 240.0
v 2656.0 -800.0 96.0
v 2656.0 -896.0 240.0
v 2656.0 -896.0 96.0
v 2656.0 -320.0 -16.0
v 2656.0 -544.0 -16.0
v 2656.0 -544.0 -104.0
v 2656.0 -256.0 -16.0
v 2656.0 -274.40625 -16.0
v 2656.0 -288.0 -16.0
v 2656.0 -288.0 0.0
v 2656.0 -288.0 32.0
v 2656.0 -288.0 80.0
v 2656.0 -400.0 80.0
v 2656.0 -400.0 32.0
v 2656.0 -400.0 0.0
v 2656.0 16.0 0.0
v 2656.0 -96.0 32.0
v 2656.0 -96.0 0.0
v 2656.0 -320.0 240.0
v 2656.0 -352.0 240.0
v 2656.0 -512.0 240.0
v 2656.0 -544.0 240.0
v 2656.0 -400.0 96.0
v 2656.0 -320.0 96.0
v 2656.0 -96.0 240.0
v 2656.0 -111.0 240.0
v 2656.0 -128.0 240.0
v 2656.0 -288.0 96.0
v 2656.0 -256.0 96.0
v 2656.0 -128.0 96.0
v 2656.0 -96.0 96.0
v 2656.0 16.0 240.0
v 2752.0 -1344.0 352.0
v 2752.0 -1344.0 408.0
v 2784.0 -1344.0 408.0
v 2784.0 -1344.0 309.33374
v 2748.0 -1344.0 336.0
v 2784.0 -1344.0 288.0
v 2784.0 -1344.0 112.0
v 2656.0 -1344.0 112.0
v 2784.0 -1344.0 96.0
v 2784.0 -1344.0 80.0
v 2784.0 -1344.0 64.0
v 2784.0 -1344.0 48.0
v 2784.0 -1344.0 32.0
v 2784.0 -1344.0 16.0
v 2784.0 -1344.0 0.0
v 2656.0 -1344.0 0.0
v 2880.0 -64.0 0.0
v 2880.0 0.0 0.0
v 2880.0 -96.0 64.0
v 2880.0 -96.0 0.0
v 2880.0 16.0 -96.0
v 2880.0 0.0 -96.0
v 2880.0 -96.0 -96.0
v 2880.0 -64.0 -96.0
v 2912.0 0.0 0.0
v 2912.0 -64.0 0.0
v 2928.0 -64.0 0.0
v 2928.0 0.0 0.0
v 2912.0 0.0 -96.0
v 2928.0 0.0 -96.0
v 2928.0 -64.0 -96.0
v 2912.0 -64.0 -96.0
v 2720.0 -96.0 64.0
v 2720.0 16.0 -96.0
v 2704.0 16.0 -96.0
v 2688.0 16.0 -96.0
v 2656.0 16.0 -96.0
v 2704.0 0.0 -96.0
v 2720.0 0.0 -96.0
v 2720.0 -80.0 -96.0
v 2704.0 -80.0 -96.0
v 2720.0 -96.0 -96.0
v 2704.0 -96.0 -96.0
v 2656.0 -96.0 -96.0
v 2656.0 -64.0 -96.0
v 2656.0 0.0 -96.0
v 2720.0 16.0 0.0
v 2720.0 0.0 0.0
v 2720.0 -16.0 0.0
v 2720.0 -32.0 0.0
v 2720.0 -48.0 0.0
v 2720.0 -64.0 0.0
v 2720.0 -80.0 0.0
v 2720.0 -96.0 0.0
v 2720.0 -16.0 -16.0
v 2720.0 -32.0 -16.0
v 2720.0 -48.0 -16.0
v 2720.0 -64.0 -16.0
v 2704.0 16.0 0.0
v 2704.0 -96.0 0.0
v 2656.0 -96.0 -8.0
v 2656.0 -96.0 -16.0
v 2704.0 -80.0 0.0
v 2704.0 -64.0 0.0
v 2704.0 -48.0 0.0
v 2704.0 -32.0 0.0
v 2704.0 -16.0 0.0
v 2704.0 0.0 0.0
v 2704.0 -48.0 -16.0
v 2704.0 -16.0 -16.0
v 2704.0 -32.0 -16.0
v 2704.0 -64.0 -16.0
v 2656.0 -2240.0 96.0
v 2656.0 -2224.0 96.0
v 2672.0 -2224.0 96.0
v 2672.0 -2304.0 96.0
v 2672.0 -2144.0 96.0
v 2672.0 -1952.0 96.0
v 2672.0 -2016.0 96.0
v 2672.0 -2080.0 96.0
v 2736.0 -2080.0 96.0
v 2784.0 -2080.0 96.0
v 2784.0 -2144.0 96.0
v 2784.0 -2304.0 96.0
v 2880.0 -1952.0 96.0
v 2880.0 -2016.0 96.0
v 2736.0 -2016.0 96.0
v 2880.0 -2080.0 96.0
v 2688.0 -1632.0 96.0
v 2688.0 -1792.0 96.0
v 2688.0 -1856.0 96.0
v 2656.0 -1856.0 96.0
v 2688.0 -1920.0 96.0
v 2672.0 -1920.0 96.0
v 2736.0 -1920.0 96.0
v 2736.0 -1928.0 96.0
v 2672.0 -1928.0 96.0
v 2784.0 -1792.0 96.0
v 2816.0 -1792.0 96.0
v 2880.0 -1792.0 96.0
v 2880.0 -1920.0 96.0
v 2784.0 -1920.0 96.0
v 2784.0 -1632.0 96.0
v 2672.0 -1920.0 192.0
v 2688.0 -1920.0 160.0
v 2688.0 -1920.0 128.0
v 2720.0 -1920.0 128.0
v 2720.0 -1920.0 160.0
v 2736.0 -1920.0 192.0
v 2784.0 -1920.0 192.0
v 2880.0 -1920.0 224.0
v 2816.0 -1920.0 224.0
v 2784.0 -1920.0 224.0
v 2816.0 -1920.0 256.0
v 2880.0 -1920.0 256.0
v 2784.0 -1920.0 288.0
v 2784.0 -1920.0 309.33374
v 2784.0 -1920.0 336.0
v 2752.0 -1920.0 336.0
v 2748.0 -1920.0 336.0
v 2784.0 -1920.0 408.0
v 2752.0 -1920.0 408.0
v 2816.0 -1792.0 256.0
v 2816.0 -1792.0 224.0
v 2784.0 -1472.0 408.0
v 2752.0 -1424.0 408.0
v 2752.0 -1472.0 408.0
v 2752.0 -1568.0 408.0
v 2784.0 -1568.0 408.0
v 2752.0 -1616.0 408.0
v 2752.0 -1664.0 408.0
v 2752.0 -1680.0 408.0
v 2752.0 -1728.0 408.0
v 2752.0 -1744.0 408.0
v 2752.0 -1792.0 408.0
v 2784.0 -1792.0 408.0
v 2784.0 -1696.0 408.0
v 2752.0 -1808.0 408.0
v 2752.0 -1856.0 408.0
v 2752.0 -1872.0 408.0
v 2784.0 -1856.0 288.0
v 2784.0 -1808.0 288.0
v 2784.0 -1808.0 309.33374
v 2784.0 -1856.0 309.33374
v 2784.0 -1792.0 288.0
v 2784.0 -1872.0 288.0
v 2784.0 -1792.0 224.0
v 2784.0 -1792.0 309.33374
v 2784.0 -1744.0 288.0
v 2784.0 -1744.0 309.33374
v 2784.0 -1664.0 288.0
v 2784.0 -1616.0 288.0
v 2784.0 -1616.0 309.33374
v 2784.0 -1664.0 309.33374
v 2784.0 -1728.0 288.0
v 2784.0 -1680.0 288.0
v 2784.0 -1680.0 309.33374
v 2784.0 -1696.0 309.33374
v 2784.0 -1728.0 309.33374
v 2784.0 -1872.0 309.33374
v 2784.0 -1536.0 288.0
v 2784.0 -1488.0 288.0
v 2784.0 -1488.0 309.33374
v 2784.0 -1536.0 309.33374
v 2784.0 -1408.0 288.0
v 2784.0 -1360.0 288.0
v 2784.0 -1360.0 309.33374
v 2784.0 -1408.0 309.33374
v 2784.0 -1568.0 288.0
v 2784.0 -1600.0 288.0
v 2784.0 -1568.0 96.0
v 2784.0 -1424.0 288.0
v 2784.0 -1472.0 288.0
v 2784.0 -1552.0 288.0
v 2784.0 -1408.0 96.0
v 2784.0 -1424.0 309.33374
v 2784.0 -1472.0 309.33374
v 2784.0 -1552.0 309.33374
v 2784.0 -1600.0 309.33374
v 2748.0 -1680.0 336.0
v 2752.0 -1680.0 336.0
v 2764.0 -1680.0 336.0
v 2752.0 -1680.0 352.0
v 2748.0 -1664.0 336.0
v 2752.0 -1664.0 336.0
v 2752.0 -1616.0 336.0
v 2748.0 -1616.0 336.0
v 2748.0 -1600.0 336.0
v 2752.0 -1600.0 336.0
v 2752.0 -1552.0 336.0
v 2748.0 -1552.0 336.0
v 2748.0 -1536.0 336.0
v 2752.0 -1536.0 336.0
v 2752.0 -1504.0 336.0
v 2748.0 -1504.0 336.0
v 2752.0 -1488.0 336.0
v 2748.0 -1488.0 336.0
v 2748.0 -1472.0 336.0
v 2752.0 -1472.0 336.0
v 2752.0 -1424.0 336.0
v 2748.0 -1424.0 336.0
v 2748.0 -1408.0 336.0
v 2748.0 -1360.0 336.0
v 2752.0 -1408.0 336.0
v 2752.0 -1360.0 336.0
v 2764.0 -1472.0 336.0
v 2752.0 -1472.0 352.0
v 2764.0 -1424.0 336.0
v 2752.0 -1424.0 352.0
v 2752.0 -1360.0 352.0
v 2752.0 -1408.0 352.0
v 2764.0 -1360.0 336.0
v 2764.0 -1344.0 336.0
v 2764.0 -1408.0 336.0
v 2764.0 -1616.0 336.0
v 2752.0 -1616.0 352.0
v 2752.0 -1552.0 352.0
v 2752.0 -1600.0 352.0
v 2752.0 -1488.0 352.0
v 2752.0 -1536.0 352.0
v 2764.0 -1552.0 336.0
v 2764.0 -1536.0 336.0
v 2764.0 -1488.0 336.0
v 2764.0 -1600.0 336.0
v 2764.0 -1664.0 336.0
v 2752.0 -1664.0 352.0
v 2752.0 -1872.0 336.0
v 2748.0 -1872.0 336.0
v 2748.0 -1856.0 336.0
v 2752.0 -1856.0 336.0
v 2752.0 -1808.0 336.0
v 2748.0 -1808.0 336.0
v 2748.0 -1792.0 336.0
v 2752.0 -1792.0 336.0
v 2752.0 -1744.0 336.0
v 2748.0 -1744.0 336.0
v 2748.0 -1728.0 336.0
v 2752.0 -1728.0 336.0
v 2764.0 -1792.0 336.0
v 2752.0 -1792.0 352.0
v 2764.0 -1728.0 336.0
v 2752.0 -1728.0 352.0
v 2764.0 -1744.0 336.0
v 2752.0 -1744.0 352.0
v 2764.0 -1856.0 336.0
v 2752.0 -1856.0 352.0
v 2764.0 -1808.0 336.0
v 2752.0 -1808.0 352.0
v 2764.0 -1872.0 336.0
v 2752.0 -1872.0 352.0
v 2784.0 -1952.0 224.0
v 2816.0 -1952.0 224.0
v 2832.0 -1952.0 224.0
v 2856.0 -1952.0 192.0
v 2880.0 -1952.0 256.0
v 2880.0 -1952.0 192.0
v 2816.0 -1952.0 245.33327
v 2816.0 -1952.0 256.0
v 2784.0 -1952.0 309.33362
v 2764.0 -1952.0 336.0
v 2752.0 -1952.0 352.0
v 2752.0 -1952.0 408.0
v 2784.0 -1952.0 408.0
v 2752.0 -1952.0 336.0
v 2784.0 -1952.0 288.0
v 2736.0 -1928.0 192.0
v 2672.0 -1928.0 192.0
v 2680.0 -1936.0 184.0
v 2680.0 -1936.0 104.0
v 2728.0 -1936.0 184.0
v 2728.0 -1936.0 160.0
v 2728.0 -1936.0 128.0
v 2728.0 -1936.0 104.0
v 2688.0 -1936.0 184.0
v 2688.0 -1936.0 160.0
v 2720.0 -1936.0 160.0
v 2720.0 -1936.0 128.0
v 2688.0 -1936.0 104.0
v 2688.0 -1936.0 128.0
v 2784.0 -2144.0 288.0
v 2784.0 -2176.0 288.0
v 2784.0 -2192.0 288.0
v 2784.0 -2240.0 288.0
v 2784.0 -2256.0 288.0
v 2784.0 -2304.0 288.0
v 2784.0 -2320.0 288.0
v 2784.0 -2080.0 224.0
v 2784.0 -2080.0 288.0
v 2784.0 -2112.0 288.0
v 2784.0 -2128.0 288.0
v 2784.0 -1984.0 288.0
v 2784.0 -2000.0 288.0
v 2784.0 -2048.0 288.0
v 2784.0 -2064.0 288.0
v 2784.0 -2256.0 309.33374
v 2784.0 -2304.0 309.33374
v 2784.0 -2320.0 309.33374
v 2784.0 -2144.0 408.0
v 2784.0 -2176.0 408.0
v 2784.0 -2240.0 309.33374
v 2784.0 -2192.0 309.33374
v 2784.0 -2176.0 309.33374
v 2784.0 -2144.0 309.33374
v 2784.0 -2128.0 309.33374
v 2784.0 -2112.0 309.33374
v 2784.0 -2080.0 309.33374
v 2784.0 -2080.0 408.0
v 2784.0 -1984.0 309.33374
v 2784.0 -2064.0 309.33374
v 2784.0 -2000.0 309.33374
v 2784.0 -2048.0 309.33374
v 2880.0 -2080.0 256.0
v 2816.0 -2080.0 256.0
v 2880.0 -2080.0 224.0
v 2816.0 -2080.0 224.0
v 2672.0 -2080.0 104.0
v 2672.0 -2016.0 104.0
v 2736.0 -2016.0 104.0
v 2736.0 -2080.0 104.0
v 2752.0 -2144.0 408.0
v 2752.0 -2176.0 408.0
v 2752.0 -2000.0 352.0
v 2752.0 -1984.0 352.0
v 2752.0 -2064.0 352.0
v 2752.0 -2048.0 352.0
v 2752.0 -2128.0 352.0
v 2752.0 -2112.0 352.0
v 2752.0 -2192.0 352.0
v 2752.0 -2176.0 352.0
v 2752.0 -2256.0 352.0
v 2752.0 -2240.0 352.0
v 2752.0 -2320.0 352.0
v 2752.0 -2304.0 352.0
v 2752.0 -2144.0 352.0
v 2752.0 -2192.0 330.66666
v 2748.0 -2192.0 336.0
v 2752.0 -2192.0 336.0
v 2752.0 -1984.0 336.0
v 2748.0 -1984.0 336.0
v 2752.0 -1984.0 330.66666
v 2748.0 -2000.0 336.0
v 2748.0 -2048.0 336.0
v 2748.0 -2064.0 336.0
v 2748.0 -2112.0 336.0
v 2748.0 -2128.0 336.0
v 2752.0 -2128.0 330.6666
v 2748.0 -2176.0 336.0
v 2764.0 -2112.0 336.0
v 2752.0 -2112.0 336.0
v 2764.0 -2064.0 336.0
v 2752.0 -2064.0 336.0
v 2752.0 -2048.0 336.0
v 2752.0 -2000.0 336.0
v 2764.0 -2000.0 336.0
v 2764.0 -2048.0 336.0
v 2752.0 -2128.0 336.0
v 2752.0 -2176.0 336.0
v 2764.0 -2176.0 336.0
v 2752.0 -2320.0 330.66666
v 2748.0 -2320.0 336.0
v 2752.0 -2320.0 336.0
v 2752.0 -2240.0 336.0
v 2748.0 -2240.0 336.0
v 2752.0 -2240.0 330.66666
v 2752.0 -2304.0 330.6666
v 2748.0 -2304.0 336.0
v 2748.0 -2256.0 336.0
v 2764.0 -2256.0 336.0
v 2752.0 -2256.0 336.0
v 2752.0 -2304.0 336.0
v 2880.0 -1792.0 72.0
v 2880.0 -1792.0 80.0
v 2880.0 -1792.0 -16.0
v 2784.0 -1632.0 80.0
v 2784.0 -1504.0 16.0
v 2784.0 -1472.0 16.0
v 2784.0 -1504.0 32.0
v 2784.0 -1472.0 0.0
v 2784.0 -1536.0 32.0
v 2784.0 -1536.0 48.0
v 2784.0 -1600.0 80.0
v 2784.0 -1408.0 80.0
v 2784.0 -1376.0 80.0
v 2784.0 -1568.0 48.0
v 2784.0 -1376.0 64.0
v 2784.0 -1568.0 64.0
v 2784.0 -1600.0 64.0
v 2656.0 -1472.0 0.0
v 2656.0 -1408.0 0.0
v 2880.0 -2080.0 72.0
v 2880.0 -2080.0 -16.0
v 2880.0 -2080.0 80.0
v 2880.0 -1856.0 72.0
v 2880.0 -2016.0 80.0
v 2880.0 -1856.0 80.0
v 2880.0 -1856.0 -16.0
v 2880.0 -2016.0 -16.0
v 2560.0 -1920.0 280.0
v 2336.0 -1920.0 280.0
v 2336.0 -1920.0 224.0
v 2400.0 -1920.0 224.0
v 2416.0 -1920.0 224.0
v 2479.0 -1920.0 224.0
v 2495.0 -1920.0 224.0
v 2560.0 -1920.0 224.0
v 2624.0 -1920.0 224.0
v 2624.0 -1920.0 280.0
v 2560.0 -1920.0 192.0
v 2472.0 -1920.0 192.0
v 2463.0 -1920.0 192.0
v 2351.0 -1920.0 192.0
v 2336.0 -1920.0 192.0
v 2336.0 -1920.0 176.0
v 2336.0 -1920.0 128.0
v 2336.0 -1920.0 0.0
v 2560.0 -1920.0 0.0
v 2624.0 -1920.0 0.0
v 2624.0 -1920.0 160.0
v 2624.0 -1920.0 192.0
v 2304.0 -1920.0 128.0
v 2240.0 -1920.0 128.0
v 2240.0 -1920.0 48.0
v 2240.0 -1920.0 32.0
v 2240.0 -1920.0 16.0
v 2240.0 -1920.0 0.0
v 2304.0 -1920.0 176.0
v 2112.0 -1920.0 176.0
v 2112.0 -1920.0 128.0
v 2112.0 -1920.0 16.0
v 2112.0 -1920.0 0.0
v 2560.0 -1408.0 280.0
v 2336.0 -1408.0 280.0
v 2336.0 -1408.0 224.0
v 2560.0 -1408.0 224.0
v 2624.0 -1408.0 224.0
v 2624.0 -1408.0 280.0
v 2560.0 -1408.0 192.0
v 2431.0 -1408.0 192.0
v 2415.0 -1408.0 192.0
v 2336.0 -1408.0 192.0
v 2336.0 -1408.0 176.0
v 2400.0 -1408.0 176.0
v 2560.0 -1408.0 176.0
v 2624.0 -1408.0 176.0
v 2624.0 -1408.0 192.0
v 1736.0 -1408.0 400.0
v 1696.0 -1408.0 400.0
v 1512.0 -1408.0 400.0
v 1512.0 -1408.0 395.0
v 1536.0 -1408.0 395.0
v 1576.0 -1408.0 395.0
v 1600.0 -1408.0 395.0
v 1640.0 -1408.0 395.0
v 1664.0 -1408.0 395.0
v 1704.0 -1408.0 395.0
v 1728.0 -1408.0 395.0
v 1736.0 -1408.0 395.0
v 1768.0 -1408.0 395.0
v 1792.0 -1408.0 395.0
v 1832.0 -1408.0 395.0
v 1856.0 -1408.0 395.0
v 1888.0 -1408.0 395.0
v 1888.0 -1408.0 400.0
v 1856.0 -1408.0 288.0
v 1888.0 -1408.0 288.0
v 1888.0 -1408.0 366.0
v 1856.0 -1408.0 366.0
v 1832.0 -1408.0 366.0
v 1792.0 -1408.0 366.0
v 1768.0 -1408.0 366.0
v 1768.0 -1408.0 288.0
v 1952.0 -1408.0 112.0
v 1984.0 -1408.0 112.0
v 2112.0 -1408.0 112.0
v 2112.0 -1408.0 128.0
v 2112.0 -1408.0 288.0
v 1952.0 -1408.0 288.0
v 1952.0 -1408.0 96.0
v 1984.0 -1408.0 96.0
v 1728.0 -1408.0 288.0
v 1704.0 -1408.0 288.0
v 1664.0 -1408.0 288.0
v 1640.0 -1408.0 288.0
v 1632.0 -1408.0 288.0
v 1632.0 -1408.0 96.0
v 1760.0 -1408.0 96.0
v 1808.0 -1408.0 96.0
v 1816.0 -1408.0 96.0
v 1856.0 -1408.0 96.0
v 1832.0 -1408.0 80.0
v 1848.0 -1408.0 64.0
v 1888.0 -1408.0 64.0
v 1920.0 -1408.0 64.0
v 1920.0 -1408.0 80.0
v 1864.0 -1408.0 48.0
v 1888.0 -1408.0 48.0
v 1856.0 -1408.0 48.0
v 1808.0 -1408.0 48.0
v 1808.0 -1408.0 32.0
v 1824.0 -1408.0 32.0
v 1856.0 -1408.0 32.0
v 1952.0 -1408.0 80.0
v 1808.0 -1408.0 16.0
v 1824.0 -1408.0 16.0
v 1728.0 -1408.0 366.0
v 1704.0 -1408.0 366.0
v 1664.0 -1408.0 366.0
v 1640.0 -1408.0 366.0
v 1600.0 -1408.0 366.0
v 1600.0 -1408.0 288.0
v 1576.0 -1408.0 288.0
v 1576.0 -1408.0 366.0
v 1536.0 -1408.0 366.0
v 1536.0 -1408.0 288.0
v 1512.0 -1408.0 288.0
v 1512.0 -1408.0 366.0
v 1472.0 -1408.0 288.0
v 1472.0 -1408.0 400.0
v 1760.0 -1408.0 16.0
v 1792.0 -1408.0 16.0
v 1536.0 -1408.0 120.0
v 1536.0 -1408.0 96.0
v 1536.0 -1408.0 64.0
v 1632.0 -1408.0 64.0
v 1536.0 -1408.0 48.0
v 1536.0 -1408.0 32.0
v 1568.0 -1408.0 32.0
v 1632.0 -1408.0 32.0
v 1632.0 -1408.0 0.0
v 1632.0 -1408.0 -4.0
v 1760.0 -1408.0 -4.0
v 1760.0 -1408.0 0.0
v 1760.0 -1408.0 8.0
v 1792.0 -1408.0 8.0
v 1632.0 -1408.0 -16.0
v 1632.0 -1408.0 -32.0
v 1760.0 -1408.0 -32.0
v 1760.0 -1408.0 -16.0
v 1568.0 -1408.0 16.0
v 1600.0 -1408.0 16.0
v 1632.0 -1408.0 16.0
v 1600.0 -1408.0 8.0
v 1632.0 -1408.0 8.0
v 1472.0 -1408.0 120.0
v 1376.0 -1408.0 120.0
v 1376.0 -1408.0 112.0
v 1376.0 -1408.0 96.0
v 1408.0 -1408.0 96.0
v 1440.0 -1408.0 96.0
v 1504.0 -1408.0 96.0
v 1280.0 -1408.0 120.0
v 1344.0 -1408.0 120.0
v 1504.0 -1408.0 80.0
v 1504.0 -1408.0 64.0
v 1504.0 -1408.0 48.0
v 1440.0 -1408.0 80.0
v 1472.0 -1408.0 80.0
v 1472.0 -1408.0 64.0
v 1344.0 -1408.0 112.0
v 1280.0 -1408.0 112.0
v 2560.0 -576.0 224.0
v 2560.0 -576.0 240.0
v 2464.0 -576.0 224.0
v 2528.0 -576.0 224.0
v 2528.0 -576.0 160.0
v 2368.0 -576.0 160.0
v 2368.0 -576.0 224.0
v 2528.0 -576.0 240.0
v 2464.0 -576.0 240.0
v 2528.0 -576.0 96.0
v 2400.0 -576.0 96.0
v 2336.0 -576.0 96.0
v 2336.0 -576.0 160.0
v 2528.0 -576.0 32.0
v 2400.0 -576.0 32.0
v 2352.0 -576.0 16.0
v 2528.0 -576.0 16.0
v 2528.0 -576.0 0.0
v 2336.0 -576.0 0.0
v 2336.0 -576.0 16.0
v 1984.0 -576.0 416.0
v 1792.0 -576.0 416.0
v 2368.0 -576.0 240.0
v 2336.0 -576.0 240.0
v 2080.0 -576.0 288.0
v 2016.0 -576.0 288.0
v 2016.0 -576.0 96.0
v 2080.0 -576.0 96.0
v 1984.0 -576.0 288.0
v 1984.0 -576.0 192.0
v 1984.0 -576.0 160.0
v 1984.0 -576.0 96.0
v 1984.0 -576.0 80.0
v 2080.0 -576.0 80.0
v 1920.0 -576.0 80.0
v 1952.0 -576.0 80.0
v 1920.0 -576.0 160.0
v 1920.0 -576.0 64.0
v 1952.0 -576.0 64.0
v 1856.0 -576.0 160.0
v 1856.0 -576.0 48.0
v 1888.0 -576.0 48.0
v 1920.0 -576.0 48.0
v 1856.0 -576.0 32.0
v 1888.0 -576.0 32.0
v 1424.0 -576.0 416.0
v 1600.0 -576.0 416.0
v 1344.0 -576.0 448.0
v 1280.0 -576.0 448.0
v 1392.0 -576.0 416.0
v 1392.0 -576.0 448.0
v 1392.0 -576.0 384.0
v 1392.0 -576.0 320.0
v 1392.0 -576.0 160.0
v 1424.0 -576.0 160.0
v 1424.0 -576.0 192.0
v 1424.0 -576.0 384.0
v 1632.0 -576.0 160.0
v 1760.0 -576.0 160.0
v 1792.0 -576.0 160.0
v 1792.0 -576.0 288.0
v 1600.0 -576.0 288.0
v 1600.0 -576.0 160.0
v 1760.0 -576.0 96.0
v 1760.0 -576.0 16.0
v 1824.0 -576.0 16.0
v 1856.0 -576.0 16.0
v 1488.0 -576.0 0.0
v 1504.0 -576.0 0.0
v 1600.0 -576.0 0.0
v 1632.0 -576.0 0.0
v 1632.0 -576.0 96.0
v 1472.0 -576.0 160.0
v 1472.0 -576.0 0.0
v 1824.0 -576.0 0.0
v 1760.0 -576.0 0.0
v 1600.0 -576.0 -16.0
v 1504.0 -576.0 -16.0
v 1600.0 -576.0 -32.0
v 1488.0 -576.0 -16.0
v 1472.0 -576.0 -16.0
v 1472.0 -576.0 -32.0
v 1888.0 16.0 160.0
v 1888.0 16.0 176.0
v 1888.0 16.0 192.0
v 1888.0 16.0 248.0
v 1888.0 -32.0 0.0
v 1888.0 -192.0 0.0
v 1888.0 -256.0 0.0
v 1888.0 -256.0 160.0
v 1888.0 -160.0 160.0
v 1888.0 -32.0 160.0
v 1888.0 16.0 352.0
v 1888.0 16.0 304.0
v 1888.0 -256.0 352.0
v 1888.0 -32.0 352.0
v 1888.0 -32.0 304.0
v 1888.0 -160.0 304.0
v 1888.0 -256.0 304.0
v 1888.0 -320.0 320.0
v 1888.0 -416.0 320.0
v 1888.0 -416.0 288.0
v 1888.0 -320.0 288.0
v 1888.0 -160.0 248.0
v 1888.0 -24.0 192.0
v 1888.0 -56.0 192.0
v 1888.0 -72.0 192.0
v 1888.0 -104.0 192.0
v 1888.0 -160.0 192.0
v 1888.0 -24.0 176.0
v 1888.0 -40.0 176.0
v 1888.0 -56.0 176.0
v 1888.0 -56.0 177.75003
v 1888.0 -56.0 180.75002
v 1888.0 -72.0 176.0
v 1888.0 -72.0 177.75003
v 1888.0 -72.0 180.75002
v 1888.0 -160.0 176.0
v 1888.0 -104.0 176.0
v 1888.0 -88.0 176.0
v 1888.0 -448.0 288.0
v 1888.0 -448.0 160.0
v 1888.0 -320.0 160.0
v 1888.0 -448.0 32.0
v 1888.0 -448.0 48.0
v 2080.0 -96.0 312.0
v 2080.0 -192.0 536.0
v 2080.0 -192.0 312.0
v 2080.0 -256.0 536.0
v 2080.0 -256.0 352.0
v 2080.0 -256.0 312.0
v 2080.0 -24.0 248.0
v 2080.0 -96.0 304.0
v 2080.0 -96.0 248.0
v 2080.0 16.0 160.0
v 2080.0 -24.0 192.0
v 2080.0 -24.0 176.0
v 2080.0 -24.0 160.0
v 2080.0 -256.0 304.0
v 2080.0 -160.0 304.0
v 2080.0 -160.0 248.0
v 2080.0 -104.0 248.0
v 2080.0 -40.0 176.0
v 2080.0 -96.0 176.0
v 2080.0 -96.0 160.0
v 2080.0 -96.0 192.0
v 2080.0 -40.0 192.0
v 2080.0 -104.0 160.0
v 2080.0 -104.0 176.0
v 2080.0 -104.0 192.0
v 2080.0 -160.0 160.0
v 2080.0 -256.0 128.0
v 2080.0 -288.0 128.0
v 2080.0 -320.0 128.0
v 2080.0 -320.0 64.0
v 2080.0 -320.0 48.0
v 2080.0 -320.0 32.0
v 2080.0 -288.0 32.0
v 2080.0 -256.0 32.0
v 2080.0 -256.0 288.0
v 2080.0 -256.0 160.0
v 2080.0 -208.0 160.0
v 2080.0 -288.0 288.0
v 2080.0 -320.0 288.0
v 2080.0 -256.0 -104.0
v 2080.0 -448.0 -128.0
v 2080.0 -448.0 -104.0
v 2080.0 -256.0 16.0
v 2080.0 -288.0 16.0
v 2080.0 -384.0 288.0
v 2080.0 -384.0 80.0
v 2080.0 -384.0 64.0
v 2080.0 -352.0 64.0
v 2080.0 -352.0 48.0
v 2080.0 -448.0 288.0
v 2080.0 -480.0 288.0
v 2080.0 -480.0 80.0
v 2080.0 -480.0 -128.0
v 2080.0 -450.78598 -128.0
v 2080.0 -450.78598 -104.0
v 2080.0 -480.0 -104.0
v 2080.0 -480.0 -16.0
v 2080.0 -450.78598 -16.0
v 2352.0 -222.0 312.0
v 2352.0 -224.0 312.0
v 2496.0 -224.0 312.0
v 2496.0 -160.0 312.0
v 2352.0 -160.0 312.0
v 2624.0 -352.0 312.0
v 2624.0 -288.0 312.0
v 2624.0 -128.0 312.0
v 2622.0 -128.0 312.0
v 2560.0 -128.0 312.0
v 2560.0 -288.0 312.0
v 2560.0 -352.0 312.0
v 2560.0 -512.0 312.0
v 2624.0 -512.0 312.0
v 2544.0 -64.0 312.0
v 2544.0 0.0 312.0
v 2400.0 0.0 312.0
v 2400.0 -64.0 312.0
v 2082.449 -482.44907 -16.0
v 2176.0 -224.0 -16.0
v 2184.0 -224.0 -16.0
v 2224.0 -224.0 -16.0
v 2304.0 -224.0 -16.0
v 2304.0 -96.0 -16.0
v 2136.0 -96.0 -16.0
v 2136.0 -224.0 -16.0
v 2112.0 -512.0 -16.0
v 2112.0 -354.49976 -16.0
v 2278.9014 -288.0 -16.0
v 2336.0 -288.0 -16.0
v 2336.0 -512.0 -16.0
v 2336.0 -544.0 -16.0
v 2144.0 -544.0 -16.0
v 2502.9014 -288.0 -16.0
v 2528.0 -288.0 -16.0
v 2528.0 -320.0 -16.0
v 2528.0 -512.0 -16.0
v 2528.0 -544.0 -16.0
v 2368.0 -544.0 -16.0
v 2568.397 -320.0 -16.0
v 2568.975 -323.31296 -16.0
v 2607.508 -544.0 -16.0
v 2562.8096 -288.0 -16.0
v 2487.3337 -256.0 -16.0
v 2304.0 -256.0 -16.0
v 2288.0 -256.0 -16.0
v 2263.3337 -256.0 -16.0
v 2487.0808 -266.48813 -16.0
v 2487.3337 -266.5 -16.0
v 2559.6472 -269.8897 -16.0
v 2528.0 -256.0 -16.0
v 2136.0 0.0 -16.0
v 2336.0 -96.0 -16.0
v 2560.0 -544.0 224.0
v 2528.0 -544.0 240.0
v 2528.0 -544.0 224.0
v 2528.0 -544.0 160.0
v 2560.0 -544.0 160.0
v 2528.0 -544.0 101.333336
v 2524.0 -544.0 112.0
v 2506.0 -544.0 160.0
v 2496.0 -544.0 160.0
v 2496.0 -544.0 96.0
v 2496.0 -544.0 80.0
v 2528.0 -544.0 80.0
v 2528.0 -544.0 112.0
v 2540.0 -544.0 112.0
v 2544.0 -544.0 112.0
v 2560.0 -544.0 112.0
v 2522.0 -544.0 160.0
v 2544.0 -544.0 96.0
v 2560.0 -544.0 96.0
v 2544.0 -544.0 80.0
v 2496.0 -544.0 32.0
v 2496.0 -544.0 0.0
v 2528.0 -544.0 0.0
v 2592.0 -544.0 0.0
v 2496.0 -544.0 -8.0
v 2528.0 -544.0 -8.0
v 2368.0 -544.0 -8.0
v 2288.0 -544.0 -8.0
v 2144.0 -544.0 -8.0
v 2400.0 -544.0 32.0
v 2400.0 -544.0 96.0
v 2336.0 -544.0 96.0
v 2359.0 -544.0 160.0
v 2288.0 -544.0 160.0
v 2288.0 -544.0 96.0
v 2288.0 -544.0 32.0
v 2336.0 -544.0 32.0
v 2272.0 -544.0 160.0
v 2224.0 -544.0 160.0
v 2208.0 -544.0 160.0
v 2144.0 -544.0 160.0
v 2112.0 -512.0 -8.0
v 2112.0 -512.0 160.0
v 2112.0 -512.0 48.0
v 2528.0 -320.0 -8.0
v 2528.0 -288.0 -8.0
v 2502.9014 -288.0 -8.0
v 2278.9014 -288.0 -8.0
v 2272.0 -290.7497 -8.0
v 2112.0 -354.49976 -8.0
v 2272.0 -354.66687 160.0
v 2272.0 -352.0 160.0
v 2272.0 -352.0 192.0
v 2272.0 -354.66672 192.0
v 2272.0 -288.0 0.0
v 2272.0 -256.0 0.0
v 2272.0 -256.0 128.0
v 2272.0 -288.0 128.0
v 2304.0 16.0 0.0
v 2288.0 16.0 0.0
v 2272.0 16.0 0.0
v 2496.0 -128.0 0.0
v 2528.0 -128.0 0.0
v 2592.0 -128.0 0.0
v 2592.0 -160.0 0.0
v 2528.0 -160.0 0.0
v 2496.0 -160.0 0.0
v 2528.0 -320.0 0.0
v 2528.0 -288.0 0.0
v 2528.0 -400.0 0.0
v 2528.0 -224.0 0.0
v 2496.0 -224.0 0.0
v 2592.0 -224.0 0.0
v 2592.0 -256.0 0.0
v 2512.0 -256.0 0.0
v 2496.0 -256.0 0.0
v 2592.0 -448.0 0.0
v 2528.0 -448.0 0.0
v 2528.0 -432.0 0.0
v 2544.0 -432.0 0.0
v 2592.0 -456.0 0.0
v 2592.0 -520.0 0.0
v 2304.0 -96.0 0.0
v 2304.0 -128.0 0.0
v 2288.0 -128.0 0.0
v 2288.0 -256.0 0.0
v 2288.0 -208.0 0.0
v 2272.0 -208.0 0.0
v 2278.9016 -288.0 0.0
v 2272.0 -290.74985 0.0
v 2528.0 -96.0 240.0
v 2496.0 -96.0 240.0
v 2496.0 -96.0 128.0
v 2496.0 -96.0 96.0
v 2528.0 -96.0 96.0
v 2592.0 -96.0 32.0
v 2496.0 -96.0 32.0
v 2496.0 -96.0 16.0
v 2496.0 -96.0 0.0
v 2495.0 -96.0 240.0
v 2447.0 -96.0 240.0
v 2400.0 -96.0 240.0
v 2336.0 -96.0 240.0
v 2336.0 -96.0 128.0
v 2432.0 -96.0 32.0
v 2400.0 -96.0 32.0
v 2400.0 -96.0 48.0
v 2400.0 -96.0 64.0
v 2432.0 -96.0 64.0
v 2464.0 -96.0 32.0
v 2432.0 -96.0 80.0
v 2464.0 -96.0 80.0
v 2464.0 -96.0 96.0
v 2368.0 -96.0 32.0
v 2368.0 -96.0 48.0
v 2336.0 -96.0 32.0
v 2304.0 -96.0 128.0
v 2304.0 -96.0 16.0
v 2336.0 -96.0 16.0
v 2368.0 -96.0 16.0
v 2336.0 -96.0 0.0
v 2336.0 16.0 240.0
v 2400.0 16.0 240.0
v 2544.0 16.0 240.0
v 2560.0 16.0 240.0
v 2528.0 -64.0 240.0
v 2544.0 -96.0 240.0
v 2544.0 -64.0 240.0
v 2527.5 -31.0 240.0
v 2519.5 -47.0 240.0
v 2512.0 0.0 240.0
v 2496.0 0.0 240.0
v 2511.5 -31.0 240.0
v 2519.5 -15.0 240.0
v 2544.0 0.0 240.0
v 2416.0 0.0 240.0
v 2432.0 0.0 240.0
v 2447.0 0.0 240.0
v 2463.0 0.0 240.0
v 2479.0 0.0 240.0
v 2527.0 0.0 240.0
v 2543.0 0.0 240.0
v 2400.0 0.0 240.0
v 2496.0 -94.0 240.0
v 2511.0 -64.0 240.0
v 2496.0 -62.0 240.0
v 2400.0 -94.0 240.0
v 2415.0 -64.0 240.0
v 2423.0 -48.0 240.0
v 2415.5 -33.0 240.0
v 2400.0 -64.0 240.0
v 2431.0 -64.0 240.0
v 2464.0 -64.0 240.0
v 2447.0 -64.0 240.0
v 2439.0 -80.0 240.0
v 2487.0 -80.0 240.0
v 2479.0 -64.0 240.0
v 2463.0 -32.0 240.0
v 2471.5 -49.0 240.0
v 2495.0 -64.0 240.0
v 2479.5 -33.0 240.0
v 2471.0 -16.0 240.0
v 2447.5 -63.0 240.0
v 2424.0 -16.0 240.0
v 2431.5 -31.0 240.0
v 2400.0 -2.0 240.0
v 2400.0 -64.0 256.0
v 2400.0 -2.0 256.0
v 2400.0 0.0 256.0
v 2544.0 0.0 256.0
v 2544.0 -64.0 256.0
v 2511.5 -31.0 256.0
v 2496.0 0.0 256.0
v 2512.0 0.0 256.0
v 2519.5 -15.0 256.0
v 2528.0 -64.0 256.0
v 2519.5 -47.0 256.0
v 2527.5 -31.0 256.0
v 2527.0 0.0 256.0
v 2543.0 0.0 256.0
v 2511.0 -64.0 256.0
v 2495.0 -64.0 256.0
v 2423.0 -48.0 256.0
v 2416.0 0.0 256.0
v 2431.5 -31.0 256.0
v 2447.5 -63.0 256.0
v 2447.0 -64.0 256.0
v 2431.0 -64.0 256.0
v 2463.0 -32.0 256.0
v 2471.5 -49.0 256.0
v 2464.0 -64.0 256.0
v 2471.0 -16.0 256.0
v 2479.0 0.0 256.0
v 2479.5 -33.0 256.0
v 2447.0 0.0 256.0
v 2463.0 0.0 256.0
v 2479.0 -64.0 256.0
v 2424.0 -16.0 256.0
v 2432.0 0.0 256.0
v 2415.0 -64.0 256.0
v 2415.4998 -33.0 256.0
v 2304.0 16.0 160.0
v 2304.0 -96.0 160.0
v 2288.0 -96.0 160.0
v 2288.0 16.0 160.0
v 2272.0 16.0 160.0
v 2272.0 -96.0 160.0
v 2560.0 -128.0 256.0
v 2622.0 -128.0 256.0
v 2622.0 -128.0 240.0
v 2560.0 -128.0 240.0
v 2624.0 -128.0 256.0
v 2496.0 -128.0 128.0
v 2496.0 -128.0 240.0
v 2528.0 -128.0 240.0
v 2528.0 -128.0 96.0
v 2496.0 -128.0 96.0
v 2528.0 -128.0 80.0
v 2496.0 -128.0 80.0
v 2528.0 -128.0 32.0
v 2496.0 -128.0 32.0
v 2592.0 -128.0 80.0
v 2592.0 -128.0 32.0
v 2304.0 -128.0 32.0
v 2336.0 -128.0 32.0
v 2592.0 -128.0 8.0
v 2304.0 -128.0 160.0
v 2336.0 -128.0 160.0
v 2336.0 -128.0 128.0
v 2336.0 -128.0 240.0
v 2352.0 -128.0 240.0
v 2624.0 -127.0 240.0
v 2624.0 -128.0 240.0
v 2288.0 -128.0 160.0
v 2272.0 -128.0 160.0
v 2528.0 -320.0 160.0
v 2528.0 -288.0 160.0
v 2522.0 -288.0 160.0
v 2522.0 -304.0 160.0
v 2522.0 -320.0 160.0
v 2522.0 -352.0 160.0
v 2522.0 -368.0 160.0
v 2528.0 -368.0 160.0
v 2506.0 -288.0 160.0
v 2506.0 -304.0 160.0
v 2506.0 -400.0 160.0
v 2506.0 -368.0 160.0
v 2506.0 -352.0 160.0
v 2506.0 -320.0 160.0
v 2496.0 -288.0 160.0
v 2496.0 -416.0 160.0
v 2506.0 -416.0 160.0
v 2522.0 -400.0 160.0
v 2528.0 -400.0 160.0
v 2522.0 -416.0 160.0
v 2522.0 -448.0 160.0
v 2522.0 -464.0 160.0
v 2522.0 -496.0 160.0
v 2522.0 -512.0 160.0
v 2496.0 -448.0 160.0
v 2506.0 -448.0 160.0
v 2496.0 -480.0 160.0
v 2506.0 -512.0 160.0
v 2506.0 -496.0 160.0
v 2506.0 -464.0 160.0
v 2288.0 -256.0 160.0
v 2336.0 -256.0 160.0
v 2287.0 -352.0 160.0
v 2320.0 -352.0 160.0
v 2335.0 -352.0 160.0
v 2351.0 -352.0 160.0
v 2384.0 -352.0 160.0
v 2399.0 -352.0 160.0
v 2416.0 -352.0 160.0
v 2447.0 -352.0 160.0
v 2464.0 -352.0 160.0
v 2464.0 -288.0 160.0
v 2288.0 -288.0 160.0
v 2272.0 -288.0 160.0
v 2464.0 -480.0 160.0
v 2399.5 -353.3332 160.0
v 2423.0 -416.0 160.0
v 2431.5 -438.66675 160.0
v 2447.0 -480.0 160.0
v 2335.0 -480.0 160.0
v 2311.5 -417.33347 160.0
v 2303.5 -438.66678 160.0
v 2319.0 -480.0 160.0
v 2288.0 -480.0 160.0
v 2335.5 -353.33337 160.0
v 2295.4998 -417.33386 160.0
v 2288.0 -437.33334 160.0
v 2359.5 -417.33322 160.0
v 2367.4998 -396.0 160.0
v 2431.5002 -393.3339 160.0
v 2440.0 -416.0 160.0
v 2303.5 -396.0 160.0
v 2336.0 -480.0 160.0
v 2352.0 -480.0 160.0
v 2416.0 -480.0 160.0
v 2399.0 -480.0 160.0
v 2375.5 -417.3332 160.0
v 2367.5 -438.66663 160.0
v 2383.0 -480.0 160.0
v 2335.5002 -481.33337 160.0
v 2272.0 -208.0 160.0
v 2272.0 -256.0 160.0
v 2272.0 -480.0 160.0
v 2496.0 -224.0 256.0
v 2496.0 -224.0 240.0
v 2496.0 -160.0 240.0
v 2496.0 -160.0 256.0
v 2560.0 -481.0 240.0
v 2622.0 -512.0 240.0
v 2624.0 -512.0 240.0
v 2624.0 -496.0 240.0
v 2560.0 -464.0 240.0
v 2528.0 -448.0 240.0
v 2528.0 -465.0 240.0
v 2608.0 -488.0 240.0
v 2624.0 -480.0 240.0
v 2624.0 -465.0 240.0
v 2623.0 -464.50003 240.0
v 2592.0 -480.0 240.0
v 2528.0 -512.0 240.0
v 2560.0 -496.0 240.0
v 2528.0 -528.0 240.0
v 2591.0 -496.5 240.0
v 2575.0 -488.50006 240.0
v 2560.0 -512.0 240.0
v 2606.0 -440.0 240.0
v 2590.0 -448.0 240.0
v 2624.0 -449.0 240.0
v 2528.0 -417.0 240.0
v 2560.0 -463.0 240.0
v 2560.0 -447.0 240.0
v 2560.0 -433.0 240.0
v 2560.0 -417.0 240.0
v 2528.0 -401.0 240.0
v 2574.0 -440.0 240.0
v 2590.0 -432.0 240.0
v 2624.0 -415.0 240.0
v 2624.0 -431.0 240.0
v 2558.0 -368.0 240.0
v 2528.0 -368.0 240.0
v 2623.0 -415.49997 240.0
v 2624.0 -400.0 240.0
v 2560.0 -368.0 240.0
v 2592.0 -400.0 240.0
v 2575.0 -391.5 240.0
v 2560.0 -399.0 240.0
v 2560.0 -416.0 240.0
v 2624.0 -368.0 240.0
v 2622.0 -368.0 240.0
v 2591.0 -383.50003 240.0
v 2608.0 -392.0 240.0
v 2624.0 -384.0 240.0
v 2560.0 -384.0 240.0
v 2560.0 -352.0 240.0
v 2560.0 -337.0 240.0
v 2528.0 -321.0 240.0
v 2624.0 -353.0 240.0
v 2606.0 -344.0 240.0
v 2590.0 -352.0 240.0
v 2560.0 -367.0 240.0
v 2624.0 -335.0 240.0
v 2624.0 -320.0 240.0
v 2528.0 -305.0 240.0
v 2528.0 -320.0 240.0
v 2575.0 -344.50003 240.0
v 2591.0 -336.5001 240.0
v 2560.0 -273.0 240.0
v 2560.0 -272.0 240.0
v 2559.0 -272.5 240.0
v 2544.0 -288.0 240.0
v 2560.0 -288.0 240.0
v 2544.0 -280.0 240.0
v 2591.0 -303.5 240.0
v 2606.0 -296.0 240.0
v 2624.0 -287.0 240.0
v 2624.0 -273.0 240.0
v 2622.0 -272.0 240.0
v 2590.0 -288.0 240.0
v 2560.0 -303.0 240.0
v 2560.0 -319.0 240.0
v 2624.0 -305.0 240.0
v 2544.0 -265.0 240.0
v 2575.0 -295.49997 240.0
v 2544.0 -256.0 240.0
v 2591.0 -256.5 240.0
v 2590.0 -256.0 240.0
v 2528.0 -288.0 240.0
v 2560.0 -321.0 240.0
v 2496.0 -256.0 240.0
v 2560.0 -256.0 240.0
v 2560.0 -241.0 240.0
v 2560.0 -224.0 240.0
v 2560.0 -223.0 240.0
v 2560.0 -207.0 240.0
v 2560.0 -193.0 240.0
v 2560.0 -177.0 240.0
v 2560.0 -176.0 240.0
v 2560.0 -159.0 240.0
v 2560.0 -144.0 240.0
v 2591.0 -143.50029 240.0
v 2575.0 -151.50002 240.0
v 2623.0 -175.49994 240.0
v 2624.0 -176.0 240.0
v 2624.0 -160.0 240.0
v 2574.0 -200.0 240.0
v 2590.0 -192.0 240.0
v 2575.0 -248.49992 240.0
v 2624.0 -225.0 240.0
v 2624.0 -209.0 240.0
v 2606.0 -200.0 240.0
v 2590.0 -208.0 240.0
v 2624.0 -191.0 240.0
v 2608.0 -248.0 240.0
v 2624.0 -240.0 240.0
v 2623.0 -224.50002 240.0
v 2592.0 -240.0 240.0
v 2624.0 -256.0 240.0
v 2592.0 -160.0 240.0
v 2624.0 -144.0 240.0
v 2624.0 -352.0 240.0
v 2608.0 -152.0 240.0
v 2560.0 -512.0 256.0
v 2622.0 -512.0 256.0
v 2624.0 -512.0 256.0
v 2591.0 -256.49985 256.0
v 2560.0 -241.0 256.0
v 2560.0 -224.0 256.0
v 2592.0 -240.0 256.0
v 2624.0 -256.0 256.0
v 2624.0 -273.0 256.0
v 2560.0 -256.0 256.0
v 2575.0 -248.49998 256.0
v 2560.0 -272.0 256.0
v 2623.0 -224.50002 256.0
v 2624.0 -225.0 256.0
v 2624.0 -240.0 256.0
v 2608.0 -248.0 256.0
v 2590.0 -208.0 256.0
v 2560.0 -223.0 256.0
v 2560.0 -207.0 256.0
v 2574.0 -200.0 256.0
v 2623.0 -175.5 256.0
v 2624.0 -176.0 256.0
v 2624.0 -191.0 256.0
v 2560.0 -193.0 256.0
v 2560.0 -177.0 256.0
v 2590.0 -192.0 256.0
v 2591.0 -143.50003 256.0
v 2624.0 -144.0 256.0
v 2608.0 -152.0 256.0
v 2592.0 -160.0 256.0
v 2560.0 -176.0 256.0
v 2560.0 -159.0 256.0
v 2575.0 -151.49998 256.0
v 2560.0 -144.0 256.0
v 2624.0 -160.0 256.0
v 2606.0 -200.0 256.0
v 2624.0 -209.0 256.0
v 2591.0 -303.49988 256.0
v 2606.0 -296.0 256.0
v 2624.0 -305.0 256.0
v 2624.0 -320.0 256.0
v 2590.0 -288.0 256.0
v 2622.0 -272.0 256.0
v 2624.0 -287.0 256.0
v 2560.0 -319.0 256.0
v 2560.0 -303.0 256.0
v 2575.0 -295.49988 256.0
v 2560.0 -288.0 256.0
v 2560.0 -273.0 256.0
v 2606.0 -344.0 256.0
v 2590.0 -352.0 256.0
v 2560.0 -367.0 256.0
v 2560.0 -352.0 256.0
v 2591.0 -336.50003 256.0
v 2624.0 -335.0 256.0
v 2575.0 -344.50006 256.0
v 2560.0 -337.0 256.0
v 2560.0 -321.0 256.0
v 2622.0 -368.0 256.0
v 2624.0 -353.0 256.0
v 2624.0 -368.0 256.0
v 2560.0 -384.0 256.0
v 2560.0 -368.0 256.0
v 2591.0 -383.5001 256.0
v 2624.0 -400.0 256.0
v 2624.0 -415.0 256.0
v 2623.0 -415.49997 256.0
v 2624.0 -384.0 256.0
v 2608.0 -392.0 256.0
v 2560.0 -399.0 256.0
v 2575.0 -391.50003 256.0
v 2592.0 -400.0 256.0
v 2560.0 -416.0 256.0
v 2574.0 -440.0 256.0
v 2590.0 -432.0 256.0
v 2624.0 -431.0 256.0
v 2590.0 -448.0 256.0
v 2560.0 -463.0 256.0
v 2560.0 -447.0 256.0
v 2560.0 -417.0 256.0
v 2560.0 -433.0 256.0
v 2623.0 -464.49988 256.0
v 2606.0 -440.0 256.0
v 2624.0 -449.0 256.0
v 2624.0 -465.0 256.0
v 2592.0 -480.0 256.0
v 2624.0 -496.0 256.0
v 2560.0 -481.0 256.0
v 2560.0 -464.0 256.0
v 2624.0 -480.0 256.0
v 2608.0 -488.0 256.0
v 2591.0 -496.50003 256.0
v 2560.0 -496.0 256.0
v 2575.0 -488.5 256.0
v 2624.0 -288.0 256.0
v 2544.0 -288.0 160.0
v 2544.0 -256.0 160.0
v 2528.0 -256.0 240.0
v 2528.0 -256.0 160.0
v 2496.0 -256.0 160.0
v 2447.0 -256.0 240.0
v 2415.0 -256.0 240.0
v 2400.0 -256.0 240.0
v 2352.0 -256.0 240.0
v 2336.0 -256.0 240.0
v 2464.0 -256.0 160.0
v 2352.0 -224.0 240.0
v 2352.0 -222.0 240.0
v 2352.0 -160.0 240.0
v 2495.0 -224.0 240.0
v 2479.0 -224.0 240.0
v 2464.0 -224.0 240.0
v 2447.0 -224.0 240.0
v 2439.0 -240.0 240.0
v 2400.0 -224.0 240.0
v 2399.5 -225.0 240.0
v 2407.0 -240.0 240.0
v 2415.0 -224.0 240.0
v 2423.0 -208.0 240.0
v 2415.5 -193.0 240.0
v 2384.0 -224.0 240.0
v 2399.0 -224.0 240.0
v 2383.0 -192.0 240.0
v 2375.5 -207.0 240.0
v 2399.0 -160.0 240.0
v 2383.0 -160.0 240.0
v 2375.0 -176.0 240.0
v 2367.5 -191.0 240.0
v 2367.0 -224.0 240.0
v 2447.0 -160.0 240.0
v 2432.0 -160.0 240.0
v 2424.0 -176.0 240.0
v 2431.5 -191.0 240.0
v 2479.5 -193.0 240.0
v 2471.5 -209.0 240.0
v 2367.0 -160.0 240.0
v 2416.0 -160.0 240.0
v 2463.0 -160.0 240.0
v 2479.0 -160.0 240.0
v 2463.0 -192.0 240.0
v 2471.0 -176.0 240.0
v 2447.5 -223.0 240.0
v 2431.0 -224.0 240.0
v 2352.0 -222.0 256.0
v 2352.0 -160.0 256.0
v 2352.0 -224.0 256.0
v 2367.5 -191.0 256.0
v 2367.0 -160.0 256.0
v 2375.0 -176.0 256.0
v 2415.0 -224.0 256.0
v 2400.0 -224.0 256.0
v 2415.5 -193.0 256.0
v 2423.0 -208.0 256.0
v 2447.0 -224.0 256.0
v 2447.5 -223.0 256.0
v 2463.0 -192.0 256.0
v 2471.0 -176.0 256.0
v 2479.0 -160.0 256.0
v 2479.5 -193.0 256.0
v 2471.5 -209.0 256.0
v 2464.0 -224.0 256.0
v 2447.0 -160.0 256.0
v 2463.0 -160.0 256.0
v 2495.0 -224.0 256.0
v 2479.0 -224.0 256.0
v 2424.0 -176.0 256.0
v 2432.0 -160.0 256.0
v 2431.5 -191.0 256.0
v 2399.0 -160.0 256.0
v 2416.0 -160.0 256.0
v 2431.0 -224.0 256.0
v 2399.0 -224.0 256.0
v 2384.0 -224.0 256.0
v 2375.5 -207.0 256.0
v 2383.0 -192.0 256.0
v 2383.0 -160.0 256.0
v 2367.0 -224.0 256.0
v 2464.0 -480.0 224.0
v 2464.0 -480.0 192.0
v 2464.0 -352.0 192.0
v 2464.0 -352.0 248.0
v 2464.0 -480.0 248.0
v 2288.0 -480.0 224.0
v 2288.0 -480.0 248.0
v 2272.0 -480.0 248.0
v 2272.0 -480.0 192.0
v 2288.0 -480.0 192.0
v 2447.0 -480.0 224.0
v 2447.0 -480.0 192.0
v 2352.0 -480.0 192.0
v 2383.0 -480.0 192.0
v 2383.0 -480.0 224.0
v 2352.0 -480.0 224.0
v 2335.0 -480.0 192.0
v 2335.0 -480.0 224.0
v 2319.0 -480.0 224.0
v 2319.0 -480.0 192.0
v 2336.0 -480.0 224.0
v 2416.0 -480.0 224.0
v 2336.0 -480.0 192.0
v 2416.0 -480.0 192.0
v 2399.0 -480.0 192.0
v 2287.0 -352.0 248.0
v 2287.0 -352.0 192.0
v 2272.0 -352.0 248.0
v 2351.0 -352.0 248.0
v 2351.0 -352.0 192.0
v 2335.0 -352.0 192.0
v 2320.0 -352.0 192.0
v 2320.0 -352.0 248.0
v 2384.0 -352.0 192.0
v 2384.0 -352.0 248.0
v 2416.0 -352.0 248.0
v 2416.0 -352.0 192.0
v 2399.0 -352.0 192.0
v 2447.0 -352.0 192.0
v 2447.0 -352.0 248.0
v 2303.5 -396.0 192.0
v 2335.5 -353.3334 192.0
v 2303.5 -438.6667 192.0
v 2311.5 -417.33328 192.0
v 2367.5 -396.0 192.0
v 2359.5 -417.33316 192.0
v 2367.5 -438.66653 192.0
v 2399.5 -353.3334 192.0
v 2375.5 -417.3332 192.0
v 2440.0 -416.0 192.0
v 2431.5 -393.3332 192.0
v 2423.0 -416.0 192.0
v 2431.5 -438.66678 192.0
v 2295.5 -417.33344 192.0
v 2288.0 -256.0 32.0
v 2336.0 -256.0 33.333298
v 2336.0 -256.0 96.0
v 2336.0 -256.0 32.0
v 2352.0 -256.0 96.0
v 2383.0 -256.0 96.0
v 2415.0 -256.0 96.0
v 2447.0 -256.0 96.0
v 2464.0 -256.0 96.0
v 2496.0 -256.0 80.0
v 2496.0 -256.0 96.0
v 2464.0 -256.0 80.0
v 2464.0 -256.0 32.0
v 2496.0 -256.0 32.0
v 2512.0 -256.0 32.0
v 2463.0 -256.0 32.0
v 2447.0 -256.0 32.0
v 2416.0 -256.0 32.0
v 2384.0 -256.0 32.0
v 2352.0 -256.0 32.0
v 2592.0 -256.0 8.0
v 2592.0 -256.0 32.0
v 2528.0 -256.0 96.0
v 2544.0 -256.0 96.0
v 2592.0 -256.0 80.0
v 2528.0 -256.0 80.0
v 2528.0 -224.0 8.0
v 2528.0 -160.0 8.0
v 2592.0 -160.0 8.0
v 2592.0 -224.0 8.0
v 2464.0 -264.0 96.0
v 2464.0 -280.0 96.0
v 2464.0 -288.0 96.0
v 2464.0 -288.0 80.0
v 2464.0 -288.0 32.0
v 2528.0 -288.0 80.0
v 2544.0 -288.0 80.0
v 2496.0 -288.0 32.0
v 2496.0 -288.0 80.0
v 2496.0 -288.0 138.66667
v 2544.0 -288.0 112.0
v 2540.0 -288.0 112.0
v 2528.0 -288.0 112.0
v 2496.0 -288.0 112.0
v 2502.9014 -288.0 0.0
v 2464.0 -288.0 0.0
v 2544.0 -288.0 96.0
v 2528.0 -400.0 32.0
v 2528.0 -400.0 112.0
v 2524.0 -400.0 112.0
v 2528.0 -400.0 101.333336
v 2540.0 -400.0 112.0
v 2544.0 -400.0 80.0
v 2528.0 -400.0 80.0
v 2544.0 -368.0 112.0
v 2544.0 -400.0 96.0
v 2544.0 -400.0 112.0
v 2528.0 -304.0 80.0
v 2528.0 -368.0 80.0
v 2528.0 -368.0 101.333336
v 2524.0 -368.0 112.0
v 2528.0 -368.0 112.0
v 2540.0 -368.0 112.0
v 2528.0 -304.0 112.0
v 2540.0 -304.0 112.0
v 2540.0 -352.0 112.0
v 2540.0 -320.0 112.0
v 2528.0 -352.0 112.0
v 2528.0 -320.0 112.0
v 2524.0 -320.0 112.0
v 2524.0 -304.0 112.0
v 2524.0 -352.0 112.0
v 2528.0 -304.0 101.333336
v 2528.0 -320.0 101.333084
v 2528.0 -352.0 101.333084
v 2544.0 -432.0 80.0
v 2544.0 -464.0 80.0
v 2592.0 -456.0 8.0
v 2544.0 -432.0 32.0
v 2592.0 -520.0 8.0
v 2540.0 -496.0 112.0
v 2540.0 -512.0 112.0
v 2540.0 -448.0 112.0
v 2540.0 -464.0 112.0
v 2540.0 -416.0 112.0
v 2528.0 -464.0 112.0
v 2524.0 -464.0 112.0
v 2528.0 -464.0 101.333084
v 2528.0 -432.0 80.0
v 2528.0 -448.0 80.0
v 2528.0 -464.0 80.0
v 2528.0 -416.0 112.0
v 2524.0 -416.0 112.0
v 2528.0 -416.0 101.333336
v 2528.0 -416.0 80.0
v 2524.0 -448.0 112.0
v 2528.0 -448.0 112.0
v 2528.0 -448.0 101.33289
v 2528.0 -432.0 112.0
v 2528.0 -432.0 32.0
v 2528.0 -416.0 32.0
v 2528.0 -496.0 80.0
v 2528.0 -512.0 80.0
v 2528.0 -512.0 112.0
v 2528.0 -512.0 101.333084
v 2524.0 -512.0 112.0
v 2524.0 -496.0 112.0
v 2528.0 -496.0 112.0
v 2528.0 -496.0 101.33289
v 2288.0 -288.0 0.0
v 2288.0 -288.0 32.0
v 2336.0 -288.0 32.0
v 2352.0 -288.0 32.0
v 2384.0 -288.0 32.0
v 2416.0 -288.0 32.0
v 2447.0 -288.0 32.0
v 2463.0 -288.0 32.0
v 2447.0 -288.0 96.0
v 2415.0 -288.0 96.0
v 2383.0 -288.0 96.0
v 2352.0 -288.0 96.0
v 2336.0 -288.0 96.0
v 2288.0 -288.0 96.0
v 2336.0 -288.0 33.333298
v 2336.0 -280.0 32.0
v 2336.0 -280.0 33.333298
v 2336.0 -264.0 32.0
v 2336.0 -264.0 33.333298
v 2336.0 -280.0 96.0
v 2336.0 -264.0 96.0
v 2352.0 -280.0 32.0
v 2352.0 -264.0 32.0
v 2384.0 -264.0 32.0
v 2384.0 -280.0 32.0
v 2463.0 -280.0 32.0
v 2463.0 -264.0 32.0
v 2447.0 -280.0 32.0
v 2447.0 -264.0 32.0
v 2416.0 -280.0 32.0
v 2416.0 -264.0 32.0
v 2399.0 -264.0 32.0
v 2399.0 -280.0 32.0
v 2352.0 -264.0 96.0
v 2399.0 -264.0 96.0
v 2415.0 -264.0 96.0
v 2383.0 -264.0 96.0
v 2399.0 -280.0 96.0
v 2383.0 -280.0 96.0
v 2415.0 -280.0 96.0
v 2447.0 -280.0 96.0
v 2447.0 -264.0 96.0
v 2352.0 -280.0 96.0
v 2368.0 -264.0 53.33333
v 2359.5 -264.0 64.66665
v 2376.0 -264.0 64.0
v 2399.5 -264.0 95.33345
v 2367.5 -264.0 75.33337
v 2431.0 -264.0 74.66662
v 2439.5 -264.0 63.33335
v 2431.5 -264.0 52.66671
v 2423.0 -264.0 64.0
v 2399.5 -264.0 32.66669
v 2368.0 -280.0 53.333344
v 2359.5 -280.0 64.666534
v 2367.5 -280.0 75.333374
v 2399.5 -280.0 95.33345
v 2376.0 -280.0 64.0
v 2439.4998 -280.0 63.333015
v 2431.0 -280.0 74.666466
v 2423.0 -280.0 64.0
v 2431.5 -280.0 52.66651
v 2399.5 -280.0 32.66669
v 2336.0 -96.0 -8.0
v 2496.0 -96.0 -8.0
v 2208.0 -288.0 160.0
v 2208.0 -352.0 160.0
v 2223.0 -352.0 160.0
v 2255.0 -352.0 160.0
v 2271.0 -480.0 160.0
v 2255.0 -480.0 160.0
v 2224.0 -480.0 160.0
v 2239.0 -394.66565 160.0
v 2231.0 -416.0 160.0
v 2224.0 -434.6667 160.0
v 2247.5 -417.33325 160.0
v 2239.5 -438.66678 160.0
v 2208.0 -354.66666 160.0
v 2208.0 -512.0 160.0
v 2208.0 -477.33334 160.0
v 2112.0 -288.0 160.0
v 2112.0 -320.0 160.0
v 2271.0 -480.0 192.0
v 2271.0 -480.0 248.0
v 2255.0 -480.0 248.0
v 2255.0 -480.0 192.0
v 2224.0 -480.0 248.0
v 2224.0 -480.0 192.0
v 2208.0 -480.0 248.0
v 2208.0 -480.0 192.0
v 2255.0 -352.0 192.0
v 2255.0 -352.0 248.0
v 2223.0 -352.0 192.0
v 2223.0 -352.0 248.0
v 2208.0 -352.0 248.0
v 2208.0 -352.0 192.0
v 2208.0 -354.66666 248.0
v 2208.0 -477.3335 248.0
v 2208.0 -354.66666 192.0
v 2208.0 -477.3335 192.0
v 2239.0 -394.66666 192.0
v 2231.0 -416.0 192.0
v 2247.5 -417.3331 192.0
v 2239.5 -438.66656 192.0
v 2112.0 -256.0 128.0
v 2080.0 -256.0 0.0
v 2112.0 -256.0 0.0
v 2080.0 -224.0 0.0
v 2112.0 -224.0 0.0
v 2184.0 -224.0 0.0
v 2184.0 -256.0 0.0
v 2184.0 -208.0 0.0
v 2184.0 -192.0 0.0
v 2184.0 16.0 0.0
v 2080.0 -192.0 0.0
v 2112.0 -320.0 48.0
v 2112.0 -320.0 0.0
v 2112.0 -354.49976 0.0
v 2112.0 -354.49976 48.0
v 2112.0 -320.0 128.0
v 2112.0 -288.0 128.0
v 2184.0 -325.81232 0.0
v 2368.0 -96.0 -16.0
v 2496.0 -96.0 -16.0
v 2592.0 -96.0 -16.0
v 2560.0 -576.0 96.0
v 2336.0 -576.0 32.0
v 2352.0 -576.0 32.0
v 2304.0 -256.0 -160.0
v 2288.0 -256.0 -104.0
v 2288.0 -256.0 -64.0
v 2288.0 -256.0 -160.0
v 2224.0 -256.0 -160.0
v 2263.3337 -256.0 -64.0
v 2263.3337 -256.0 -104.0
v 2224.0 -256.0 -104.0
v 2176.0 -256.0 -128.0
v 2176.0 -256.0 -104.0
v 2112.0 -256.0 -128.0
v 2112.0 -256.0 -104.0
v 2368.0 -96.0 -112.0
v 2368.0 -96.0 -128.0
v 2400.0 -96.0 -112.0
v 2400.0 -96.0 -96.0
v 2368.0 -96.0 -96.0
v 2496.0 -96.0 -96.0
v 2592.0 -96.0 -96.0
v 2512.0 -64.0 -88.0
v 2512.0 0.0 -88.0
v 2576.0 0.0 -88.0
v 2576.0 -64.0 -88.0
v 2496.0 0.0 -96.0
v 2512.0 0.0 -96.0
v 2512.0 -64.0 -96.0
v 2496.0 -64.0 -96.0
v 2576.0 -64.0 -96.0
v 2576.0 0.0 -96.0
v 2304.0 -192.0 -160.0
v 2304.0 -96.0 -160.0
v 2304.0 -96.0 -144.0
v 2304.0 -96.0 -128.0
v 2304.0 -224.0 -64.0
v 2304.0 -224.0 -160.0
v 2336.0 -96.0 -128.0
v 2336.0 -96.0 -144.0
v 2184.0 -16.0 -147.34892
v 2184.0 0.0 -147.34914
v 2184.0 16.0 -147.34892
v 2184.0 16.0 -160.0
v 2184.0 -16.0 -160.0
v 2184.0 -64.0 -147.34892
v 2184.0 -32.0 -147.34892
v 2184.0 -32.0 -160.0
v 2184.0 -64.0 -160.0
v 2184.0 -112.0 -147.34892
v 2184.0 -80.0 -147.34892
v 2184.0 -80.0 -160.0
v 2184.0 -112.0 -160.0
v 2184.0 -160.0 -147.34892
v 2184.0 -128.0 -147.34892
v 2184.0 -128.0 -160.0
v 2184.0 -160.0 -160.0
v 2184.0 -208.0 -147.34892
v 2184.0 -176.0 -147.34892
v 2184.0 -176.0 -160.0
v 2184.0 -208.0 -160.0
v 2184.0 -224.0 -147.34914
v 2184.0 -224.0 -144.0
v 2184.0 -208.0 -144.0
v 2184.0 -176.0 -144.0
v 2184.0 -16.0 -144.0
v 2184.0 0.0 -144.0
v 2184.0 16.0 -144.0
v 2224.0 -224.0 -160.0
v 2224.0 -224.0 -64.0
v 2192.4998 -224.0 -160.0
v 2240.0 -224.0 -96.0
v 2240.0 -224.0 -128.0
v 2272.0 -224.0 -128.0
v 2272.0 -224.0 -96.0
v 2288.0 -224.0 -64.0
v 2288.0 -224.0 -160.0
v 2192.5 -208.0 -160.0
v 2192.5 -176.0 -160.0
v 2192.5 -160.0 -160.0
v 2192.5 -128.0 -160.0
v 2192.5 -112.0 -160.0
v 2192.5 -80.0 -160.0
v 2192.5 -64.0 -160.0
v 2192.5 -32.0 -160.0
v 2192.5 -16.0 -160.0
v 2192.5 16.0 -160.0
v 2192.4998 -192.0 -160.0
v 2240.0 -240.0 -72.0
v 2272.0 -240.0 -72.0
v 2280.0 -240.0 -72.0
v 2288.0 -232.0 -64.0
v 2224.0 -232.0 -64.0
v 2232.0 -240.0 -72.0
v 2224.0 -232.0 -160.0
v 2232.0 -240.0 -152.0
v 2288.0 -232.0 -160.0
v 2280.0 -240.0 -152.0
v 2272.0 -240.0 -152.0
v 2240.0 -240.0 -152.0
v 2272.0 -240.0 -128.0
v 2272.0 -240.0 -96.0
v 2240.0 -240.0 -96.0
v 2240.0 -240.0 -128.0
v 2112.0 -224.0 -128.0
v 2112.0 -32.0 -128.0
v 2112.0 0.0 -128.0
v 2112.0 -224.0 -88.0
v 2112.0 -160.0 -88.0
v 2112.0 -128.0 -88.0
v 2112.0 -80.0 -88.0
v 2112.0 -32.0 -88.0
v 2112.0 -16.0 -88.0
v 2112.0 0.0 -88.0
v 2112.0 16.0 -88.0
v 2152.0 -224.0 -88.0
v 2176.0 -224.0 -88.0
v 2176.0 -224.0 -72.0
v 2152.0 -224.0 -72.0
v 2136.0 -224.0 -72.0
v 2176.0 -224.0 -128.0
v 2176.0 -224.0 -135.44215
v 2181.7498 -224.0 -144.0
v 2128.1248 -224.0 -88.0
v 2155.0 -224.0 -128.0
v 2144.1248 -224.0 -88.0
v 2171.0 -224.0 -128.0
v 2176.0 -224.0 -160.0
v 2168.0 -224.0 -160.0
v 2168.0 -224.0 -147.34886
v 2168.0 -224.0 -128.0
v 2128.1248 -208.0 -88.0
v 2128.1248 -176.0 -88.0
v 2128.1248 -160.0 -88.0
v 2152.0 -208.0 -88.0
v 2144.1248 -208.0 -88.0
v 2152.0 -176.0 -88.0
v 2144.1248 -176.0 -88.0
v 2128.1248 -112.0 -88.0
v 2128.1248 -80.0 -88.0
v 2128.1248 -128.0 -88.0
v 2144.125 -64.0 -88.0
v 2144.125 -32.0 -88.0
v 2128.1248 -32.0 -88.0
v 2128.1248 -64.0 -88.0
v 2128.1248 -16.0 -88.0
v 2144.125 -16.0 -88.0
v 2144.125 16.0 -88.0
v 2128.1248 16.0 -88.0
v 2144.125 -112.0 -88.0
v 2144.125 -80.0 -88.0
v 2144.125 -160.0 -88.0
v 2144.125 -128.0 -88.0
v 2152.0 0.0 -88.0
v 2136.0 0.0 -72.0
v 2152.0 0.0 -72.0
v 2152.0 -192.0 -72.0
v 2136.0 -192.0 -72.0
v 2168.0 -208.0 -147.34901
v 2168.0 -176.0 -147.34901
v 2168.0 -160.0 -147.34901
v 2168.0 -128.0 -147.34901
v 2168.0 -112.0 -147.34901
v 2168.0 -80.0 -147.34901
v 2168.0 -64.0 -147.34901
v 2168.0 -32.0 -147.34901
v 2168.0 -16.0 -147.34901
v 2168.0 16.0 -147.34901
v 2168.0 -176.0 -123.53496
v 2168.0 -176.0 -144.0
v 2181.75 -176.0 -144.0
v 2181.75 -16.0 -144.0
v 2168.0 -16.0 -123.534836
v 2168.0 -16.0 -144.0
v 2168.0 16.0 -123.53496
v 2181.75 16.0 -144.0
v 2168.0 16.0 -144.0
v 2168.0 0.0 -147.34901
v 2181.75 -160.0 -144.0
v 2181.75 -112.0 -144.0
v 2181.75 -128.0 -144.0
v 2181.75 -64.0 -144.0
v 2181.75 -80.0 -144.0
v 2181.75 -32.0 -144.0
v 2168.0 -80.0 -144.0
v 2168.0 -80.0 -123.53496
v 2168.0 -64.0 -144.0
v 2168.0 -32.0 -144.0
v 2168.0 -64.0 -123.534836
v 2168.0 -32.0 -123.53496
v 2168.0 -128.0 -144.0
v 2168.0 -128.0 -123.53496
v 2168.0 -112.0 -144.0
v 2168.0 -112.0 -123.534836
v 2168.0 -160.0 -144.0
v 2168.0 -160.0 -123.534836
v 2181.7498 -208.0 -144.0
v 2168.0 -208.0 -144.0
v 2165.75 -208.0 -144.0
v 2176.0 0.0 -160.0
v 2168.0 0.0 -160.0
v 2168.0 -192.0 -160.0
v 2176.0 -192.0 -160.0
v 2304.0 -257.90622 -104.0
v 2082.2595 -480.0 -104.0
v 2304.0 -480.0 -104.0
v 2082.449 -482.44907 -104.0
v 2144.0 -544.0 -104.0
v 2304.0 -544.0 -104.0
v 2304.0 -481.90622 -104.0
v 2528.0 -268.40622 -104.0
v 2487.0808 -266.48813 -104.0
v 2528.0 -481.90622 -104.0
v 2368.0 -544.0 -104.0
v 2528.0 -544.0 -104.0
v 2528.0 -492.40622 -104.0
v 2598.4995 -492.40622 -104.0
v 2568.9753 -323.3132 -104.0
v 2559.6475 -269.8897 -104.0
v 2592.0 -544.0 -104.0
v 2607.508 -544.0 -104.0
v 1952.0 -256.0 0.0
v 1952.0 -256.0 16.0
v 1952.0 -256.0 32.0
v 1952.0 -256.0 64.0
v 1952.0 -256.0 80.0
v 1952.0 -256.0 128.0
v 1952.0 -256.0 160.0
v 1952.0 -256.0 288.0
v 1952.0 -256.0 352.0
v 2024.0 -160.0 248.0
v 2024.0 -160.0 192.0
v 1960.0 -160.0 192.0
v 1944.0 -160.0 192.0
v 1944.0 -160.0 248.0
v 1944.0 -160.0 176.0
v 1944.0 -160.0 160.0
v 2024.0 -160.0 176.0
v 2024.0 -160.0 160.0
v 2008.2755 -160.0 176.0
v 1960.0 -160.0 176.0
v 2024.0 -144.0 176.0
v 2008.2755 -159.72449 176.0
v 2064.0 -120.0 176.0
v 2064.0 -104.0 176.0
v 2008.2755 -144.0 176.0
v 1992.0 -144.0 176.0
v 1976.0 -144.0 176.0
v 1944.0 -144.0 176.0
v 1976.0 13.714309 176.0
v 1976.0 -4.5714426 176.0
v 1992.0 -4.5714445 176.0
v 1992.0 13.714309 176.0
v 1904.0 -24.0 176.0
v 1904.0 -72.0 176.0
v 1904.0 -104.0 176.0
v 2021.517 -56.0 176.0
v 2008.2758 -56.0 176.0
v 2008.2758 -72.0 176.0
v 2021.5172 -72.0 176.0
v 1976.0 -128.0 176.0
v 1992.0 -128.0 176.0
v 2064.0 -24.0 176.0
v 2040.0 16.0 176.0
v 2024.0 16.0 176.0
v 1944.0 16.0 176.0
v 1944.0 -144.0 192.0
v 1904.0 -104.0 192.0
v 1904.0 -120.0 192.0
v 1904.0 -8.0 192.0
v 1904.0 -24.0 192.0
v 1904.0 -72.0 192.0
v 1937.6552 -72.0 192.0
v 1937.6552 -59.42871 192.0
v 1950.8965 -59.42871 192.0
v 1950.8965 -73.142845 192.0
v 1937.6552 -73.142944 192.0
v 1976.0 -144.0 192.0
v 1992.0 -144.0 192.0
v 2024.0 -144.0 192.0
v 2040.0 -144.0 192.0
v 2064.0 -104.0 192.0
v 2064.0 -120.0 192.0
v 2064.0 -24.0 192.0
v 2024.0 16.0 192.0
v 2040.0 16.0 192.0
v 1944.0 16.0 192.0
v 1904.0 -72.0 190.75
v 1904.0 -72.0 184.37502
v 1904.0 -72.0 181.37503
v 1904.0 -56.0 181.37503
v 1904.0 -29.143011 181.37503
v 1904.0 -42.857224 184.37502
v 1904.0 -56.0 184.37502
v 1904.0 -24.0 181.37503
v 1992.0 -144.0 176.50002
v 1976.0 -144.0 176.50002
v 1992.0 -21.428751 179.68753
v 1992.0 -3.1431096 179.68756
v 1992.0 -56.0 179.68738
v 1992.0 -56.0 182.68748
v 1992.0 -16.856934 182.68748
v 1992.0 -72.0 179.68738
v 1992.0 -111.143005 179.68747
v 1992.0 -129.42912 179.68738
v 1992.0 -115.71413 182.68748
v 1992.0 -72.0 182.68748
v 1937.655 -56.0 192.0
v 1932.138 -72.0 190.75006
v 1937.655 -77.71446 192.0
v 1943.1721 -72.0 190.75
v 1944.2756 -72.0 190.49997
v 1976.0 -72.0 183.31259
v 1976.0 -56.0 183.31259
v 1958.6211 -56.0 187.25
v 1944.276 -70.8574 190.50006
v 1940.9658 -56.0 191.25
v 1976.0 -38.0 183.31259
v 1976.0 -19.71458 183.31259
v 1929.9309 -56.0 187.25
v 1916.6898 -56.0 187.25
v 1976.0 -94.571495 183.31248
v 1976.0 -112.85766 183.31244
v 1976.0 -99.14253 186.31248
v 1939.8624 -75.42857 191.5
v 1952.0 -384.0 64.0
v 1952.0 -352.0 64.0
v 1920.0 -448.0 64.0
v 1952.0 -448.0 64.0
v 1952.0 -448.0 80.0
v 1952.0 -448.0 128.0
v 1952.0 -448.0 288.0
v 1952.0 -320.0 288.0
v 1952.0 -320.0 128.0
v 1952.0 -320.0 80.0
v 1952.0 -384.0 80.0
v 1952.0 -320.0 64.0
v 1952.0 -288.0 128.0
v 1952.0 -288.0 288.0
v 1984.0 -448.0 288.0
v 1984.0 -448.0 512.0
v 1984.0 -448.0 352.0
v 1952.0 -448.0 352.0
v 1952.0 -448.0 512.0
v 1984.0 -576.0 352.0
v 1888.0 -448.0 352.0
v 1888.0 -448.0 128.0
v 1888.0 -448.0 64.0
v 1920.0 -448.0 48.0
v 1952.0 -320.0 48.0
v 1952.0 -288.0 32.0
v 1952.0 -320.0 32.0
v 1952.0 -288.0 16.0
v 1952.0 -352.0 48.0
v 1504.0 -320.0 160.0
v 1376.0 -320.0 160.0
v 1280.0 -320.0 160.0
v 1280.0 -320.0 288.0
v 1280.0 -320.0 320.0
v 1504.0 -320.0 320.0
v 1728.0 -320.0 160.0
v 1600.0 -320.0 160.0
v 1728.0 -320.0 320.0
v 1792.0 -320.0 160.0
v 1280.0 -448.0 160.0
v 1376.0 -448.0 160.0
v 1392.0 -448.0 160.0
v 1472.0 -448.0 160.0
v 1376.0 -416.0 160.0
v 1600.0 -416.0 160.0
v 1792.0 -416.0 160.0
v 1856.0 -448.0 160.0
v 1792.0 -448.0 160.0
v 1280.0 -416.0 288.0
v 1280.0 -416.0 320.0
v 1280.0 -520.0 496.0
v 1280.0 -480.0 496.0
v 1280.0 -480.0 472.0
v 1280.0 -504.0 472.0
v 1280.0 -520.0 472.0
v 1280.0 -480.0 456.0
v 1280.0 -504.0 456.0
v 1280.0 -480.0 448.0
v 1280.0 -520.0 448.0
v 1280.0 -520.0 456.0
v 1280.0 -544.0 456.0
v 1280.0 -544.0 472.0
v 1280.0 -544.0 496.0
v 1280.0 -544.0 448.0
v 1280.0 -448.0 224.0
v 1280.0 -448.0 288.0
v 1792.0 -416.0 288.0
v 1792.0 -448.0 288.0
v 1376.0 -448.0 288.0
v 1376.0 -416.0 288.0
v 1600.0 -448.0 288.0
v 1792.0 -448.0 352.0
v 1792.0 -448.0 416.0
v 1424.0 -448.0 352.0
v 1424.0 -448.0 416.0
v 1600.0 -448.0 352.0
v 1424.0 -448.0 288.0
v 1280.0 -448.0 416.0
v 1280.0 -448.0 448.0
v 1344.0 -448.0 448.0
v 1392.0 -448.0 448.0
v 1392.0 -448.0 416.0
v 1504.0 -416.0 320.0
v 1504.0 -416.0 288.0
v 1728.0 -416.0 320.0
v 1600.0 -416.0 288.0
v 1728.0 -416.0 288.0
v 1600.0 -576.0 352.0
v 1600.0 -576.0 296.0
v 1344.0 -520.0 456.0
v 1344.0 -520.0 472.0
v 1344.0 -520.0 496.0
v 1344.0 -544.0 496.0
v 1344.0 -544.0 472.0
v 1344.0 -544.0 456.0
v 1344.0 -544.0 448.0
v 1344.0 -520.0 448.0
v 1344.0 -480.0 448.0
v 1344.0 -480.0 456.0
v 1344.0 -504.0 456.0
v 1344.0 -480.0 472.0
v 1344.0 -504.0 472.0
v 1344.0 -480.0 496.0
v 1320.0 -480.0 456.0
v 1320.0 -480.0 472.0
v 1304.0 -480.0 472.0
v 1304.0 -480.0 456.0
v 1320.0 -544.0 456.0
v 1320.0 -544.0 472.0
v 1304.0 -544.0 472.0
v 1304.0 -544.0 456.0
v 1320.0 -520.0 472.0
v 1320.0 -504.0 472.0
v 1304.0 -504.0 472.0
v 1304.0 -520.0 472.0
v 1304.0 -504.0 456.0
v 1304.0 -520.0 456.0
v 1320.0 -504.0 456.0
v 1320.0 -520.0 456.0
v 1600.0 -448.0 160.0
v 1544.0 -448.0 160.0
v 1768.0 -448.0 160.0
v 1856.0 -448.0 16.0
v 1856.0 -448.0 32.0
v 1472.0 -448.0 -32.0
v 1544.0 -448.0 -32.0
v 1600.0 -448.0 -32.0
v 1544.0 -448.0 16.0
v 1544.0 -448.0 0.0
v 1544.0 -448.0 -16.0
v 1568.0 -448.0 0.0
v 1568.0 -448.0 -16.0
v 1584.0 -448.0 -16.0
v 1600.0 -448.0 -16.0
v 1768.0 -448.0 0.0
v 1760.0 -448.0 0.0
v 1632.0 -448.0 0.0
v 1600.0 -448.0 0.0
v 1584.0 -448.0 0.0
v 1768.0 -448.0 16.0
v 1824.0 -448.0 16.0
v 1824.0 -448.0 0.0
v 1528.0 -480.0 0.0
v 1504.0 -480.0 0.0
v 1488.0 -480.0 0.0
v 1488.0 -464.0 0.0
v 1544.0 -464.0 0.0
v 1544.0 -480.0 0.0
v 1528.0 -560.0 0.0
v 1544.0 -544.0 0.0
v 1544.0 -560.0 0.0
v 1568.0 -544.0 0.0
v 1584.0 -544.0 0.0
v 1584.0 -560.0 0.0
v 1568.0 -464.0 0.0
v 1488.0 -480.0 -16.0
v 1488.0 -464.0 -16.0
v 1584.0 -544.0 -16.0
v 1584.0 -560.0 -16.0
v 1504.0 -480.0 -16.0
v 1528.0 -480.0 -16.0
v 1528.0 -560.0 -16.0
v 1544.0 -560.0 -16.0
v 1544.0 -544.0 -16.0
v 1544.0 -480.0 -16.0
v 1544.0 -464.0 -16.0
v 1568.0 -544.0 -16.0
v 1568.0 -464.0 -16.0
v 2208.0 -960.0 232.0
v 2208.0 -960.0 176.0
v 2208.0 -960.0 160.0
v 2208.0 -960.0 144.0
v 2208.0 -960.0 128.0
v 2208.0 -936.0 128.0
v 2208.0 -896.0 128.0
v 2208.0 -896.0 256.0
v 2208.0 -960.0 256.0
v 2336.0 -672.0 32.0
v 2336.0 -800.0 32.0
v 2336.0 -896.0 32.0
v 2336.0 -896.0 240.0
v 2336.0 -672.0 240.0
v 2336.0 -608.0 240.0
v 2336.0 -672.0 0.0
v 2336.0 -736.0 0.0
v 2336.0 -896.0 0.0
v 2336.0 -896.0 16.0
v 2336.0 -832.0 16.0
v 2336.0 -816.0 16.0
v 2336.0 -784.0 16.0
v 2336.0 -768.0 16.0
v 2336.0 -736.0 16.0
v 2336.0 -720.0 16.0
v 2336.0 -688.0 16.0
v 2336.0 -672.0 16.0
v 2336.0 -1296.0 280.0
v 2336.0 -1280.0 280.0
v 2336.0 -1280.0 240.0
v 2336.0 -1280.0 224.0
v 2336.0 -1296.0 224.0
v 2336.0 -1392.0 192.0
v 2336.0 -1296.0 192.0
v 2336.0 -1280.0 192.0
v 2336.0 -1280.0 0.0
v 2336.0 -1408.0 0.0
v 2336.0 -1408.0 96.0
v 2336.0 -1392.0 224.0
v 2336.0 -1392.0 280.0
v 2560.0 -1280.0 240.0
v 2432.0 -1280.0 240.0
v 2560.0 -1280.0 280.0
v 2624.0 -1280.0 280.0
v 2624.0 -1280.0 240.0
v 2624.0 -1280.0 224.0
v 2560.0 -1280.0 224.0
v 2432.0 -1280.0 224.0
v 2560.0 -1280.0 192.0
v 2624.0 -1280.0 192.0
v 2624.0 -1280.0 176.0
v 2624.0 -1280.0 128.0
v 2560.0 -1280.0 128.0
v 2432.0 -1280.0 128.0
v 2432.0 -1280.0 192.0
v 2624.0 -1280.0 0.0
v 2560.0 -1280.0 0.0
v 2432.0 -1280.0 0.0
v 2589.7498 -608.0 240.0
v 2592.0 -608.0 240.0
v 2624.0 -608.0 240.0
v 2560.0 -608.0 240.0
v 2624.0 -768.0 240.0
v 2560.0 -640.0 240.0
v 2560.0 -696.55743 240.0
v 2536.4246 -766.7357 240.0
v 2592.0 -748.5 240.0
v 2368.0 -608.0 240.0
v 2464.0 -608.0 240.0
v 2496.0 -608.0 240.0
v 2528.0 -608.0 240.0
v 2496.0 -704.0 240.0
v 2496.0 -736.0 240.0
v 2528.0 -704.0 240.0
v 2464.0 -702.20575 240.0
v 2464.0 -704.0 240.0
v 2368.0 -896.0 240.0
v 2368.0 -736.0 240.0
v 2368.0 -704.0 240.0
v 2368.0 -701.00885 240.0
v 2368.0 -672.0 240.0
v 2592.0 -768.0 240.0
v 2528.0 -769.5 240.0
v 2496.0 -780.0 240.0
v 2496.0 -896.0 240.0
v 2496.0 -768.0 240.0
v 2528.0 -768.0 240.0
v 2528.0 -992.0 240.0
v 2528.0 -1216.0 240.0
v 2560.0 -1216.0 240.0
v 2560.0 -1024.0 240.0
v 2560.0 -992.0 240.0
v 2560.0 -896.0 240.0
v 2528.0 -896.0 240.0
v 2496.0 -1248.0 240.0
v 2560.0 -1248.0 240.0
v 2496.0 -1216.0 240.0
v 2449.4998 -704.0 240.0
v 2381.4998 -704.0 240.0
v 2400.0 -864.0 240.0
v 2400.0 -800.0 240.0
v 2400.0 -768.0 240.0
v 2400.0 -736.0 240.0
v 2400.0 -896.0 240.0
v 2432.0 -768.0 240.0
v 2432.0 -864.0 240.0
v 2432.0 -896.0 240.0
v 2432.0 -992.0 240.0
v 2496.0 -992.0 240.0
v 2432.0 -1024.0 240.0
v 2432.0 -1216.0 240.0
v 2432.0 -1248.0 240.0
v 2472.0 -1248.0 240.0
v 2368.0 -608.0 256.0
v 2369.2498 -608.0 256.0
v 2385.2498 -608.0 256.0
v 2445.7495 -608.0 256.0
v 2461.7498 -608.0 256.0
v 2464.0 -608.0 256.0
v 2385.2498 -608.0 272.0
v 2445.7495 -608.0 272.0
v 2461.7498 -608.0 272.0
v 2464.0 -608.0 272.0
v 2368.0 -608.0 272.0
v 2369.2498 -608.0 272.0
v 2464.0 -608.0 304.0
v 2368.0 -608.0 304.0
v 2592.0 -608.0 320.0
v 2624.0 -608.0 320.0
v 2528.0 -1216.0 320.0
v 2496.0 -1216.0 320.0
v 2496.0 -992.0 320.0
v 2496.0 -938.6666 320.0
v 2496.0 -896.0 320.0
v 2624.0 -725.3335 320.0
v 2624.0 -768.0 320.0
v 2592.0 -768.0 320.0
v 2528.0 -992.0 320.0
v 2528.0 -896.0 320.0
v 2464.0 -702.20575 304.0
v 2464.0 -702.20575 272.0
v 2464.0 -702.20575 256.0
v 2464.0 -704.0 304.0
v 2464.0 -704.0 272.0
v 2464.0 -704.0 256.0
v 2449.4998 -704.0 256.0
v 2381.4998 -704.0 256.0
v 2449.4998 -704.0 272.0
v 2381.4998 -704.0 272.0
v 2368.0 -704.0 256.0
v 2368.0 -704.0 304.0
v 2368.0 -704.0 272.0
v 2368.0 -701.00885 256.0
v 2368.0 -701.00885 304.0
v 2368.0 -701.00885 272.0
v 2423.5 -653.757 272.0
v 2415.4998 -644.18665 272.0
v 2407.4998 -653.7569 272.0
v 2415.5 -663.3271 272.0
v 2423.4998 -653.7572 256.0
v 2407.4998 -653.7568 256.0
v 2415.4998 -644.18665 256.0
v 2415.5002 -663.3272 256.0
v 2352.0 -896.0 0.0
v 2352.0 -896.0 16.0
v 2384.0 -896.0 0.0
v 2384.0 -896.0 16.0
v 2384.0 -896.0 32.0
v 2352.0 -896.0 32.0
v 2400.0 -896.0 0.0
v 2400.0 -896.0 16.0
v 2432.0 -896.0 96.0
v 2496.0 -896.0 96.0
v 2496.0 -896.0 32.0
v 2496.0 -896.0 0.0
v 2432.0 -896.0 0.0
v 2408.0 -896.0 128.0
v 2424.0 -896.0 128.0
v 2424.0 -896.0 192.0
v 2408.0 -896.0 192.0
v 2400.0 -896.0 32.0
v 2528.0 -896.0 0.0
v 2528.0 -896.0 -8.0
v 2432.0 -896.0 -8.0
v 2560.0 -896.0 -8.0
v 2536.0 -896.0 -8.0
v 2528.0 -896.0 32.0
v 2560.0 -896.0 32.0
v 2560.0 -896.0 96.0
v 2560.0 -896.0 128.0
v 2352.0 -880.0 32.0
v 2352.0 -864.0 32.0
v 2384.0 -864.0 32.0
v 2384.0 -880.0 32.0
v 2384.0 -832.0 32.0
v 2400.0 -832.0 32.0
v 2400.0 -864.0 32.0
v 2384.0 -816.0 32.0
v 2400.0 -816.0 32.0
v 2352.0 -832.0 32.0
v 2352.0 -816.0 32.0
v 2352.0 -784.0 32.0
v 2352.0 -768.0 32.0
v 2384.0 -768.0 32.0
v 2384.0 -784.0 32.0
v 2384.0 -736.0 32.0
v 2400.0 -736.0 32.0
v 2400.0 -768.0 32.0
v 2432.0 -672.0 32.0
v 2432.0 -640.0 32.0
v 2448.0 -640.0 32.0
v 2448.0 -672.0 32.0
v 2480.0 -672.0 32.0
v 2480.0 -640.0 32.0
v 2496.0 -640.0 32.0
v 2496.0 -672.0 32.0
v 2480.0 -720.0 32.0
v 2480.0 -688.0 32.0
v 2496.0 -688.0 32.0
v 2496.0 -720.0 32.0
v 2432.0 -720.0 32.0
v 2432.0 -688.0 32.0
v 2448.0 -688.0 32.0
v 2448.0 -720.0 32.0
v 2384.0 -672.0 32.0
v 2384.0 -640.0 32.0
v 2400.0 -640.0 32.0
v 2400.0 -672.0 32.0
v 2384.0 -720.0 32.0
v 2384.0 -688.0 32.0
v 2400.0 -688.0 32.0
v 2400.0 -720.0 32.0
v 2512.0 -720.0 32.0
v 2496.0 -736.0 32.0
v 2352.0 -736.0 32.0
v 2352.0 -720.0 32.0
v 2528.0 -672.0 32.0
v 2528.0 -688.0 32.0
v 2352.0 -688.0 32.0
v 2352.0 -672.0 32.0
v 2528.0 -768.0 32.0
v 2528.0 -749.7499 32.0
v 2560.0 -739.0 32.0
v 2560.0 -759.0 32.0
v 2532.5713 -768.0 32.0
v 2352.0 -592.0 32.0
v 2352.0 -624.0 32.0
v 2352.0 -640.0 32.0
v 2352.0 -800.0 32.0
v 2432.0 -624.0 32.0
v 2432.0 -592.0 32.0
v 2448.0 -592.0 32.0
v 2448.0 -624.0 32.0
v 2480.0 -624.0 32.0
v 2480.0 -592.0 32.0
v 2496.0 -592.0 32.0
v 2496.0 -624.0 32.0
v 2384.0 -624.0 32.0
v 2384.0 -592.0 32.0
v 2400.0 -592.0 32.0
v 2400.0 -624.0 32.0
v 2528.0 -592.0 32.0
v 2528.0 -624.0 32.0
v 2528.0 -640.0 32.0
v 2400.0 -768.0 96.0
v 2400.0 -800.0 96.0
v 2400.0 -864.0 96.0
v 2400.0 -800.0 192.0
v 2400.0 -864.0 192.0
v 2400.0 -864.0 128.0
v 2528.0 -768.0 96.0
v 2496.0 -768.0 96.0
v 2432.0 -768.0 96.0
v 2432.0 -768.0 192.0
v 2532.5713 -768.0 96.0
v 2528.0 -749.7499 96.0
v 2528.0 -704.0 32.0
v 2560.0 -739.0 96.0
v 2560.0 -759.0 96.0
v 2560.0 -640.0 224.0
v 2560.0 -640.0 96.0
v 2560.0 -696.55817 96.0
v 2560.0 -768.0 96.0
v 2536.4248 -766.7356 96.0
v 2543.9285 -744.39886 96.0
v 2532.5715 -768.0 240.0
v 2432.0 -864.0 96.0
v 2496.0 -864.0 96.0
v 2432.0 -800.0 96.0
v 2496.0 -800.0 96.0
v 2496.0 -780.0 96.0
v 2528.0 -769.50006 96.0
v 2432.0 -800.0 192.0
v 2432.0 -864.0 192.0
v 2432.0 -864.0 128.0
v 2432.0 -896.0 128.0
v 2424.0 -864.0 128.0
v 2408.0 -864.0 128.0
v 2424.0 -864.0 192.0
v 2408.0 -864.0 192.0
v 2384.0 -736.0 16.0
v 2352.0 -736.0 16.0
v 2448.0 -736.0 16.0
v 2432.0 -736.0 16.0
v 2400.0 -736.0 16.0
v 2400.0 -736.0 0.0
v 2496.0 -736.0 0.0
v 2496.0 -736.0 16.0
v 2528.0 -704.0 0.0
v 2528.0 -688.0 0.0
v 2528.0 -688.0 16.0
v 2528.0 -672.0 16.0
v 2528.0 -640.0 16.0
v 2528.0 -592.0 16.0
v 2528.0 -624.0 16.0
v 2512.0 -720.0 0.0
v 2512.0 -720.0 16.0
v 2384.0 -592.0 16.0
v 2400.0 -592.0 16.0
v 2432.0 -592.0 16.0
v 2448.0 -592.0 16.0
v 2480.0 -592.0 16.0
v 2496.0 -592.0 16.0
v 2352.0 -592.0 16.0
v 2496.0 -640.0 16.0
v 2496.0 -624.0 16.0
v 2480.0 -624.0 16.0
v 2480.0 -640.0 16.0
v 2480.0 -672.0 16.0
v 2496.0 -672.0 16.0
v 2432.0 -624.0 16.0
v 2448.0 -624.0 16.0
v 2384.0 -640.0 16.0
v 2400.0 -640.0 16.0
v 2432.0 -640.0 16.0
v 2448.0 -640.0 16.0
v 2400.0 -624.0 16.0
v 2384.0 -624.0 16.0
v 2352.0 -624.0 16.0
v 2352.0 -640.0 16.0
v 2352.0 -672.0 16.0
v 2480.0 -688.0 16.0
v 2496.0 -688.0 16.0
v 2448.0 -672.0 16.0
v 2448.0 -688.0 16.0
v 2496.0 -720.0 16.0
v 2480.0 -720.0 16.0
v 2448.0 -720.0 16.0
v 2432.0 -672.0 16.0
v 2432.0 -688.0 16.0
v 2432.0 -720.0 16.0
v 2352.0 -688.0 16.0
v 2384.0 -688.0 16.0
v 2400.0 -688.0 16.0
v 2400.0 -672.0 16.0
v 2384.0 -672.0 16.0
v 2400.0 -720.0 16.0
v 2384.0 -720.0 16.0
v 2352.0 -720.0 16.0
v 2400.0 -768.0 16.0
v 2400.0 -784.0 16.0
v 2352.0 -864.0 16.0
v 2352.0 -880.0 16.0
v 2384.0 -880.0 16.0
v 2384.0 -864.0 16.0
v 2352.0 -832.0 16.0
v 2352.0 -816.0 16.0
v 2384.0 -832.0 16.0
v 2384.0 -816.0 16.0
v 2352.0 -784.0 16.0
v 2384.0 -784.0 16.0
v 2384.0 -768.0 16.0
v 2352.0 -768.0 16.0
v 2560.0 -1024.0 -8.0
v 2560.0 -976.0 -8.0
v 2560.0 -976.0 0.0
v 2560.0 -1024.0 0.0
v 2560.0 -1056.0 128.0
v 2560.0 -1248.0 128.0
v 2560.0 -1248.0 0.0
v 2560.0 -1056.0 0.0
v 2560.0 -976.0 128.0
v 2560.0 -1024.0 128.0
v 2560.0 -1248.0 200.0
v 2432.0 -952.0 -8.0
v 2432.0 -976.0 -8.0
v 2432.0 -1024.0 -8.0
v 2432.0 -1024.0 0.0
v 2432.0 -1024.0 128.0
v 2432.0 -1056.0 128.0
v 2432.0 -1248.0 128.0
v 2432.0 -1248.0 152.0
v 2432.0 -1056.0 0.0
v 2432.0 -1248.0 0.0
v 2512.0 -976.0 0.0
v 2512.0 -952.0 0.0
v 2536.0 -952.0 0.0
v 2536.0 -976.0 0.0
v 2456.0 -976.0 0.0
v 2456.0 -952.0 0.0
v 2480.0 -952.0 0.0
v 2480.0 -976.0 0.0
v 2536.0 -976.0 -8.0
v 2512.0 -976.0 -8.0
v 2480.0 -976.0 -8.0
v 2456.0 -976.0 -8.0
v 2536.0 -952.0 -8.0
v 2456.0 -952.0 -8.0
v 2480.0 -952.0 -8.0
v 2512.0 -952.0 -8.0
v 2520.0 -1248.0 128.0
v 2520.0 -1248.0 200.0
v 2472.0 -1248.0 200.0
v 2520.0 -1248.0 152.0
v 2512.0 -1248.0 160.0
v 2512.0 -1248.0 192.0
v 2480.0 -1248.0 192.0
v 2480.0 -1248.0 160.0
v 2472.0 -1248.0 152.0
v 2520.0 -1256.0 200.0
v 2520.0 -1256.0 192.0
v 2520.0 -1256.0 160.0
v 2520.0 -1256.0 152.0
v 2472.0 -1256.0 200.0
v 2472.0 -1256.0 160.0
v 2472.0 -1256.0 192.0
v 2472.0 -1256.0 152.0
v 2512.0 -1256.0 192.0
v 2480.0 -1256.0 192.0
v 2512.0 -1256.0 160.0
v 2480.0 -1256.0 160.0
v 2624.0 -1296.0 192.0
v 2624.0 -1296.0 224.0
v 2624.0 -1392.0 224.0
v 2624.0 -1392.0 192.0
v 2624.0 -1344.0 128.0
v 2624.0 -1408.0 128.0
v 2624.0 -1344.0 0.0
v 2624.0 -1408.0 0.0
v 2421.0 -1392.0 192.0
v 2416.0 -1392.0 192.0
v 2400.0 -1392.0 192.0
v 2393.0 -1392.0 192.0
v 2377.0 -1392.0 192.0
v 2400.0 -1296.0 192.0
v 2416.0 -1296.0 192.0
v 2357.0 -1296.0 192.0
v 2341.0 -1296.0 192.0
v 2437.0 -1392.0 192.0
v 2473.0 -1296.0 192.0
v 2457.0 -1296.0 192.0
v 2522.0 -1392.0 192.0
v 2538.0 -1392.0 192.0
v 2502.0 -1296.0 192.0
v 2486.0 -1296.0 192.0
v 2544.0 -1296.0 192.0
v 2544.0 -1392.0 192.0
v 2560.0 -1392.0 192.0
v 2560.0 -1296.0 192.0
v 2581.0 -1392.0 192.0
v 2565.0 -1392.0 192.0
v 2617.0 -1296.0 192.0
v 2601.0 -1296.0 192.0
v 2393.0 -1392.0 224.0
v 2377.0 -1392.0 224.0
v 2341.0 -1296.0 224.0
v 2357.0 -1296.0 224.0
v 2400.0 -1392.0 224.0
v 2400.0 -1296.0 224.0
v 2416.0 -1296.0 224.0
v 2416.0 -1392.0 224.0
v 2473.0 -1296.0 224.0
v 2437.0 -1392.0 224.0
v 2421.0 -1392.0 224.0
v 2457.0 -1296.0 224.0
v 2502.0 -1296.0 224.0
v 2538.0 -1392.0 224.0
v 2522.0 -1392.0 224.0
v 2486.0 -1296.0 224.0
v 2544.0 -1392.0 224.0
v 2544.0 -1296.0 224.0
v 2560.0 -1296.0 224.0
v 2560.0 -1392.0 224.0
v 2565.0 -1392.0 224.0
v 2581.0 -1392.0 224.0
v 2601.0 -1296.0 224.0
v 2617.0 -1296.0 224.0
v 2560.0 -1408.0 0.0
v 1632.0 -1056.0 -128.0
v 1632.0 -832.0 -128.0
v 1856.0 -832.0 -128.0
v 1856.0 -1056.0 -128.0
v 1856.0 -1280.0 -128.0
v 1632.0 -1280.0 -128.0
v 1952.0 -832.0 -128.0
v 1952.0 -1056.0 -128.0
v 1952.0 -1280.0 -128.0
v 1376.0 -1280.0 -128.0
v 1392.0 -1280.0 -128.0
v 1392.0 -1296.0 -128.0
v 1376.0 -1296.0 -128.0
v 1280.0 -1152.0 -128.0
v 1344.0 -1152.0 -128.0
v 1344.0 -1216.0 -128.0
v 1280.0 -1216.0 -128.0
v 2112.0 -1296.0 176.0
v 2112.0 -1296.0 288.0
v 2112.0 -1296.0 128.0
v 2112.0 -1296.0 -16.0
v 2112.0 -1280.0 -16.0
v 2112.0 -1280.0 0.0
v 2112.0 -1296.0 0.0
v 2112.0 -1296.0 112.0
v 2112.0 -1216.0 112.0
v 2112.0 -1216.0 128.0
v 2112.0 -1184.0 128.0
v 2112.0 -1184.0 144.0
v 2112.0 -1184.0 160.0
v 2112.0 -1184.0 176.0
v 2112.0 -1216.0 176.0
v 2112.0 -1120.0 96.0
v 2112.0 -1120.0 112.0
v 2112.0 -1216.0 96.0
v 2112.0 -1088.0 96.0
v 2112.0 -1088.0 112.0
v 2112.0 -1120.0 8.0
v 2112.0 -1088.0 8.0
v 2112.0 -1152.0 160.0
v 2112.0 -1120.0 160.0
v 2112.0 -1120.0 176.0
v 2112.0 -1152.0 144.0
v 2112.0 -1216.0 256.0
v 2112.0 -1216.0 288.0
v 2112.0 -1184.0 272.0
v 2112.0 -1120.0 272.0
v 2112.0 -1120.0 288.0
v 2112.0 -1184.0 288.0
v 2112.0 -960.0 144.0
v 2112.0 -960.0 160.0
v 2112.0 -960.0 176.0
v 2112.0 -992.0 176.0
v 2112.0 -1024.0 176.0
v 2112.0 -1024.0 128.0
v 2112.0 -960.0 128.0
v 2112.0 -1088.0 272.0
v 2112.0 -1040.0 272.0
v 2112.0 -1040.0 288.0
v 2112.0 -1088.0 288.0
v 2112.0 -992.0 256.0
v 2112.0 -1184.0 256.0
v 2112.0 -960.0 216.0
v 2112.0 -960.0 232.0
v 2112.0 -960.0 256.0
v 2112.0 -1008.0 272.0
v 2112.0 -960.0 272.0
v 2112.0 -960.0 288.0
v 2112.0 -1008.0 288.0
v 2112.0 -936.0 256.0
v 2112.0 -920.0 256.0
v 2112.0 -896.0 256.0
v 2112.0 -832.0 256.0
v 2112.0 -832.0 272.0
v 2112.0 -928.0 272.0
v 2112.0 -832.0 288.0
v 2112.0 -896.0 288.0
v 2112.0 -928.0 288.0
v 2112.0 -832.0 128.0
v 2112.0 -896.0 232.0
v 2112.0 -896.0 216.0
v 2112.0 -896.0 160.0
v 2112.0 -896.0 144.0
v 2112.0 -896.0 128.0
v 2112.0 -832.0 112.0
v 2112.0 -920.0 128.0
v 2112.0 -936.0 128.0
v 2112.0 -1024.0 112.0
v 2112.0 -832.0 -16.0
v 2112.0 -816.0 -16.0
v 2112.0 -816.0 0.0
v 2112.0 -832.0 0.0
v 2112.0 -1088.0 432.0
v 2112.0 -960.0 432.0
v 2112.0 -960.0 448.0
v 2112.0 -1088.0 448.0
v 2112.0 -1152.0 432.0
v 2112.0 -1120.0 432.0
v 2112.0 -1120.0 448.0
v 2112.0 -1152.0 448.0
v 2112.0 -928.0 432.0
v 2112.0 -896.0 432.0
v 2112.0 -896.0 448.0
v 2112.0 -928.0 448.0
v 2112.0 -1152.0 320.0
v 2112.0 -1120.0 320.0
v 2112.0 -1088.0 320.0
v 2112.0 -960.0 320.0
v 2112.0 -928.0 320.0
v 2112.0 -896.0 320.0
v 2120.0 -920.0 128.0
v 2120.0 -936.0 128.0
v 2136.0 -896.0 128.0
v 2136.0 -920.0 128.0
v 2136.0 -936.0 128.0
v 2120.0 -936.0 256.0
v 2136.0 -960.0 256.0
v 2136.0 -936.0 256.0
v 2120.0 -920.0 256.0
v 2136.0 -920.0 256.0
v 2136.0 -896.0 256.0
v 2120.0 -960.0 144.0
v 2120.0 -960.0 160.0
v 2136.0 -960.0 144.0
v 2136.0 -960.0 176.0
v 2136.0 -960.0 160.0
v 2136.0 -960.0 216.0
v 2120.0 -960.0 216.0
v 2120.0 -960.0 232.0
v 2136.0 -960.0 232.0
v 2136.0 -920.0 216.0
v 2136.0 -936.0 216.0
v 2136.0 -936.0 232.0
v 2136.0 -920.0 232.0
v 2136.0 -896.0 232.0
v 2136.0 -896.0 216.0
v 2136.0 -920.0 160.0
v 2136.0 -936.0 160.0
v 2136.0 -920.0 144.0
v 2136.0 -936.0 144.0
v 2136.0 -896.0 160.0
v 2136.0 -896.0 144.0
v 2120.0 -896.0 216.0
v 2120.0 -920.0 216.0
v 2120.0 -936.0 216.0
v 2120.0 -896.0 232.0
v 2120.0 -920.0 232.0
v 2120.0 -936.0 232.0
v 2120.0 -920.0 144.0
v 2120.0 -920.0 160.0
v 2120.0 -896.0 160.0
v 2120.0 -896.0 144.0
v 2120.0 -936.0 144.0
v 2120.0 -936.0 160.0
v 2112.0 -832.0 96.0
v 2120.0 -832.0 112.0
v 2120.0 -832.0 8.0
v 2112.0 -832.0 8.0
v 2120.0 -1024.0 112.0
v 2112.0 -1024.0 96.0
v 2112.0 -1024.0 8.0
v 2120.0 -1024.0 8.0
v 2112.0 -840.0 8.0
v 1424.0 -832.0 -32.0
v 1408.0 -832.0 -32.0
v 1408.0 -832.0 -16.0
v 1408.0 -832.0 -4.0
v 1408.0 -832.0 8.0
v 1424.0 -832.0 8.0
v 1248.0 -832.0 96.0
v 1280.0 -832.0 96.0
v 1280.0 -832.0 8.0
v 1248.0 -832.0 8.0
v 1328.0 -832.0 72.0
v 1328.0 -832.0 40.0
v 1296.0 -832.0 40.0
v 1296.0 -832.0 72.0
v 1344.0 -832.0 96.0
v 1376.0 -832.0 96.0
v 1376.0 -832.0 16.0
v 1376.0 -832.0 8.0
v 1344.0 -832.0 8.0
v 1376.0 -832.0 288.0
v 1376.0 -832.0 272.0
v 1376.0 -832.0 176.0
v 1376.0 -832.0 112.0
v 1472.0 -832.0 272.0
v 1536.0 -832.0 272.0
v 1536.0 -832.0 160.0
v 1424.0 -832.0 160.0
v 1424.0 -832.0 272.0
v 1424.0 -832.0 64.0
v 1536.0 -832.0 112.0
v 1536.0 -832.0 -32.0
v 1408.0 -832.0 176.0
v 1408.0 -832.0 272.0
v 1408.0 -832.0 288.0
v 1424.0 -832.0 288.0
v 1408.0 -832.0 64.0
v 1408.0 -832.0 16.0
v 1472.0 -832.0 288.0
v 1632.0 -832.0 112.0
v 1632.0 -832.0 96.0
v 1632.0 -832.0 32.0
v 1632.0 -832.0 -32.0
v 1760.0 -832.0 160.0
v 1760.0 -832.0 112.0
v 1760.0 -832.0 32.0
v 1760.0 -832.0 96.0
v 1856.0 -832.0 160.0
v 1856.0 -832.0 64.0
v 1856.0 -832.0 -32.0
v 1760.0 -832.0 -32.0
v 1408.0 -832.0 304.0
v 1392.0 -832.0 304.0
v 1392.0 -832.0 288.0
v 1472.0 -832.0 320.0
v 1472.0 -832.0 416.0
v 1536.0 -832.0 416.0
v 1536.0 -832.0 360.0
v 1760.0 -832.0 360.0
v 1760.0 -832.0 416.0
v 1856.0 -832.0 416.0
v 1856.0 -832.0 360.0
v 1984.0 -832.0 -16.0
v 2016.0 -832.0 -16.0
v 2016.0 -832.0 0.0
v 1984.0 -832.0 0.0
v 2080.0 -832.0 -16.0
v 2080.0 -832.0 0.0
v 1856.0 -832.0 288.0
v 1888.0 -832.0 288.0
v 1952.0 -832.0 288.0
v 1952.0 -832.0 64.0
v 1952.0 -832.0 -32.0
v 1984.0 -832.0 64.0
v 1984.0 -832.0 288.0
v 2016.0 -832.0 288.0
v 2016.0 -832.0 96.0
v 2016.0 -832.0 64.0
v 2016.0 -832.0 8.0
v 1984.0 -832.0 8.0
v 2080.0 -832.0 8.0
v 2080.0 -832.0 96.0
v 2064.0 -832.0 72.0
v 2064.0 -832.0 40.0
v 2032.0 -832.0 40.0
v 2032.0 -832.0 72.0
v 1888.0 -832.0 416.0
v 1888.0 -832.0 304.0
v 1424.0 -640.0 352.0
v 1424.0 -640.0 416.0
v 1424.0 -608.0 416.0
v 1424.0 -640.0 192.0
v 1424.0 -640.0 160.0
v 1424.0 -736.0 352.0
v 1424.0 -736.0 160.0
v 2016.0 -824.0 96.0
v 2016.0 -824.0 8.0
v 2016.0 -816.0 -16.0
v 2016.0 -816.0 0.0
v 2080.0 -824.0 8.0
v 2080.0 -824.0 96.0
v 2064.0 -816.0 72.0
v 2072.0 -816.0 72.0
v 2072.0 -816.0 40.0
v 2064.0 -816.0 40.0
v 2024.0 -816.0 16.0
v 2024.0 -816.0 40.0
v 2032.0 -816.0 40.0
v 2072.0 -816.0 16.0
v 2032.0 -816.0 72.0
v 2024.0 -816.0 72.0
v 2024.0 -816.0 88.0
v 2072.0 -816.0 88.0
v 2080.0 -816.0 0.0
v 2080.0 -816.0 -16.0
v 1632.0 -824.0 -32.0
v 1632.0 -704.0 -32.0
v 1760.0 -704.0 -32.0
v 1760.0 -800.0 -32.0
v 1760.0 -824.0 -32.0
v 1760.0 -704.0 96.0
v 1760.0 -768.0 96.0
v 1816.0 -768.0 96.0
v 1816.0 -704.0 96.0
v 1984.0 -640.0 416.0
v 1984.0 -608.0 416.0
v 1984.0 -640.0 352.0
v 1984.0 -640.0 192.0
v 1984.0 -640.0 160.0
v 1984.0 -768.0 352.0
v 1984.0 -768.0 160.0
v 1648.0 -800.0 256.0
v 1664.0 -800.0 256.0
v 1728.0 -800.0 256.0
v 1744.0 -800.0 256.0
v 1760.0 -800.0 256.0
v 1760.0 -800.0 288.0
v 1632.0 -800.0 288.0
v 1632.0 -800.0 256.0
v 1744.0 -800.0 240.0
v 1760.0 -800.0 240.0
v 1664.0 -800.0 240.0
v 1728.0 -800.0 240.0
v 1760.0 -800.0 112.0
v 1648.0 -800.0 240.0
v 1632.0 -800.0 240.0
v 1632.0 -800.0 112.0
v 1760.0 -640.0 160.0
v 1760.0 -640.0 288.0
v 1760.0 -736.0 288.0
v 1760.0 -800.0 96.0
v 1760.0 -640.0 96.0
v 1760.0 -608.0 160.0
v 1760.0 -608.0 240.0
v 1760.0 -608.0 256.0
v 1760.0 -608.0 288.0
v 1792.0 -640.0 160.0
v 1856.0 -672.0 160.0
v 1792.0 -672.0 160.0
v 1856.0 -768.0 160.0
v 1856.0 -672.0 288.0
v 1792.0 -672.0 288.0
v 1792.0 -640.0 416.0
v 1792.0 -640.0 352.0
v 1792.0 -672.0 352.0
v 1792.0 -640.0 288.0
v 1792.0 -608.0 416.0
v 1856.0 -768.0 288.0
v 1856.0 -768.0 352.0
v 1792.0 -768.0 288.0
v 1792.0 -768.0 352.0
v 1600.0 -736.0 352.0
v 1600.0 -640.0 352.0
v 1600.0 -736.0 160.0
v 1600.0 -640.0 160.0
v 1600.0 -640.0 296.0
v 1600.0 -608.0 296.0
v 1600.0 -608.0 352.0
v 1600.0 -608.0 416.0
v 1632.0 -640.0 288.0
v 1664.0 -640.0 288.0
v 1728.0 -640.0 288.0
v 1632.0 -608.0 288.0
v 1728.0 -736.0 288.0
v 1664.0 -736.0 288.0
v 1632.0 -736.0 288.0
v 1728.0 -736.0 296.0
v 1664.0 -736.0 296.0
v 1664.0 -640.0 296.0
v 1728.0 -640.0 296.0
v 1632.0 -608.0 256.0
v 1632.0 -608.0 240.0
v 1632.0 -608.0 160.0
v 1632.0 -640.0 160.0
v 1632.0 -640.0 96.0
v 1632.0 -800.0 96.0
v 1744.0 -608.0 256.0
v 1728.0 -608.0 256.0
v 1664.0 -608.0 256.0
v 1648.0 -608.0 256.0
v 1744.0 -608.0 240.0
v 1648.0 -608.0 240.0
v 1664.0 -608.0 240.0
v 1728.0 -608.0 240.0
v 1728.0 -640.0 240.0
v 1744.0 -640.0 240.0
v 1664.0 -752.0 240.0
v 1664.0 -736.0 240.0
v 1664.0 -656.0 240.0
v 1664.0 -640.0 240.0
v 1728.0 -656.0 240.0
v 1728.0 -736.0 240.0
v 1744.0 -736.0 240.0
v 1744.0 -656.0 240.0
v 1728.0 -752.0 240.0
v 1744.0 -752.0 240.0
v 1664.0 -640.0 256.0
v 1664.0 -736.0 256.0
v 1664.0 -656.0 256.0
v 1664.0 -752.0 256.0
v 1744.0 -752.0 256.0
v 1744.0 -736.0 256.0
v 1744.0 -656.0 256.0
v 1744.0 -640.0 256.0
v 1728.0 -736.0 256.0
v 1728.0 -656.0 256.0
v 1728.0 -640.0 256.0
v 1728.0 -752.0 256.0
v 1536.0 -808.0 360.0
v 1536.0 -808.0 160.0
v 1856.0 -808.0 160.0
v 1856.0 -808.0 360.0
v 1760.0 -808.0 160.0
v 1760.0 -808.0 360.0
v 1824.0 -712.0 88.0
v 1824.0 -760.0 88.0
v 1824.0 -760.0 64.0
v 1824.0 -752.0 64.0
v 1824.0 -720.0 64.0
v 1824.0 -712.0 64.0
v 1824.0 -720.0 32.0
v 1824.0 -712.0 32.0
v 1824.0 -760.0 32.0
v 1824.0 -752.0 32.0
v 1824.0 -760.0 8.0
v 1824.0 -712.0 8.0
v 1968.0 -816.0 0.0
v 1968.0 -832.0 0.0
v 1968.0 -816.0 -16.0
v 1968.0 -832.0 -16.0
v 1760.0 -640.0 0.0
v 1760.0 -824.0 32.0
v 1760.0 -768.0 32.0
v 1760.0 -704.0 0.0
v 1760.0 -688.0 0.0
v 1760.0 -824.0 -4.0
v 1760.0 -800.0 -4.0
v 1760.0 -800.0 0.0
v 1760.0 -824.0 0.0
v 1760.0 -768.0 0.0
v 1760.0 -688.0 -4.0
v 1760.0 -800.0 -16.0
v 1760.0 -704.0 -16.0
v 1760.0 -824.0 -16.0
v 1816.0 -704.0 0.0
v 1816.0 -768.0 0.0
v 1808.0 -752.0 64.0
v 1808.0 -752.0 32.0
v 1808.0 -720.0 32.0
v 1808.0 -720.0 64.0
v 1632.0 -640.0 0.0
v 1632.0 -688.0 0.0
v 1632.0 -800.0 0.0
v 1632.0 -800.0 32.0
v 1632.0 -824.0 32.0
v 1632.0 -800.0 -4.0
v 1632.0 -824.0 -4.0
v 1632.0 -688.0 -4.0
v 1632.0 -824.0 -16.0
v 1632.0 -704.0 -16.0
v 1392.0 -704.0 160.0
v 1392.0 -704.0 320.0
v 1392.0 -832.0 320.0
v 1392.0 -608.0 416.0
v 1392.0 -608.0 448.0
v 1392.0 -832.0 448.0
v 1392.0 -832.0 416.0
v 1392.0 -608.0 320.0
v 1392.0 -800.0 304.0
v 1408.0 -800.0 304.0
v 1408.0 -800.0 288.0
v 1392.0 -800.0 288.0
v 1288.0 -816.0 8.0
v 1336.0 -816.0 8.0
v 1344.0 -824.0 8.0
v 1280.0 -824.0 8.0
v 1344.0 -824.0 96.0
v 1280.0 -824.0 96.0
v 1288.0 -816.0 40.0
v 1296.0 -816.0 40.0
v 1328.0 -816.0 40.0
v 1336.0 -816.0 40.0
v 1288.0 -816.0 88.0
v 1296.0 -816.0 88.0
v 1296.0 -816.0 72.0
v 1328.0 -816.0 72.0
v 1336.0 -816.0 72.0
v 1336.0 -816.0 88.0
v 1984.0 -840.0 288.0
v 1984.0 -896.0 288.0
v 1952.0 -864.0 288.0
v 1952.0 -840.0 288.0
v 1888.0 -896.0 288.0
v 1952.0 -896.0 288.0
v 1984.0 -928.0 288.0
v 1984.0 -960.0 288.0
v 1984.0 -1008.0 288.0
v 1984.0 -1040.0 288.0
v 1984.0 -1088.0 288.0
v 1888.0 -928.0 288.0
v 1952.0 -928.0 288.0
v 1888.0 -960.0 288.0
v 1888.0 -1008.0 288.0
v 1952.0 -1008.0 288.0
v 1952.0 -960.0 288.0
v 1888.0 -1040.0 288.0
v 1888.0 -1088.0 288.0
v 1952.0 -1088.0 288.0
v 1952.0 -1040.0 288.0
v 1984.0 -1184.0 288.0
v 1984.0 -1120.0 288.0
v 1984.0 -1216.0 288.0
v 1952.0 -1216.0 288.0
v 1888.0 -1216.0 288.0
v 1888.0 -1344.0 288.0
v 1952.0 -1120.0 288.0
v 1888.0 -1120.0 288.0
v 1888.0 -1152.0 288.0
v 1864.0 -1216.0 288.0
v 1696.0 -1216.0 288.0
v 1640.0 -1216.0 288.0
v 1640.0 -1344.0 288.0
v 1792.0 -1344.0 288.0
v 1832.0 -1344.0 288.0
v 1856.0 -1344.0 288.0
v 1864.0 -1344.0 288.0
v 1408.0 -928.0 288.0
v 1472.0 -928.0 288.0
v 1376.0 -928.0 288.0
v 1472.0 -1216.0 288.0
v 1472.0 -1344.0 288.0
v 1512.0 -1344.0 288.0
v 1536.0 -1344.0 288.0
v 1576.0 -1344.0 288.0
v 1408.0 -960.0 288.0
v 1408.0 -1008.0 288.0
v 1472.0 -1008.0 288.0
v 1472.0 -960.0 288.0
v 1408.0 -1088.0 288.0
v 1472.0 -1088.0 288.0
v 1472.0 -1040.0 288.0
v 1408.0 -1040.0 288.0
v 1376.0 -1008.0 288.0
v 1376.0 -960.0 288.0
v 1376.0 -1088.0 288.0
v 1376.0 -1040.0 288.0
v 1408.0 -1216.0 288.0
v 1472.0 -1152.0 288.0
v 1408.0 -1152.0 288.0
v 1408.0 -1120.0 288.0
v 1472.0 -1120.0 288.0
v 1376.0 -1216.0 288.0
v 1376.0 -1152.0 288.0
v 1376.0 -1120.0 288.0
v 1376.0 -1184.0 288.0
v 1472.0 -1344.0 400.0
v 1472.0 -1216.0 296.0
v 1472.0 -1152.0 296.0
v 1472.0 -1120.0 296.0
v 1472.0 -1120.0 291.2001
v 1472.0 -1088.0 291.2001
v 1472.0 -1088.0 296.0
v 1472.0 -1040.0 296.0
v 1472.0 -1008.0 296.0
v 1472.0 -960.0 291.2001
v 1472.0 -960.0 296.0
v 1472.0 -928.0 291.2001
v 1472.0 -1216.0 416.0
v 1472.0 -1152.0 416.0
v 1472.0 -1152.0 320.0
v 1472.0 -1120.0 320.0
v 1472.0 -1064.0 304.0
v 1472.0 -1088.0 304.0
v 1472.0 -1088.0 320.0
v 1472.0 -1064.0 320.0
v 1472.0 -1120.0 512.0
v 1472.0 -1152.0 512.0
v 1472.0 -1120.0 416.0
v 1472.0 -984.0 304.0
v 1472.0 -960.0 304.0
v 1472.0 -968.0 320.0
v 1472.0 -960.0 320.0
v 1472.0 -984.0 320.0
v 1472.0 -928.0 320.0
v 1472.0 -896.0 320.0
v 1472.0 -896.0 416.0
v 1472.0 -896.0 512.0
v 1472.0 -928.0 512.0
v 1472.0 -928.0 416.0
v 1472.0 -968.0 416.0
v 1472.0 -960.0 416.0
v 1472.0 -960.0 512.0
v 1472.0 -1088.0 512.0
v 1472.0 -1088.0 416.0
v 1696.0 -1216.0 416.0
v 1536.0 -1216.0 416.0
v 1888.0 -1216.0 304.0
v 1888.0 -1216.0 416.0
v 1760.0 -1216.0 416.0
v 1536.0 -1152.0 480.0
v 1536.0 -1152.0 448.0
v 1560.0 -1152.0 448.0
v 1560.0 -1152.0 480.0
v 1584.0 -1152.0 448.0
v 1616.0 -1152.0 448.0
v 1616.0 -1152.0 480.0
v 1584.0 -1152.0 480.0
v 1536.0 -1152.0 512.0
v 1576.0 -1152.0 480.0
v 1640.0 -1152.0 480.0
v 1640.0 -1152.0 512.0
v 1736.0 -1152.0 480.0
v 1736.0 -1152.0 512.0
v 1696.0 -1152.0 512.0
v 1640.0 -1152.0 448.0
v 1736.0 -1152.0 448.0
v 1760.0 -1152.0 448.0
v 1752.0 -1152.0 448.0
v 1576.0 -1152.0 448.0
v 1536.0 -1152.0 416.0
v 1760.0 -1152.0 416.0
v 1824.0 -1152.0 416.0
v 1824.0 -1152.0 448.0
v 1807.0 -1152.0 448.0
v 1776.0 -1152.0 448.0
v 1752.0 -1152.0 480.0
v 1807.0 -1152.0 480.0
v 1776.0 -1152.0 480.0
v 1824.0 -1152.0 480.0
v 1824.0 -1152.0 512.0
v 1984.0 -1152.0 448.0
v 1888.0 -1152.0 448.0
v 1888.0 -1152.0 416.0
v 1888.0 -1152.0 320.0
v 1888.0 -1152.0 512.0
v 1920.0 -1152.0 512.0
v 1984.0 -1152.0 512.0
v 1888.0 -1120.0 304.0
v 1888.0 -1152.0 304.0
v 1888.0 -960.0 304.0
v 1888.0 -984.0 304.0
v 1888.0 -1064.0 304.0
v 1888.0 -1088.0 304.0
v 1888.0 -896.0 304.0
v 1888.0 -928.0 304.0
v 1888.0 -1120.0 320.0
v 1888.0 -1064.0 320.0
v 1888.0 -1088.0 320.0
v 1888.0 -960.0 320.0
v 1888.0 -984.0 320.0
v 1888.0 -1120.0 512.0
v 1888.0 -1120.0 416.0
v 1888.0 -1088.0 512.0
v 1888.0 -960.0 512.0
v 1888.0 -960.0 448.0
v 1888.0 -960.0 432.0
v 1888.0 -960.0 416.0
v 1888.0 -1088.0 416.0
v 1888.0 -896.0 320.0
v 1888.0 -928.0 320.0
v 1888.0 -896.0 416.0
v 1888.0 -928.0 512.0
v 1888.0 -896.0 512.0
v 1888.0 -896.0 432.0
v 1888.0 -928.0 416.0
v 1984.0 -896.0 448.0
v 1984.0 -896.0 432.0
v 1984.0 -896.0 512.0
v 1928.0 -1120.0 320.0
v 1928.0 -1088.0 320.0
v 1928.0 -960.0 320.0
v 1928.0 -928.0 320.0
v 1928.0 -960.0 512.0
v 1928.0 -960.0 448.0
v 1928.0 -960.0 432.0
v 1984.0 -960.0 448.0
v 1928.0 -928.0 512.0
v 1928.0 -928.0 448.0
v 1928.0 -928.0 432.0
v 1984.0 -928.0 448.0
v 1928.0 -1088.0 512.0
v 1928.0 -1088.0 448.0
v 1928.0 -1120.0 448.0
v 1928.0 -1120.0 512.0
v 1928.0 -1120.0 432.0
v 1928.0 -1088.0 432.0
v 1984.0 -1088.0 448.0
v 1984.0 -1120.0 448.0
v 1536.0 -896.0 416.0
v 1760.0 -896.0 416.0
v 1824.0 -896.0 416.0
v 1848.0 -928.0 416.0
v 1824.0 -928.0 416.0
v 1848.0 -960.0 416.0
v 1848.0 -1088.0 416.0
v 1848.0 -1120.0 416.0
v 1848.0 -1152.0 416.0
v 1824.0 -968.0 416.0
v 1824.0 -1120.0 416.0
v 1511.0 -928.0 416.0
v 1536.0 -928.0 416.0
v 1511.0 -968.0 416.0
v 1511.0 -960.0 416.0
v 1536.0 -968.0 416.0
v 1511.0 -1088.0 416.0
v 1536.0 -1088.0 416.0
v 1536.0 -1120.0 416.0
v 1511.0 -1120.0 416.0
v 1583.0 -896.0 480.0
v 1616.0 -896.0 480.0
v 1616.0 -896.0 448.0
v 1583.0 -896.0 448.0
v 1536.0 -896.0 512.0
v 1559.0 -896.0 512.0
v 1559.0 -896.0 480.0
v 1559.0 -896.0 448.0
v 1536.0 -896.0 448.0
v 1576.0 -896.0 480.0
v 1640.0 -896.0 512.0
v 1640.0 -896.0 480.0
v 1576.0 -896.0 448.0
v 1640.0 -896.0 448.0
v 1752.0 -896.0 448.0
v 1760.0 -896.0 448.0
v 1776.0 -896.0 448.0
v 1807.0 -896.0 448.0
v 1824.0 -896.0 448.0
v 1696.0 -896.0 512.0
v 1752.0 -896.0 512.0
v 1752.0 -896.0 480.0
v 1807.0 -896.0 480.0
v 1776.0 -896.0 480.0
v 1824.0 -896.0 512.0
v 1824.0 -896.0 480.0
v 1640.0 -1080.0 480.0
v 1640.0 -1080.0 448.0
v 1640.0 -1104.0 448.0
v 1640.0 -1104.0 480.0
v 1640.0 -1128.0 448.0
v 1640.0 -1128.0 480.0
v 1640.0 -944.0 448.0
v 1640.0 -968.0 448.0
v 1640.0 -968.0 480.0
v 1640.0 -944.0 480.0
v 1640.0 -920.0 448.0
v 1640.0 -920.0 480.0
v 1824.0 -1120.0 448.0
v 1824.0 -1120.0 512.0
v 1824.0 -1120.0 480.0
v 1824.0 -968.0 448.0
v 1824.0 -968.0 512.0
v 1824.0 -924.0 448.0
v 1824.0 -924.0 480.0
v 1824.0 -924.0 512.0
v 1656.0 -1080.0 480.0
v 1640.0 -1056.0 480.0
v 1640.0 -992.0 480.0
v 1656.0 -968.0 480.0
v 1752.0 -1104.0 480.0
v 1752.0 -1128.0 480.0
v 1752.0 -1080.0 480.0
v 1776.0 -1080.0 480.0
v 1760.0 -1056.0 480.0
v 1792.0 -1056.0 480.0
v 1792.0 -1080.0 480.0
v 1736.0 -1080.0 480.0
v 1736.0 -1056.0 480.0
v 1808.0 -1056.0 480.0
v 1816.0 -1056.0 480.0
v 1816.0 -1088.0 480.0
v 1792.0 -1092.0 480.0
v 1736.0 -992.0 480.0
v 1760.0 -992.0 480.0
v 1736.0 -968.0 480.0
v 1752.0 -968.0 480.0
v 1776.0 -968.0 480.0
v 1792.0 -968.0 480.0
v 1813.0 -968.0 480.0
v 1816.0 -968.0 480.0
v 1816.0 -992.0 480.0
v 1752.0 -920.0 480.0
v 1752.0 -944.0 480.0
v 1792.0 -956.0 480.0
v 1816.0 -956.0 480.0
v 1752.0 -968.0 448.0
v 1752.0 -944.0 448.0
v 1752.0 -920.0 448.0
v 1752.0 -1104.0 448.0
v 1752.0 -1080.0 448.0
v 1752.0 -1128.0 448.0
v 1760.0 -1056.0 448.0
v 1792.0 -1056.0 448.0
v 1808.0 -1056.0 448.0
v 1816.0 -1056.0 448.0
v 1760.0 -992.0 448.0
v 1816.0 -992.0 448.0
v 1776.0 -968.0 448.0
v 1816.0 -968.0 448.0
v 1816.0 -956.0 448.0
v 1813.0 -968.0 448.0
v 1792.0 -956.0 448.0
v 1792.0 -968.0 448.0
v 1752.0 -992.0 448.0
v 1752.0 -1056.0 448.0
v 1792.0 -1092.0 448.0
v 1792.0 -1080.0 448.0
v 1816.0 -1088.0 448.0
v 1776.0 -1080.0 448.0
v 1656.0 -968.0 448.0
v 1736.0 -968.0 448.0
v 1656.0 -1080.0 448.0
v 1736.0 -1080.0 448.0
v 1640.0 -992.0 448.0
v 1640.0 -1056.0 448.0
v 1576.0 -1080.0 448.0
v 1576.0 -1056.0 448.0
v 1576.0 -1056.0 480.0
v 1576.0 -1080.0 480.0
v 1576.0 -1088.0 480.0
v 1576.0 -1088.0 448.0
v 1576.0 -968.0 448.0
v 1576.0 -964.0 448.0
v 1576.0 -964.0 480.0
v 1576.0 -968.0 480.0
v 1576.0 -992.0 480.0
v 1576.0 -992.0 448.0
v 1632.0 -1056.0 448.0
v 1632.0 -1056.0 480.0
v 1600.0 -968.0 480.0
v 1600.0 -968.0 448.0
v 1616.0 -968.0 448.0
v 1616.0 -968.0 480.0
v 1600.0 -964.0 480.0
v 1600.0 -964.0 448.0
v 1632.0 -992.0 480.0
v 1632.0 -992.0 448.0
v 1616.0 -1080.0 480.0
v 1600.0 -1080.0 480.0
v 1600.0 -1088.0 480.0
v 1616.0 -1080.0 448.0
v 1600.0 -1080.0 448.0
v 1600.0 -1088.0 448.0
v 1536.0 -928.0 512.0
v 1536.0 -1120.0 512.0
v 1696.0 -984.0 320.0
v 1696.0 -984.0 304.0
v 1696.0 -1064.0 304.0
v 1696.0 -1064.0 320.0
v 1472.0 -1056.0 320.0
v 1888.0 -1344.0 400.0
v 1696.0 -1344.0 400.0
v 1640.0 -1344.0 400.0
v 1600.0 -1344.0 400.0
v 1576.0 -1344.0 400.0
v 1536.0 -1344.0 400.0
v 1512.0 -1344.0 400.0
v 1856.0 -1344.0 400.0
v 1768.0 -1344.0 400.0
v 1728.0 -1344.0 400.0
v 1576.0 -1344.0 319.5
v 1576.0 -1344.0 348.0
v 1856.0 -1344.0 348.0
v 1856.0 -1344.0 319.50006
v 1600.0 -1344.0 348.0
v 1640.0 -1344.0 348.0
v 1640.0 -1344.0 319.50006
v 1600.0 -1344.0 319.50006
v 1704.0 -1344.0 319.50006
v 1664.0 -1344.0 319.50006
v 1664.0 -1344.0 348.0
v 1704.0 -1344.0 348.0
v 1728.0 -1344.0 348.0
v 1768.0 -1344.0 348.0
v 1768.0 -1344.0 319.50006
v 1728.0 -1344.0 319.50006
v 1792.0 -1344.0 319.50006
v 1832.0 -1344.0 348.0
v 1792.0 -1344.0 348.0
v 1832.0 -1344.0 319.50006
v 1512.0 -1344.0 319.50027
v 1512.0 -1344.0 348.0
v 1536.0 -1344.0 348.0
v 1536.0 -1344.0 319.50006
v 1376.0 -1152.0 448.0
v 1376.0 -1152.0 416.0
v 1376.0 -1152.0 320.0
v 1392.0 -896.0 320.0
v 1392.0 -928.0 320.0
v 1392.0 -960.0 320.0
v 1392.0 -968.0 320.0
v 1312.0 -968.0 320.0
v 1432.0 -928.0 320.0
v 1432.0 -960.0 320.0
v 1376.0 -1056.0 320.0
v 1432.0 -1088.0 320.0
v 1376.0 -1088.0 320.0
v 1312.0 -1056.0 320.0
v 1312.0 -992.0 320.0
v 1376.0 -1120.0 320.0
v 1432.0 -1120.0 320.0
v 1392.0 -896.0 448.0
v 1392.0 -896.0 512.0
v 1392.0 -896.0 416.0
v 1376.0 -896.0 448.0
v 1376.0 -896.0 512.0
v 1392.0 -864.0 416.0
v 1392.0 -864.0 448.0
v 1432.0 -960.0 512.0
v 1432.0 -960.0 448.0
v 1432.0 -928.0 448.0
v 1432.0 -928.0 512.0
v 1432.0 -928.0 432.0
v 1432.0 -960.0 432.0
v 1432.0 -1120.0 512.0
v 1432.0 -1120.0 448.0
v 1432.0 -1088.0 448.0
v 1432.0 -1088.0 512.0
v 1432.0 -1088.0 432.0
v 1432.0 -1120.0 432.0
v 1376.0 -960.0 448.0
v 1376.0 -928.0 448.0
v 1376.0 -1088.0 448.0
v 1376.0 -1120.0 448.0
v 1312.0 -1056.0 328.0
v 1312.0 -992.0 328.0
v 1952.0 -1296.0 80.0
v 1952.0 -1296.0 96.0
v 1952.0 -1272.0 -16.0
v 1952.0 -1272.0 -4.0
v 1952.0 -1272.0 48.0
v 1952.0 -1280.0 48.0
v 1952.0 -1280.0 -32.0
v 1952.0 -1272.0 -32.0
v 1952.0 -1088.0 0.0
v 1952.0 -1088.0 48.0
v 1952.0 -1216.0 48.0
v 1952.0 -1088.0 -4.0
v 1952.0 -1024.0 0.0
v 1952.0 -1024.0 16.0
v 1952.0 -1024.0 48.0
v 1952.0 -1280.0 80.0
v 1952.0 -1216.0 80.0
v 1952.0 -1216.0 112.0
v 1952.0 -1296.0 112.0
v 1952.0 -1184.0 224.0
v 1952.0 -1216.0 224.0
v 1952.0 -1184.0 112.0
v 1952.0 -1120.0 224.0
v 1952.0 -1120.0 272.0
v 1952.0 -1024.0 96.0
v 1952.0 -1024.0 112.0
v 1952.0 -1088.0 112.0
v 1952.0 -984.0 112.0
v 1952.0 -992.0 112.0
v 1952.0 -992.0 16.0
v 1952.0 -984.0 16.0
v 1952.0 -952.0 112.0
v 1952.0 -960.0 112.0
v 1952.0 -960.0 16.0
v 1952.0 -952.0 16.0
v 1952.0 -920.0 112.0
v 1952.0 -928.0 112.0
v 1952.0 -928.0 16.0
v 1952.0 -920.0 16.0
v 1952.0 -888.0 112.0
v 1952.0 -896.0 112.0
v 1952.0 -896.0 16.0
v 1952.0 -888.0 16.0
v 1952.0 -1088.0 272.0
v 1952.0 -1040.0 272.0
v 1952.0 -1008.0 272.0
v 1952.0 -960.0 272.0
v 1952.0 -864.0 0.0
v 1952.0 -864.0 16.0
v 1952.0 -896.0 272.0
v 1952.0 -864.0 272.0
v 1952.0 -928.0 272.0
v 1952.0 -1088.0 224.0
v 1952.0 -896.0 224.0
v 1952.0 -864.0 224.0
v 1952.0 -864.0 112.0
v 1952.0 -1048.0 -16.0
v 1952.0 -1064.0 -16.0
v 1952.0 -1056.0 -32.0
v 1952.0 -1048.0 -32.0
v 1952.0 -840.0 -32.0
v 1952.0 -840.0 -16.0
v 1952.0 -1064.0 -4.0
v 1952.0 -864.0 -4.0
v 1952.0 -840.0 -4.0
v 1952.0 -840.0 0.0
v 1952.0 -864.0 64.0
v 1952.0 -840.0 64.0
v 1968.0 -1296.0 -16.0
v 1984.0 -1296.0 -16.0
v 1984.0 -1296.0 0.0
v 1968.0 -1296.0 0.0
v 1984.0 -1296.0 96.0
v 1984.0 -1296.0 112.0
v 1984.0 -840.0 -16.0
v 1968.0 -840.0 -16.0
v 2016.0 -1216.0 -16.0
v 2016.0 -1088.0 -16.0
v 2080.0 -1088.0 -16.0
v 2080.0 -1120.0 -16.0
v 2080.0 -1216.0 -16.0
v 2080.0 -1280.0 -16.0
v 2016.0 -1280.0 -16.0
v 1984.0 -1280.0 -16.0
v 1968.0 -1280.0 -16.0
v 1968.0 -1272.0 -16.0
v 1984.0 -1272.0 -16.0
v 1984.0 -840.0 -4.0
v 1968.0 -840.0 -4.0
v 1984.0 -840.0 8.0
v 1984.0 -840.0 112.0
v 1984.0 -840.0 272.0
v 1984.0 -840.0 64.0
v 1968.0 -840.0 0.0
v 1984.0 -840.0 0.0
v 1984.0 -1120.0 112.0
v 1984.0 -1152.0 112.0
v 1984.0 -1184.0 112.0
v 1984.0 -1088.0 112.0
v 1984.0 -1216.0 112.0
v 2080.0 -1120.0 112.0
v 2080.0 -1088.0 112.0
v 2016.0 -1120.0 112.0
v 1984.0 -1024.0 112.0
v 1984.0 -992.0 112.0
v 1984.0 -952.0 112.0
v 1984.0 -928.0 112.0
v 1984.0 -920.0 112.0
v 1984.0 -896.0 112.0
v 1984.0 -984.0 112.0
v 1984.0 -960.0 112.0
v 1984.0 -880.0 112.0
v 1984.0 -864.0 112.0
v 1984.0 -888.0 112.0
v 1984.0 -1120.0 160.0
v 1984.0 -1120.0 176.0
v 1984.0 -1120.0 272.0
v 1984.0 -864.0 224.0
v 1984.0 -864.0 272.0
v 1984.0 -928.0 272.0
v 1984.0 -880.0 176.0
v 1984.0 -880.0 224.0
v 1984.0 -960.0 224.0
v 1984.0 -960.0 272.0
v 1984.0 -1008.0 224.0
v 1984.0 -1024.0 176.0
v 1984.0 -1088.0 176.0
v 1984.0 -1088.0 224.0
v 1984.0 -1008.0 272.0
v 1984.0 -1040.0 272.0
v 1984.0 -1088.0 272.0
v 1984.0 -1120.0 224.0
v 1984.0 -1120.0 256.0
v 1984.0 -1216.0 128.0
v 1984.0 -1216.0 224.0
v 1984.0 -1216.0 256.0
v 1984.0 -1184.0 224.0
v 1984.0 -1184.0 256.0
v 1984.0 -1184.0 144.0
v 1984.0 -1184.0 128.0
v 1984.0 -1152.0 160.0
v 1984.0 -1152.0 144.0
v 1984.0 -1280.0 0.0
v 2016.0 -1280.0 0.0
v 2080.0 -1280.0 0.0
v 1984.0 -864.0 8.0
v 1984.0 -864.0 16.0
v 1984.0 -1048.0 0.0
v 1984.0 -1120.0 0.0
v 1984.0 -1216.0 0.0
v 1984.0 -1272.0 0.0
v 1984.0 -1272.0 -4.0
v 1984.0 -1064.0 -4.0
v 1984.0 -1048.0 -4.0
v 1984.0 -1024.0 0.0
v 1984.0 -992.0 16.0
v 1984.0 -984.0 16.0
v 1984.0 -960.0 16.0
v 1984.0 -952.0 16.0
v 1984.0 -928.0 16.0
v 1984.0 -920.0 16.0
v 1984.0 -896.0 16.0
v 1984.0 -888.0 16.0
v 1984.0 -1024.0 8.0
v 1984.0 -1024.0 16.0
v 1984.0 -1120.0 96.0
v 1984.0 -1216.0 96.0
v 2080.0 -1056.0 96.0
v 2016.0 -1056.0 96.0
v 2016.0 -1056.0 0.0
v 2080.0 -1056.0 0.0
v 2080.0 -1024.0 96.0
v 2080.0 -1024.0 8.0
v 2016.0 -1024.0 96.0
v 1984.0 -1024.0 96.0
v 2016.0 -1024.0 16.0
v 2080.0 -1024.0 0.0
v 2016.0 -1024.0 0.0
v 2016.0 -1024.0 8.0
v 2080.0 -1088.0 96.0
v 2080.0 -1088.0 8.0
v 2080.0 -1088.0 0.0
v 2016.0 -1088.0 0.0
v 2016.0 -1088.0 8.0
v 2016.0 -1216.0 96.0
v 2080.0 -1216.0 96.0
v 2016.0 -1216.0 8.0
v 2016.0 -1216.0 0.0
v 2080.0 -1216.0 0.0
v 2080.0 -1120.0 8.0
v 2080.0 -1120.0 96.0
v 2016.0 -1120.0 8.0
v 2016.0 -1120.0 96.0
v 1968.0 -1216.0 0.0
v 1968.0 -1272.0 0.0
v 1968.0 -1280.0 0.0
v 1968.0 -1120.0 0.0
v 1968.0 -1024.0 0.0
v 1968.0 -1048.0 0.0
v 1968.0 -1272.0 -4.0
v 1968.0 -1048.0 -4.0
v 1968.0 -1064.0 -4.0
v 1408.0 -1272.0 -16.0
v 1408.0 -1280.0 -16.0
v 1408.0 -1280.0 -4.0
v 1408.0 -1272.0 -4.0
v 1408.0 -1184.0 112.0
v 1408.0 -1216.0 112.0
v 1408.0 -1216.0 224.0
v 1408.0 -1184.0 224.0
v 1408.0 -1120.0 272.0
v 1408.0 -1120.0 224.0
v 1408.0 -1280.0 80.0
v 1408.0 -1280.0 96.0
v 1408.0 -1280.0 112.0
v 1408.0 -1088.0 112.0
v 1408.0 -1056.0 112.0
v 1408.0 -1056.0 -4.0
v 1408.0 -1064.0 -4.0
v 1408.0 -1024.0 112.0
v 1408.0 -1024.0 96.0
v 1408.0 -1024.0 48.0
v 1408.0 -1024.0 16.0
v 1408.0 -1024.0 -4.0
v 1408.0 -992.0 112.0
v 1408.0 -984.0 112.0
v 1408.0 -984.0 16.0
v 1408.0 -992.0 16.0
v 1408.0 -1088.0 272.0
v 1408.0 -1088.0 224.0
v 1408.0 -1040.0 272.0
v 1408.0 -1040.0 176.0
v 1408.0 -1088.0 176.0
v 1408.0 -960.0 272.0
v 1408.0 -1008.0 272.0
v 1408.0 -960.0 16.0
v 1408.0 -952.0 16.0
v 1408.0 -928.0 16.0
v 1408.0 -920.0 16.0
v 1408.0 -896.0 16.0
v 1408.0 -888.0 16.0
v 1408.0 -864.0 16.0
v 1408.0 -840.0 -4.0
v 1408.0 -840.0 -16.0
v 1408.0 -1056.0 -32.0
v 1408.0 -1280.0 -32.0
v 1408.0 -1064.0 -16.0
v 1408.0 -1056.0 -16.0
v 1408.0 -928.0 112.0
v 1408.0 -920.0 112.0
v 1408.0 -896.0 112.0
v 1408.0 -888.0 112.0
v 1408.0 -960.0 112.0
v 1408.0 -952.0 112.0
v 1408.0 -928.0 272.0
v 1408.0 -864.0 176.0
v 1408.0 -864.0 112.0
v 1920.0 -1280.0 80.0
v 1920.0 -1280.0 64.0
v 1920.0 -1280.0 48.0
v 1888.0 -1280.0 64.0
v 1888.0 -1280.0 48.0
v 1856.0 -1280.0 48.0
v 1856.0 -1280.0 32.0
v 1856.0 -1280.0 -32.0
v 1824.0 -1280.0 -32.0
v 1792.0 -1280.0 -32.0
v 1760.0 -1280.0 -32.0
v 1632.0 -1280.0 -32.0
v 1824.0 -1280.0 16.0
v 1824.0 -1280.0 32.0
v 1792.0 -1280.0 8.0
v 1792.0 -1280.0 16.0
v 1760.0 -1280.0 8.0
v 1760.0 -1280.0 -4.0
v 1760.0 -1280.0 -16.0
v 1600.0 -1280.0 -32.0
v 1632.0 -1280.0 -16.0
v 1632.0 -1280.0 -4.0
v 1632.0 -1280.0 8.0
v 1600.0 -1280.0 8.0
v 1568.0 -1280.0 -32.0
v 1600.0 -1280.0 16.0
v 1568.0 -1280.0 16.0
v 1536.0 -1280.0 -32.0
v 1568.0 -1280.0 32.0
v 1536.0 -1280.0 32.0
v 1504.0 -1280.0 48.0
v 1504.0 -1280.0 64.0
v 1472.0 -1280.0 64.0
v 1472.0 -1280.0 -16.0
v 1504.0 -1280.0 -16.0
v 1472.0 -1280.0 80.0
v 1440.0 -1280.0 80.0
v 1440.0 -1280.0 96.0
v 1504.0 -1280.0 -32.0
v 1536.0 -1280.0 48.0
v 1632.0 -840.0 -4.0
v 1632.0 -1064.0 -4.0
v 1632.0 -1272.0 -4.0
v 1856.0 -840.0 -4.0
v 1856.0 -1064.0 -4.0
v 1856.0 -1272.0 -4.0
v 1888.0 -1120.0 272.0
v 1888.0 -1088.0 272.0
v 1888.0 -1040.0 272.0
v 1888.0 -1008.0 272.0
v 1888.0 -960.0 272.0
v 1888.0 -928.0 272.0
v 1472.0 -1040.0 272.0
v 1472.0 -928.0 272.0
v 1472.0 -960.0 272.0
v 1472.0 -1008.0 272.0
v 1472.0 -1088.0 272.0
v 1472.0 -1120.0 272.0
v 1632.0 -1056.0 -32.0
v 1632.0 -1272.0 -16.0
v 1856.0 -1272.0 -16.0
v 1632.0 -840.0 -16.0
v 1856.0 -840.0 -16.0
v 1632.0 -1064.0 -16.0
v 1856.0 -1064.0 -16.0
v 1632.0 -1288.0 -4.0
v 1632.0 -1288.0 -16.0
v 1760.0 -1288.0 -16.0
v 1760.0 -1288.0 -4.0
v 1376.0 -1216.0 128.0
v 1376.0 -1216.0 224.0
v 1376.0 -1216.0 256.0
v 1376.0 -1216.0 112.0
v 1344.0 -1216.0 96.0
v 1280.0 -1216.0 96.0
v 1376.0 -1216.0 96.0
v 1376.0 -1184.0 112.0
v 1376.0 -1152.0 112.0
v 1376.0 -1120.0 112.0
v 1376.0 -1088.0 112.0
v 1376.0 -960.0 112.0
v 1376.0 -984.0 112.0
v 1376.0 -992.0 112.0
v 1376.0 -1024.0 112.0
v 1376.0 -864.0 112.0
v 1376.0 -888.0 112.0
v 1376.0 -896.0 112.0
v 1376.0 -920.0 112.0
v 1376.0 -928.0 112.0
v 1376.0 -952.0 112.0
v 1376.0 -1184.0 128.0
v 1376.0 -1184.0 144.0
v 1376.0 -1184.0 224.0
v 1376.0 -1184.0 256.0
v 1376.0 -1120.0 224.0
v 1376.0 -1120.0 256.0
v 1376.0 -1120.0 272.0
v 1376.0 -1152.0 144.0
v 1376.0 -1152.0 160.0
v 1376.0 -1120.0 160.0
v 1376.0 -1120.0 176.0
v 1376.0 -1088.0 176.0
v 1376.0 -1088.0 224.0
v 1376.0 -1056.0 176.0
v 1376.0 -1056.0 224.0
v 1376.0 -1088.0 272.0
v 1376.0 -1056.0 272.0
v 1376.0 -1040.0 272.0
v 1376.0 -1008.0 272.0
v 1376.0 -960.0 272.0
v 1376.0 -864.0 176.0
v 1376.0 -1024.0 176.0
v 1376.0 -928.0 272.0
v 1280.0 -1024.0 112.0
v 1344.0 -1024.0 0.0
v 1280.0 -1024.0 0.0
v 1280.0 -1024.0 8.0
v 1344.0 -1024.0 8.0
v 1376.0 -1024.0 16.0
v 1376.0 -1024.0 48.0
v 1344.0 -1024.0 48.0
v 1376.0 -1024.0 8.0
v 1280.0 -1024.0 96.0
v 1248.0 -1024.0 8.0
v 1344.0 -1024.0 96.0
v 1376.0 -960.0 16.0
v 1376.0 -952.0 16.0
v 1376.0 -896.0 16.0
v 1376.0 -888.0 16.0
v 1376.0 -864.0 16.0
v 1376.0 -928.0 16.0
v 1376.0 -920.0 16.0
v 1376.0 -984.0 16.0
v 1376.0 -992.0 16.0
v 1280.0 -1056.0 96.0
v 1344.0 -1056.0 96.0
v 1344.0 -1152.0 96.0
v 1376.0 -1152.0 96.0
v 1280.0 -1152.0 96.0
v 1280.0 -1056.0 0.0
v 1344.0 -1056.0 0.0
v 1376.0 -1280.0 96.0
v 1280.0 -1344.0 112.0
v 1280.0 -1296.0 112.0
v 1344.0 -1344.0 112.0
v 1376.0 -1344.0 112.0
v 1376.0 -1296.0 112.0
v 1376.0 -1280.0 112.0
v 1280.0 -1344.0 120.0
v 1344.0 -1344.0 120.0
v 1376.0 -1296.0 -16.0
v 1392.0 -1296.0 -16.0
v 1392.0 -1280.0 -16.0
v 1376.0 -1280.0 -16.0
v 2336.0 -1696.0 128.0
v 2336.0 -1760.0 128.0
v 2336.0 -1792.0 128.0
v 2336.0 -1792.0 176.0
v 2336.0 -1760.0 176.0
v 2336.0 -1698.0 176.0
v 2336.0 -1696.0 176.0
v 2336.0 -1632.0 176.0
v 2336.0 -1632.0 128.0
v 2336.0 -1904.0 192.0
v 2336.0 -1904.0 224.0
v 2336.0 -1808.0 224.0
v 2336.0 -1808.0 192.0
v 2336.0 -1760.0 192.0
v 2336.0 -1632.0 192.0
v 2336.0 -1917.3337 192.0
v 2336.0 -1792.0 192.0
v 2336.0 -1792.0 280.0
v 2336.0 -1792.0 224.0
v 2336.0 -1792.0 0.0
v 2336.0 -1760.0 0.0
v 2336.0 -1472.0 96.0
v 2336.0 -1632.0 96.0
v 2336.0 -1474.0 176.0
v 2336.0 -1472.0 0.0
v 2336.0 -1632.0 0.0
v 2624.0 -1904.0 160.0
v 2624.0 -1888.0 0.0
v 2624.0 -1888.0 96.0
v 2624.0 -1888.0 104.0
v 2624.0 -1888.0 120.0
v 2624.0 -1888.0 160.0
v 2624.0 -1904.0 192.0
v 2624.0 -1808.0 160.0
v 2624.0 -1808.0 192.0
v 2624.0 -1808.0 224.0
v 2624.0 -1904.0 224.0
v 2624.0 -1792.0 176.0
v 2624.0 -1792.0 192.0
v 2624.0 -1792.0 160.0
v 2624.0 -1792.0 224.0
v 2624.0 -1792.0 280.0
v 2624.0 -1664.0 64.0
v 2624.0 -1664.0 128.0
v 2624.0 -1696.0 128.0
v 2624.0 -1696.0 120.0
v 2624.0 -1696.0 104.0
v 2624.0 -1696.0 96.0
v 2624.0 -1696.0 0.0
v 2624.0 -1664.0 0.0
v 2624.0 -1856.0 0.0
v 2624.0 -1696.0 160.0
v 2624.0 -1696.0 176.0
v 2624.0 -1632.0 0.0
v 2624.0 -1504.0 0.0
v 2624.0 -1504.0 64.0
v 2624.0 -1472.0 128.0
v 2624.0 -1504.0 128.0
v 2624.0 -1472.0 0.0
v 2624.0 -1632.0 176.0
v 2624.0 -1632.0 128.0
v 2648.0 -1696.0 120.0
v 2632.0 -1696.0 120.0
v 2632.0 -1696.0 104.0
v 2648.0 -1696.0 104.0
v 2632.0 -1888.0 104.0
v 2632.0 -1888.0 120.0
v 2648.0 -1888.0 104.0
v 2648.0 -1888.0 120.0
v 2560.0 -1536.0 176.0
v 2560.0 -1632.0 176.0
v 2560.0 -1664.0 176.0
v 2560.0 -1792.0 176.0
v 2527.0 -1536.0 176.0
v 2400.0 -1536.0 176.0
v 2399.0 -1600.0 176.0
v 2400.0 -1602.0 176.0
v 2400.0 -1598.0 176.0
v 2400.0 -1664.0 176.0
v 2400.0 -1632.0 176.0
v 2400.0 -1698.0 176.0
v 2400.0 -1792.0 176.0
v 2416.0 -1664.0 176.0
v 2416.0 -1664.0 192.0
v 2416.0 -1664.0 280.0
v 2400.0 -1664.0 280.0
v 2431.0 -1664.0 224.0
v 2431.0 -1664.0 280.0
v 2431.0 -1664.0 192.0
v 2448.0 -1664.0 224.0
v 2472.0 -1664.0 224.0
v 2488.0 -1664.0 224.0
v 2511.0 -1664.0 224.0
v 2527.0 -1664.0 224.0
v 2527.0 -1664.0 280.0
v 2560.0 -1664.0 192.0
v 2527.0 -1664.0 192.0
v 2511.0 -1664.0 192.0
v 2488.0 -1664.0 192.0
v 2472.0 -1664.0 192.0
v 2448.0 -1664.0 192.0
v 2560.0 -1664.0 280.0
v 2400.0 -1632.0 280.0
v 2400.0 -1632.0 224.0
v 2400.0 -1632.0 192.0
v 2400.0 -1602.0 224.0
v 2400.0 -1602.0 192.0
v 2400.0 -1598.0 192.0
v 2400.0 -1536.0 192.0
v 2400.0 -1536.0 224.0
v 2400.0 -1598.0 224.0
v 2400.0 -1536.0 280.0
v 2560.0 -1536.0 280.0
v 2431.0 -1536.0 280.0
v 2431.0 -1536.0 224.0
v 2431.0 -1536.0 192.0
v 2472.0 -1536.0 192.0
v 2488.0 -1536.0 192.0
v 2527.0 -1536.0 192.0
v 2527.0 -1536.0 280.0
v 2527.0 -1536.0 224.0
v 2448.0 -1536.0 224.0
v 2519.0 -1648.0 224.0
v 2539.0 -1608.0 224.0
v 2547.0 -1592.0 224.0
v 2555.0 -1592.0 224.0
v 2559.0 -1600.0 224.0
v 2539.0 -1592.0 224.0
v 2519.0 -1552.0 224.0
v 2535.0 -1552.0 224.0
v 2472.0 -1592.0 224.0
v 2488.0 -1592.0 224.0
v 2488.0 -1608.0 224.0
v 2472.0 -1608.0 224.0
v 2420.0 -1608.0 224.0
v 2412.0 -1608.0 224.0
v 2420.0 -1592.0 224.0
v 2488.0 -1552.0 224.0
v 2472.0 -1552.0 224.0
v 2440.0 -1552.0 224.0
v 2472.0 -1648.0 224.0
v 2488.0 -1648.0 224.0
v 2407.4998 -1617.0 224.0
v 2440.0 -1648.0 224.0
v 2472.0 -1592.0 192.0
v 2472.0 -1552.0 192.0
v 2472.0 -1608.0 192.0
v 2472.0 -1648.0 192.0
v 2488.0 -1552.0 192.0
v 2488.0 -1592.0 192.0
v 2488.0 -1608.0 192.0
v 2488.0 -1648.0 192.0
v 2544.0 -1592.0 192.0
v 2544.0 -1608.0 192.0
v 2544.0 -1630.0 192.0
v 2559.0 -1600.0 192.0
v 2555.0 -1592.0 192.0
v 2535.0 -1552.0 192.0
v 2519.0 -1552.0 192.0
v 2539.0 -1592.0 192.0
v 2539.0 -1608.0 192.0
v 2519.0 -1648.0 192.0
v 2440.0 -1648.0 192.0
v 2420.0 -1592.0 192.0
v 2412.0 -1608.0 192.0
v 2420.0 -1608.0 192.0
v 2407.4998 -1617.0 192.0
v 2440.0 -1552.0 192.0
v 2423.0 -1552.0 192.0
v 2560.0 -1792.0 224.0
v 2544.0 -1792.0 224.0
v 2560.0 -1792.0 280.0
v 2544.0 -1792.0 192.0
v 2560.0 -1792.0 192.0
v 2601.0 -1904.0 224.0
v 2565.0 -1808.0 224.0
v 2581.0 -1808.0 224.0
v 2617.0 -1904.0 224.0
v 2560.0 -1808.0 224.0
v 2544.0 -1904.0 224.0
v 2560.0 -1904.0 224.0
v 2501.0 -1904.0 224.0
v 2457.0 -1904.0 224.0
v 2474.0 -1904.0 224.0
v 2485.0 -1904.0 224.0
v 2416.0 -1904.0 224.0
v 2421.0 -1808.0 224.0
v 2438.0 -1808.0 224.0
v 2544.0 -1808.0 224.0
v 2537.0 -1808.0 224.0
v 2521.0 -1808.0 224.0
v 2416.0 -1808.0 224.0
v 2400.0 -1808.0 224.0
v 2393.0 -1808.0 224.0
v 2377.0 -1808.0 224.0
v 2400.0 -1904.0 224.0
v 2341.0 -1904.0 224.0
v 2357.0 -1904.0 224.0
v 2560.0 -1808.0 192.0
v 2565.0 -1808.0 192.0
v 2581.0 -1808.0 192.0
v 2617.0 -1904.0 192.0
v 2601.0 -1904.0 192.0
v 2560.0 -1904.0 192.0
v 2544.0 -1904.0 192.0
v 2501.0 -1904.0 192.0
v 2485.0 -1904.0 192.0
v 2474.0 -1904.0 192.0
v 2472.0 -1904.0 192.0
v 2377.0 -1808.0 192.0
v 2393.0 -1808.0 192.0
v 2400.0 -1808.0 192.0
v 2416.0 -1808.0 192.0
v 2421.0 -1808.0 192.0
v 2438.0 -1808.0 192.0
v 2521.0 -1808.0 192.0
v 2537.0 -1808.0 192.0
v 2544.0 -1808.0 192.0
v 2472.0 -1898.6666 192.0
v 2457.0 -1904.0 192.0
v 2416.0 -1904.0 192.0
v 2400.0 -1904.0 192.0
v 2357.0 -1904.0 192.0
v 2341.0 -1904.0 192.0
v 2560.0 -1632.0 0.0
v 2336.0 -1856.0 0.0
v 2560.0 -1856.0 0.0
v 1632.0 -1536.0 0.0
v 1632.0 -1632.0 0.0
v 1632.0 -1760.0 0.0
v 1632.0 -1760.0 32.0
v 1632.0 -1536.0 32.0
v 1632.0 -1472.0 32.0
v 1632.0 -1632.0 160.0
v 1632.0 -1760.0 160.0
v 1632.0 -1760.0 280.0
v 1632.0 -1632.0 280.0
v 1632.0 -1536.0 160.0
v 1632.0 -1472.0 160.0
v 1632.0 -1472.0 96.0
v 1632.0 -1440.0 160.0
v 1632.0 -1440.0 96.0
v 2016.0 -1776.0 0.0
v 1792.0 -1776.0 0.0
v 1792.0 -1776.0 -16.0
v 2016.0 -1776.0 -16.0
v 2080.0 -1776.0 -16.0
v 2080.0 -1776.0 0.0
v 1760.0 -1632.0 0.0
v 1792.0 -1632.0 0.0
v 1792.0 -1760.0 0.0
v 1760.0 -1472.0 0.0
v 1760.0 -1536.0 0.0
v 2032.0 -1760.0 0.0
v 2016.0 -1760.0 0.0
v 1824.0 -1760.0 0.0
v 1824.0 -1632.0 0.0
v 2048.0 -1632.0 0.0
v 2048.0 -1760.0 0.0
v 1808.0 -1760.0 0.0
v 2080.0 -1760.0 0.0
v 1824.0 -1616.0 0.0
v 1792.0 -1616.0 0.0
v 1816.0 -1472.0 0.0
v 1816.0 -1536.0 0.0
v 2080.0 -1632.0 0.0
v 2080.0 -1616.0 0.0
v 2048.0 -1616.0 0.0
v 2304.0 -1760.0 0.0
v 2256.0 -1760.0 0.0
v 2256.0 -1632.0 0.0
v 2304.0 -1632.0 0.0
v 1808.0 -1632.0 96.0
v 1760.0 -1632.0 96.0
v 1760.0 -1632.0 160.0
v 1792.0 -1632.0 160.0
v 1808.0 -1632.0 160.0
v 1728.0 -1632.0 208.0
v 1728.0 -1632.0 192.0
v 1728.0 -1632.0 160.0
v 1728.0 -1632.0 280.0
v 1744.0 -1632.0 192.0
v 1760.0 -1632.0 192.0
v 1792.0 -1632.0 192.0
v 1760.0 -1632.0 208.0
v 1792.0 -1632.0 208.0
v 1744.0 -1632.0 208.0
v 1808.0 -1632.0 192.0
v 1808.0 -1632.0 176.0
v 1760.0 -1632.0 280.0
v 1824.0 -1632.0 96.0
v 2032.0 -1632.0 96.0
v 2048.0 -1632.0 96.0
v 2256.0 -1632.0 96.0
v 2032.0 -1632.0 176.0
v 1856.0 -1632.0 192.0
v 1872.0 -1632.0 192.0
v 1920.0 -1632.0 192.0
v 1936.0 -1632.0 192.0
v 1984.0 -1632.0 192.0
v 2000.0 -1632.0 192.0
v 2032.0 -1632.0 192.0
v 2048.0 -1632.0 192.0
v 2064.0 -1632.0 192.0
v 2112.0 -1632.0 192.0
v 2128.0 -1632.0 192.0
v 2176.0 -1632.0 192.0
v 2192.0 -1632.0 192.0
v 2240.0 -1632.0 192.0
v 2240.0 -1632.0 176.0
v 2256.0 -1632.0 176.0
v 2256.0 -1632.0 128.0
v 1936.0 -1632.0 208.0
v 1984.0 -1632.0 208.0
v 2064.0 -1632.0 208.0
v 2112.0 -1632.0 208.0
v 2128.0 -1632.0 208.0
v 2176.0 -1632.0 208.0
v 1872.0 -1632.0 208.0
v 1920.0 -1632.0 208.0
v 2048.0 -1632.0 208.0
v 2000.0 -1632.0 208.0
v 2192.0 -1632.0 208.0
v 2208.0 -1632.0 208.0
v 2240.0 -1632.0 208.0
v 1808.0 -1632.0 208.0
v 1856.0 -1632.0 208.0
v 1856.0 -1632.0 280.0
v 1984.0 -1632.0 280.0
v 2080.0 -1632.0 280.0
v 2208.0 -1632.0 280.0
v 2240.0 -1632.0 280.0
v 2240.0 -1632.0 224.0
v 2304.0 -1632.0 176.0
v 2304.0 -1632.0 192.0
v 2304.0 -1632.0 128.0
v 1760.0 -1440.0 96.0
v 1760.0 -1472.0 96.0
v 1760.0 -1536.0 96.0
v 1760.0 -1440.0 160.0
v 1816.0 -1536.0 96.0
v 1816.0 -1472.0 96.0
v 1808.0 -1520.0 64.0
v 1808.0 -1520.0 32.0
v 1808.0 -1488.0 32.0
v 1808.0 -1488.0 64.0
v 1824.0 -1480.0 8.0
v 1824.0 -1528.0 8.0
v 1824.0 -1528.0 64.0
v 1824.0 -1520.0 64.0
v 1824.0 -1488.0 64.0
v 1824.0 -1480.0 64.0
v 1824.0 -1480.0 88.0
v 1824.0 -1528.0 88.0
v 1824.0 -1488.0 32.0
v 1824.0 -1480.0 32.0
v 1824.0 -1528.0 32.0
v 1824.0 -1520.0 32.0
v 2304.0 -1760.0 176.0
v 2304.0 -1760.0 128.0
v 2304.0 -1760.0 192.0
v 1728.0 -1760.0 280.0
v 1856.0 -1760.0 280.0
v 1952.0 -1760.0 280.0
v 2080.0 -1760.0 280.0
v 2192.0 -1760.0 280.0
v 2240.0 -1760.0 280.0
v 2240.0 -1728.0 280.0
v 1808.0 -1760.0 16.0
v 1808.0 -1760.0 160.0
v 1728.0 -1760.0 160.0
v 1728.0 -1760.0 192.0
v 1728.0 -1760.0 208.0
v 1744.0 -1760.0 192.0
v 1792.0 -1760.0 192.0
v 1792.0 -1760.0 208.0
v 1744.0 -1760.0 208.0
v 1808.0 -1760.0 192.0
v 2032.0 -1760.0 16.0
v 2256.0 -1760.0 16.0
v 2048.0 -1760.0 16.0
v 2048.0 -1760.0 176.0
v 2048.0 -1760.0 192.0
v 2000.0 -1760.0 192.0
v 1984.0 -1760.0 192.0
v 1936.0 -1760.0 192.0
v 1920.0 -1760.0 192.0
v 1872.0 -1760.0 192.0
v 1856.0 -1760.0 192.0
v 1856.0 -1760.0 208.0
v 1808.0 -1760.0 208.0
v 1920.0 -1760.0 208.0
v 1872.0 -1760.0 208.0
v 1984.0 -1760.0 208.0
v 1952.0 -1760.0 208.0
v 1936.0 -1760.0 208.0
v 2048.0 -1760.0 208.0
v 2000.0 -1760.0 208.0
v 2256.0 -1760.0 176.0
v 2240.0 -1760.0 176.0
v 2240.0 -1760.0 192.0
v 2192.0 -1760.0 192.0
v 2176.0 -1760.0 192.0
v 2128.0 -1760.0 192.0
v 2112.0 -1760.0 192.0
v 2064.0 -1760.0 192.0
v 2112.0 -1760.0 208.0
v 2064.0 -1760.0 208.0
v 2176.0 -1760.0 208.0
v 2128.0 -1760.0 208.0
v 2192.0 -1760.0 208.0
v 1728.0 -1664.0 208.0
v 1728.0 -1728.0 208.0
v 1728.0 -1728.0 192.0
v 1728.0 -1664.0 192.0
v 1728.0 -1728.0 224.0
v 1728.0 -1664.0 224.0
v 1728.0 -1728.0 176.0
v 1728.0 -1664.0 176.0
v 2240.0 -1728.0 224.0
v 2240.0 -1664.0 224.0
v 2240.0 -1664.0 208.0
v 2240.0 -1664.0 192.0
v 2240.0 -1664.0 176.0
v 2240.0 -1728.0 208.0
v 2240.0 -1728.0 192.0
v 2240.0 -1728.0 176.0
v 1952.0 -1664.0 176.0
v 1920.0 -1664.0 176.0
v 1872.0 -1664.0 176.0
v 1856.0 -1664.0 176.0
v 1808.0 -1664.0 176.0
v 1952.0 -1728.0 176.0
v 2176.0 -1664.0 176.0
v 2128.0 -1664.0 176.0
v 2112.0 -1664.0 176.0
v 2064.0 -1664.0 176.0
v 2048.0 -1664.0 176.0
v 2000.0 -1664.0 176.0
v 2176.0 -1728.0 176.0
v 2192.0 -1664.0 176.0
v 2192.0 -1664.0 192.0
v 2192.0 -1664.0 208.0
v 2176.0 -1664.0 224.0
v 2176.0 -1664.0 208.0
v 2176.0 -1664.0 192.0
v 2128.0 -1664.0 208.0
v 2128.0 -1664.0 192.0
v 2128.0 -1664.0 224.0
v 2064.0 -1664.0 208.0
v 2112.0 -1664.0 208.0
v 2048.0 -1664.0 224.0
v 2048.0 -1664.0 208.0
v 2112.0 -1664.0 192.0
v 2064.0 -1664.0 192.0
v 2048.0 -1664.0 192.0
v 2000.0 -1664.0 208.0
v 2000.0 -1664.0 192.0
v 2000.0 -1664.0 224.0
v 1984.0 -1664.0 208.0
v 1984.0 -1664.0 224.0
v 1984.0 -1664.0 192.0
v 1936.0 -1664.0 192.0
v 1920.0 -1664.0 192.0
v 1952.0 -1664.0 224.0
v 1936.0 -1664.0 224.0
v 1936.0 -1664.0 208.0
v 1920.0 -1664.0 208.0
v 1920.0 -1664.0 224.0
v 1872.0 -1664.0 208.0
v 1872.0 -1664.0 192.0
v 1872.0 -1664.0 224.0
v 1744.0 -1664.0 208.0
v 1792.0 -1664.0 208.0
v 1808.0 -1664.0 208.0
v 1856.0 -1664.0 208.0
v 1856.0 -1664.0 192.0
v 1808.0 -1664.0 192.0
v 1744.0 -1664.0 192.0
v 1792.0 -1664.0 192.0
v 1952.0 -1728.0 224.0
v 2176.0 -1728.0 224.0
v 1744.0 -1728.0 208.0
v 1792.0 -1728.0 208.0
v 1808.0 -1728.0 208.0
v 1856.0 -1728.0 208.0
v 1872.0 -1728.0 208.0
v 1920.0 -1728.0 208.0
v 1936.0 -1728.0 208.0
v 1984.0 -1728.0 208.0
v 2000.0 -1728.0 208.0
v 2048.0 -1728.0 208.0
v 2064.0 -1728.0 208.0
v 2112.0 -1728.0 208.0
v 2128.0 -1728.0 208.0
v 2176.0 -1728.0 208.0
v 2192.0 -1728.0 208.0
v 1952.0 -1728.0 208.0
v 1744.0 -1728.0 192.0
v 1792.0 -1728.0 192.0
v 1808.0 -1728.0 192.0
v 1856.0 -1728.0 192.0
v 1872.0 -1728.0 192.0
v 1984.0 -1728.0 192.0
v 2000.0 -1728.0 192.0
v 1920.0 -1728.0 192.0
v 1936.0 -1728.0 192.0
v 2112.0 -1728.0 192.0
v 2128.0 -1728.0 192.0
v 2176.0 -1728.0 192.0
v 2192.0 -1728.0 192.0
v 2048.0 -1728.0 192.0
v 2064.0 -1728.0 192.0
v 1952.0 -1728.0 192.0
v 2080.0 -1760.0 -32.0
v 2080.0 -1632.0 -32.0
v 2080.0 -1632.0 -16.0
v 2080.0 -1760.0 -16.0
v 2080.0 -1616.0 -16.0
v 1792.0 -1632.0 -32.0
v 1792.0 -1760.0 -32.0
v 1792.0 -1760.0 -16.0
v 1792.0 -1632.0 -16.0
v 1792.0 -1616.0 -16.0
v 1824.0 -1616.0 -16.0
v 2048.0 -1616.0 -16.0
v 2016.0 -1760.0 -16.0
v 1824.0 -1760.0 -16.0
v 2048.0 -1760.0 -16.0
v 2016.0 -1760.0 -32.0
v 2016.0 -1632.0 -16.0
v 1824.0 -1632.0 -16.0
v 2048.0 -1632.0 -16.0
v 2016.0 -1632.0 -32.0
v 2112.0 -1896.0 176.0
v 2144.0 -1896.0 176.0
v 2144.0 -1816.0 176.0
v 2112.0 -1816.0 176.0
v 2304.0 -1896.0 176.0
v 2208.0 -1896.0 176.0
v 2304.0 -1816.0 176.0
v 2208.0 -1816.0 176.0
v 2304.0 -1792.0 176.0
v 2112.0 -1792.0 176.0
v 2168.0 -1896.0 224.0
v 2168.0 -1864.0 224.0
v 2184.0 -1864.0 224.0
v 2184.0 -1896.0 224.0
v 2168.0 -1848.0 224.0
v 2168.0 -1816.0 224.0
v 2184.0 -1816.0 224.0
v 2184.0 -1848.0 224.0
v 2144.0 -1864.0 224.0
v 2144.0 -1848.0 224.0
v 2208.0 -1848.0 224.0
v 2208.0 -1864.0 224.0
v 2144.0 -1816.0 280.0
v 2208.0 -1816.0 280.0
v 2208.0 -1816.0 224.0
v 2144.0 -1816.0 224.0
v 2208.0 -1896.0 280.0
v 2144.0 -1896.0 280.0
v 2144.0 -1896.0 224.0
v 2208.0 -1896.0 224.0
v 2208.0 -1816.0 192.0
v 2184.0 -1816.0 192.0
v 2168.0 -1816.0 192.0
v 2144.0 -1816.0 192.0
v 2184.0 -1896.0 192.0
v 2208.0 -1896.0 192.0
v 2144.0 -1896.0 192.0
v 2168.0 -1896.0 192.0
v 2208.0 -1848.0 192.0
v 2208.0 -1864.0 192.0
v 2144.0 -1848.0 192.0
v 2144.0 -1864.0 192.0
v 2184.0 -1848.0 192.0
v 2168.0 -1848.0 192.0
v 2168.0 -1864.0 192.0
v 2184.0 -1864.0 192.0
v 2112.0 -1920.0 32.0
v 2112.0 -1920.0 48.0
v 2112.0 -1792.0 0.0
v 2304.0 -1792.0 0.0
v 2304.0 -1792.0 128.0
v 2240.0 -2336.0 352.0
v 2240.0 -2304.0 352.0
v 2208.0 -2304.0 352.0
v 2144.0 -2304.0 352.0
v 2112.0 -2304.0 352.0
v 2112.0 -2143.0 352.0
v 2144.0 -2159.0 352.0
v 2144.0 -2144.0 352.0
v 2144.0 -2128.0 352.0
v 2144.0 -2111.0 352.0
v 2144.0 -2095.0 352.0
v 2144.0 -2079.0 352.0
v 2144.0 -2064.0 352.0
v 2144.0 -2047.0 352.0
v 2144.0 -2031.0 352.0
v 2144.0 -2016.0 352.0
v 2112.0 -2016.0 352.0
v 2144.0 -2160.0 352.0
v 2129.0 -2151.4998 352.0
v 2113.0 -2159.4998 352.0
v 2144.0 -2175.0 352.0
v 2112.0 -2144.0 352.0
v 2112.0 -2159.0 352.0
v 2144.0 -2287.0 352.0
v 2144.0 -2271.0 352.0
v 2144.0 -2255.0 352.0
v 2144.0 -2240.0 352.0
v 2144.0 -2224.0 352.0
v 2144.0 -2208.0 352.0
v 2144.0 -2207.0 352.0
v 2144.0 -2191.0 352.0
v 2160.0 -2183.0 352.0
v 2176.0 -2175.0 352.0
v 2145.0 -2159.5 352.0
v 2176.0 -2095.0 352.0
v 2191.0 -2087.5 352.0
v 2208.0 -2079.0 352.0
v 2208.0 -2063.0 352.0
v 2208.0 -2303.0 352.0
v 2208.0 -2287.0 352.0
v 2193.0 -2279.4998 352.0
v 2177.0 -2287.5 352.0
v 2191.0 -2231.5 352.0
v 2208.0 -2223.0 352.0
v 2208.0 -2208.0 352.0
v 2176.0 -2224.0 352.0
v 2176.0 -2191.0 352.0
v 2192.0 -2183.0 352.0
v 2208.0 -2175.0 352.0
v 2208.0 -2160.0 352.0
v 2207.0 -2159.5 352.0
v 2176.0 -2144.0 352.0
v 2193.0 -2135.5 352.0
v 2208.0 -2128.0 352.0
v 2208.0 -2112.0 352.0
v 2177.0 -2127.5 352.0
v 2160.0 -2136.0 352.0
v 2177.0 -2047.5 352.0
v 2208.0 -2047.0 352.0
v 2193.0 -2039.5 352.0
v 2208.0 -2111.0 352.0
v 2208.0 -2096.0 352.0
v 2208.0 -2143.0 352.0
v 2208.0 -2207.0 352.0
v 2208.0 -2191.0 352.0
v 2175.0 -2239.5 352.0
v 2160.0 -2232.0 352.0
v 2176.0 -2271.0 352.0
v 2160.0 -2279.0 352.0
v 2208.0 -2272.0 352.0
v 2208.0 -2256.0 352.0
v 2207.0 -2255.5 352.0
v 2208.0 -2240.0 352.0
v 2160.0 -2039.0 352.0
v 2176.0 -2031.0 352.0
v 2146.0 -2016.0 352.0
v 2160.0 -2087.0 352.0
v 2175.0 -2079.4998 352.0
v 2240.0 -2112.0 352.0
v 2240.0 -1999.0 352.0
v 2208.0 -2015.0 352.0
v 2208.0 -2032.0 352.0
v 2240.0 -2223.0 352.0
v 2206.0 -2016.0 352.0
v 2240.0 -1952.0 352.0
v 2112.0 -1952.0 352.0
v 2144.0 -2304.0 368.0
v 2208.0 -2304.0 368.0
v 2208.0 -2304.0 408.0
v 2144.0 -2304.0 408.0
v 2208.0 -2016.0 368.0
v 2206.0 -2016.0 368.0
v 2206.0 -2016.0 408.0
v 2208.0 -2016.0 408.0
v 2146.0 -2016.0 368.0
v 2144.0 -2016.0 368.0
v 2144.0 -2016.0 408.0
v 2146.0 -2016.0 408.0
v 2177.0 -2287.5 368.0
v 2193.0 -2279.5 368.0
v 2208.0 -2287.0 368.0
v 2208.0 -2303.0 368.0
v 2160.0 -2279.0 368.0
v 2144.0 -2271.0 368.0
v 2144.0 -2255.0 368.0
v 2176.0 -2271.0 368.0
v 2176.0 -2224.0 368.0
v 2208.0 -2208.0 368.0
v 2208.0 -2223.0 368.0
v 2191.0 -2231.5 368.0
v 2160.0 -2183.0 368.0
v 2176.0 -2175.0 368.0
v 2207.0 -2159.5 368.0
v 2208.0 -2160.0 368.0
v 2208.0 -2175.0 368.0
v 2192.0 -2183.0 368.0
v 2176.0 -2191.0 368.0
v 2144.0 -2207.0 368.0
v 2144.0 -2191.0 368.0
v 2193.0 -2135.5 368.0
v 2176.0 -2144.0 368.0
v 2145.0 -2159.5 368.0
v 2144.0 -2160.0 368.0
v 2144.0 -2144.0 368.0
v 2160.0 -2136.0 368.0
v 2177.0 -2127.5 368.0
v 2208.0 -2112.0 368.0
v 2208.0 -2128.0 368.0
v 2191.0 -2087.5 368.0
v 2176.0 -2095.0 368.0
v 2144.0 -2111.0 368.0
v 2144.0 -2095.0 368.0
v 2160.0 -2087.0 368.0
v 2208.0 -2063.0 368.0
v 2208.0 -2079.0 368.0
v 2193.0 -2039.5 368.0
v 2177.0 -2047.5 368.0
v 2144.0 -2064.0 368.0
v 2144.0 -2047.0 368.0
v 2160.0 -2039.0 368.0
v 2176.0 -2031.0 368.0
v 2208.0 -2032.0 368.0
v 2144.0 -2031.0 368.0
v 2208.0 -2047.0 368.0
v 2144.0 -2079.0 368.0
v 2175.0 -2079.4998 368.0
v 2208.0 -2096.0 368.0
v 2208.0 -2111.0 368.0
v 2144.0 -2128.0 368.0
v 2144.0 -2175.0 368.0
v 2208.0 -2143.0 368.0
v 2208.0 -2191.0 368.0
v 2208.0 -2207.0 368.0
v 2175.0 -2239.5 368.0
v 2144.0 -2240.0 368.0
v 2160.0 -2232.0 368.0
v 2208.0 -2256.0 368.0
v 2144.0 -2224.0 368.0
v 2144.0 -2208.0 368.0
v 2208.0 -2240.0 368.0
v 2144.0 -2287.0 368.0
v 2207.0 -2255.5 368.0
v 2208.0 -2272.0 368.0
v 2208.0 -2240.0 408.0
v 2144.0 -2080.0 368.0
v 2144.0 -2240.0 408.0
v 2144.0 -2080.0 408.0
v 2112.0 -2144.0 64.0
v 2112.0 -2336.0 64.0
v 2112.0 -2144.0 288.0
v 2112.0 -2112.0 288.0
v 2112.0 -2112.0 224.0
v 2112.0 -2112.0 64.0
v 2112.0 -2016.0 224.0
v 2112.0 -2016.0 64.0
v 2112.0 -1952.0 224.0
v 2112.0 -1952.0 128.0
v 2112.0 -1952.0 48.0
v 2112.0 -1984.0 48.0
v 2112.0 -2016.0 48.0
v 2112.0 -1952.0 288.0
v 2112.0 -1952.0 32.0
v 2112.0 -1984.0 32.0
v 2112.0 -1952.0 16.0
v 2208.0 -2112.0 -160.0
v 2240.0 -2112.0 -160.0
v 2240.0 -2144.0 -160.0
v 2240.0 -2336.0 -160.0
v 2208.0 -2336.0 -160.0
v 2272.0 -2144.0 256.0
v 2272.0 -1952.0 256.0
v 2272.0 -1952.0 224.0
v 2272.0 -2016.0 224.0
v 2272.0 -2144.0 224.0
v 2272.0 -2016.0 48.0
v 2272.0 -2144.0 48.0
v 2272.0 -2144.0 64.0
v 2272.0 -2144.0 80.0
v 2272.0 -2144.0 96.0
v 2272.0 -2016.0 96.0
v 2272.0 -2144.0 128.0
v 2272.0 -2016.0 112.0
v 2272.0 -2176.0 256.0
v 2272.0 -2336.0 128.0
v 2272.0 -2336.0 256.0
v 2272.0 -2336.0 64.0
v 2272.0 -2240.0 48.0
v 2272.0 -2016.0 -16.0
v 2272.0 -2144.0 -16.0
v 2272.0 -2240.0 -16.0
v 2272.0 -2336.0 96.0
v 2272.0 -2336.0 80.0
v 2560.0 -2328.0 256.0
v 2336.0 -2328.0 256.0
v 2624.0 -2336.0 256.0
v 2624.0 -2328.0 256.0
v 2336.0 -2104.0 256.0
v 2336.0 -2016.0 256.0
v 2336.0 -1952.0 256.0
v 2336.0 -2176.0 256.0
v 2560.0 -2016.0 256.0
v 2560.0 -1952.0 256.0
v 2400.0 -1952.0 256.0
v 2624.0 -2144.0 256.0
v 2624.0 -2104.0 256.0
v 2624.0 -2016.0 256.0
v 2624.0 -1952.0 256.0
v 2560.0 -2176.0 256.0
v 2624.0 -2176.0 256.0
v 2560.0 -2240.0 256.0
v 2336.0 -2016.0 344.0
v 2560.0 -2016.0 344.0
v 2560.0 -2016.0 292.0
v 2560.0 -2016.0 260.0
v 2560.0 -2328.0 260.0
v 2560.0 -2328.0 292.0
v 2560.0 -2328.0 344.0
v 2336.0 -2328.0 344.0
v 2336.0 -2240.0 344.0
v 2336.0 -2104.0 344.0
v 2560.0 -2304.0 260.0
v 2560.0 -2304.0 292.0
v 2560.0 -2248.0 260.0
v 2560.0 -2248.0 292.0
v 2560.0 -2288.0 292.0
v 2560.0 -2288.0 260.0
v 2560.0 -2168.0 292.0
v 2560.0 -2168.0 260.0
v 2560.0 -2120.0 260.0
v 2560.0 -2120.0 292.0
v 2560.0 -2232.0 260.0
v 2560.0 -2184.0 260.0
v 2560.0 -2184.0 292.0
v 2560.0 -2232.0 292.0
v 2560.0 -2056.0 292.0
v 2560.0 -2104.0 292.0
v 2560.0 -2104.0 260.0
v 2560.0 -2056.0 260.0
v 2560.0 -2040.0 260.0
v 2560.0 -2240.0 260.0
v 2560.0 -2040.0 292.0
v 2560.0 -2240.0 344.0
v 2560.0 -2240.0 292.0
v 2536.0 -2288.0 304.0
v 2544.941 -2288.0 304.0
v 2544.9412 -2304.0 304.0
v 2536.0 -2304.0 304.0
v 2536.0 -2168.0 304.0
v 2544.941 -2168.0 304.0
v 2544.9412 -2184.0 304.0
v 2536.0 -2184.0 304.0
v 2536.0 -2040.0 304.0
v 2544.941 -2040.0 304.0
v 2544.9412 -2056.0 304.0
v 2536.0 -2056.0 304.0
v 2536.0 -2104.0 304.0
v 2536.0 -2080.0 304.0
v 2505.3206 -2056.0 304.0
v 2505.3206 -2104.0 304.0
v 2536.0 -2232.0 304.0
v 2505.3206 -2184.0 304.0
v 2505.3206 -2232.0 304.0
v 2536.0 -2248.0 304.0
v 2505.3206 -2248.0 304.0
v 2505.3206 -2264.0 304.0
v 2505.3206 -2288.0 304.0
v 2536.0 -2120.0 304.0
v 2505.3206 -2120.0 304.0
v 2505.3206 -2168.0 304.0
v 2505.3206 -2040.0 304.0
v 2360.0 -2040.0 304.0
v 2360.0 -2080.0 304.0
v 2360.0 -2264.0 304.0
v 2360.0 -2304.0 304.0
v 2505.3206 -2304.0 304.0
v 2544.941 -2104.0 304.0
v 2544.9412 -2120.0 304.0
v 2544.941 -2232.0 304.0
v 2544.9412 -2248.0 304.0
v 2360.0 -2264.0 320.0
v 2360.0 -2080.0 320.0
v 2360.0 -2040.0 320.0
v 2536.0 -2040.0 320.0
v 2536.0 -2080.0 320.0
v 2536.0 -2264.0 320.0
v 2536.0 -2304.0 320.0
v 2360.0 -2304.0 320.0
v 2624.0 -1952.0 224.0
v 2400.0 -1952.0 224.0
v 2624.0 -1952.0 168.0
v 2624.0 -1952.0 120.0
v 2624.0 -1952.0 96.0
v 2496.0 -1952.0 96.0
v 2400.0 -1952.0 96.0
v 2272.0 -1952.0 96.0
v 2368.0 -2240.0 48.0
v 2384.0 -2016.0 48.0
v 2480.0 -2016.0 48.0
v 2496.0 -2016.0 48.0
v 2496.0 -2240.0 48.0
v 2496.0 -2344.0 48.0
v 2496.0 -2320.0 48.0
v 2496.0 -2288.0 48.0
v 2496.0 -2264.0 48.0
v 2624.0 -2016.0 48.0
v 2624.0 -2104.0 48.0
v 2624.0 -2144.0 48.0
v 2624.0 -2240.0 48.0
v 2624.0 -2264.0 48.0
v 2624.0 -2288.0 48.0
v 2624.0 -2320.0 48.0
v 2624.0 -2336.0 48.0
v 2624.0 -2344.0 48.0
v 2624.0 -2016.0 88.0
v 2480.0 -2016.0 72.0
v 2480.0 -2016.0 88.0
v 2496.0 -2016.0 96.0
v 2624.0 -2016.0 96.0
v 2384.0 -2016.0 88.0
v 2384.0 -2016.0 96.0
v 2384.0 -2016.0 72.0
v 2632.0 -1960.0 168.0
v 2632.0 -1968.0 168.0
v 2632.0 -1968.0 160.0
v 2632.0 -1968.0 128.0
v 2632.0 -1960.0 128.0
v 2632.0 -2000.0 160.0
v 2632.0 -2000.0 168.0
v 2632.0 -2008.0 168.0
v 2632.0 -2008.0 128.0
v 2632.0 -2000.0 128.0
v 2632.0 -2008.0 120.0
v 2632.0 -1960.0 120.0
v 2624.0 -1960.0 168.0
v 2624.0 -2008.0 168.0
v 2624.0 -2016.0 168.0
v 2624.0 -2008.0 96.0
v 2616.0 -2000.0 160.0
v 2616.0 -2000.0 128.0
v 2616.0 -1968.0 128.0
v 2616.0 -1968.0 160.0
v 2624.0 -2008.0 120.0
v 2624.0 -1960.0 120.0
v 2496.0 -2264.0 80.0
v 2496.0 -2263.0 80.0
v 2496.0 -2240.0 80.0
v 2496.0 -2240.0 72.0
v 2496.0 -2288.0 80.0
v 2496.0 -2288.0 96.0
v 2496.0 -2264.0 96.0
v 2496.0 -2320.0 80.0
v 2496.0 -2344.0 80.0
v 2496.0 -2344.0 96.0
v 2496.0 -2320.0 96.0
v 2648.0 -2144.0 112.0
v 2648.0 -2144.0 128.0
v 2624.0 -2144.0 224.0
v 2632.0 -2144.0 128.0
v 2624.0 -2144.0 128.0
v 2632.0 -2144.0 112.0
v 2624.0 -2144.0 112.0
v 2624.0 -2144.0 96.0
v 2624.0 -2104.0 168.0
v 2624.0 -2144.0 80.0
v 2528.0 -2288.0 96.0
v 2528.0 -2320.0 96.0
v 2591.0 -2264.0 96.0
v 2591.0 -2344.0 96.0
v 2528.0 -2344.0 96.0
v 2528.0 -2264.0 96.0
v 2592.0 -2320.0 96.0
v 2592.0 -2288.0 96.0
v 2624.0 -2288.0 96.0
v 2624.0 -2320.0 96.0
v 2624.0 -2344.0 96.0
v 2624.0 -2264.0 96.0
v 2496.0 -2240.0 96.0
v 2624.0 -2240.0 96.0
v 2624.0 -2224.0 96.0
v 2632.0 -2224.0 96.0
v 2632.0 -2240.0 96.0
v 2648.0 -2240.0 96.0
v 2624.0 -2336.0 96.0
v 2648.0 -2224.0 96.0
v 2624.0 -2336.0 224.0
v 2648.0 -2224.0 128.0
v 2648.0 -2240.0 128.0
v 2632.0 -2240.0 128.0
v 2632.0 -2224.0 128.0
v 2632.0 -2224.0 112.0
v 2648.0 -2224.0 112.0
v 2624.0 -2240.0 80.0
v 2624.0 -2263.0 80.0
v 2624.0 -2264.0 80.0
v 2624.0 -2288.0 80.0
v 2624.0 -2320.0 80.0
v 2624.0 -2344.0 80.0
v 2496.0 -2240.0 88.0
v 2528.0 -2344.0 80.0
v 2528.0 -2320.0 80.0
v 2528.0 -2288.0 80.0
v 2591.0 -2344.0 80.0
v 2592.0 -2288.0 80.0
v 2592.0 -2320.0 80.0
v 2591.0 -2264.0 80.0
v 2591.0 -2263.0 80.0
v 2528.0 -2263.0 80.0
v 2528.0 -2264.0 80.0
v 2384.0 -2240.0 88.0
v 2368.0 -2240.0 88.0
v 2368.0 -2240.0 72.0
v 2384.0 -2240.0 72.0
v 2480.0 -2240.0 88.0
v 2368.0 -2240.0 96.0
v 2480.0 -2240.0 72.0
v 2496.0 -2016.0 -16.0
v 2624.0 -2016.0 -16.0
v 2496.0 -2240.0 -16.0
v 2624.0 -2240.0 -16.0
v 2624.0 -2336.0 -16.0
v 2368.0 -2240.0 -16.0
v 2240.0 -2144.0 32.0
v 2240.0 -2112.0 32.0
v 2208.0 -2112.0 32.0
v 2208.0 -2336.0 32.0
v 2240.0 -2336.0 32.0
v 2240.0 -1952.0 32.0
v 2240.0 -1984.0 32.0
v 2144.0 -2112.0 32.0
v 2144.0 -2336.0 32.0
v 2144.0 -2112.0 44.0
v 2144.0 -2112.0 60.0
v 2144.0 -2112.0 64.0
v 2208.0 -2112.0 64.0
v 2208.0 -2112.0 60.0
v 2208.0 -2112.0 44.0
v 2240.0 -1984.0 48.0
v 2240.0 -2016.0 48.0
v 2256.0 -1952.0 112.0
v 2256.0 -1952.0 224.0
v 2256.0 -1952.0 96.0
v 2240.0 -1952.0 112.0
v 2240.0 -1952.0 128.0
v 2240.0 -1952.0 224.0
v 2240.0 -1952.0 256.0
v 2240.0 -1952.0 96.0
v 2240.0 -1952.0 64.0
v 2240.0 -1952.0 48.0
v 2240.0 -2016.0 224.0
v 2240.0 -2112.0 224.0
v 2240.0 -2112.0 256.0
v 2256.0 -2016.0 96.0
v 2256.0 -2016.0 112.0
v 2240.0 -2016.0 112.0
v 2240.0 -2016.0 96.0
v 2240.0 -2112.0 128.0
v 2240.0 -2112.0 96.0
v 2240.0 -2016.0 64.0
v 2240.0 -2112.0 64.0
v 2264.0 -2144.0 96.0
v 2264.0 -2336.0 96.0
v 2248.0 -2336.0 96.0
v 2248.0 -2144.0 96.0
v 2240.0 -2336.0 128.0
v 2240.0 -2336.0 256.0
v 2240.0 -2336.0 96.0
v 2240.0 -2144.0 128.0
v 2240.0 -2144.0 96.0
v 2264.0 -2336.0 80.0
v 2248.0 -2336.0 80.0
v 2240.0 -2336.0 80.0
v 2240.0 -2336.0 64.0
v 2144.0 -2336.0 60.0
v 2208.0 -2336.0 60.0
v 2208.0 -2336.0 64.0
v 2144.0 -2336.0 64.0
v 2208.0 -2336.0 44.0
v 2144.0 -2336.0 44.0
v 2208.0 -2320.0 60.0
v 2208.0 -2304.0 60.0
v 2208.0 -2288.0 60.0
v 2208.0 -2272.0 60.0
v 2208.0 -2256.0 60.0
v 2208.0 -2240.0 60.0
v 2208.0 -2224.0 60.0
v 2208.0 -2208.0 60.0
v 2208.0 -2192.0 60.0
v 2208.0 -2176.0 60.0
v 2208.0 -2160.0 60.0
v 2208.0 -2144.0 60.0
v 2208.0 -2128.0 60.0
v 2208.0 -2144.0 64.0
v 2208.0 -2128.0 44.0
v 2208.0 -2144.0 44.0
v 2208.0 -2160.0 44.0
v 2208.0 -2176.0 44.0
v 2208.0 -2192.0 44.0
v 2208.0 -2208.0 44.0
v 2208.0 -2224.0 44.0
v 2208.0 -2240.0 44.0
v 2208.0 -2256.0 44.0
v 2208.0 -2272.0 44.0
v 2208.0 -2288.0 44.0
v 2208.0 -2304.0 44.0
v 2208.0 -2320.0 44.0
v 2248.0 -2144.0 80.0
v 2240.0 -2144.0 80.0
v 2264.0 -2144.0 80.0
v 2240.0 -2144.0 64.0
v 2144.0 -2128.0 60.0
v 2144.0 -2144.0 60.0
v 2144.0 -2160.0 60.0
v 2144.0 -2176.0 60.0
v 2144.0 -2192.0 60.0
v 2144.0 -2208.0 60.0
v 2144.0 -2224.0 60.0
v 2144.0 -2240.0 60.0
v 2144.0 -2256.0 60.0
v 2144.0 -2272.0 60.0
v 2144.0 -2288.0 60.0
v 2144.0 -2304.0 60.0
v 2144.0 -2320.0 60.0
v 2144.0 -2128.0 44.0
v 2144.0 -2320.0 44.0
v 2144.0 -2304.0 44.0
v 2144.0 -2288.0 44.0
v 2144.0 -2272.0 44.0
v 2144.0 -2256.0 44.0
v 2144.0 -2240.0 44.0
v 2144.0 -2224.0 44.0
v 2144.0 -2208.0 44.0
v 2144.0 -2192.0 44.0
v 2144.0 -2176.0 44.0
v 2144.0 -2160.0 44.0
v 2144.0 -2144.0 44.0
v 2240.0 -1952.0 16.0
v 1224.0 -896.0 128.0
v 1240.0 -920.0 128.0
v 1240.0 -936.0 128.0
v 1224.0 -960.0 128.0
v 1240.0 -960.0 216.0
v 1240.0 -936.0 216.0
v 1240.0 -920.0 216.0
v 1240.0 -896.0 216.0
v 1240.0 -896.0 232.0
v 1224.0 -896.0 256.0
v 1240.0 -960.0 232.0
v 1224.0 -960.0 256.0
v 1240.0 -920.0 232.0
v 1240.0 -936.0 232.0
v 1240.0 -936.0 256.0
v 1240.0 -920.0 256.0
v 1240.0 -920.0 160.0
v 1240.0 -920.0 144.0
v 1240.0 -896.0 160.0
v 1240.0 -896.0 144.0
v 1240.0 -936.0 160.0
v 1240.0 -936.0 144.0
v 1240.0 -960.0 160.0
v 1240.0 -960.0 144.0
v 1240.0 -1024.0 112.0
v 1240.0 -1024.0 8.0
v 1240.0 -832.0 112.0
v 1240.0 -832.0 8.0
v 1152.0 -896.0 256.0
v 1152.0 -960.0 256.0
v 1152.0 -960.0 128.0
v 1152.0 -896.0 128.0
v 2496.0 -2528.0 352.0
v 2496.0 -2400.0 352.0
v 2464.0 -2400.0 352.0
v 2464.0 -2432.0 352.0
v 2464.0 -2496.0 352.0
v 2464.0 -2528.0 352.0
v 2400.0 -2400.0 352.0
v 2272.0 -2400.0 352.0
v 2176.0 -2400.0 352.0
v 2176.0 -2432.0 352.0
v 2192.0 -2432.0 352.0
v 2207.0 -2432.0 352.0
v 2223.0 -2432.0 352.0
v 2239.0 -2432.0 352.0
v 2256.0 -2432.0 352.0
v 2271.0 -2432.0 352.0
v 2272.0 -2432.0 352.0
v 2288.0 -2432.0 352.0
v 2303.0 -2432.0 352.0
v 2320.0 -2432.0 352.0
v 2335.0 -2432.0 352.0
v 2351.0 -2432.0 352.0
v 2367.0 -2432.0 352.0
v 2368.0 -2432.0 352.0
v 2383.0 -2432.0 352.0
v 2400.0 -2432.0 352.0
v 2415.0 -2432.0 352.0
v 2432.0 -2432.0 352.0
v 2447.0 -2432.0 352.0
v 2463.0 -2432.0 352.0
v 2256.0 -2528.0 352.0
v 2271.0 -2528.0 352.0
v 2255.0 -2496.0 352.0
v 2239.0 -2496.0 352.0
v 2223.0 -2528.0 352.0
v 2288.0 -2496.0 352.0
v 2271.0 -2496.0 352.0
v 2287.0 -2528.0 352.0
v 2320.0 -2528.0 352.0
v 2304.0 -2496.0 352.0
v 2415.5 -2527.0 352.0
v 2416.0 -2528.0 352.0
v 2463.0 -2528.0 352.0
v 2447.0 -2496.0 352.0
v 2431.0 -2496.0 352.0
v 2367.5 -2497.0 352.0
v 2368.0 -2496.0 352.0
v 2367.0 -2496.0 352.0
v 2335.0 -2464.0 352.0
v 2343.0 -2480.0 352.0
v 2367.0 -2528.0 352.0
v 2383.0 -2528.0 352.0
v 2351.0 -2464.0 352.0
v 2343.0 -2448.0 352.0
v 2319.5 -2433.0 352.0
v 2247.0 -2480.0 352.0
v 2255.0 -2464.0 352.0
v 2247.5 -2449.0 352.0
v 2296.0 -2480.0 352.0
v 2304.0 -2464.0 352.0
v 2295.5 -2447.0 352.0
v 2287.5 -2463.0 352.0
v 2439.5 -2447.0 352.0
v 2447.5 -2463.0 352.0
v 2391.5 -2449.0 352.0
v 2399.5 -2465.0 352.0
v 2415.5 -2433.0 352.0
v 2336.0 -2528.0 352.0
v 2327.4998 -2511.0 352.0
v 2319.5 -2495.0 352.0
v 2375.5 -2513.0 352.0
v 2384.0 -2496.0 352.0
v 2392.0 -2480.0 352.0
v 2384.0 -2464.0 352.0
v 2400.0 -2496.0 352.0
v 2431.0 -2464.0 352.0
v 2439.0 -2480.0 352.0
v 2407.5 -2511.0 352.0
v 2415.0 -2496.0 352.0
v 2351.0 -2496.0 352.0
v 2335.0 -2496.0 352.0
v 2176.0 -2526.0 352.0
v 2191.0 -2496.0 352.0
v 2199.0 -2480.0 352.0
v 2207.5 -2463.0 352.0
v 2176.0 -2494.0 352.0
v 2215.5 -2513.0 352.0
v 2224.0 -2496.0 352.0
v 2176.0 -2434.0 352.0
v 2191.0 -2464.0 352.0
v 2199.5 -2447.0 352.0
v 2239.4998 -2465.0 352.0
v 2176.0 -2528.0 352.0
v 2207.0 -2496.0 352.0
v 2112.0 -2400.0 352.0
v 2112.0 -2528.0 352.0
v 2464.0 -2496.0 368.0
v 2464.0 -2432.0 368.0
v 2464.0 -2432.0 408.0
v 2464.0 -2496.0 408.0
v 2176.0 -2432.0 368.0
v 2176.0 -2434.0 368.0
v 2176.0 -2434.0 408.0
v 2176.0 -2432.0 408.0
v 2176.0 -2494.0 368.0
v 2176.0 -2496.0 368.0
v 2176.0 -2496.0 408.0
v 2176.0 -2494.0 408.0
v 2256.0 -2432.0 368.0
v 2271.0 -2432.0 368.0
v 2255.0 -2464.0 368.0
v 2247.5 -2449.0 368.0
v 2287.5 -2463.0 368.0
v 2295.5 -2447.0 368.0
v 2303.0 -2432.0 368.0
v 2320.0 -2432.0 368.0
v 2319.5 -2433.0 368.0
v 2304.0 -2464.0 368.0
v 2296.0 -2480.0 368.0
v 2288.0 -2496.0 368.0
v 2271.0 -2496.0 368.0
v 2335.0 -2496.0 368.0
v 2320.0 -2496.0 368.0
v 2319.5 -2495.0 368.0
v 2335.0 -2464.0 368.0
v 2343.0 -2480.0 368.0
v 2384.0 -2496.0 368.0
v 2368.0 -2496.0 368.0
v 2384.0 -2464.0 368.0
v 2392.0 -2480.0 368.0
v 2439.0 -2480.0 368.0
v 2431.0 -2464.0 368.0
v 2415.5 -2433.0 368.0
v 2415.0 -2432.0 368.0
v 2432.0 -2432.0 368.0
v 2439.5 -2447.0 368.0
v 2447.5 -2463.0 368.0
v 2447.0 -2496.0 368.0
v 2447.0 -2432.0 368.0
v 2463.0 -2432.0 368.0
v 2431.0 -2496.0 368.0
v 2415.0 -2496.0 368.0
v 2399.5 -2465.0 368.0
v 2391.5 -2449.0 368.0
v 2400.0 -2432.0 368.0
v 2400.0 -2496.0 368.0
v 2368.0 -2432.0 368.0
v 2383.0 -2432.0 368.0
v 2343.0 -2448.0 368.0
v 2351.0 -2432.0 368.0
v 2367.0 -2432.0 368.0
v 2351.0 -2464.0 368.0
v 2335.0 -2432.0 368.0
v 2367.0 -2496.0 368.0
v 2351.0 -2496.0 368.0
v 2304.0 -2496.0 368.0
v 2272.0 -2432.0 368.0
v 2288.0 -2432.0 368.0
v 2255.0 -2496.0 368.0
v 2247.0 -2480.0 368.0
v 2239.5 -2465.0 368.0
v 2223.0 -2432.0 368.0
v 2239.0 -2432.0 368.0
v 2207.5 -2463.0 368.0
v 2199.0 -2480.0 368.0
v 2191.0 -2496.0 368.0
v 2191.0 -2464.0 368.0
v 2199.5 -2447.0 368.0
v 2207.0 -2432.0 368.0
v 2224.0 -2496.0 368.0
v 2207.0 -2496.0 368.0
v 2239.0 -2496.0 368.0
v 2192.0 -2432.0 368.0
v 2400.0 -2432.0 408.0
v 2400.0 -2496.0 408.0
v 2112.0 -2400.0 288.0
v 2112.0 -2400.0 176.0
v 2112.0 -2528.0 176.0
v 2496.0 -2400.0 128.0
v 2496.0 -2400.0 96.0
v 2496.0 -2400.0 224.0
v 2496.0 -2528.0 304.0
v 2496.0 -2528.0 128.0
v 2496.0 -2528.0 96.0
v 2208.0 -2376.0 64.0
v 2144.0 -2376.0 64.0
v 2240.0 -2528.0 160.0
v 2256.0 -2528.0 160.0
v 2256.0 -2528.0 176.0
v 2240.0 -2528.0 176.0
v 2256.0 -2528.0 304.0
v 2336.0 -2528.0 112.0
v 2368.0 -2528.0 112.0
v 2368.0 -2528.0 128.0
v 2336.0 -2528.0 128.0
v 2304.0 -2528.0 128.0
v 2368.0 -2528.0 144.0
v 2304.0 -2528.0 144.0
v 2272.0 -2528.0 160.0
v 2368.0 -2528.0 160.0
v 2368.0 -2528.0 192.0
v 2368.0 -2528.0 304.0
v 2400.0 -2528.0 144.0
v 2400.0 -2528.0 160.0
v 2272.0 -2528.0 144.0
v 2368.0 -2528.0 96.0
v 2400.0 -2528.0 96.0
v 2400.0 -2528.0 192.0
v 2464.0 -2528.0 192.0
v 2464.0 -2528.0 304.0
v 2464.0 -2528.0 96.0
v 2240.0 -2400.0 176.0
v 2240.0 -2400.0 160.0
v 2368.0 -2400.0 112.0
v 2368.0 -2400.0 96.0
v 2368.0 -2400.0 128.0
v 2368.0 -2400.0 144.0
v 2368.0 -2400.0 160.0
v 2368.0 -2400.0 224.0
v 2368.0 -2400.0 352.0
v 2272.0 -2400.0 160.0
v 2240.0 -2400.0 288.0
v 2240.0 -2400.0 352.0
v 2336.0 -2400.0 112.0
v 2336.0 -2400.0 128.0
v 2304.0 -2400.0 144.0
v 2272.0 -2400.0 144.0
v 2304.0 -2400.0 128.0
v 2144.0 -2400.0 176.0
v 2208.0 -2400.0 176.0
v 2144.0 -2400.0 288.0
v 2208.0 -2400.0 288.0
v 2200.0 -2384.0 152.0
v 2200.0 -2384.0 128.0
v 2200.0 -2384.0 96.0
v 2200.0 -2384.0 72.0
v 2208.0 -2376.0 160.0
v 2144.0 -2376.0 160.0
v 2152.0 -2384.0 152.0
v 2152.0 -2384.0 96.0
v 2152.0 -2384.0 128.0
v 2152.0 -2384.0 72.0
v 2160.0 -2384.0 128.0
v 2192.0 -2384.0 128.0
v 2160.0 -2384.0 96.0
v 2192.0 -2384.0 96.0
v 2464.0 -2560.0 96.0
v 2400.0 -2560.0 96.0
v 2400.0 -2560.0 192.0
v 2464.0 -2560.0 192.0
f 1 2 3
f 1 3 4
f 5 6 7
f 5 7 8
f 5 8 9
f 10 11 12
f 10 12 13
f 1 7 6
f 1 6 14
f 1 14 15
f 1 15 16
f 1 16 17
f 1 17 2
f 17 16 18
f 17 18 19
f 20 21 22
f 20 22 15
f 20 15 14
f 19 18 22
f 19 22 21
f 19 21 23
f 19 23 24
f 25 26 27
f 25 27 28
f 29 30 31
f 29 31 32
f 33 34 35
f 33 35 36
f 33 36 28
f 33 28 27
f 31 37 38
f 31 38 39
f 31 39 40
f 31 40 32
f 41 42 43
f 41 43 44
f 45 46 47
f 45 47 35
f 45 35 34
f 45 34 43
f 42 48 49
f 42 49 45
f 42 45 43
f 50 51 52
f 50 52 53
f 50 53 54
f 50 54 55
f 50 55 56
f 57 58 55
f 57 55 54
f 59 57 54
f 59 54 53
f 59 53 60
f 59 60 61
f 59 61 62
f 63 64 65
f 63 65 66
f 63 66 67
f 63 67 68
f 63 68 69
f 70 71 72
f 70 72 73
f 70 73 74
f 70 74 63
f 70 63 69
f 75 76 77
f 75 77 78
f 75 78 79
f 78 77 80
f 78 80 81
f 78 81 82
f 83 84 85
f 83 85 64
f 83 64 63
f 83 63 74
f 73 86 83
f 73 83 74
f 87 88 76
f 87 76 75
f 87 75 89
f 81 80 90
f 81 90 91
f 81 91 92
f 84 83 86
f 84 86 88
f 84 88 87
f 84 87 93
f 94 95 96
f 94 96 97
f 98 99 100
f 98 100 101
f 102 103 104
f 102 104 105
f 104 103 106
f 104 106 107
f 104 107 98
f 104 98 101
f 104 101 108
f 104 108 109
f 100 99 110
f 100 110 111
f 100 111 94
f 100 94 97
f 100 97 112
f 100 112 113
f 114 115 116
f 114 116 117
f 114 117 118
f 119 120 114
f 119 114 118
f 121 122 123
f 121 123 115
f 121 115 114
f 120 124 121
f 120 121 114
f 125 126 127
f 125 127 128
f 125 128 129
f 125 129 130
f 125 130 131
f 132 133 125
f 132 125 131
f 134 135 136
f 134 136 137
f 138 139 140
f 138 140 141
f 142 143 144
f 142 144 134
f 145 146 147
f 145 147 148
f 145 148 137
f 145 137 136
f 145 136 149
f 145 149 150
f 151 152 145
f 151 145 150
f 153 154 155
f 153 155 156
f 157 158 159
f 157 159 160
f 157 160 161
f 157 161 162
f 163 164 165
f 163 165 166
f 163 166 167
f 163 167 168
f 163 168 169
f 168 170 171
f 168 171 172
f 168 172 169
f 173 174 163
f 173 163 169
f 173 169 175
f 169 172 176
f 169 176 177
f 169 177 175
f 178 179 180
f 178 180 181
f 178 181 173
f 178 173 175
f 182 183 178
f 182 178 175
f 182 175 177
f 184 185 186
f 184 186 187
f 184 187 188
f 184 188 189
f 184 189 190
f 184 190 191
f 192 193 194
f 192 194 195
f 192 195 196
f 192 196 197
f 198 199 200
f 198 200 201
f 198 201 202
f 198 202 203
f 202 204 205
f 202 205 206
f 202 206 203
f 207 208 209
f 207 209 210
f 207 210 211
f 212 213 211
f 212 211 210
f 214 215 216
f 214 216 217
f 218 219 220
f 218 220 221
f 219 207 211
f 219 211 213
f 219 213 216
f 219 216 222
f 219 222 223
f 219 223 224
f 219 224 220
f 225 226 208
f 225 208 207
f 225 207 219
f 225 219 227
f 225 227 228
f 229 230 231
f 229 231 232
f 229 232 228
f 229 228 227
f 233 234 235
f 233 235 236
f 233 236 237
f 233 237 238
f 233 238 239
f 240 241 242
f 240 242 243
f 244 245 246
f 244 246 247
f 248 249 250
f 248 250 234
f 248 234 233
f 248 233 225
f 248 225 228
f 251 252 253
f 251 253 254
f 251 254 255
f 251 255 238
f 251 238 237
f 256 257 258
f 256 258 259
f 256 259 260
f 256 260 261
f 256 261 254
f 256 254 253
f 260 262 263
f 260 263 248
f 260 248 228
f 260 228 232
f 260 232 241
f 260 241 240
f 260 240 245
f 260 245 244
f 260 244 264
f 260 264 265
f 266 261 260
f 266 260 265
f 266 265 264
f 266 264 267
f 266 267 268
f 269 270 271
f 269 271 272
f 269 272 273
f 269 273 274
f 269 274 275
f 269 275 276
f 277 278 271
f 277 271 270
f 279 280 273
f 279 273 272
f 281 282 283
f 281 283 274
f 281 274 273
f 281 273 280
f 281 280 284
f 285 286 282
f 285 282 281
f 285 281 287
f 285 287 288
f 285 288 289
f 284 290 287
f 284 287 281
f 291 292 289
f 291 289 288
f 293 294 295
f 293 295 296
f 293 296 297
f 293 297 298
f 299 300 293
f 299 293 298
f 301 302 303
f 301 303 304
f 301 304 283
f 301 283 282
f 301 282 286
f 301 286 305
f 306 307 301
f 306 301 305
f 306 305 308
f 306 308 309
f 310 311 312
f 310 312 306
f 310 306 309
f 313 314 315
f 313 315 316
f 308 305 286
f 308 286 285
f 308 285 295
f 308 295 294
f 293 300 316
f 293 316 315
f 293 315 310
f 293 310 309
f 293 309 308
f 293 308 294
f 317 318 319
f 317 319 307
f 317 307 306
f 317 306 312
f 311 320 321
f 311 321 317
f 311 317 312
f 322 323 324
f 322 324 325
f 322 325 326
f 322 326 327
f 322 327 328
f 322 328 329
f 330 331 332
f 330 332 333
f 330 333 334
f 335 336 337
f 335 337 330
f 335 330 334
f 338 339 340
f 338 340 341
f 338 341 342
f 338 342 331
f 338 331 330
f 338 330 337
f 336 343 338
f 336 338 337
f 344 345 346
f 344 346 347
f 344 347 348
f 344 348 349
f 350 351 352
f 350 352 353
f 350 353 348
f 350 348 347
f 145 152 354
f 145 354 355
f 145 355 356
f 145 356 357
f 145 357 358
f 145 358 146
f 349 348 353
f 349 353 359
f 349 359 360
f 352 351 361
f 352 361 362
f 352 362 363
f 364 199 198
f 364 198 365
f 364 365 366
f 367 368 369
f 367 369 364
f 367 364 366
f 331 342 370
f 331 370 332
f 371 372 373
f 371 373 374
f 371 374 375
f 376 377 378
f 376 378 379
f 377 376 373
f 377 373 372
f 377 372 380
f 377 380 381
f 377 381 382
f 377 382 383
f 372 371 370
f 372 370 342
f 372 342 341
f 372 341 384
f 372 384 385
f 372 385 386
f 372 386 380
f 387 388 384
f 387 384 341
f 387 341 340
f 387 340 389
f 390 388 387
f 390 387 391
f 385 384 388
f 385 388 390
f 385 390 392
f 385 392 393
f 394 395 396
f 394 396 360
f 394 360 359
f 394 359 363
f 394 363 397
f 393 396 398
f 393 398 386
f 393 386 385
f 380 386 398
f 380 398 399
f 380 399 400
f 380 400 381
f 394 401 402
f 394 402 403
f 394 403 404
f 394 404 399
f 394 399 395
f 405 406 407
f 405 407 397
f 405 397 363
f 405 363 362
f 405 362 408
f 405 356 357
f 405 357 406
f 402 401 409
f 402 409 410
f 411 382 381
f 411 381 400
f 411 400 412
f 413 407 406
f 413 406 357
f 413 357 414
f 415 416 417
f 415 417 418
f 415 418 419
f 415 419 420
f 415 420 421
f 415 421 422
f 409 413 414
f 409 414 418
f 409 418 417
f 409 417 410
f 423 358 357
f 423 357 414
f 423 414 418
f 423 418 419
f 423 419 418
f 423 418 414
f 423 414 357
f 423 357 358
f 424 425 147
f 424 147 146
f 424 146 358
f 424 358 423
f 424 423 419
f 424 419 420
f 420 419 423
f 420 423 424
f 426 425 424
f 426 424 420
f 148 147 425
f 148 425 426
f 368 427 428
f 368 428 429
f 368 429 430
f 368 430 431
f 368 431 369
f 432 428 427
f 432 427 433
f 434 430 429
f 434 429 435
f 436 431 430
f 436 430 434
f 437 438 436
f 437 436 434
f 437 434 435
f 437 435 439
f 437 439 440
f 437 440 441
f 432 433 379
f 432 379 378
f 432 378 442
f 432 442 441
f 432 441 440
f 432 440 439
f 443 444 445
f 443 445 446
f 443 446 447
f 448 449 450
f 448 450 451
f 415 452 453
f 415 453 449
f 415 449 448
f 415 448 454
f 415 454 416
f 454 448 451
f 454 451 455
f 454 455 456
f 446 457 450
f 446 450 447
f 453 458 459
f 453 459 460
f 453 460 461
f 458 446 445
f 458 445 459
f 462 463 464
f 462 464 465
f 462 465 466
f 465 464 467
f 465 467 442
f 465 442 378
f 468 329 328
f 468 328 469
f 468 469 470
f 468 470 471
f 468 471 472
f 468 472 473
f 468 473 474
f 475 462 466
f 475 466 476
f 475 476 477
f 478 479 480
f 478 480 481
f 478 481 482
f 478 482 483
f 478 483 484
f 478 484 485
f 478 485 463
f 478 463 462
f 478 462 475
f 485 484 486
f 485 486 487
f 478 488 489
f 478 489 490
f 478 490 491
f 478 491 479
f 487 483 482
f 487 482 492
f 487 492 493
f 487 493 494
f 490 489 495
f 490 495 496
f 490 496 492
f 477 497 498
f 477 498 499
f 480 500 491
f 480 491 481
f 493 495 489
f 493 489 488
f 493 488 497
f 493 497 477
f 493 477 501
f 493 501 502
f 493 502 503
f 493 503 504
f 493 504 505
f 493 505 506
f 493 506 494
f 502 507 508
f 502 508 509
f 502 509 503
f 501 510 511
f 501 511 507
f 501 507 502
f 512 513 514
f 512 514 515
f 512 515 516
f 517 518 519
f 517 519 520
f 517 520 521
f 517 521 522
f 517 522 523
f 517 523 524
f 525 526 520
f 525 520 519
f 511 527 528
f 511 528 529
f 530 531 532
f 530 532 533
f 530 533 534
f 535 536 537
f 535 537 538
f 535 538 539
f 540 541 542
f 540 542 543
f 533 544 545
f 533 545 546
f 533 546 547
f 533 547 548
f 549 550 551
f 549 551 552
f 549 552 553
f 537 536 554
f 537 554 555
f 537 555 556
f 557 558 559
f 557 559 560
f 557 560 561
f 541 562 563
f 541 563 564
f 541 564 565
f 70 69 68
f 70 68 547
f 70 547 546
f 70 546 566
f 70 566 551
f 70 551 550
f 70 550 567
f 70 567 543
f 70 543 542
f 70 542 558
f 70 558 557
f 70 557 568
f 70 568 569
f 570 571 71
f 570 71 70
f 570 70 569
f 571 570 572
f 571 572 573
f 557 574 575
f 557 575 568
f 545 576 539
f 545 539 538
f 545 538 543
f 545 543 567
f 551 566 577
f 551 577 578
f 554 536 535
f 554 535 579
f 554 579 580
f 554 580 540
f 554 540 581
f 582 579 535
f 582 535 583
f 582 583 576
f 582 576 545
f 582 545 544
f 582 544 584
f 585 586 587
f 585 587 588
f 585 588 580
f 585 580 579
f 585 579 582
f 585 582 589
f 575 574 563
f 575 563 562
f 575 562 580
f 575 580 588
f 575 588 590
f 575 590 591
f 592 593 594
f 592 594 595
f 592 595 531
f 592 531 530
f 596 531 595
f 596 595 584
f 596 584 544
f 596 544 597
f 485 494 506
f 485 506 592
f 485 592 530
f 485 530 534
f 485 534 548
f 485 548 547
f 485 547 68
f 485 68 67
f 485 67 463
f 598 515 514
f 598 514 518
f 598 518 517
f 598 517 528
f 598 528 527
f 598 527 510
f 598 510 599
f 598 599 600
f 601 602 522
f 601 522 521
f 603 604 513
f 603 513 512
f 525 519 518
f 525 518 514
f 525 514 513
f 525 513 604
f 525 604 586
f 525 586 585
f 505 605 523
f 505 523 522
f 505 522 602
f 505 602 593
f 505 593 592
f 505 592 506
f 504 606 607
f 504 607 605
f 504 605 505
f 503 509 606
f 503 606 504
f 608 609 610
f 608 610 515
f 608 515 598
f 608 611 612
f 608 612 609
f 516 515 610
f 516 610 613
f 516 613 614
f 516 614 615
f 516 615 616
f 516 616 617
f 618 619 616
f 618 616 615
f 620 621 611
f 620 611 608
f 620 608 598
f 620 598 600
f 622 618 615
f 622 615 614
f 622 614 623
f 624 625 626
f 624 626 627
f 624 627 628
f 624 628 629
f 624 629 630
f 624 630 631
f 624 631 632
f 621 620 626
f 621 626 625
f 621 625 633
f 634 635 636
f 634 636 637
f 634 637 622
f 634 622 623
f 634 623 638
f 634 638 624
f 634 624 632
f 629 628 639
f 629 639 640
f 629 640 641
f 641 640 642
f 641 642 643
f 641 643 644
f 635 634 645
f 635 645 646
f 647 631 630
f 647 630 648
f 649 650 651
f 649 651 652
f 649 652 653
f 636 654 655
f 636 655 637
f 599 510 501
f 599 501 477
f 599 477 476
f 599 476 656
f 599 656 657
f 599 657 658
f 599 658 659
f 660 627 626
f 660 626 620
f 660 620 600
f 660 600 599
f 660 599 659
f 660 659 661
f 660 661 662
f 660 662 663
f 660 663 664
f 474 473 651
f 474 651 650
f 474 650 660
f 474 660 664
f 619 618 622
f 619 622 637
f 619 637 646
f 619 646 472
f 619 472 72
f 619 72 71
f 619 71 571
f 619 571 591
f 619 591 590
f 619 590 665
f 645 642 640
f 645 640 639
f 645 639 652
f 645 652 651
f 645 651 473
f 645 473 472
f 645 472 646
f 666 591 571
f 666 571 667
f 666 667 668
f 666 668 669
f 670 671 672
f 670 672 673
f 670 673 646
f 670 646 637
f 674 675 676
f 674 676 677
f 674 677 627
f 674 627 660
f 674 660 650
f 678 676 675
f 678 675 679
f 678 679 680
f 674 681 679
f 674 679 675
f 682 683 681
f 682 681 674
f 682 674 684
f 685 686 687
f 685 687 688
f 689 690 691
f 689 691 673
f 689 673 692
f 693 670 691
f 693 691 694
f 695 696 697
f 695 697 698
f 695 698 699
f 700 701 696
f 700 696 695
f 700 695 702
f 680 679 681
f 680 681 683
f 680 683 702
f 680 702 695
f 680 695 699
f 680 699 692
f 680 692 673
f 680 673 672
f 671 670 693
f 671 693 690
f 671 690 689
f 671 689 687
f 671 687 686
f 671 686 701
f 671 701 700
f 671 700 677
f 671 677 676
f 671 676 678
f 671 678 680
f 671 680 672
f 652 639 702
f 652 702 683
f 642 645 692
f 642 692 699
f 693 636 635
f 693 635 690
f 630 629 701
f 630 701 686
f 634 632 631
f 634 631 687
f 634 687 689
f 628 627 677
f 628 677 700
f 648 630 686
f 648 686 685
f 650 649 684
f 650 684 674
f 655 646 673
f 655 673 691
f 690 635 654
f 690 654 694
f 654 636 693
f 654 693 694
f 670 637 655
f 670 655 691
f 687 631 647
f 687 647 688
f 653 652 683
f 653 683 682
f 692 645 643
f 692 643 698
f 644 634 689
f 644 689 697
f 702 639 653
f 702 653 682
f 643 642 699
f 643 699 698
f 647 641 696
f 647 696 688
f 641 644 697
f 641 697 696
f 701 629 648
f 701 648 685
f 649 628 700
f 649 700 684
f 534 703 704
f 534 704 548
f 705 706 704
f 705 704 703
f 705 703 707
f 705 707 708
f 709 710 711
f 709 711 704
f 709 704 706
f 709 706 712
f 713 714 715
f 713 715 716
f 713 716 717
f 718 719 720
f 718 720 721
f 722 723 724
f 722 724 725
f 722 725 726
f 727 728 729
f 727 729 730
f 727 730 731
f 732 733 667
f 732 667 734
f 724 735 736
f 724 736 737
f 738 739 728
f 738 728 727
f 738 727 740
f 718 741 742
f 718 742 743
f 718 743 744
f 743 742 745
f 743 745 710
f 743 710 746
f 743 746 738
f 709 747 715
f 709 715 748
f 749 750 707
f 749 707 703
f 749 703 751
f 752 708 707
f 752 707 750
f 752 750 711
f 752 711 710
f 752 710 745
f 752 745 741
f 752 741 718
f 752 718 721
f 752 721 740
f 752 740 727
f 752 727 731
f 752 731 753
f 737 736 666
f 737 666 669
f 737 669 752
f 737 752 753
f 754 735 724
f 754 724 723
f 754 723 739
f 754 739 738
f 754 738 746
f 754 746 716
f 754 716 715
f 754 715 747
f 754 747 712
f 754 712 706
f 754 706 705
f 754 705 755
f 668 667 733
f 668 733 754
f 668 754 755
f 755 705 708
f 755 708 752
f 669 668 755
f 669 755 752
f 745 576 583
f 745 583 741
f 554 581 740
f 554 740 721
f 575 591 666
f 575 666 736
f 563 574 737
f 563 737 753
f 563 753 731
f 596 597 711
f 596 711 750
f 558 542 739
f 558 739 723
f 567 550 716
f 567 716 746
f 566 546 712
f 566 712 747
f 570 569 568
f 570 568 735
f 570 735 754
f 570 754 733
f 735 568 572
f 735 572 732
f 573 575 736
f 573 736 734
f 572 570 733
f 572 733 732
f 667 571 573
f 667 573 734
f 577 566 747
f 577 747 709
f 534 533 751
f 534 751 703
f 737 574 564
f 737 564 730
f 565 561 725
f 565 725 729
f 552 578 748
f 552 748 714
f 532 596 750
f 532 750 749
f 564 563 731
f 564 731 730
f 711 597 532
f 711 532 749
f 541 565 729
f 541 729 728
f 578 545 710
f 578 710 748
f 561 560 726
f 561 726 725
f 555 554 721
f 555 721 720
f 560 541 728
f 560 728 726
f 740 581 555
f 740 555 720
f 741 583 539
f 741 539 742
f 553 552 714
f 553 714 713
f 559 558 723
f 559 723 722
f 537 556 719
f 537 719 744
f 538 537 744
f 538 744 743
f 716 550 549
f 716 549 717
f 556 543 738
f 556 738 719
f 739 542 559
f 739 559 722
f 549 567 746
f 549 746 717
f 738 543 538
f 738 538 743
f 539 576 745
f 539 745 742
f 710 545 553
f 710 553 713
f 712 546 577
f 712 577 709
f 533 548 704
f 533 704 751
f 756 757 758
f 756 758 759
f 756 759 475
f 756 475 477
f 760 761 762
f 760 762 763
f 760 763 494
f 760 494 485
f 764 765 766
f 764 766 767
f 764 767 768
f 764 768 769
f 770 771 760
f 770 760 772
f 773 774 775
f 773 775 772
f 773 772 763
f 773 763 776
f 777 778 779
f 777 779 764
f 766 765 773
f 766 773 780
f 766 780 781
f 782 783 784
f 782 784 756
f 771 775 774
f 771 774 779
f 771 779 778
f 771 778 769
f 771 769 768
f 771 768 759
f 771 759 758
f 771 758 761
f 771 761 760
f 757 756 784
f 757 784 767
f 757 767 766
f 757 766 781
f 757 781 776
f 757 776 763
f 757 763 762
f 761 758 757
f 761 757 762
f 478 475 759
f 478 759 768
f 482 481 779
f 482 779 774
f 480 479 769
f 480 769 778
f 484 483 775
f 484 775 771
f 488 767 784
f 488 784 497
f 495 493 776
f 495 776 781
f 775 483 486
f 775 486 770
f 487 494 763
f 487 763 772
f 486 484 771
f 486 771 770
f 760 485 487
f 760 487 772
f 779 481 491
f 779 491 764
f 498 497 784
f 498 784 783
f 776 493 496
f 776 496 780
f 492 482 774
f 492 774 773
f 767 488 498
f 767 498 783
f 496 495 781
f 496 781 780
f 491 490 765
f 491 765 764
f 490 492 773
f 490 773 765
f 769 479 500
f 769 500 777
f 500 480 778
f 500 778 777
f 499 478 768
f 499 768 782
f 756 477 499
f 756 499 782
f 67 66 467
f 67 467 464
f 67 464 463
f 472 471 470
f 472 470 77
f 472 77 76
f 472 76 88
f 472 88 86
f 472 86 73
f 472 73 72
f 470 469 785
f 470 785 90
f 470 90 80
f 470 80 77
f 152 151 786
f 152 786 787
f 152 787 354
f 788 789 350
f 788 350 347
f 788 347 790
f 633 791 621
f 792 638 623
f 791 792 793
f 791 793 794
f 787 786 794
f 787 794 789
f 346 329 468
f 346 468 790
f 346 790 347
f 638 792 624
f 791 633 625
f 624 792 791
f 624 791 625
f 468 474 664
f 468 664 663
f 468 663 790
f 795 785 469
f 795 469 328
f 795 328 796
f 785 795 794
f 785 794 793
f 785 793 90
f 795 796 350
f 795 350 789
f 795 789 794
f 797 798 799
f 797 799 800
f 797 800 801
f 797 801 802
f 802 801 803
f 802 803 804
f 802 804 142
f 802 142 134
f 802 134 137
f 802 137 148
f 802 148 426
f 802 426 420
f 802 420 419
f 802 419 418
f 805 804 803
f 805 803 806
f 805 806 807
f 808 377 383
f 808 383 798
f 809 810 799
f 809 799 807
f 810 508 507
f 607 809 605
f 803 811 135
f 803 135 134
f 812 813 139
f 812 139 138
f 814 815 809
f 814 809 807
f 814 807 806
f 814 806 816
f 806 803 811
f 806 811 816
f 524 815 517
f 817 613 610
f 792 817 818
f 792 818 793
f 818 819 820
f 818 820 793
f 821 822 823
f 821 823 824
f 821 824 825
f 821 825 826
f 821 826 827
f 826 828 829
f 826 829 830
f 826 830 827
f 823 589 582
f 822 821 520
f 822 520 526
f 825 824 64
f 825 64 85
f 829 812 138
f 829 138 141
f 831 832 833
f 831 833 812
f 831 812 829
f 834 835 831
f 834 831 829
f 834 829 828
f 820 819 833
f 820 833 832
f 820 832 836
f 81 92 837
f 81 837 838
f 837 838 839
f 837 839 840
f 837 840 841
f 837 841 842
f 837 842 843
f 842 831 835
f 842 835 843
f 844 603 512
f 587 845 588
f 617 846 516
f 847 665 590
f 848 846 849
f 848 849 850
f 836 832 848
f 836 848 850
f 90 793 850
f 90 850 91
f 847 849 619
f 847 619 665
f 613 817 614
f 614 817 792
f 614 792 623
f 846 617 616
f 849 846 616
f 849 616 619
f 793 820 836
f 793 836 850
f 849 847 845
f 849 845 839
f 849 839 838
f 849 838 837
f 849 837 850
f 837 92 91
f 837 91 850
f 588 845 847
f 588 847 590
f 840 844 846
f 840 846 848
f 840 848 841
f 848 832 831
f 848 831 842
f 848 842 841
f 516 846 844
f 516 844 512
f 825 85 84
f 825 84 851
f 589 823 585
f 845 587 586
f 845 586 839
f 822 526 525
f 604 603 844
f 604 844 840
f 586 604 840
f 586 840 839
f 585 823 822
f 585 822 525
f 852 853 854
f 852 854 834
f 852 834 828
f 852 828 826
f 852 826 825
f 852 825 851
f 834 854 855
f 834 855 856
f 834 856 837
f 834 837 843
f 834 843 835
f 857 856 855
f 857 855 858
f 857 858 859
f 854 853 860
f 854 860 861
f 854 861 858
f 854 858 855
f 862 860 853
f 862 853 852
f 857 838 837
f 857 837 856
f 75 79 858
f 75 858 861
f 78 82 857
f 78 857 859
f 857 82 81
f 857 81 838
f 858 79 78
f 858 78 859
f 87 89 860
f 87 860 862
f 860 89 75
f 860 75 861
f 84 93 852
f 84 852 851
f 852 93 87
f 852 87 862
f 823 863 864
f 823 864 865
f 823 865 824
f 864 863 594
f 864 594 593
f 866 865 867
f 866 867 868
f 866 868 144
f 866 144 143
f 804 805 866
f 804 866 143
f 804 143 142
f 64 824 865
f 64 865 866
f 64 866 65
f 66 65 866
f 66 866 805
f 594 863 595
f 584 595 863
f 584 863 823
f 584 823 582
f 868 869 813
f 868 813 811
f 868 811 803
f 812 829 869
f 812 869 813
f 813 869 829
f 813 829 812
f 870 601 521
f 865 864 870
f 865 870 871
f 865 871 867
f 871 869 868
f 871 868 867
f 870 821 827
f 870 827 830
f 870 830 871
f 830 829 869
f 830 869 871
f 821 870 521
f 821 521 520
f 805 866 865
f 805 865 807
f 865 866 805
f 865 805 807
f 601 870 602
f 593 602 870
f 593 870 864
f 815 524 523
f 605 809 815
f 605 815 523
f 868 867 865
f 868 865 807
f 868 807 806
f 868 806 803
f 865 867 868
f 865 868 803
f 865 803 806
f 865 806 807
f 813 869 140
f 813 140 139
f 829 141 140
f 829 140 869
f 144 868 803
f 144 803 134
f 354 787 872
f 354 872 355
f 873 872 787
f 873 787 786
f 873 786 874
f 873 874 875
f 873 875 876
f 873 876 801
f 873 801 802
f 876 875 874
f 876 874 786
f 876 786 787
f 876 787 872
f 876 872 873
f 876 873 802
f 876 802 801
f 813 812 833
f 813 833 819
f 813 819 874
f 813 874 875
f 813 875 876
f 813 876 811
f 414 357 356
f 414 356 355
f 414 355 872
f 414 872 873
f 414 873 802
f 414 802 418
f 803 801 876
f 803 876 811
f 877 878 879
f 877 879 413
f 877 413 409
f 814 816 811
f 814 811 876
f 814 876 880
f 814 880 881
f 882 815 814
f 882 814 881
f 529 882 511
f 872 883 884
f 872 884 879
f 872 879 873
f 885 886 887
f 885 887 888
f 885 888 884
f 885 884 883
f 885 889 890
f 885 890 886
f 661 659 658
f 661 658 887
f 661 887 886
f 661 886 890
f 887 658 657
f 887 657 877
f 887 877 888
f 891 662 661
f 891 661 890
f 891 890 889
f 891 889 892
f 787 789 788
f 787 788 893
f 787 893 883
f 787 883 872
f 790 891 892
f 790 892 893
f 790 893 788
f 663 662 891
f 663 891 790
f 894 612 611
f 818 817 894
f 818 894 895
f 874 819 818
f 874 818 895
f 894 791 794
f 894 794 895
f 794 786 874
f 794 874 895
f 621 791 894
f 621 894 611
f 612 894 609
f 882 529 528
f 517 815 882
f 517 882 528
f 609 894 817
f 609 817 610
f 394 397 884
f 394 884 888
f 885 883 363
f 885 363 359
f 353 352 893
f 353 893 892
f 353 892 889
f 353 889 885
f 353 885 359
f 893 352 363
f 893 363 883
f 401 394 888
f 401 888 877
f 401 877 409
f 884 397 407
f 884 407 413
f 884 413 879
f 799 810 882
f 799 882 881
f 799 881 880
f 799 880 800
f 880 876 801
f 880 801 800
f 877 657 656
f 877 656 808
f 877 808 798
f 877 798 797
f 877 797 878
f 797 802 873
f 797 873 879
f 797 879 878
f 511 882 810
f 511 810 507
f 811 876 136
f 811 136 135
f 874 786 151
f 874 151 150
f 874 150 149
f 874 149 875
f 149 136 876
f 149 876 875
f 896 897 442
f 896 442 467
f 805 807 799
f 805 799 798
f 805 798 383
f 805 383 898
f 805 898 897
f 805 897 896
f 66 805 896
f 66 896 467
f 809 607 606
f 377 808 465
f 377 465 378
f 508 810 509
f 509 810 809
f 509 809 606
f 808 656 476
f 808 476 466
f 808 466 465
f 899 900 901
f 899 901 902
f 902 443 447
f 902 447 450
f 902 450 449
f 902 449 899
f 901 900 903
f 901 903 904
f 899 449 453
f 899 453 461
f 899 461 903
f 899 903 900
f 901 904 905
f 901 905 444
f 901 444 443
f 901 443 902
f 906 907 908
f 906 908 909
f 906 909 910
f 906 910 911
f 906 911 912
f 906 912 913
f 906 913 914
f 906 914 915
f 906 915 916
f 906 916 917
f 906 917 918
f 906 918 919
f 903 920 921
f 903 921 907
f 903 907 906
f 903 906 922
f 903 922 904
f 923 924 925
f 923 925 926
f 923 926 927
f 923 927 928
f 923 928 929
f 923 929 930
f 931 932 929
f 931 929 928
f 931 928 933
f 934 935 936
f 934 936 932
f 934 932 931
f 933 937 934
f 933 934 931
f 937 938 935
f 937 935 934
f 927 939 940
f 927 940 941
f 927 941 938
f 927 938 937
f 927 937 933
f 927 933 928
f 942 943 944
f 942 944 945
f 942 945 946
f 942 946 926
f 942 926 925
f 942 925 947
f 927 926 946
f 927 946 948
f 927 948 949
f 927 949 939
f 55 58 942
f 55 942 947
f 55 947 950
f 55 950 56
f 951 952 953
f 951 953 954
f 951 954 955
f 951 955 956
f 957 958 959
f 957 959 960
f 957 960 961
f 962 963 964
f 962 964 965
f 962 965 959
f 962 959 966
f 967 968 969
f 967 969 970
f 957 961 971
f 957 971 972
f 968 967 973
f 968 973 974
f 968 974 975
f 968 975 976
f 968 976 977
f 973 967 970
f 973 970 978
f 973 978 979
f 980 981 982
f 980 982 983
f 980 983 984
f 980 984 985
f 980 985 986
f 980 986 987
f 980 987 975
f 980 975 974
f 980 974 965
f 980 965 964
f 987 988 989
f 987 989 990
f 987 990 975
f 991 992 993
f 991 993 981
f 991 981 980
f 991 980 951
f 991 951 956
f 994 995 996
f 994 996 997
f 998 999 1000
f 998 1000 1001
f 998 1001 1002
f 998 1002 1003
f 998 1003 1004
f 1005 1006 1007
f 1005 1007 1001
f 1005 1001 1000
f 998 1008 1009
f 998 1009 999
f 1010 995 994
f 1010 994 1011
f 1010 1011 1012
f 1010 1012 1013
f 1010 1013 1014
f 1010 1014 1015
f 1014 1016 1017
f 1014 1017 1015
f 1018 1019 1020
f 1018 1020 913
f 1018 913 912
f 911 1021 1022
f 911 1022 1023
f 911 1023 1018
f 911 1018 912
f 1024 1025 1026
f 1024 1026 1027
f 1024 1027 1028
f 1024 1028 1029
f 1030 346 345
f 1030 345 1031
f 1030 1031 1032
f 1033 1034 1035
f 1033 1035 1036
f 1033 1036 997
f 1033 997 996
f 1033 996 1037
f 1033 1037 1038
f 1039 1040 1041
f 1039 1041 1033
f 1039 1033 1038
f 1039 1038 1042
f 1039 1042 1043
f 1039 1043 1044
f 1039 1044 1045
f 343 336 335
f 343 335 1046
f 343 1046 1039
f 343 1039 1045
f 1047 1048 1049
f 1047 1049 1050
f 989 988 1051
f 989 1051 1052
f 989 1052 1053
f 989 1053 1054
f 1053 1055 1056
f 1053 1056 1057
f 1053 1057 1058
f 1053 1058 1059
f 1053 1059 1060
f 1053 1060 1061
f 1053 1061 1062
f 1053 1062 1054
f 1063 1064 325
f 1063 325 324
f 1063 324 1065
f 1063 1065 1066
f 1067 326 325
f 1067 325 1064
f 1067 1064 1068
f 1069 1070 1063
f 1069 1063 1066
f 1071 1072 1073
f 1071 1073 1074
f 1064 1063 1072
f 1064 1072 1071
f 1075 1076 1077
f 1075 1077 1078
f 1070 1068 1075
f 1070 1075 1078
f 1071 1075 1068
f 1071 1068 1064
f 1076 1075 1071
f 1076 1071 1074
f 1072 1078 1077
f 1072 1077 1073
f 1063 1070 1078
f 1063 1078 1072
f 1072 1078 1075
f 1072 1075 1071
f 1071 1075 1078
f 1071 1078 1072
f 1073 1077 1076
f 1073 1076 1074
f 324 323 1079
f 324 1079 1065
f 326 1067 1080
f 326 1080 1081
f 326 1081 1082
f 326 1082 328
f 328 1082 1083
f 328 1083 796
f 1084 1085 1086
f 1084 1086 1087
f 1067 1068 1070
f 1067 1070 1069
f 1067 1069 1088
f 1067 1088 1086
f 1067 1086 1085
f 1067 1085 1080
f 1084 1087 1089
f 1084 1089 1090
f 1084 1090 1091
f 1084 1091 1092
f 1084 1092 1083
f 1084 1083 1082
f 1084 1082 1081
f 323 322 1093
f 323 1093 1094
f 323 1094 1095
f 323 1095 1096
f 323 1096 1097
f 323 1097 1098
f 323 1098 1099
f 323 1099 1100
f 323 1100 1079
f 1099 1086 1088
f 1099 1088 1100
f 1095 1101 1102
f 1095 1102 1096
f 1097 1103 1104
f 1097 1104 1098
f 1093 1080 1085
f 1093 1085 1094
f 1066 1065 1079
f 1066 1079 1100
f 1066 1100 1088
f 1066 1088 1069
f 1105 1081 1080
f 1105 1080 1093
f 1105 1093 322
f 1105 322 329
f 1105 329 346
f 1105 346 1030
f 1106 1032 1107
f 1106 1107 1108
f 1106 1108 1090
f 1106 1090 1089
f 1109 1110 1111
f 1109 1111 1112
f 1109 1112 1113
f 1109 1113 1114
f 1109 1114 1105
f 1109 1105 1030
f 1109 1030 1032
f 1109 1032 1106
f 1109 1099 1098
f 1109 1098 1110
f 1111 1097 1096
f 1111 1096 1112
f 1113 1095 1094
f 1113 1094 1114
f 1111 1115 1103
f 1111 1103 1097
f 1113 1116 1101
f 1113 1101 1095
f 1114 1084 1081
f 1114 1081 1105
f 1114 1094 1085
f 1114 1085 1084
f 1116 1117 1102
f 1116 1102 1101
f 1112 1117 1116
f 1112 1116 1113
f 1096 1102 1117
f 1096 1117 1112
f 1106 1089 1087
f 1106 1087 1109
f 1110 1118 1115
f 1110 1115 1111
f 1098 1104 1118
f 1098 1118 1110
f 1115 1118 1104
f 1115 1104 1103
f 1099 1109 1087
f 1099 1087 1086
f 950 1119 1120
f 950 1120 1121
f 950 1121 1122
f 950 1122 50
f 950 50 56
f 1123 1121 1120
f 1123 1120 930
f 929 932 936
f 929 936 1124
f 929 1124 1125
f 929 1125 1126
f 929 1126 1123
f 929 1123 930
f 1121 1123 1126
f 1121 1126 1127
f 1121 1127 1128
f 1121 1128 1129
f 1121 1129 1130
f 1121 1130 1122
f 1130 51 50
f 1130 50 1122
f 1131 1132 1133
f 1131 1133 1125
f 1131 1125 1124
f 1132 1134 1128
f 1132 1128 1127
f 1132 1127 1133
f 966 959 958
f 966 958 1135
f 966 1135 1136
f 966 1136 1137
f 966 1137 1138
f 1137 1139 1140
f 1137 1140 955
f 1137 955 954
f 1137 954 1138
f 1139 1141 1142
f 1139 1142 1143
f 1139 1143 1140
f 1144 1145 1146
f 1144 1146 1147
f 1144 1147 1148
f 1144 1148 1141
f 1144 1141 1139
f 1144 1139 1137
f 1144 1137 1136
f 1144 1136 1135
f 1144 1135 1149
f 1131 1147 1146
f 1131 1146 132
f 1131 132 131
f 1131 131 130
f 1131 130 1132
f 130 129 1134
f 130 1134 1132
f 1150 991 956
f 1150 956 955
f 1150 955 1140
f 1151 1152 1153
f 1151 1153 1154
f 1155 1141 1148
f 1155 1148 1156
f 1156 1148 1147
f 1156 1147 1157
f 1156 1157 1158
f 1156 1158 1159
f 1160 1158 1157
f 1160 1157 1161
f 1159 1162 1163
f 1159 1163 1164
f 1159 1164 1165
f 1159 1165 1166
f 1159 1166 992
f 1159 992 991
f 1159 991 1150
f 1159 1150 1155
f 1159 1155 1156
f 1164 1167 1168
f 1164 1168 1165
f 1160 1169 1170
f 1160 1170 1158
f 1161 126 125
f 1161 125 133
f 1161 133 1169
f 1161 1169 1160
f 133 132 1146
f 133 1146 1145
f 133 1145 1170
f 133 1170 1169
f 1171 1049 1048
f 1171 1048 1172
f 1171 1172 1173
f 1171 1173 1174
f 1171 1174 1175
f 1174 1176 1177
f 1174 1177 1178
f 1174 1178 1179
f 1174 1179 1180
f 1174 1180 1181
f 1174 1181 1182
f 1174 1182 1183
f 1174 1183 1175
f 1181 1184 1185
f 1181 1185 1186
f 1181 1186 1168
f 1181 1168 1167
f 1181 1167 1182
f 1187 1188 1189
f 1187 1189 1190
f 1191 1188 1187
f 1191 1187 1192
f 1191 1192 1162
f 1191 1162 1159
f 1191 1159 1193
f 1194 1191 1195
f 1194 1195 1196
f 1197 1198 1199
f 1197 1199 1200
f 1201 1202 1203
f 1201 1203 1204
f 1201 1204 1205
f 1163 1162 1192
f 1163 1192 1206
f 1207 1208 1209
f 1207 1209 1210
f 1211 1212 1213
f 1211 1213 1214
f 1215 1216 1198
f 1215 1198 1197
f 1215 1197 1202
f 1215 1202 1201
f 1215 1201 1195
f 1215 1195 1191
f 1215 1191 1193
f 1215 1193 1144
f 1215 1144 1149
f 1215 1149 1217
f 1053 1052 1212
f 1053 1212 1211
f 1053 1211 1218
f 1053 1218 1219
f 1053 1219 1208
f 1053 1208 1207
f 1053 1207 1220
f 1053 1220 1215
f 1053 1215 1217
f 1053 1217 1221
f 1053 1221 1055
f 1219 1218 1222
f 1219 1222 1223
f 1216 1215 1220
f 1216 1220 1224
f 1216 1224 1225
f 1183 1182 1167
f 1183 1167 1164
f 1183 1164 1163
f 1183 1163 1206
f 1183 1206 1190
f 1183 1190 1189
f 1183 1189 1194
f 1183 1194 1196
f 1183 1196 1205
f 1183 1205 1204
f 1171 1175 1183
f 1171 1183 1204
f 1171 1204 1203
f 1171 1203 1200
f 1171 1200 1199
f 1171 1199 1225
f 1171 1225 1224
f 1171 1224 1210
f 1171 1210 1209
f 1171 1209 1223
f 1222 1214 1213
f 1222 1213 1050
f 1222 1050 1049
f 1222 1049 1171
f 1222 1171 1223
f 1193 1159 1158
f 1193 1158 1170
f 1170 1145 1144
f 1170 1144 1193
f 1203 1202 1226
f 1203 1226 1227
f 1203 1227 1228
f 1228 1227 1229
f 1230 1231 1232
f 1230 1232 1233
f 1234 1235 1236
f 1234 1236 1237
f 1234 1237 984
f 1234 984 983
f 1230 1233 1234
f 1230 1234 983
f 1230 983 982
f 1230 982 1226
f 1238 1239 1240
f 1238 1240 1241
f 1238 1241 986
f 1238 986 985
f 1240 1242 1243
f 1240 1243 1241
f 1238 985 984
f 1238 984 1237
f 1244 1245 1246
f 1244 1246 1247
f 1243 1244 1247
f 1243 1247 1248
f 1243 1248 1249
f 1243 1249 1051
f 1243 1051 988
f 1243 988 987
f 1243 987 986
f 1243 986 1241
f 1248 1250 1251
f 1248 1251 1249
f 1245 1252 1253
f 1254 1246 1255
f 1256 1251 1250
f 1256 1250 1257
f 1048 1047 1256
f 1048 1256 1257
f 1048 1257 1255
f 1048 1255 1172
f 1258 1251 1256
f 1258 1256 1047
f 1258 1047 1259
f 1250 1260 1257
f 1254 1255 1257
f 1254 1257 1260
f 1253 1173 1172
f 1253 1172 1255
f 1253 1255 1246
f 1253 1246 1245
f 1261 1232 1262
f 1263 1236 1235
f 1263 1235 1264
f 1265 1242 1240
f 1265 1240 1239
f 1265 1239 1266
f 1174 1173 1253
f 1174 1253 1265
f 1174 1265 1266
f 1174 1266 1263
f 1174 1263 1264
f 1174 1264 1262
f 1174 1262 1176
f 1267 1236 1263
f 1239 1268 1266
f 1269 1242 1265
f 1269 1265 1253
f 1269 1253 1252
f 1267 1263 1266
f 1267 1266 1268
f 1235 1270 1264
f 1261 1262 1264
f 1261 1264 1270
f 1231 1271 1272
f 1272 1177 1176
f 1272 1176 1262
f 1272 1262 1232
f 1272 1232 1231
f 1272 1229 1178
f 1272 1178 1177
f 1228 1229 1272
f 1228 1272 1271
f 1207 1210 1268
f 1207 1268 1239
f 1207 1239 1238
f 1222 1218 1247
f 1222 1247 1246
f 1222 1246 1254
f 1211 1214 1260
f 1211 1260 1250
f 1211 1250 1248
f 1213 1212 1249
f 1213 1249 1251
f 1213 1251 1258
f 1249 1212 1052
f 1249 1052 1051
f 1259 1050 1213
f 1259 1213 1258
f 1260 1214 1222
f 1260 1222 1254
f 1247 1218 1211
f 1247 1211 1248
f 1219 1223 1252
f 1219 1252 1245
f 1219 1245 1244
f 1209 1208 1243
f 1209 1243 1242
f 1209 1242 1269
f 1243 1208 1219
f 1243 1219 1244
f 1252 1223 1209
f 1252 1209 1269
f 1216 1225 1270
f 1216 1270 1235
f 1216 1235 1234
f 1224 1220 1237
f 1224 1237 1236
f 1224 1236 1267
f 1268 1210 1224
f 1268 1224 1267
f 1237 1220 1207
f 1237 1207 1238
f 1199 1198 1233
f 1199 1233 1232
f 1199 1232 1261
f 1270 1225 1199
f 1270 1199 1261
f 1233 1198 1216
f 1233 1216 1234
f 1197 1200 1271
f 1197 1271 1231
f 1197 1231 1230
f 1226 1202 1197
f 1226 1197 1230
f 1271 1200 1203
f 1271 1203 1228
f 1166 1165 1273
f 1166 1273 1274
f 1275 1276 1277
f 1275 1277 1278
f 1279 1280 1281
f 1279 1281 1282
f 1227 1226 982
f 1227 982 981
f 1227 981 993
f 1227 993 1283
f 1227 1283 1284
f 1274 1275 1278
f 1274 1278 1279
f 1274 1279 1282
f 1274 1282 1283
f 1274 1283 993
f 1274 993 992
f 1274 992 1166
f 1280 1285 1286
f 1284 1287 1288
f 1288 1179 1178
f 1288 1178 1229
f 1288 1229 1227
f 1288 1227 1284
f 1289 1281 1290
f 1288 1290 1180
f 1288 1180 1179
f 1289 1290 1288
f 1289 1288 1287
f 1286 1181 1180
f 1286 1180 1290
f 1286 1290 1281
f 1286 1281 1280
f 1276 1291 1292
f 1293 1277 1294
f 1286 1294 1184
f 1286 1184 1181
f 1293 1294 1286
f 1293 1286 1285
f 1292 1185 1184
f 1292 1184 1294
f 1292 1294 1277
f 1292 1277 1276
f 1295 1273 1296
f 1292 1296 1186
f 1292 1186 1185
f 1295 1296 1292
f 1295 1292 1291
f 1296 1273 1165
f 1296 1165 1168
f 1296 1168 1186
f 1191 1194 1285
f 1191 1285 1280
f 1191 1280 1279
f 1201 1205 1287
f 1201 1287 1284
f 1201 1284 1283
f 1196 1195 1282
f 1196 1282 1281
f 1196 1281 1289
f 1287 1205 1196
f 1287 1196 1289
f 1282 1195 1201
f 1282 1201 1283
f 1187 1190 1291
f 1187 1291 1276
f 1187 1276 1275
f 1189 1188 1278
f 1189 1278 1277
f 1189 1277 1293
f 1285 1194 1189
f 1285 1189 1293
f 1278 1188 1191
f 1278 1191 1279
f 1206 1192 1274
f 1206 1274 1273
f 1206 1273 1295
f 1291 1190 1206
f 1291 1206 1295
f 1274 1192 1187
f 1274 1187 1275
f 941 940 1297
f 941 1297 1298
f 941 1298 1299
f 941 1299 1300
f 1301 1302 1300
f 1301 1300 1303
f 1301 1303 1304
f 1305 1306 1307
f 1305 1307 1308
f 1305 1308 1309
f 1307 1306 1310
f 1299 1298 1303
f 939 949 1310
f 939 1310 1306
f 939 1306 1305
f 939 1305 1311
f 939 1311 1297
f 939 1297 940
f 1124 936 935
f 1124 935 938
f 1124 938 941
f 1124 941 1300
f 1124 1300 1302
f 1124 1302 1131
f 1157 1147 1131
f 1157 1131 1302
f 1157 1302 1301
f 1157 1301 1161
f 1161 1301 127
f 1161 127 126
f 1312 1155 1150
f 1312 1150 1313
f 1314 1313 1143
f 1314 1143 1315
f 1155 1312 1142
f 1155 1142 1141
f 1312 1316 1317
f 1312 1317 1318
f 1312 1318 1319
f 1312 1319 1142
f 1313 1150 1140
f 1313 1140 1143
f 1320 1316 1312
f 1320 1312 1313
f 1320 1313 1314
f 1321 1322 1317
f 1321 1317 1316
f 1321 1316 1320
f 1323 1318 1317
f 1323 1317 1322
f 1324 1319 1318
f 1324 1318 1323
f 1324 1323 1325
f 1325 1321 1320
f 1325 1320 1314
f 1325 1314 1315
f 1325 1315 1324
f 1321 1151 1154
f 1321 1154 1322
f 1152 1325 1323
f 1152 1323 1153
f 1321 1325 1152
f 1321 1152 1151
f 1154 1153 1323
f 1154 1323 1322
f 1142 1319 1324
f 1142 1324 1315
f 1142 1315 1143
f 1326 1327 1328
f 1326 1328 1329
f 1326 1329 1330
f 1326 1330 1331
f 1326 1331 1332
f 1326 1332 52
f 1326 52 51
f 1326 51 1130
f 1326 1130 1129
f 1128 1333 1334
f 1128 1334 1335
f 1128 1335 1336
f 1128 1336 1326
f 1128 1326 1129
f 1333 1297 1311
f 1333 1311 1337
f 1333 1337 1338
f 1333 1338 1339
f 1333 1339 1340
f 1333 1340 1334
f 1341 1342 1331
f 1341 1331 1330
f 1343 60 53
f 1343 53 52
f 1343 52 1332
f 1344 1345 61
f 1344 61 60
f 1344 60 1343
f 1344 1343 1342
f 1344 1342 1341
f 1344 1341 1346
f 1344 1346 1347
f 1344 1347 1348
f 1344 1348 1349
f 1350 1351 1352
f 1350 1352 1353
f 1350 1353 1344
f 1350 1344 1349
f 1350 1349 1348
f 1350 1348 1327
f 1350 1327 1326
f 1350 1326 1336
f 1305 1354 1337
f 1305 1337 1311
f 1355 1352 1334
f 1355 1334 1340
f 1356 1357 1339
f 1356 1339 1338
f 1353 1352 1355
f 1353 1355 1357
f 1353 1357 1356
f 1353 1356 1354
f 1353 1354 1305
f 1353 1305 1309
f 1347 1346 1329
f 1347 1329 1328
f 1352 1351 1335
f 1352 1335 1334
f 1358 128 127
f 1358 127 1301
f 1358 1301 1304
f 1358 1304 1359
f 1134 1360 1361
f 1134 1361 1333
f 1134 1333 1128
f 1360 1358 1359
f 1360 1359 1361
f 1360 1134 129
f 1360 129 128
f 1360 128 1358
f 1303 1298 1361
f 1303 1361 1359
f 1303 1359 1304
f 1297 1333 1361
f 1297 1361 1298
f 1362 1363 1364
f 1362 1364 1365
f 1344 1353 1309
f 1344 1309 1308
f 1344 1308 1366
f 1344 1366 1367
f 1344 1367 1345
f 1367 62 61
f 1367 61 1345
f 1354 1356 1368
f 1354 1368 1369
f 1357 1355 1370
f 1357 1370 1371
f 1351 1350 1372
f 1351 1372 1373
f 1348 1347 1374
f 1348 1374 1375
f 1346 1341 1376
f 1346 1376 1377
f 1342 1343 1378
f 1342 1378 1379
f 1380 1375 1374
f 1380 1374 1377
f 1380 1377 1376
f 1380 1376 1379
f 1380 1379 1378
f 1380 1378 59
f 1380 59 62
f 1380 62 1367
f 1380 1367 1366
f 1308 1307 1369
f 1308 1369 1368
f 1308 1368 1371
f 1308 1371 1370
f 1308 1370 1373
f 1308 1373 1372
f 1308 1372 1380
f 1308 1380 1366
f 1381 1382 1383
f 1381 1383 1374
f 1381 1374 1347
f 1381 1347 1328
f 1384 1385 1386
f 1354 1369 1384
f 1354 1384 1386
f 1354 1386 1337
f 949 948 1385
f 949 1385 1384
f 949 1384 1310
f 1307 1310 1384
f 1307 1384 1369
f 1386 1385 1387
f 1386 1387 1338
f 1386 1338 1337
f 1388 1389 1340
f 1388 1340 1339
f 1390 1391 1392
f 1390 1392 1336
f 1390 1336 1335
f 1393 1382 1381
f 1393 1381 1328
f 1393 1328 1327
f 1351 1394 1395
f 1351 1395 1390
f 1351 1390 1335
f 1395 1394 1373
f 1396 1397 1370
f 1389 1397 1396
f 1389 1396 1355
f 1389 1355 1340
f 1388 1398 1399
f 1388 1399 1387
f 1400 1399 1368
f 1398 1401 1371
f 1368 1399 1398
f 1368 1398 1371
f 1357 1401 1398
f 1357 1398 1388
f 1357 1388 1339
f 1387 1399 1400
f 1387 1400 1356
f 1387 1356 1338
f 1390 1395 1397
f 1390 1397 1389
f 1370 1397 1395
f 1370 1395 1373
f 1392 1402 1372
f 1392 1372 1350
f 1392 1350 1336
f 1392 1391 1402
f 1393 1403 1402
f 1393 1402 1391
f 1403 1404 1375
f 1380 1372 1402
f 1380 1402 1403
f 1380 1403 1375
f 1348 1404 1403
f 1348 1403 1393
f 1348 1393 1327
f 1393 1391 1390
f 1393 1390 1389
f 1393 1389 1388
f 1393 1388 1387
f 1393 1387 1385
f 1393 1385 948
f 1393 948 946
f 1393 946 945
f 1393 945 1382
f 1405 1406 1407
f 1405 1407 1378
f 1405 1378 1343
f 1405 1343 1332
f 1408 1409 1410
f 1346 1377 1408
f 1346 1408 1410
f 1346 1410 1329
f 1382 945 944
f 1382 944 1409
f 1382 1409 1408
f 1382 1408 1383
f 1374 1383 1408
f 1374 1408 1377
f 1411 1412 1406
f 1411 1406 1405
f 1411 1405 1332
f 1411 1332 1331
f 1410 1409 1413
f 1410 1413 1330
f 1410 1330 1329
f 1414 1415 1376
f 1413 1415 1414
f 1413 1414 1341
f 1413 1341 1330
f 1342 1379 1416
f 1342 1416 1411
f 1342 1411 1331
f 1416 1412 1411
f 1412 1416 1415
f 1412 1415 1413
f 1376 1415 1416
f 1376 1416 1379
f 1412 1413 1409
f 1412 1409 944
f 1412 944 943
f 1412 943 1406
f 57 1407 1406
f 57 1406 943
f 57 943 942
f 57 942 58
f 57 59 1378
f 57 1378 1407
f 1365 1127 1126
f 1365 1126 1362
f 1363 1125 1133
f 1363 1133 1364
f 1364 1133 1127
f 1364 1127 1365
f 1362 1126 1125
f 1362 1125 1363
f 124 120 1417
f 124 1417 1418
f 120 119 1419
f 120 1419 1417
f 1420 1149 1135
f 1420 1135 958
f 1420 958 957
f 1421 1422 1060
f 1421 1060 1059
f 1421 1059 1423
f 1424 1061 1060
f 1424 1060 1422
f 1425 1423 1059
f 1425 1059 1058
f 1425 1058 1426
f 1221 1217 1149
f 1221 1149 1420
f 1221 1420 1427
f 1221 1427 1428
f 1429 1056 1055
f 1429 1055 1221
f 1429 1221 1428
f 1430 1426 1058
f 1430 1058 1057
f 1430 1057 1431
f 1430 1431 1432
f 1429 1428 1427
f 1429 1427 1433
f 1429 1433 1432
f 1429 1432 1431
f 1057 1056 1429
f 1057 1429 1431
f 1421 1423 968
f 1421 968 977
f 1424 1422 976
f 1424 976 1434
f 1061 1424 1434
f 1061 1434 1435
f 1061 1435 1062
f 1422 1421 977
f 1422 977 976
f 1430 1432 979
f 1430 979 978
f 1425 1426 970
f 1425 970 969
f 1423 1425 969
f 1423 969 968
f 1426 1430 978
f 1426 978 970
f 1433 1427 972
f 1433 972 971
f 1432 1433 971
f 1432 971 979
f 1427 1420 957
f 1427 957 972
f 1436 1437 116
f 1436 116 115
f 1438 1436 115
f 1438 115 123
f 1439 1436 1438
f 1439 1438 1440
f 1439 1440 1441
f 1418 1417 1439
f 1418 1439 1441
f 1442 1443 1437
f 1442 1437 1436
f 1442 1436 1439
f 1417 1419 1442
f 1417 1442 1439
f 1439 1417 120
f 1439 120 114
f 1439 114 115
f 1439 115 1436
f 114 120 1417
f 114 1417 1439
f 114 1439 1436
f 114 1436 115
f 121 124 1418
f 121 1418 1441
f 121 1441 1440
f 121 1440 122
f 1440 1438 123
f 1440 123 122
f 1442 1419 119
f 1442 119 118
f 1442 118 117
f 1442 117 1443
f 117 116 1437
f 117 1437 1443
f 1444 1445 1446
f 1444 1446 1447
f 1444 1447 1448
f 1444 1448 1449
f 1444 1449 1450
f 1444 1450 1451
f 1452 1453 1444
f 1452 1444 1451
f 1454 1455 1456
f 1454 1456 1457
f 1454 1457 1458
f 1454 1458 1459
f 1454 1459 1460
f 1454 1460 1461
f 1454 1461 1462
f 1463 1464 1465
f 1463 1465 1454
f 1463 1454 1462
f 1461 1460 1466
f 1461 1466 1467
f 1461 1467 1468
f 1461 1468 1469
f 1461 1469 1470
f 1461 1470 1471
f 1467 1466 1472
f 1467 1472 1473
f 1467 1473 1474
f 1475 1476 1471
f 1475 1471 1470
f 1477 1478 1479
f 1477 1479 1480
f 1481 1482 1477
f 1481 1477 1480
f 1483 1484 1485
f 1483 1485 1486
f 1483 1486 1487
f 1483 1487 1488
f 1483 1488 1489
f 1490 1491 1483
f 1490 1483 1489
f 1492 1493 1494
f 1492 1494 1495
f 1492 1495 1496
f 1492 1496 1497
f 1492 1497 1498
f 1492 1498 1499
f 1492 1499 1500
f 1492 1500 1501
f 1492 1501 1502
f 1492 1502 1503
f 1504 1505 1506
f 1504 1506 1507
f 1504 1507 1508
f 1504 1508 1509
f 1504 1509 1492
f 1504 1492 1503
f 1510 1511 1512
f 1510 1512 1513
f 1510 1513 1514
f 1510 1514 1515
f 1510 1515 1516
f 1510 1516 1517
f 1514 1506 1505
f 1514 1505 1515
f 1513 1512 1508
f 1513 1508 1507
f 1518 1519 1520
f 1518 1520 1521
f 1518 1521 1522
f 1518 1522 1523
f 1524 1525 1519
f 1524 1519 1518
f 1510 1517 1526
f 1510 1526 1527
f 1510 1527 1528
f 1510 1528 1529
f 1510 1529 1530
f 1510 1530 1531
f 1510 1531 1532
f 1510 1532 1533
f 1510 1533 1534
f 1510 1534 1535
f 1524 1518 1523
f 1524 1523 1511
f 1524 1511 1510
f 1524 1510 1535
f 1536 1537 1538
f 1536 1538 1539
f 1536 1539 1540
f 1537 1541 1542
f 1537 1542 1538
f 1543 1544 1545
f 1543 1545 1546
f 1543 1546 1547
f 1544 1543 1541
f 1544 1541 1534
f 1544 1534 1533
f 1535 1534 1536
f 1535 1536 1540
f 1535 1540 1548
f 1535 1548 1524
f 1549 1550 1546
f 1549 1546 1545
f 1551 1526 1517
f 1551 1517 1516
f 1551 1516 1504
f 1551 1504 1503
f 1551 1503 1502
f 1551 1552 1527
f 1551 1527 1526
f 1553 1528 1527
f 1553 1527 1552
f 1553 1552 1501
f 1553 1501 1500
f 1553 1554 1529
f 1553 1529 1528
f 1555 1556 1530
f 1555 1530 1529
f 1555 1529 1554
f 1555 1554 1499
f 1555 1499 1498
f 1557 1556 1555
f 1557 1555 1558
f 1559 1560 1557
f 1559 1557 1558
f 1559 1558 1497
f 1559 1497 1496
f 1561 1560 1559
f 1561 1559 1562
f 1563 1561 1562
f 1563 1562 1495
f 1563 1495 1494
f 1563 1494 1564
f 1545 1544 1533
f 1545 1533 1532
f 1545 1532 1565
f 1545 1565 1566
f 1545 1566 1549
f 1531 1530 1556
f 1531 1556 1557
f 1531 1557 1560
f 1531 1560 1567
f 1531 1567 1568
f 1531 1568 1569
f 1531 1569 1570
f 1569 1571 1572
f 1569 1572 1573
f 1569 1573 1574
f 1569 1574 1570
f 1575 1576 1577
f 1575 1577 1578
f 1565 1579 1580
f 1565 1580 1566
f 1581 1582 1583
f 1581 1583 1584
f 1585 1586 1587
f 1585 1587 1574
f 1585 1574 1573
f 1588 1589 1587
f 1588 1587 1586
f 1567 1590 1591
f 1567 1591 1592
f 1567 1592 1593
f 1567 1593 1594
f 1567 1594 1595
f 1567 1595 1596
f 1567 1596 1568
f 1563 221 220
f 1563 220 224
f 1563 224 1597
f 1563 1597 1598
f 1563 1598 1591
f 1563 1591 1590
f 1567 1560 1561
f 1567 1561 1563
f 1567 1563 1590
f 1569 1568 1596
f 1569 1596 1599
f 1569 1599 1600
f 1569 1600 1601
f 1569 1601 1571
f 1602 1603 1599
f 1602 1599 1596
f 1602 1596 1595
f 1604 1600 1599
f 1604 1599 1603
f 1605 1592 1591
f 1605 1591 1598
f 224 223 1606
f 224 1606 1597
f 1011 994 1607
f 1011 1607 1608
f 1609 1610 1611
f 1609 1611 1612
f 1609 1612 1613
f 1614 1610 1609
f 1614 1609 1615
f 1612 1611 1616
f 1612 1616 1617
f 1612 1617 1618
f 1612 1618 1619
f 1616 1620 1621
f 1616 1621 1617
f 1622 1623 1624
f 1622 1624 1625
f 1622 1625 1626
f 1627 192 197
f 1627 197 1628
f 1615 1609 1613
f 1615 1613 1629
f 1630 1629 1613
f 1630 1613 1612
f 1630 1612 1619
f 1631 1632 1633
f 1631 1633 1634
f 1632 1635 1636
f 1632 1636 1637
f 1632 1637 1638
f 1632 1638 1633
f 1639 1640 1634
f 1639 1634 1633
f 1639 1633 1638
f 1641 1642 1639
f 1641 1639 1638
f 1641 1638 1637
f 1641 1637 1643
f 1644 1645 1642
f 1644 1642 1641
f 1644 1641 1643
f 1644 1643 1646
f 1644 1646 1647
f 1644 1647 1648
f 1644 1648 1649
f 1650 1651 1648
f 1650 1648 1647
f 153 1652 1653
f 153 1653 154
f 1654 1655 313
f 1654 313 316
f 1654 316 1656
f 1654 1656 1657
f 1658 1659 1660
f 1658 1660 1661
f 1658 1661 1662
f 1658 1662 1663
f 1652 1656 1658
f 1652 1658 1663
f 1664 1665 1666
f 1664 1666 1667
f 1664 1667 1668
f 1664 1668 1669
f 1670 1671 1672
f 1670 1672 1673
f 1670 1673 1650
f 1670 1650 1647
f 1670 1647 1646
f 1670 1646 1666
f 1670 1666 1665
f 1674 1675 1676
f 1674 1676 1677
f 1674 1677 1678
f 1674 1678 1664
f 1674 1664 1669
f 1674 1669 1679
f 1674 1679 1680
f 1681 1672 1671
f 1681 1671 1682
f 1683 1676 1675
f 1683 1675 1684
f 1685 1683 1684
f 1685 1684 1686
f 1685 1686 1687
f 1685 1687 1688
f 1687 1686 1674
f 1687 1674 1680
f 431 436 438
f 431 438 1689
f 431 1689 1690
f 431 1690 1691
f 431 1691 1692
f 431 1692 369
f 1693 1694 1695
f 1693 1695 1696
f 1693 1696 1697
f 1693 1697 1698
f 1689 438 437
f 1689 437 1693
f 1689 1693 1698
f 1699 200 199
f 1699 199 364
f 369 1692 1700
f 369 1700 1699
f 369 1699 364
f 1701 204 202
f 1701 202 201
f 1701 201 1702
f 1703 1704 1705
f 1703 1705 1701
f 1703 1701 1702
f 200 1699 1702
f 200 1702 201
f 1699 1700 1703
f 1699 1703 1702
f 1706 1707 1708
f 1706 1708 1709
f 1703 1700 1692
f 1703 1692 1710
f 1703 1710 1704
f 1692 1691 1711
f 1692 1711 1712
f 1692 1712 1713
f 1692 1713 1714
f 1692 1714 1715
f 1692 1715 1710
f 1716 1717 1718
f 1716 1718 1719
f 1716 1719 1720
f 1716 1720 1712
f 1716 1712 1711
f 1716 1711 1691
f 1716 1691 1690
f 1718 1721 1722
f 1718 1722 1719
f 1713 1712 1720
f 1713 1720 1723
f 1724 1715 1714
f 1724 1714 1725
f 1723 1722 1721
f 1723 1721 1726
f 1723 1726 1725
f 1723 1725 1714
f 1723 1714 1713
f 1725 1726 1721
f 1725 1721 1718
f 1725 1718 1717
f 1725 1717 1716
f 1725 1716 1690
f 1725 1690 1689
f 1725 1689 1698
f 1725 1698 1697
f 1725 1697 1724
f 1705 1704 1710
f 1705 1710 1715
f 1705 1715 1724
f 1705 1724 1697
f 1705 1697 1696
f 1708 1727 1728
f 1708 1728 1729
f 1708 1729 1709
f 1648 1651 1730
f 1648 1730 1731
f 1732 367 366
f 1732 366 365
f 1732 365 1733
f 1732 1733 1734
f 365 198 203
f 365 203 1733
f 1735 1736 1737
f 1735 1737 1734
f 1735 1734 1733
f 203 206 1735
f 203 1735 1733
f 1738 368 367
f 1738 367 1732
f 1738 1732 1739
f 1738 1739 1740
f 1741 379 433
f 1741 433 427
f 1741 427 368
f 1741 368 1738
f 1741 1738 1742
f 1741 1742 1743
f 1741 1743 1744
f 1732 1734 1737
f 1732 1737 1745
f 1732 1745 1746
f 1732 1746 1739
f 1747 1748 1740
f 1747 1740 1739
f 1747 1739 1746
f 1749 1750 1751
f 1749 1751 1744
f 1749 1744 1743
f 1740 1752 1753
f 1740 1753 1742
f 1740 1742 1738
f 1754 1751 1750
f 1754 1750 1755
f 1752 1740 1748
f 1752 1748 1756
f 1757 1754 1755
f 1757 1755 1756
f 1757 1756 1748
f 1757 1748 1747
f 1758 1759 1760
f 1758 1760 1761
f 1758 1761 1762
f 1758 1762 1763
f 1758 1763 1764
f 1758 1764 1765
f 1766 1767 1768
f 1766 1768 1757
f 1766 1757 1747
f 1766 1747 1746
f 1766 1746 1745
f 1760 1759 1769
f 1760 1769 1770
f 1771 919 918
f 1771 918 1772
f 1771 1772 1773
f 1774 1765 1764
f 1774 1764 1775
f 1760 1770 1776
f 1760 1776 1777
f 1760 1777 1778
f 1760 1778 1779
f 1760 1779 1761
f 1761 1779 1780
f 1761 1780 1762
f 1776 1781 1782
f 1776 1782 1783
f 1776 1783 1777
f 1782 1631 1634
f 1782 1634 1640
f 1782 1640 1783
f 918 917 1784
f 918 1784 1785
f 918 1785 1772
f 1773 1772 1785
f 1773 1785 1786
f 1786 1785 1784
f 1786 1784 1787
f 1786 1787 1788
f 1786 1788 1789
f 1790 1791 1792
f 1790 1792 1793
f 1790 1793 1794
f 1795 1796 1797
f 1795 1797 1798
f 1795 1798 1799
f 1795 1799 1800
f 1795 1800 1801
f 1802 1803 1795
f 1802 1795 1801
f 1804 1805 1806
f 1804 1806 1807
f 1789 1788 1808
f 1809 1810 1811
f 1809 1811 1812
f 1809 1812 1813
f 1809 1813 1814
f 1809 1814 1815
f 1816 1817 1818
f 1816 1818 1819
f 1816 1819 1820
f 1821 1822 1816
f 1821 1816 1820
f 1823 1824 1825
f 1823 1825 1826
f 1823 1826 1820
f 1823 1820 1819
f 1826 1827 1828
f 1826 1828 1821
f 1826 1821 1820
f 1829 1830 1831
f 1829 1831 1019
f 1829 1019 1018
f 1023 1832 1829
f 1023 1829 1018
f 1833 1834 1835
f 1833 1835 1836
f 1833 1836 1837
f 1833 1837 1838
f 1839 1022 1021
f 1839 1021 1840
f 1839 1840 1833
f 1839 1833 1838
f 1023 1022 1839
f 1023 1839 1832
f 402 410 417
f 402 417 416
f 402 416 454
f 402 454 456
f 402 456 1841
f 402 1841 1814
f 402 1814 1813
f 402 1813 1842
f 1843 997 1036
f 1843 1036 1844
f 1843 1844 1845
f 1846 1847 1843
f 1846 1843 1845
f 1848 1849 1850
f 1848 1850 1851
f 1848 1851 1852
f 1848 1852 1853
f 1848 1853 1854
f 1855 1849 1848
f 1855 1856 1857
f 1855 1857 1858
f 1855 1858 1847
f 1855 1847 1846
f 1855 1846 1859
f 1855 1859 1850
f 1855 1850 1849
f 1860 1861 1858
f 1860 1858 1857
f 998 1004 1862
f 998 1862 1854
f 998 1854 1853
f 998 1853 1863
f 998 1863 1864
f 998 1864 1865
f 998 1865 1866
f 998 1866 1008
f 1867 1868 1865
f 1867 1865 1864
f 1869 1870 1871
f 1869 1871 1822
f 1869 1822 1821
f 1869 1821 1828
f 1827 1868 1867
f 1827 1867 1869
f 1827 1869 1828
f 1872 1863 1853
f 1872 1853 1852
f 1872 1852 1873
f 1874 1873 1852
f 1874 1852 1851
f 1874 1851 1875
f 1874 1875 1876
f 1874 1876 1877
f 1874 1877 1878
f 1874 1878 1879
f 1864 1863 1872
f 1864 1872 1879
f 1864 1879 1878
f 1864 1878 1870
f 1864 1870 1869
f 1864 1869 1867
f 1870 1878 1877
f 1870 1877 1876
f 1870 1876 1880
f 1870 1880 1881
f 1870 1881 1882
f 1870 1882 1883
f 1870 1883 1871
f 1816 1822 1871
f 1816 1871 1884
f 1883 1885 1886
f 1883 1886 1884
f 1883 1884 1871
f 1870 1869 1867
f 1870 1867 1868
f 1870 1868 1887
f 1870 1887 1888
f 1870 1888 1889
f 1870 1889 1890
f 1870 1890 1891
f 1870 1891 1892
f 1870 1892 1884
f 1870 1884 1871
f 1889 1888 1887
f 1889 1887 1868
f 1889 1868 1867
f 1889 1867 1869
f 1889 1869 1870
f 1889 1870 1871
f 1889 1871 1884
f 1889 1884 1892
f 1889 1892 1891
f 1889 1891 1890
f 1893 1894 1895
f 1893 1895 1896
f 1897 1898 1899
f 1897 1899 1900
f 412 1901 1902
f 412 1902 1903
f 412 1903 411
f 1904 1905 1906
f 1904 1906 1907
f 1904 1907 1908
f 1904 1908 1909
f 1910 1911 1024
f 1910 1024 1029
f 1910 1029 1912
f 1909 1908 1913
f 1909 1913 1914
f 1914 1913 1915
f 1914 1915 1916
f 1914 1916 1917
f 1914 1917 1918
f 1919 1920 1921
f 1919 1921 1922
f 1919 1922 1007
f 1919 1007 1006
f 1919 1006 1005
f 1919 1005 1923
f 1924 1009 1008
f 1924 1008 1866
f 1920 1919 1923
f 1920 1923 1924
f 1920 1924 1866
f 1920 1866 1865
f 1902 1901 1925
f 1902 1925 1926
f 1902 1926 1927
f 1909 1914 1918
f 1909 1918 1928
f 1909 1928 1929
f 1909 1929 1927
f 1909 1927 1926
f 1909 1926 1904
f 1903 1902 1927
f 1903 1927 1929
f 1903 1929 1930
f 1929 1928 1898
f 1929 1898 1930
f 1897 1931 1932
f 1933 1934 1935
f 1933 1935 1936
f 1933 1936 1937
f 1032 1031 1938
f 1032 1938 1939
f 1032 1939 1940
f 1032 1940 1941
f 1934 1942 1943
f 1934 1943 1944
f 1934 1944 1945
f 1934 1945 1946
f 1934 1946 1935
f 1947 1948 1949
f 1947 1949 1950
f 1947 1950 1951
f 1952 1947 1951
f 1952 1951 1953
f 1952 1953 1954
f 1939 1952 1954
f 1939 1954 1955
f 1939 1955 1936
f 1949 1948 1956
f 1949 1956 1957
f 1958 1946 1959
f 1958 1959 1960
f 1958 1960 1961
f 1941 1940 1962
f 1941 1962 1961
f 1941 1961 1963
f 1962 1940 1939
f 1962 1939 1952
f 1962 1952 1947
f 1962 1947 1948
f 1962 1948 1956
f 399 404 1963
f 399 1963 1961
f 399 398 1958
f 399 1958 1961
f 1964 333 332
f 1964 332 370
f 1964 370 1946
f 1964 1946 1945
f 339 338 343
f 339 343 1045
f 339 1045 1937
f 340 339 1937
f 340 1937 1936
f 340 1936 1955
f 334 333 1964
f 334 1964 1965
f 334 1965 1966
f 334 1966 1967
f 1046 335 334
f 1046 334 1967
f 1968 1969 1970
f 1968 1970 1971
f 1968 1971 1972
f 1973 1974 1975
f 1973 1975 1976
f 1039 1046 1967
f 1039 1967 1966
f 1039 1966 1977
f 1039 1977 1970
f 1039 1970 1969
f 1978 1979 1980
f 1978 1980 1981
f 1978 1981 1982
f 1978 1982 1974
f 1978 1974 1973
f 1978 1973 1983
f 1978 1983 1984
f 1978 1984 1977
f 1978 1977 1966
f 1978 1966 1965
f 1978 1965 1985
f 1986 1987 1972
f 1986 1972 1971
f 1986 1971 1984
f 1986 1984 1983
f 1986 1983 1975
f 1986 1975 1988
f 1934 1933 1969
f 1934 1969 1968
f 1934 1968 1987
f 1934 1987 1986
f 1989 1990 1991
f 1989 1991 1992
f 1989 1992 1993
f 1944 1943 1994
f 1944 1994 1990
f 1944 1990 1989
f 1995 1996 1997
f 1995 1997 1943
f 1995 1943 1942
f 1995 1942 1998
f 1995 1998 1999
f 2000 2001 1999
f 2000 1999 1998
f 2000 1998 2002
f 2000 2002 2003
f 2000 2003 2004
f 2000 2004 1981
f 2000 1981 1980
f 2005 1996 1995
f 2005 1995 2001
f 2005 2001 2000
f 1974 1982 2004
f 1974 2004 2003
f 1980 1979 2006
f 1980 2006 2007
f 1986 1988 2002
f 1986 2002 1998
f 1986 1998 1942
f 1986 1942 1934
f 1992 1991 1997
f 1992 1997 2005
f 1992 2005 2006
f 1992 2006 1978
f 1992 1978 1985
f 1992 1985 2008
f 1989 1993 2008
f 1989 2008 1985
f 1989 1985 1965
f 1989 1965 1964
f 1989 1964 1945
f 1989 1945 1944
f 2008 1993 2009
f 2008 2009 2010
f 1807 1806 2011
f 1807 2011 2010
f 1807 2010 2009
f 2012 1805 1804
f 2012 1804 2013
f 2012 2013 1970
f 2012 1970 1977
f 2014 2015 2016
f 2014 2016 2017
f 2013 2018 2019
f 2013 2019 2020
f 2014 2017 2021
f 2014 2021 2022
f 2014 2022 2020
f 2014 2020 2019
f 2014 2019 2023
f 2014 2023 2024
f 2025 2010 2011
f 2025 2011 2026
f 2025 2026 2027
f 2025 2027 2028
f 2025 2028 2029
f 2025 2029 2030
f 2029 2028 2031
f 2029 2031 2032
f 2029 2032 2033
f 2034 2035 2015
f 2034 2015 2036
f 2032 2031 2037
f 2032 2037 2038
f 2032 2038 2034
f 2032 2034 2036
f 2032 2036 2024
f 2032 2024 2039
f 2040 2041 2037
f 2040 2037 2027
f 2042 2009 2043
f 2042 2043 2025
f 2042 2030 2029
f 2042 2029 2033
f 2042 2033 2039
f 2042 2039 2024
f 2042 2024 2023
f 2042 2023 2018
f 2042 2018 2013
f 2042 2013 1804
f 2042 1804 1807
f 2042 1807 2009
f 1805 2012 2022
f 1805 2022 2021
f 1805 2021 2016
f 1805 2016 2015
f 1805 2015 2035
f 1805 2035 2038
f 1805 2038 2037
f 1805 2037 2041
f 1805 2041 2026
f 1805 2026 2011
f 1805 2011 1806
f 1987 1968 2018
f 1987 2018 2023
f 1995 1999 2039
f 1995 2039 2033
f 1990 1994 2030
f 1990 2030 2042
f 1983 1973 2016
f 1983 2016 2021
f 2012 1977 1984
f 2012 1984 2022
f 1982 1981 2038
f 1982 2038 2035
f 1979 1978 2026
f 1979 2026 2041
f 2004 1982 2035
f 2004 2035 2034
f 2005 2000 2031
f 2005 2031 2028
f 1972 1987 2023
f 1972 2023 2019
f 2022 1984 1971
f 2022 1971 2020
f 2018 1968 1972
f 2018 1972 2019
f 1971 1970 2013
f 1971 2013 2020
f 1988 1975 2014
f 1988 2014 2024
f 1988 2024 2002
f 1976 1983 2021
f 1976 2021 2017
f 2016 1973 1976
f 2016 1976 2017
f 2001 1995 2033
f 2001 2033 2032
f 2015 1974 2003
f 2015 2003 2036
f 1975 1974 2015
f 1975 2015 2014
f 2039 1999 2001
f 2039 2001 2032
f 2003 2002 2024
f 2003 2024 2036
f 2038 1981 2004
f 2038 2004 2034
f 2006 1979 2041
f 2006 2041 2040
f 2009 1993 1992
f 2009 1992 2043
f 2000 1980 2037
f 2000 2037 2031
f 2037 1980 2007
f 2037 2007 2027
f 1991 1990 2042
f 1991 2042 2025
f 2007 2005 2028
f 2007 2028 2027
f 2030 1994 1991
f 2030 1991 2025
f 2026 1978 2006
f 2026 2006 2040
f 1992 2008 2010
f 1992 2010 2043
f 396 395 1962
f 396 1962 1956
f 396 393 1957
f 396 1957 1956
f 393 392 1949
f 393 1949 1957
f 391 387 1953
f 391 1953 1951
f 389 340 1955
f 389 1955 1954
f 387 389 1954
f 387 1954 1953
f 392 390 1950
f 392 1950 1949
f 390 391 1951
f 390 1951 1950
f 344 349 360
f 344 360 396
f 344 396 1956
f 344 1956 1948
f 344 1948 1947
f 344 1947 1952
f 344 1952 1939
f 344 1939 1938
f 345 344 1938
f 345 1938 1031
f 398 396 1956
f 398 1956 1958
f 395 399 1961
f 395 1961 1962
f 370 371 1959
f 370 1959 1946
f 371 375 2044
f 371 2044 2045
f 371 2045 1959
f 2046 2047 2048
f 2046 2048 2049
f 2045 2044 2047
f 2045 2047 2046
f 2047 2044 375
f 2047 375 374
f 2047 374 2048
f 400 399 1961
f 400 1961 1960
f 1901 412 400
f 1901 400 1960
f 1901 1960 1925
f 2050 1799 1798
f 2050 1798 2051
f 2050 2051 2052
f 2050 2052 2053
f 2054 2051 1798
f 2054 1798 1797
f 2055 2056 2057
f 2055 2057 2058
f 2055 2058 2059
f 2060 2061 2059
f 2060 2059 2058
f 2062 2063 2061
f 2062 2061 2060
f 2062 2060 2064
f 2062 2064 2065
f 1905 1904 1926
f 1905 1926 2066
f 1905 2066 2067
f 1905 2067 2063
f 1905 2063 2062
f 2065 2068 1906
f 2065 1906 1905
f 2065 1905 2062
f 2069 2070 2071
f 2069 2071 2067
f 2069 2067 2066
f 2055 2071 2070
f 2055 2070 2072
f 2055 2072 2073
f 2055 2073 2056
f 2061 2063 1939
f 2061 1939 1936
f 2061 1936 2059
f 2055 2059 1936
f 2055 1936 1935
f 1040 2074 2075
f 1040 2075 1041
f 2057 2053 2052
f 2057 2052 2074
f 2057 2074 1040
f 2057 1040 1039
f 2057 1039 1969
f 2057 1969 1933
f 2074 2052 2075
f 1045 1044 2058
f 1045 2058 1937
f 2057 1933 1937
f 2057 1937 2058
f 1946 1958 2067
f 1946 2067 2071
f 2055 1935 1946
f 2055 1946 2071
f 2067 1958 1956
f 2067 1956 1948
f 2067 1948 1947
f 2067 1947 1952
f 2067 1952 1939
f 2067 1939 2063
f 2076 2069 2045
f 2076 2045 2046
f 2076 2046 2049
f 2076 2049 2077
f 1960 1959 2045
f 1960 2045 2069
f 1960 2069 2066
f 1960 2066 1926
f 1960 1926 1925
f 2078 2079 2080
f 2078 2080 2081
f 2078 2081 2082
f 2078 2082 2083
f 2078 2083 2084
f 2078 2084 2085
f 2081 2080 2086
f 2081 2086 2087
f 2088 2089 2090
f 2088 2090 2091
f 2088 2091 2087
f 2088 2087 2086
f 2088 2086 2092
f 2088 2092 2093
f 2088 2093 2094
f 2090 2083 2082
f 2090 2082 2091
f 2095 2096 2085
f 2095 2085 2084
f 2095 2084 2089
f 2095 2089 2088
f 2096 2095 2097
f 2096 2097 2098
f 2096 2098 2099
f 2096 2099 2100
f 2096 2100 2101
f 2096 2101 1859
f 2096 1859 1846
f 2097 2094 2093
f 2097 2093 2102
f 2097 2102 2103
f 2097 2103 2098
f 2102 2104 1851
f 2102 1851 1850
f 2102 1850 2105
f 2102 2105 2106
f 2102 2106 2107
f 2102 2107 2103
f 2106 2100 2099
f 2106 2099 2107
f 1850 1859 2101
f 1850 2101 2105
f 2108 2109 2070
f 2108 2070 2069
f 2108 2069 2076
f 2110 2111 2112
f 2110 2112 2113
f 2110 2113 2114
f 2110 2114 2115
f 2110 2115 2116
f 2110 2116 2117
f 2110 2117 2118
f 2110 2118 2119
f 2110 2119 2120
f 2110 2120 2121
f 2110 2121 1894
f 2122 2116 2115
f 2122 2115 2123
f 2122 2123 2124
f 2122 2124 2125
f 2122 2125 2126
f 2127 2128 2129
f 2127 2129 2130
f 2131 2129 2132
f 2131 2132 2112
f 2131 2112 2111
f 2131 2111 2133
f 2131 2133 2134
f 2112 2135 2136
f 2112 2136 2113
f 2102 2093 2092
f 2102 2092 2119
f 2102 2119 2118
f 2102 2118 2122
f 2102 2122 2104
f 2118 2117 2137
f 2118 2137 2138
f 2133 2139 2110
f 2133 2110 1894
f 2133 1894 1893
f 2140 2141 2123
f 2140 2123 2115
f 2140 2115 2114
f 2142 2125 2124
f 2142 2124 2143
f 2143 2144 2145
f 2143 2145 2146
f 1851 2104 2122
f 1851 2122 2126
f 1851 2126 2142
f 1851 2142 2143
f 1851 2143 2146
f 1851 2146 2141
f 1851 2141 2140
f 1851 2140 2127
f 1851 2127 2147
f 1851 2147 1875
f 1875 2147 2127
f 1875 2127 2130
f 1875 2130 2131
f 1875 2131 1876
f 2108 2076 2077
f 2108 2077 2148
f 2108 2148 2149
f 1880 1876 2131
f 1880 2131 2134
f 1880 2134 2150
f 2151 2152 2153
f 2151 2153 2154
f 2151 2154 1793
f 2151 1793 1792
f 2155 2156 2157
f 2155 2157 2158
f 2155 2158 2159
f 2155 2159 2160
f 2155 2160 2161
f 2162 2163 2164
f 2162 2164 2165
f 2162 2165 2166
f 2167 2168 2155
f 2167 2155 2161
f 2167 2169 2170
f 2167 2170 2171
f 1035 2157 2156
f 1035 2156 2172
f 1035 2172 2169
f 1035 2169 1844
f 1035 1844 1036
f 2173 2174 2164
f 2173 2164 2175
f 2176 2160 2159
f 2176 2159 2177
f 2176 2177 2178
f 2176 2178 2179
f 2180 2181 2176
f 2180 2176 2182
f 2180 2182 2183
f 2184 2183 2182
f 2184 2182 2178
f 2184 2178 2177
f 2184 2177 2174
f 2184 2174 2185
f 2186 2187 2188
f 2186 2188 2184
f 2186 2184 2189
f 2186 2189 2190
f 2191 2192 2193
f 2191 2193 2194
f 2195 2196 2197
f 2195 2197 2198
f 2195 2198 2199
f 2194 2193 2200
f 2194 2200 2187
f 2194 2187 2181
f 2194 2181 2180
f 2187 2201 2202
f 2187 2202 2203
f 2195 2204 2205
f 2195 2205 2206
f 2195 2206 2196
f 2187 2186 2207
f 2187 2207 2206
f 2187 2206 2205
f 2187 2205 2208
f 2187 2208 2209
f 2186 2190 2207
f 2210 2211 2203
f 2210 2203 2212
f 2210 2212 2213
f 2214 2215 2216
f 2217 2218 2219
f 2220 2221 2222
f 2220 2222 2223
f 2220 2223 2224
f 2220 2224 2225
f 2220 2225 2226
f 2220 2226 2227
f 2209 2228 2221
f 2209 2221 2220
f 2229 2219 2230
f 2229 2230 2225
f 2231 2229 2216
f 2231 2216 2215
f 2231 2215 2232
f 2231 2232 2233
f 2227 2226 2218
f 2227 2218 2217
f 2227 2217 2234
f 2227 2234 2210
f 2227 2210 2235
f 2057 2056 2153
f 2057 2153 2152
f 2057 2152 2236
f 2057 2236 2237
f 2057 2237 2238
f 2057 2238 2239
f 2057 2239 2240
f 2057 2240 2241
f 2057 2241 2242
f 2057 2242 2243
f 2057 2243 2244
f 2057 2244 2245
f 2057 2245 2246
f 2057 2246 2053
f 2247 2053 2246
f 2247 2246 2248
f 2247 2248 2249
f 2247 2249 2250
f 2247 2250 2251
f 2242 2252 2253
f 2242 2253 2243
f 2233 2254 2237
f 2255 2256 2257
f 2255 2257 2258
f 2252 2241 2240
f 2252 2240 2258
f 2252 2258 2259
f 2252 2259 2250
f 2252 2250 2249
f 2260 2261 2255
f 2260 2255 2262
f 2260 2262 2263
f 2264 2260 2263
f 2264 2263 2239
f 2264 2239 2238
f 2264 2238 2233
f 2264 2233 2223
f 2244 2265 2248
f 2244 2248 2245
f 2075 2266 2251
f 2075 2251 2250
f 2075 2250 2259
f 2075 2259 2256
f 2075 2256 2255
f 2075 2255 2261
f 2075 2261 2264
f 2075 2264 2223
f 2075 2223 2222
f 2075 2222 2228
f 2075 2228 2209
f 2075 2209 2208
f 2075 2208 2267
f 2075 2267 1034
f 2075 1034 1033
f 2075 1033 1041
f 2267 2204 2195
f 2267 2195 2199
f 2267 2199 2189
f 2267 2189 2184
f 2267 2184 2185
f 2267 2185 2175
f 2267 2175 2164
f 2267 2164 2163
f 2267 2163 2158
f 2267 2158 2157
f 2267 2157 1035
f 2267 1035 1034
f 2052 2247 2268
f 2052 2268 2266
f 2052 2266 2075
f 2269 2172 2156
f 2269 2156 2270
f 1802 2269 2270
f 1802 2270 2271
f 1802 2271 1803
f 2272 2273 2274
f 2272 2274 2275
f 2272 2275 2276
f 2272 2276 2277
f 2278 2279 2272
f 2278 2272 2280
f 2275 2281 2282
f 2275 2282 2283
f 2275 2283 2284
f 2285 2286 2287
f 2285 2287 2288
f 2285 2288 2289
f 2285 2289 2290
f 2285 2290 2291
f 2288 2292 2293
f 2288 2293 2294
f 2295 2051 2054
f 2295 2054 2296
f 2295 2296 2297
f 2298 2299 2300
f 2298 2300 2301
f 2290 2289 2301
f 2290 2301 2302
f 2290 2302 2050
f 2290 2050 2295
f 2290 2295 2297
f 2290 2297 2303
f 2282 2285 2304
f 2282 2304 2305
f 2306 2307 2308
f 2306 2308 2309
f 2310 2311 2277
f 2310 2277 2312
f 2310 2312 2307
f 2310 2307 2313
f 2310 2313 2314
f 2315 2316 2317
f 2315 2317 2310
f 2318 2319 2320
f 2318 2320 2321
f 2318 2321 2322
f 2318 2322 2309
f 2318 2309 2323
f 2324 2325 2326
f 2324 2326 2322
f 2327 2319 2318
f 2327 2318 2328
f 2327 2328 2329
f 2330 2331 2332
f 2330 2332 2333
f 2330 2333 2334
f 2330 2334 2335
f 2327 2329 2336
f 2327 2336 2337
f 2327 2337 2332
f 2338 2339 2340
f 2338 2340 2341
f 2342 2343 2334
f 2342 2334 2344
f 2342 2344 2345
f 2342 2345 2346
f 2342 2346 2347
f 2348 2343 2342
f 2348 2342 2349
f 2350 2345 2351
f 2350 2351 2352
f 2350 2352 2353
f 2354 2355 2271
f 2354 2271 2270
f 2354 2270 2356
f 2354 2356 2357
f 2354 2350 2353
f 2354 2353 2358
f 2354 2358 2359
f 2360 2269 2361
f 2360 2361 2362
f 2316 2314 2313
f 2316 2313 2326
f 2316 2326 2325
f 2316 2325 2321
f 2316 2321 2320
f 2316 2320 2331
f 2316 2331 2330
f 2316 2330 2338
f 2316 2338 2341
f 2316 2341 2348
f 2316 2348 2349
f 2316 2349 2347
f 2316 2347 2346
f 2316 2346 2357
f 2316 2357 2356
f 2316 2356 2361
f 2316 2361 2269
f 2316 2269 1802
f 2316 1802 1801
f 2316 1801 1800
f 1799 2050 2302
f 1799 2302 2300
f 1799 2300 2299
f 1799 2299 2293
f 1799 2293 2292
f 1799 2292 2287
f 1799 2287 2286
f 1799 2286 2274
f 1799 2274 2273
f 1799 2273 2278
f 1799 2278 2280
f 1799 2280 2317
f 1799 2317 2316
f 1799 2316 1800
f 1796 1795 1803
f 1796 1803 2271
f 1796 2271 2355
f 1796 2355 2358
f 1796 2358 2353
f 1796 2353 2352
f 1796 2352 2344
f 1796 2344 2334
f 1796 2334 2333
f 1796 2333 2336
f 1796 2336 2329
f 1796 2329 2328
f 1796 2328 2323
f 1796 2323 2309
f 1796 2309 2308
f 1796 2308 2363
f 2312 2277 2276
f 2312 2276 2283
f 2312 2283 2282
f 2312 2282 2305
f 2312 2305 2291
f 2312 2291 2290
f 2312 2290 2303
f 2312 2303 2296
f 2312 2296 2054
f 2312 2054 1797
f 2312 1797 1796
f 2312 1796 2363
f 2240 2239 2274
f 2240 2274 2286
f 2244 2243 2293
f 2244 2293 2299
f 2242 2241 2287
f 2242 2287 2292
f 2246 2245 2300
f 2246 2300 2302
f 2238 2237 2278
f 2238 2278 2273
f 2215 2214 2317
f 2215 2317 2280
f 2218 2226 2314
f 2218 2314 2316
f 2313 2227 2235
f 2313 2235 2326
f 2207 2190 2331
f 2207 2331 2320
f 2202 2201 2321
f 2202 2321 2325
f 2200 2193 2338
f 2200 2338 2330
f 2194 2180 2348
f 2194 2348 2341
f 2179 2178 2347
f 2179 2347 2349
f 2155 2168 2361
f 2155 2361 2356
f 2177 2159 2357
f 2177 2357 2346
f 2256 2259 2291
f 2256 2291 2305
f 2264 2261 2283
f 2264 2283 2276
f 2251 2266 2296
f 2251 2296 2303
f 2228 2222 2312
f 2228 2312 2363
f 2228 2363 2308
f 2204 2267 2208
f 2204 2208 2323
f 2204 2323 2328
f 2189 2199 2336
f 2189 2336 2333
f 2185 2344 2352
f 2185 2352 2175
f 2158 2163 2358
f 2158 2358 2355
f 2358 2163 2162
f 2358 2162 2359
f 2170 2172 2269
f 2170 2269 2360
f 2050 2053 2247
f 2050 2247 2295
f 2268 2251 2303
f 2268 2303 2297
f 2296 2266 2268
f 2296 2268 2297
f 2247 2052 2051
f 2247 2051 2295
f 2171 2155 2356
f 2171 2356 2362
f 2249 2265 2298
f 2249 2298 2289
f 2248 2246 2302
f 2248 2302 2301
f 2166 2165 2350
f 2166 2350 2354
f 2300 2245 2248
f 2300 2248 2301
f 2357 2159 2166
f 2357 2166 2354
f 2265 2244 2299
f 2265 2299 2298
f 2348 2180 2183
f 2348 2183 2343
f 2351 2173 2175
f 2351 2175 2352
f 2287 2241 2252
f 2287 2252 2288
f 2253 2249 2289
f 2253 2289 2294
f 2252 2242 2292
f 2252 2292 2288
f 2293 2243 2253
f 2293 2253 2294
f 2344 2185 2173
f 2344 2173 2351
f 2258 2240 2286
f 2258 2286 2285
f 2291 2259 2257
f 2291 2257 2304
f 2188 2335 2343
f 2188 2343 2183
f 2257 2256 2305
f 2257 2305 2304
f 2336 2199 2198
f 2336 2198 2337
f 2191 2194 2341
f 2191 2341 2340
f 2262 2258 2285
f 2262 2285 2281
f 2192 2200 2330
f 2192 2330 2339
f 2260 2264 2276
f 2260 2276 2284
f 2274 2239 2263
f 2274 2263 2275
f 2283 2261 2260
f 2283 2260 2284
f 2263 2262 2281
f 2263 2281 2275
f 2197 2196 2327
f 2197 2327 2332
f 2254 2238 2273
f 2254 2273 2279
f 2224 2232 2272
f 2224 2272 2311
f 2331 2190 2197
f 2331 2197 2332
f 2278 2237 2254
f 2278 2254 2279
f 2196 2206 2319
f 2196 2319 2327
f 2212 2202 2325
f 2212 2325 2324
f 2232 2215 2280
f 2232 2280 2272
f 2326 2235 2213
f 2326 2213 2322
f 2205 2204 2328
f 2205 2328 2318
f 2314 2226 2230
f 2314 2230 2315
f 2225 2224 2311
f 2225 2311 2310
f 2317 2214 2225
f 2317 2225 2310
f 2230 2218 2316
f 2230 2316 2315
f 2323 2208 2205
f 2323 2205 2318
f 2309 2209 2220
f 2309 2220 2306
f 2221 2228 2308
f 2221 2308 2307
f 2312 2222 2221
f 2312 2221 2307
f 2213 2209 2309
f 2213 2309 2322
f 2220 2227 2313
f 2220 2313 2306
f 2321 2201 2212
f 2321 2212 2324
f 2206 2207 2320
f 2206 2320 2319
f 2338 2193 2192
f 2338 2192 2339
f 2198 2189 2333
f 2198 2333 2337
f 2188 2191 2340
f 2188 2340 2335
f 2347 2178 2182
f 2347 2182 2342
f 2182 2179 2349
f 2182 2349 2342
f 2174 2177 2346
f 2174 2346 2345
f 2165 2174 2345
f 2165 2345 2350
f 2361 2168 2171
f 2361 2171 2362
f 2162 2158 2355
f 2162 2355 2359
f 2156 2170 2360
f 2156 2360 2270
f 2217 2364 2079
f 2217 2079 2234
f 2219 2229 2231
f 2219 2231 2365
f 2219 2365 2364
f 2219 2364 2217
f 2366 2367 2365
f 2366 2365 2231
f 2367 2366 2236
f 2367 2236 2368
f 2078 2085 2096
f 2078 2096 1846
f 2078 1846 1845
f 2078 1845 1844
f 2078 1844 2169
f 2078 2169 2167
f 2078 2167 2161
f 2078 2161 2160
f 2078 2160 2176
f 2078 2176 2181
f 2078 2181 2187
f 2078 2187 2203
f 2078 2203 2211
f 2210 2234 2079
f 2210 2079 2078
f 2210 2078 2211
f 2236 2369 2370
f 2236 2370 2371
f 2236 2371 2372
f 2236 2372 2373
f 2236 2373 2109
f 2236 2109 2374
f 2236 2374 2368
f 2375 2376 2377
f 2375 2377 2073
f 2375 2073 2072
f 2375 2072 2373
f 2375 2373 2372
f 2378 2379 2380
f 2378 2380 2381
f 2378 2381 2382
f 2378 2382 2369
f 2378 2369 2236
f 2378 2236 2152
f 2383 2384 2385
f 2383 2385 2386
f 2383 2386 2387
f 2383 2387 2388
f 2389 2371 2370
f 2389 2370 2390
f 2389 2390 2391
f 2389 2391 2392
f 2392 2391 2393
f 2392 2393 2394
f 2392 2394 2395
f 2392 2395 2396
f 2392 2396 2376
f 2392 2376 2375
f 2392 2375 2397
f 2398 2399 2400
f 2398 2400 2401
f 2402 2403 2379
f 2402 2379 2378
f 2377 2404 2394
f 2377 2394 2393
f 2377 2393 2405
f 2377 2405 2399
f 2377 2399 2398
f 2377 2398 2406
f 2377 2406 2407
f 2377 2407 2153
f 2377 2153 2056
f 2377 2056 2073
f 2406 2398 2408
f 2406 2408 2409
f 2409 2408 2410
f 2409 2410 2381
f 2409 2381 2380
f 2409 2380 2403
f 2409 2403 2402
f 2409 2402 2153
f 2409 2153 2407
f 2404 2377 2396
f 2404 2396 2395
f 2384 2383 2390
f 2369 2411 2386
f 2369 2386 2385
f 2369 2385 2370
f 2382 2410 2401
f 2382 2401 2400
f 2382 2400 2405
f 2382 2405 2393
f 2397 2375 2372
f 2397 2372 2371
f 2397 2371 2389
f 2412 1790 1794
f 2412 1794 2413
f 2412 2413 2377
f 2412 2377 2376
f 1791 1790 2412
f 1791 2412 2414
f 2415 2413 2416
f 2415 2416 2417
f 2418 2419 2420
f 2418 2420 2421
f 2422 2423 2424
f 2422 2424 2425
f 2422 2425 2426
f 2422 2426 2154
f 2422 2154 2427
f 2422 2427 2428
f 2422 2428 2429
f 2424 2430 2431
f 2424 2431 2425
f 2432 2433 2428
f 2432 2428 2427
f 2434 2435 2430
f 2434 2430 2436
f 2421 2420 2437
f 2421 2437 2438
f 2421 2438 2434
f 2421 2434 2436
f 2421 2436 2423
f 2421 2423 2422
f 2421 2422 2439
f 2440 2441 2442
f 2440 2442 2443
f 2415 2417 2444
f 2415 2444 2437
f 2415 2437 2442
f 2415 2442 2445
f 2415 2445 2414
f 2415 2414 2412
f 1794 1793 2154
f 1794 2154 2426
f 1794 2426 2431
f 1794 2431 2430
f 1794 2430 2435
f 1794 2435 2438
f 1794 2438 2437
f 1794 2437 2444
f 1794 2444 2416
f 1794 2416 2413
f 1792 1791 2414
f 1792 2414 2445
f 1792 2445 2441
f 1792 2441 2440
f 1792 2440 2419
f 1792 2419 2418
f 1792 2418 2439
f 1792 2439 2422
f 1792 2422 2429
f 1792 2429 2433
f 1792 2433 2432
f 1792 2432 2151
f 2399 2405 2438
f 2399 2438 2435
f 2394 2404 2416
f 2394 2416 2444
f 2407 2406 2431
f 2407 2431 2426
f 2378 2152 2151
f 2378 2151 2432
f 2390 2383 2419
f 2390 2419 2440
f 2397 2389 2441
f 2397 2441 2445
f 2386 2411 2439
f 2386 2439 2418
f 2380 2379 2433
f 2380 2433 2429
f 2154 2153 2402
f 2154 2402 2427
f 2403 2380 2429
f 2403 2429 2428
f 2433 2379 2403
f 2433 2403 2428
f 2402 2378 2432
f 2402 2432 2427
f 2441 2389 2392
f 2441 2392 2442
f 2396 2377 2413
f 2396 2413 2415
f 2431 2406 2409
f 2431 2409 2425
f 2409 2407 2426
f 2409 2426 2425
f 2395 2394 2444
f 2395 2444 2417
f 2410 2408 2424
f 2410 2424 2423
f 2391 2390 2440
f 2391 2440 2443
f 2408 2398 2430
f 2408 2430 2424
f 2437 2393 2391
f 2437 2391 2443
f 2401 2410 2423
f 2401 2423 2436
f 2438 2405 2400
f 2438 2400 2434
f 2400 2399 2435
f 2400 2435 2434
f 2430 2398 2401
f 2430 2401 2436
f 2439 2411 2387
f 2439 2387 2421
f 2388 2393 2437
f 2388 2437 2420
f 2387 2386 2418
f 2387 2418 2421
f 2419 2383 2388
f 2419 2388 2420
f 2416 2404 2395
f 2416 2395 2417
f 2392 2397 2445
f 2392 2445 2442
f 2376 2396 2415
f 2376 2415 2412
f 2072 2070 2109
f 2072 2109 2373
f 2446 2447 2122
f 2446 2122 2118
f 2446 2118 2448
f 2446 2448 2449
f 2446 2449 2450
f 2451 2452 2453
f 2451 2453 2454
f 2451 2454 2455
f 2447 2446 2456
f 2447 2456 2457
f 2458 2141 2146
f 2458 2146 2459
f 2458 2459 2460
f 2458 2460 2461
f 2462 2463 2464
f 2462 2464 2465
f 2451 2464 2463
f 2451 2463 2466
f 2451 2466 2461
f 2451 2461 2460
f 2451 2460 2467
f 2451 2467 2456
f 2451 2456 2446
f 2451 2446 2450
f 2451 2450 2452
f 2455 2131 2130
f 2455 2130 2465
f 2455 2465 2464
f 2455 2464 2451
f 2458 2461 2466
f 2458 2466 2468
f 2462 2127 2140
f 2462 2140 2468
f 2462 2468 2466
f 2462 2466 2463
f 2469 2142 2126
f 2469 2126 2457
f 2469 2457 2456
f 2469 2456 2467
f 2460 2459 2470
f 2460 2470 2469
f 2460 2469 2467
f 2471 2472 1895
f 2471 1895 2473
f 2474 2475 2476
f 2474 2476 2477
f 2474 2477 2478
f 2479 2114 2113
f 2479 2113 2475
f 2479 2475 2474
f 2479 2474 2480
f 2481 2482 2483
f 2481 2483 2479
f 2481 2479 2480
f 2484 2117 2116
f 2484 2116 2482
f 2484 2482 2481
f 2484 2481 2485
f 2485 2449 2448
f 2485 2448 2484
f 2478 2477 2111
f 2478 2111 2110
f 2478 2110 2472
f 2478 2472 2471
f 2486 2477 2476
f 2486 2476 2487
f 2486 2487 2455
f 2486 2455 2454
f 2462 2465 2488
f 2462 2488 2489
f 2487 2476 2475
f 2487 2475 2490
f 2487 2490 2491
f 2492 2458 2468
f 2492 2468 2479
f 2492 2479 2483
f 2492 2483 2493
f 2470 2459 2492
f 2470 2492 2494
f 2493 2483 2482
f 2493 2482 2447
f 2493 2447 2457
f 2495 2496 2484
f 2495 2484 2448
f 2469 2470 2497
f 2469 2497 2498
f 2486 2499 1896
f 2486 1896 1895
f 2486 1895 2472
f 2452 2450 2449
f 2452 2449 2485
f 2452 2485 2481
f 2452 2481 2480
f 2452 2480 2474
f 2452 2474 2478
f 2452 2478 2471
f 2452 2471 2473
f 2452 2473 2453
f 2499 2133 1893
f 2499 1893 1896
f 2465 2130 2129
f 2465 2129 2488
f 2138 2122 2447
f 2138 2447 2495
f 2482 2116 2137
f 2482 2137 2496
f 2448 2118 2138
f 2448 2138 2495
f 2137 2117 2484
f 2137 2484 2496
f 2139 2111 2477
f 2139 2477 2486
f 2470 2143 2124
f 2470 2124 2497
f 2125 2142 2469
f 2125 2469 2498
f 2457 2126 2125
f 2457 2125 2498
f 2128 2127 2462
f 2128 2462 2489
f 2124 2123 2493
f 2124 2493 2497
f 2132 2128 2489
f 2132 2489 2487
f 2145 2141 2458
f 2145 2458 2492
f 2123 2144 2494
f 2123 2494 2493
f 2459 2146 2145
f 2459 2145 2492
f 2144 2143 2470
f 2144 2470 2494
f 2135 2132 2487
f 2135 2487 2491
f 2136 2114 2479
f 2136 2479 2490
f 2475 2113 2136
f 2475 2136 2490
f 2468 2140 2135
f 2468 2135 2491
f 2139 2486 2472
f 2139 2472 2110
f 2129 2131 2455
f 2129 2455 2488
f 2133 2499 2454
f 2133 2454 2150
f 1899 1898 1928
f 1899 1928 2500
f 1899 2500 2108
f 1899 2108 2149
f 2501 2502 2109
f 2501 2109 2108
f 2501 2108 2500
f 2501 2500 2503
f 2502 2504 2505
f 2502 2505 2506
f 2502 2506 2507
f 2502 2507 2508
f 2502 2508 2374
f 2502 2374 2109
f 2509 2510 2368
f 2509 2368 2374
f 2509 2374 2508
f 2509 2508 2511
f 2509 2511 2512
f 2509 2512 2513
f 2514 2513 2512
f 2514 2512 2515
f 2514 2515 2516
f 2514 2516 2517
f 2514 2517 2518
f 2514 2518 2519
f 2514 2519 2503
f 2514 2503 2500
f 2514 2500 1928
f 2514 1928 1918
f 2514 1918 1917
f 1916 2520 2521
f 1916 2521 2514
f 1916 2514 1917
f 2510 2522 2523
f 2510 2523 2365
f 2510 2365 2367
f 2510 2367 2368
f 2514 2521 2524
f 2514 2524 2525
f 2514 2525 2509
f 2514 2509 2513
f 2509 2525 2522
f 2509 2522 2510
f 2522 2525 2060
f 2522 2060 2058
f 2526 1913 1908
f 2526 1908 2527
f 2060 2525 2524
f 2060 2524 2064
f 1044 1043 2523
f 1044 2523 2522
f 1044 2522 2058
f 2526 2527 2528
f 2526 2528 2529
f 2065 2064 2524
f 2065 2524 2521
f 2065 2521 2520
f 2065 2520 2529
f 2065 2529 2528
f 2065 2528 2068
f 2529 1915 1913
f 2529 1913 2526
f 1907 1906 2068
f 1907 2068 2528
f 2527 1908 1907
f 2527 1907 2528
f 2520 1916 1915
f 2520 1915 2529
f 2530 2531 2532
f 2530 2532 2533
f 2530 2533 2511
f 2530 2511 2508
f 2533 2534 2512
f 2533 2512 2511
f 2535 2536 1026
f 2535 1026 1025
f 2535 1025 2537
f 2535 2537 2538
f 2539 2092 2086
f 2539 2086 2080
f 2539 2080 2079
f 2539 2079 2364
f 2539 2364 2540
f 2539 2540 2541
f 2539 2541 2542
f 2539 2542 2543
f 2543 2542 2535
f 2543 2535 2538
f 2537 1025 1024
f 2537 1024 1911
f 2537 1911 2544
f 2537 2544 2545
f 2537 2545 2534
f 2543 2538 2537
f 2543 2537 2534
f 2543 2534 2533
f 2543 2533 2532
f 2543 2532 2539
f 2119 2092 2539
f 2119 2539 2532
f 2523 2546 2540
f 2523 2540 2364
f 2523 2364 2365
f 2523 1043 1042
f 2523 1042 2546
f 2547 1912 1029
f 2547 1029 1028
f 2548 2549 2550
f 2549 2548 2551
f 2549 2551 2095
f 2549 2095 2088
f 2552 2553 2547
f 2552 2547 1028
f 2552 1028 1027
f 2554 2540 2546
f 2554 2546 2555
f 2554 2555 2556
f 1026 2536 2552
f 1026 2552 1027
f 1042 1038 1037
f 1042 1037 2555
f 1042 2555 2546
f 2536 2535 2557
f 2536 2557 2558
f 2536 2558 2553
f 2536 2553 2552
f 2559 2560 2561
f 2562 2561 2560
f 2562 2560 2089
f 2562 2089 2084
f 2563 2542 2541
f 2563 2541 2564
f 2565 2566 2564
f 2565 2564 2541
f 2565 2541 2540
f 2565 2540 2554
f 2565 2554 2562
f 2567 2568 2566
f 2567 2566 2565
f 2566 2568 2569
f 2566 2569 2091
f 2566 2091 2082
f 2570 2563 2564
f 2570 2564 2081
f 2570 2081 2087
f 2091 2569 2570
f 2091 2570 2087
f 2081 2564 2566
f 2081 2566 2082
f 2571 2567 2565
f 2571 2565 2083
f 2571 2083 2090
f 2089 2560 2571
f 2089 2571 2090
f 2083 2565 2562
f 2083 2562 2084
f 2563 2570 2572
f 2542 2563 2572
f 2542 2572 2557
f 2542 2557 2535
f 2557 2572 2573
f 2557 2573 2574
f 2557 2574 2559
f 2557 2559 2558
f 2567 2574 2573
f 2567 2573 2568
f 2567 2571 2574
f 2573 2569 2568
f 2569 2573 2572
f 2569 2572 2570
f 2560 2559 2574
f 2560 2574 2571
f 2562 2554 2556
f 2562 2556 2551
f 2562 2551 2548
f 2562 2548 2561
f 2550 2553 2558
f 2550 2558 2559
f 2550 2559 2561
f 2550 2561 2548
f 2555 1860 1857
f 2555 1857 2556
f 1003 2575 2576
f 1003 2576 1862
f 1003 1862 1004
f 1037 996 1861
f 1037 1861 1860
f 1037 1860 2555
f 2577 1923 1005
f 2577 1005 1000
f 1002 1001 1007
f 1002 1007 1922
f 1002 1922 2578
f 2575 1003 1002
f 2575 1002 2578
f 2579 1924 1923
f 2579 1923 2577
f 999 1009 1924
f 999 1924 2579
f 2579 2577 1000
f 2579 1000 999
f 2101 2100 2580
f 2101 2580 2581
f 2099 2098 2582
f 2099 2582 2583
f 2095 2551 2584
f 2095 2584 2097
f 2581 2580 2583
f 2581 2583 2582
f 2581 2582 2584
f 2581 2584 2551
f 2581 2551 2556
f 2581 2556 1857
f 2581 1857 1856
f 2585 2586 2107
f 2585 2107 2099
f 2585 2099 2583
f 2585 2587 2586
f 2575 2588 2589
f 2575 2589 2590
f 2575 2590 2576
f 2584 2591 2592
f 2584 2592 2094
f 2584 2094 2097
f 2593 2592 2591
f 2550 2593 2594
f 2550 2594 2553
f 2592 2593 2550
f 2592 2550 2549
f 2094 2592 2549
f 2094 2549 2088
f 2098 2103 2595
f 2098 2595 2596
f 2098 2596 2582
f 2597 2596 2595
f 2598 2591 2584
f 2598 2584 2582
f 2598 2582 2596
f 2593 2591 2598
f 2593 2598 2588
f 2593 2588 2594
f 2597 2589 2588
f 2597 2588 2598
f 2597 2598 2596
f 2597 2587 2590
f 2597 2590 2589
f 2103 2107 2587
f 2103 2587 2597
f 2599 2588 2575
f 2599 2575 2578
f 1922 1921 2599
f 1922 2599 2578
f 2594 2600 2547
f 2594 2547 2553
f 1912 2547 2600
f 1912 2600 2599
f 1912 2599 1921
f 2588 2599 2600
f 2588 2600 2594
f 2590 2601 2602
f 2590 2602 1854
f 2590 1854 1862
f 2590 1862 2576
f 2603 2604 2605
f 2603 2605 2105
f 2603 2105 2101
f 2603 2101 2581
f 2100 2106 2606
f 2100 2606 2607
f 2100 2607 2580
f 2608 2607 2606
f 2607 2585 2583
f 2607 2583 2580
f 2608 2601 2590
f 2608 2590 2587
f 2608 2587 2585
f 2608 2585 2607
f 2608 2604 2602
f 2608 2602 2601
f 2106 2105 2604
f 2106 2604 2608
f 1855 2603 2581
f 1855 2581 1856
f 1848 1854 2602
f 1848 2602 2604
f 1848 2604 2603
f 1848 2603 1855
f 2545 2609 2610
f 2545 2610 2611
f 2545 2611 2612
f 2545 2612 2613
f 2545 2613 2614
f 2545 2614 2615
f 2545 2615 2616
f 2545 2616 2534
f 2120 2119 2532
f 2120 2532 2617
f 2120 2617 2618
f 2120 2618 2619
f 2120 2619 2620
f 2120 2620 2621
f 2120 2621 2622
f 2623 2611 2610
f 2623 2610 2622
f 2623 2622 2621
f 2120 2622 2610
f 2120 2610 2609
f 2120 2609 1931
f 2120 1931 1897
f 2120 1897 1900
f 2120 1900 2121
f 2624 2611 2623
f 2624 2623 2625
f 2501 2503 2626
f 2501 2626 2627
f 2627 2625 2623
f 2627 2623 2621
f 2627 2621 2628
f 2627 2628 2629
f 2627 2629 2502
f 2627 2502 2501
f 2611 2624 2630
f 2611 2630 2612
f 2630 2631 2519
f 2630 2519 2518
f 2630 2518 2632
f 2630 2632 2633
f 2630 2633 2613
f 2630 2613 2612
f 2634 2635 2515
f 2634 2515 2512
f 2634 2512 2534
f 2634 2534 2616
f 2634 2616 2615
f 2634 2615 2636
f 2516 2515 2635
f 2516 2635 2637
f 2638 2639 2517
f 2638 2517 2516
f 2638 2516 2637
f 2638 2637 2636
f 2638 2636 2615
f 2638 2615 2614
f 2640 2632 2518
f 2640 2518 2517
f 2640 2517 2639
f 2641 2638 2614
f 2641 2614 2613
f 2641 2613 2633
f 2626 2503 2519
f 2626 2519 2631
f 2502 2629 2642
f 2502 2642 2504
f 2643 2644 2506
f 2643 2506 2505
f 2643 2505 2645
f 2646 2647 2619
f 2646 2619 2618
f 2646 2618 2648
f 2644 2648 2618
f 2644 2618 2617
f 2644 2617 2649
f 2644 2649 2650
f 2644 2650 2507
f 2644 2507 2506
f 2617 2532 2531
f 2617 2531 2649
f 2530 2508 2507
f 2530 2507 2650
f 2642 2651 2620
f 2642 2620 2619
f 2642 2619 2647
f 2642 2647 2645
f 2642 2645 2505
f 2642 2505 2504
f 2628 2621 2620
f 2628 2620 2651
f 2627 2626 2631
f 2627 2631 2652
f 2627 2652 2653
f 2654 2655 2643
f 2654 2643 2645
f 2654 2645 2656
f 2657 2658 2530
f 2657 2530 2650
f 2640 2639 2659
f 2640 2659 2660
f 2643 2655 2637
f 2643 2637 2635
f 2643 2635 2644
f 2652 2632 2640
f 2652 2640 2661
f 2652 2661 2654
f 2652 2654 2642
f 2652 2642 2629
f 2662 2630 2624
f 2662 2624 2625
f 2662 2625 2663
f 2664 2647 2646
f 2664 2646 2665
f 2664 2665 2666
f 2667 2668 2649
f 2667 2649 2531
f 2641 2669 2670
f 2641 2670 2638
f 2665 2646 2648
f 2665 2648 2634
f 2665 2634 2636
f 2666 2671 2641
f 2666 2641 2633
f 2666 2633 2663
f 2666 2663 2628
f 2666 2628 2651
f 2655 2654 2666
f 2655 2666 2665
f 2652 2631 2630
f 2652 2630 2662
f 2658 2635 2634
f 2658 2634 2667
f 2644 2657 2668
f 2644 2668 2648
f 2658 2667 2531
f 2658 2531 2530
f 2668 2657 2650
f 2668 2650 2649
f 2662 2633 2632
f 2662 2632 2652
f 2669 2671 2661
f 2669 2661 2660
f 2670 2636 2637
f 2670 2637 2659
f 2659 2639 2638
f 2659 2638 2670
f 2654 2661 2671
f 2654 2671 2666
f 2665 2669 2660
f 2665 2660 2655
f 2642 2656 2664
f 2642 2664 2651
f 2647 2664 2656
f 2647 2656 2645
f 2628 2663 2653
f 2628 2653 2629
f 2663 2625 2627
f 2663 2627 2653
f 1889 1890 1931
f 1889 1931 2609
f 1889 2609 2545
f 1889 2545 2544
f 1911 1888 1889
f 1911 1889 2544
f 404 403 2672
f 404 2672 1963
f 2673 1941 1963
f 2673 1963 2672
f 1107 1032 1941
f 1107 1941 2673
f 1910 1912 1921
f 1910 1921 1920
f 1910 1920 1865
f 1910 1865 1868
f 1910 1868 1887
f 1888 1911 1910
f 1888 1910 1887
f 1931 1890 1891
f 1931 1891 1932
f 374 373 376
f 374 376 379
f 374 379 1741
f 374 1741 2048
f 2121 2674 2675
f 2121 2675 2676
f 2121 2676 2677
f 2121 2677 1894
f 2077 2049 2048
f 2077 2048 1741
f 2077 1741 1744
f 2077 1744 1751
f 2077 1751 1754
f 2077 1754 1757
f 2077 1757 1768
f 2077 1768 2148
f 1768 1767 2149
f 1768 2149 2148
f 1880 2150 2678
f 1880 2678 2679
f 1880 2679 2680
f 1880 2680 1881
f 1894 2677 2681
f 1894 2681 2682
f 1894 2682 2683
f 1894 2683 2680
f 2679 2678 2684
f 2679 2684 2685
f 2682 2681 2676
f 2682 2676 2675
f 2682 2675 2686
f 2687 1882 1881
f 2687 1881 2680
f 2687 2680 2683
f 2687 2683 2688
f 2687 2688 2686
f 2687 2686 2675
f 2687 2675 2674
f 2687 2674 2689
f 2687 2689 2690
f 2687 2690 1885
f 1882 2687 1885
f 1882 1885 1883
f 2691 2692 2693
f 2691 2693 2694
f 2691 2678 2150
f 2691 2150 2454
f 2691 2454 2453
f 2691 2453 2692
f 2679 2694 2693
f 2679 2693 2695
f 2679 2695 2696
f 2679 2696 2680
f 2696 2695 2697
f 2696 2697 2698
f 1895 2699 2700
f 1895 2700 2473
f 2700 2699 2677
f 2700 2677 2676
f 2700 2676 2701
f 2700 2701 2702
f 2703 2702 2701
f 2703 2701 2704
f 2695 2693 2692
f 2695 2692 2453
f 2695 2453 2473
f 2695 2473 2700
f 2695 2700 2702
f 2695 2702 2703
f 2695 2703 2705
f 2695 2705 2706
f 2695 2706 2697
f 2707 2686 2688
f 2707 2688 2708
f 2707 2708 2706
f 2707 2706 2705
f 2703 2704 2707
f 2703 2707 2705
f 2698 2697 2706
f 2698 2706 2708
f 2709 2710 2707
f 2709 2707 2704
f 2709 2704 2701
f 2710 2699 1895
f 2710 1895 2696
f 2710 2696 2698
f 2710 2698 2708
f 2711 2691 2694
f 2711 2694 2712
f 2694 2679 2685
f 2694 2685 2712
f 2710 2682 2686
f 2710 2686 2707
f 2684 2711 1895
f 2684 1895 1894
f 2684 2678 2691
f 2684 2691 2711
f 2677 2699 2709
f 2677 2709 2681
f 2681 2709 2701
f 2681 2701 2676
f 2685 2680 2696
f 2685 2696 2712
f 2683 2682 2710
f 2683 2710 2708
f 2683 2708 2688
f 2713 1899 2149
f 2713 2149 1767
f 2713 1767 1758
f 2713 1758 1765
f 2713 1765 1774
f 2713 1774 2714
f 2713 2714 2715
f 2714 2716 2717
f 2714 2717 2715
f 2717 2718 2719
f 2717 2719 2715
f 1903 1930 2720
f 1903 2720 2721
f 1903 2721 2722
f 1930 1898 2719
f 1930 2719 2718
f 1930 2718 2720
f 442 897 898
f 442 898 2722
f 442 2722 2721
f 442 2721 2723
f 2721 2720 2718
f 2721 2718 2717
f 2721 2717 2716
f 2721 2716 2723
f 1903 2722 898
f 1903 898 383
f 1903 383 382
f 1903 382 411
f 2724 2725 2726
f 2724 2726 2727
f 2727 2726 1892
f 2727 1892 1884
f 2727 1884 1886
f 2690 2728 2724
f 2690 2724 2727
f 2690 2727 1886
f 2690 1886 1885
f 2724 2728 2729
f 2724 2729 2713
f 2724 2713 2715
f 2724 2715 2725
f 2690 2689 2729
f 2690 2729 2728
f 1900 1899 2713
f 1900 2713 2729
f 2674 2121 1900
f 2674 1900 2729
f 2674 2729 2689
f 1898 1897 1932
f 1898 1932 2730
f 1898 2730 2719
f 2719 2730 2726
f 2719 2726 2725
f 2719 2725 2715
f 1891 1892 2726
f 1891 2726 2730
f 1891 2730 1932
f 1823 1819 1818
f 1823 1818 1890
f 1823 1890 1889
f 1888 1824 1823
f 1888 1823 1889
f 403 402 1842
f 403 1842 2672
f 1842 2731 2732
f 1842 2732 2673
f 1842 2673 2672
f 2733 1108 1107
f 2733 1107 2673
f 2733 2673 2732
f 1887 1868 1827
f 1887 1827 1826
f 1887 1826 1825
f 1824 1888 1887
f 1824 1887 1825
f 1892 1817 1816
f 1892 1816 1884
f 1891 1890 1818
f 1891 1818 1817
f 1891 1817 1892
f 1607 1843 1847
f 1607 1847 1858
f 1607 1858 1861
f 1607 1861 2734
f 994 997 1843
f 994 1843 1607
f 1861 996 995
f 1861 995 2734
f 1874 1879 2735
f 1874 2735 1618
f 1874 1618 1617
f 1874 1617 1873
f 2736 2735 1879
f 2736 1879 1872
f 2736 1872 1621
f 1873 1617 1621
f 1873 1621 1872
f 910 909 2737
f 910 2737 1834
f 910 1834 1833
f 910 1833 1840
f 1021 911 910
f 1021 910 1840
f 2738 2739 1835
f 2738 1835 1834
f 2738 1834 2737
f 2738 2737 2740
f 2740 2737 909
f 2740 909 908
f 2740 908 2741
f 1835 2739 2742
f 1835 2742 1836
f 2739 2738 2743
f 2739 2743 2742
f 2743 2738 2740
f 2743 2740 2741
f 2743 2741 2744
f 2744 2741 908
f 2744 908 907
f 2744 907 2745
f 2744 2745 2746
f 2747 2748 2746
f 2747 2746 2745
f 1771 2748 2747
f 1771 2747 906
f 1771 906 919
f 907 906 2747
f 907 2747 2745
f 906 907 2745
f 906 2745 2747
f 356 405 2749
f 356 2749 2750
f 2749 2751 2752
f 2749 2752 2753
f 2733 2732 2731
f 2733 2731 2753
f 2733 2753 2752
f 2733 2752 2754
f 2733 2754 2755
f 1090 1108 2733
f 1090 2733 2755
f 408 362 2752
f 408 2752 2751
f 2756 2757 2758
f 2756 2758 2759
f 2760 2761 2762
f 2760 2762 2763
f 2763 2762 2764
f 2763 2764 1091
f 2763 1091 1090
f 2763 1090 2755
f 2763 2755 2754
f 2765 1092 1091
f 2765 1091 2764
f 362 361 2760
f 362 2760 2763
f 362 2763 2754
f 362 2754 2752
f 361 351 350
f 361 350 796
f 361 796 1083
f 361 1083 1092
f 361 1092 2765
f 361 2765 2761
f 361 2761 2760
f 2756 2762 2761
f 2756 2761 2757
f 2758 2765 2764
f 2758 2764 2759
f 2759 2764 2762
f 2759 2762 2756
f 2757 2761 2765
f 2757 2765 2758
f 405 408 2751
f 405 2751 2749
f 2766 2767 2768
f 2766 2768 2769
f 2766 2769 1813
f 2766 1813 1812
f 2766 1812 2770
f 2766 2770 2771
f 424 423 2768
f 424 2768 2767
f 357 356 2750
f 357 2750 2772
f 2749 2753 2731
f 2749 2731 1842
f 2749 1842 1813
f 2749 1813 2769
f 2749 2769 2772
f 2749 2772 2750
f 2769 2768 2773
f 2769 2773 2772
f 358 357 2772
f 358 2772 2773
f 423 358 2773
f 423 2773 2768
f 2774 2775 2776
f 2774 2776 2777
f 2774 2777 2778
f 2779 2780 2781
f 2779 2781 2782
f 2783 2784 2785
f 2783 2785 2786
f 2787 2788 2789
f 2787 2789 2790
f 2791 2792 2793
f 2791 2793 2794
f 2775 2774 2780
f 2775 2780 2779
f 2775 2779 2784
f 2775 2784 2783
f 2775 2783 2788
f 2775 2788 2787
f 2775 2787 2792
f 2775 2792 2791
f 2775 2791 2795
f 2775 2795 2796
f 2775 2796 2797
f 2775 2797 2798
f 2775 2798 2799
f 2775 2799 2800
f 2801 415 422
f 2801 422 2776
f 2801 2776 2775
f 2801 2775 2800
f 2802 2803 1811
f 2802 1811 1810
f 2802 1810 2796
f 2802 2796 2795
f 2802 2795 2804
f 2805 2806 2807
f 2805 2807 2808
f 2809 2770 1812
f 2809 1812 1811
f 2809 1811 2803
f 2770 2809 2810
f 2770 2810 2771
f 2804 2795 2791
f 2804 2791 2811
f 2812 2792 2787
f 2812 2787 2813
f 2814 2788 2783
f 2814 2783 2815
f 2816 2784 2779
f 2816 2779 2817
f 2818 2780 2774
f 2818 2774 2819
f 2820 2776 422
f 2820 422 421
f 2812 2813 2814
f 2812 2814 2815
f 2812 2815 2816
f 2812 2816 2817
f 2812 2817 2818
f 2812 2818 2819
f 2812 2819 2820
f 2812 2820 421
f 2812 421 420
f 2812 420 424
f 2812 424 2767
f 2812 2767 2766
f 2812 2766 2821
f 2766 2771 2810
f 2766 2810 2802
f 2766 2802 2804
f 2766 2804 2811
f 2766 2811 2821
f 2784 2816 2785
f 2780 2818 2781
f 2777 2776 2820
f 2778 2819 2774
f 2778 2777 2820
f 2778 2820 2819
f 2782 2817 2779
f 2782 2781 2818
f 2782 2818 2817
f 2790 2813 2787
f 2786 2815 2783
f 2815 2786 2785
f 2815 2785 2816
f 2788 2814 2789
f 2790 2789 2814
f 2790 2814 2813
f 2792 2812 2793
f 2811 2791 2794
f 2794 2793 2812
f 2794 2812 2821
f 2794 2821 2811
f 2822 2823 2824
f 2822 2824 2825
f 2822 2825 2826
f 2822 2826 2827
f 2825 2809 2803
f 2825 2803 2826
f 2827 2826 2828
f 2827 2828 2829
f 2810 2830 2828
f 2810 2828 2802
f 2830 2831 2832
f 2830 2832 2833
f 2830 2833 2829
f 2830 2829 2828
f 2808 2807 2834
f 2808 2834 2835
f 2830 2810 2809
f 2830 2809 2825
f 2824 2823 2835
f 2824 2835 2834
f 2824 2834 2832
f 2824 2832 2831
f 2825 2824 2831
f 2825 2831 2830
f 2836 2837 2806
f 2836 2806 2805
f 2836 2805 2808
f 2836 2808 2835
f 2836 2835 2823
f 2836 2823 2822
f 2806 2837 2834
f 2806 2834 2807
f 2834 2837 2833
f 2834 2833 2832
f 2837 2836 2822
f 2837 2822 2827
f 2837 2827 2829
f 2837 2829 2833
f 2802 2828 2826
f 2802 2826 2803
f 922 906 2747
f 922 2747 2838
f 922 2838 2839
f 2840 905 904
f 2840 904 922
f 2840 922 2839
f 2840 2839 2838
f 2840 2838 2841
f 2840 2841 2842
f 2840 2842 2843
f 2840 2843 2844
f 2840 2844 2845
f 2840 2845 2846
f 2840 2846 2847
f 2848 444 905
f 2848 905 2840
f 2848 2840 2847
f 2849 2850 2851
f 2849 2851 2852
f 2853 2852 2851
f 2853 2851 1809
f 2853 1809 1815
f 1810 1809 2851
f 1810 2851 2850
f 1810 2850 2854
f 1810 2854 2855
f 1810 2855 2856
f 1810 2856 2796
f 2857 2841 2838
f 2857 2838 2858
f 2850 2849 2859
f 2850 2859 2860
f 2850 2860 2854
f 2861 2862 2863
f 2861 2863 2864
f 2861 2864 2860
f 2861 2860 2855
f 2858 2864 2863
f 2841 2857 2865
f 2841 2865 2866
f 2841 2866 2867
f 2841 2867 2842
f 2859 2849 2868
f 2859 2868 2869
f 2869 2868 2870
f 2869 2870 2871
f 2869 2871 2866
f 2869 2866 2865
f 2872 2873 2844
f 2872 2844 2843
f 2872 2843 2874
f 2875 2876 2877
f 2875 2877 2878
f 2879 2846 2845
f 2879 2845 2877
f 2879 2880 2881
f 2879 2881 2882
f 2879 2882 2848
f 2879 2848 2847
f 2879 2847 2846
f 2878 2877 2845
f 2878 2845 2844
f 2878 2844 2873
f 2883 2884 2873
f 2883 2873 2872
f 2867 2885 2886
f 2867 2886 2874
f 2867 2874 2843
f 2867 2843 2842
f 445 444 2848
f 445 2848 2882
f 2887 457 446
f 2887 446 2881
f 2887 2881 2880
f 2887 2880 2876
f 2887 2876 2875
f 2887 2875 2884
f 2887 2884 2883
f 2887 2883 2886
f 2887 2886 2885
f 2887 2885 2871
f 2887 2871 2870
f 2888 455 451
f 2888 451 2889
f 2888 2889 2890
f 2888 2890 2891
f 2890 2852 2853
f 2890 2853 2891
f 2888 2891 2853
f 2888 2853 1815
f 2888 1815 1814
f 2888 1814 1841
f 456 455 2888
f 456 2888 1841
f 2887 2870 2868
f 2887 2868 2849
f 2887 2849 2852
f 2887 2852 2890
f 2887 2890 2889
f 451 450 457
f 451 457 2887
f 451 2887 2889
f 2865 2857 2863
f 2865 2863 2892
f 2867 2866 2893
f 2867 2893 2894
f 2872 2874 2895
f 2872 2895 2896
f 2878 2873 2897
f 2878 2897 2898
f 2879 2877 2899
f 2879 2899 2900
f 445 2882 2901
f 445 2901 459
f 2866 2871 2902
f 2866 2902 2903
f 2866 2903 2893
f 2902 2904 2903
f 2905 2906 2907
f 2907 2906 2880
f 2907 2880 2879
f 2907 2879 2900
f 2908 2909 2910
f 2910 2901 2882
f 2910 2882 2881
f 2910 2881 2908
f 452 415 2801
f 452 2801 2909
f 2881 446 452
f 2881 452 2909
f 2907 2900 2911
f 2907 2911 2901
f 2907 2901 2910
f 2909 2801 2800
f 2909 2800 2799
f 2909 2799 2905
f 2909 2905 2907
f 2909 2907 2910
f 2871 2885 2912
f 2871 2912 2904
f 2913 2914 2886
f 2913 2886 2883
f 2915 2916 2884
f 2915 2884 2875
f 2905 2917 2876
f 2905 2876 2880
f 2912 2914 2913
f 2912 2913 2916
f 2912 2916 2915
f 2912 2915 2917
f 2912 2917 2905
f 2912 2905 2799
f 2912 2799 2798
f 2912 2798 2904
f 2918 2897 2873
f 2918 2873 2884
f 2918 2884 2919
f 2919 2916 2918
f 2920 2898 2899
f 2920 2899 2921
f 2915 2922 2920
f 2923 2917 2921
f 2917 2915 2920
f 2917 2920 2921
f 2921 2899 2877
f 2921 2877 2876
f 2921 2876 2923
f 2920 2922 2875
f 2920 2875 2878
f 2920 2878 2898
f 2924 2895 2874
f 2924 2874 2886
f 2924 2886 2925
f 2925 2914 2924
f 2926 2896 2897
f 2926 2897 2918
f 2913 2927 2926
f 2916 2913 2926
f 2916 2926 2918
f 2926 2927 2883
f 2926 2883 2872
f 2926 2872 2896
f 2928 2894 2895
f 2928 2895 2924
f 2912 2929 2928
f 2914 2912 2928
f 2914 2928 2924
f 2928 2929 2885
f 2928 2885 2867
f 2928 2867 2894
f 2797 2796 2856
f 2797 2856 2930
f 2904 2798 2797
f 2904 2797 2930
f 2904 2930 2931
f 2904 2931 2903
f 2869 2865 2932
f 2869 2932 2931
f 2869 2931 2930
f 2860 2859 2869
f 2860 2869 2930
f 2860 2930 2856
f 2892 2931 2932
f 2931 2892 2893
f 2931 2893 2903
f 2933 461 460
f 2933 460 2934
f 2933 2934 2935
f 2933 2935 2936
f 2935 2862 2861
f 2935 2861 2936
f 2911 2900 2899
f 2911 2899 2898
f 2911 2898 2897
f 2911 2897 2896
f 2911 2896 2895
f 2911 2895 2894
f 2911 2894 2893
f 2911 2893 2892
f 2911 2892 2863
f 2911 2863 2862
f 2911 2862 2935
f 2911 2935 2934
f 460 459 2901
f 460 2901 2911
f 460 2911 2934
f 2933 2936 2861
f 2933 2861 921
f 2933 921 920
f 903 461 2933
f 903 2933 920
f 2861 2855 2854
f 2861 2854 2745
f 2861 2745 907
f 2861 907 921
f 2860 2864 2858
f 2860 2858 2838
f 2860 2838 2747
f 2860 2747 2745
f 2860 2745 2854
f 2937 2743 2744
f 2937 2744 2746
f 2937 2746 2748
f 2937 2748 1771
f 2937 1771 1773
f 2937 1773 1786
f 2937 1786 2938
f 2937 2938 2939
f 2938 2940 2941
f 2938 2941 2942
f 2938 2942 2943
f 2938 2943 2939
f 2944 2945 2937
f 2944 2937 2939
f 2944 2939 2943
f 2944 2943 2946
f 2943 2942 2947
f 2943 2947 2948
f 2943 2948 2949
f 2943 2949 2946
f 2950 2951 2952
f 2950 2952 2944
f 2950 2944 2946
f 2950 2946 2949
f 2953 2954 2950
f 2953 2950 2949
f 2953 2949 2948
f 1831 2954 1020
f 1831 1020 1019
f 2940 1786 1789
f 2940 1789 1808
f 2951 2950 2954
f 2951 2954 1831
f 2951 1831 1830
f 1839 2952 2951
f 1839 2951 1830
f 1837 1836 2742
f 1837 2742 2743
f 1837 2743 2937
f 1837 2937 2945
f 2944 2952 1839
f 2944 1839 1838
f 2944 1838 1837
f 2944 1837 2945
f 2940 1808 1788
f 2940 1788 1787
f 2947 2942 2941
f 2947 2941 916
f 2947 916 915
f 2953 2948 2947
f 2953 2947 915
f 2953 915 914
f 913 1020 2954
f 913 2954 2953
f 913 2953 914
f 1784 917 916
f 1784 916 2941
f 1784 2941 1787
f 1693 437 441
f 1693 441 442
f 1693 442 2723
f 1693 2723 1694
f 2723 2716 2714
f 2723 2714 2955
f 2723 2955 1695
f 2723 1695 1694
f 2955 2714 1774
f 2955 1774 2956
f 2956 2957 2958
f 2956 2958 2959
f 2956 2959 2960
f 2956 2960 2961
f 2956 2961 1696
f 2956 1696 1695
f 2956 1695 2955
f 2960 1758 1767
f 2960 1767 2961
f 2961 1767 1766
f 2961 1766 2962
f 205 204 1701
f 205 1701 2963
f 1701 1705 1696
f 1701 1696 2961
f 1701 2961 2962
f 1701 2962 2963
f 1735 206 205
f 1735 205 2963
f 1735 2963 1736
f 2963 2962 1766
f 2963 1766 1745
f 2963 1745 1737
f 2963 1737 1736
f 2964 2965 2966
f 2964 2966 2967
f 2964 2967 2968
f 2966 2965 2964
f 2966 2964 2968
f 2966 2968 2967
f 2968 2967 2969
f 2968 2969 2970
f 2968 2970 1697
f 2968 1697 1724
f 2968 1724 1715
f 2968 1715 1710
f 1710 1715 1724
f 1710 1724 1697
f 1710 1697 2970
f 1710 2970 2969
f 1710 2969 2967
f 1710 2967 2968
f 2965 2971 2972
f 2965 2972 1757
f 2965 1757 1747
f 2965 1747 2964
f 2971 2965 2964
f 2971 2964 1747
f 2971 1747 1757
f 2971 1757 2972
f 2972 2971 2973
f 2972 2973 2974
f 2972 2974 2969
f 2972 2969 2970
f 2974 2973 2971
f 2974 2971 2972
f 2974 2972 2970
f 2974 2970 2969
f 2966 2965 2971
f 2966 2971 2973
f 2966 2973 2974
f 1748 1740 1738
f 1748 1738 368
f 1748 368 369
f 1748 369 1692
f 1748 1692 1710
f 1748 1710 2968
f 1748 2968 2964
f 1748 2964 1747
f 1692 369 368
f 1692 368 1738
f 1692 1738 1740
f 1692 1740 1748
f 1692 1748 1747
f 1692 1747 2964
f 1692 2964 2968
f 1692 2968 1710
f 2975 2976 2973
f 2975 2973 2971
f 2975 2971 2977
f 2975 2977 2978
f 2976 2979 2980
f 2976 2980 2981
f 2976 2981 2982
f 2976 2982 2974
f 2976 2974 2973
f 2983 2984 2985
f 2983 2985 2986
f 2987 2988 2989
f 2987 2989 1726
f 2987 1726 1721
f 2987 1721 1718
f 2987 1718 1717
f 1717 1718 1721
f 1717 1721 1726
f 1717 1726 2989
f 1717 2989 2988
f 1717 2988 2987
f 2969 2974 2982
f 2969 2982 2989
f 2969 2989 1726
f 2969 1726 1725
f 2989 2982 2974
f 2989 2974 2969
f 2989 2969 1725
f 2989 1725 1726
f 2990 2991 2992
f 2990 2992 2993
f 2994 2981 2980
f 2994 2980 2995
f 2975 2979 2976
f 2996 1749 1743
f 2996 1743 2997
f 2996 2997 2998
f 2978 2977 1755
f 2978 1755 1750
f 2978 1750 1749
f 2978 1749 2996
f 2987 2999 435
f 2987 435 434
f 2987 434 1716
f 2987 1716 1717
f 434 435 2999
f 434 2999 2987
f 434 2987 1717
f 434 1717 1716
f 2998 2997 432
f 2998 432 439
f 2998 439 435
f 2998 435 2999
f 3000 3001 3002
f 3000 3002 2967
f 3000 2967 2966
f 3002 3001 3000
f 3002 3000 2966
f 3002 2966 2967
f 1713 1712 1711
f 1713 1711 3003
f 1713 3003 3004
f 1713 3004 3005
f 1713 3005 3001
f 1713 3001 3002
f 1713 3002 1714
f 3001 3005 3004
f 3001 3004 3003
f 3001 3003 1711
f 3001 1711 1712
f 3001 1712 1713
f 3001 1713 1714
f 3001 1714 3002
f 3006 3007 3008
f 3006 3008 3009
f 3006 3009 3010
f 3011 3012 3013
f 3011 3013 3014
f 3011 3014 2965
f 3011 2965 2966
f 3011 2966 3000
f 3013 3015 3016
f 3013 3016 3014
f 1742 1753 3017
f 1742 3017 3018
f 1742 3018 3019
f 1752 1756 3016
f 1752 3016 3015
f 1752 3015 3017
f 1752 3017 1753
f 430 429 3020
f 430 3020 3004
f 430 3004 3003
f 3020 429 430
f 3020 430 3003
f 3020 3003 3004
f 428 3019 3018
f 428 3018 3020
f 428 3020 429
f 3014 3016 1756
f 3014 1756 1755
f 3014 1755 2977
f 3014 2977 2971
f 3014 2971 2965
f 434 430 3003
f 434 3003 1711
f 434 1711 1716
f 3003 430 434
f 3003 434 1716
f 3003 1716 1711
f 3001 3000 2982
f 3001 2982 2989
f 3000 3001 2989
f 3000 2989 2982
f 3000 2966 2974
f 3000 2974 2982
f 3001 3005 3021
f 3001 3021 3022
f 3001 3022 3023
f 3001 3023 2988
f 3001 2988 2989
f 3023 3022 3021
f 3023 3021 3005
f 3023 3005 3001
f 3023 3001 2989
f 3023 2989 2988
f 3024 3025 3026
f 3024 3026 3027
f 3027 3026 3025
f 3027 3025 3024
f 3026 3025 3028
f 3026 3028 3004
f 3026 3004 3005
f 3026 3005 3021
f 3005 3004 3028
f 3005 3028 3025
f 3005 3025 3026
f 3005 3026 3021
f 2987 2988 3023
f 2987 3023 3024
f 2987 3024 3025
f 2987 3025 3028
f 3028 3025 3024
f 3028 3024 3023
f 3028 3023 2988
f 3028 2988 2987
f 3021 3026 3027
f 3021 3027 3022
f 3027 3026 3021
f 3027 3021 3022
f 2979 2975 3013
f 2979 3013 3012
f 2979 3012 3029
f 2979 3029 2980
f 3012 3011 3030
f 3012 3030 3029
f 2982 2981 3030
f 2982 3030 3011
f 2982 3011 3000
f 3019 428 432
f 3019 432 2997
f 3019 2997 1743
f 3019 1743 1742
f 2998 2999 3020
f 2998 3020 3018
f 3020 2999 435
f 3020 435 429
f 2986 2985 3031
f 2986 3031 3032
f 3033 3034 3035
f 3033 3035 3032
f 3036 3037 3038
f 3036 3038 3039
f 3036 3039 3040
f 3037 2995 2980
f 3037 2980 3029
f 3037 3029 3038
f 2996 3017 3015
f 2996 3015 2978
f 2993 2992 3036
f 2993 3036 3040
f 3034 3033 2991
f 3034 2991 2990
f 2996 2998 3018
f 2996 3018 3017
f 2993 3040 3034
f 2993 3034 2990
f 2991 3033 3036
f 2991 3036 2992
f 3013 2975 2978
f 3013 2978 3015
f 3035 3034 3040
f 3035 3040 3039
f 3035 3039 3009
f 3035 3009 3008
f 3020 3004 3028
f 3020 3028 2987
f 3020 2987 2999
f 3020 2999 2987
f 3020 2987 3028
f 3020 3028 3004
f 3041 3007 3006
f 3041 3006 3042
f 3041 3042 3022
f 3041 3022 3027
f 3010 3043 3042
f 3010 3042 3006
f 3022 3042 3044
f 3022 3044 3045
f 3022 3045 3023
f 3046 3047 3048
f 3046 3048 3049
f 3046 3049 3045
f 3041 3050 3007
f 3047 3051 3052
f 3047 3052 3050
f 3031 3051 3047
f 3031 3047 3046
f 3031 3046 3036
f 3032 3035 3008
f 3032 3008 3007
f 3053 3048 3041
f 3053 3041 3054
f 3024 3053 3054
f 3024 3054 3027
f 2984 2983 3052
f 2984 3052 3051
f 3052 2983 2986
f 3052 2986 3032
f 2984 3051 3031
f 2984 3031 2985
f 3049 3048 3053
f 3023 3045 3049
f 3023 3049 3053
f 3023 3053 3024
f 2981 2994 3055
f 2981 3055 3056
f 2981 3056 3030
f 3056 3057 3039
f 3056 3039 3038
f 3056 3038 3029
f 3056 3029 3030
f 3055 2994 2995
f 3055 2995 3037
f 3046 3055 3037
f 3046 3037 3036
f 3055 3046 3045
f 3055 3045 3044
f 3055 3044 3058
f 3055 3058 3056
f 3058 3043 3010
f 3009 3057 3056
f 3009 3056 3010
f 3043 3044 3042
f 1719 3024 3027
f 1719 3027 1720
f 1723 3022 3023
f 1723 3023 1722
f 1720 3027 3022
f 1720 3022 1723
f 1722 3023 3024
f 1722 3024 1719
f 3002 2967 2969
f 3002 2969 1725
f 3002 1725 1714
f 2969 2967 3002
f 2969 3002 1714
f 2969 1714 1725
f 2970 2972 1757
f 2970 1757 1768
f 2970 1768 1767
f 2970 1767 2961
f 2970 2961 1696
f 2970 1696 1697
f 2961 1767 1768
f 2961 1768 1757
f 2961 1757 2972
f 2961 2972 2970
f 2961 2970 1697
f 2961 1697 1696
f 1779 1778 3059
f 1779 3059 3060
f 1644 3061 3062
f 1644 3062 1645
f 1642 1645 3062
f 1642 3062 3063
f 3064 3065 3066
f 3064 3066 3067
f 3064 3067 3068
f 3064 3068 3069
f 3064 3069 3063
f 3068 2959 2958
f 3068 2958 3070
f 3068 3070 3060
f 3068 3060 3059
f 3068 3059 3069
f 3071 2960 2959
f 3071 2959 3068
f 3071 3068 3067
f 3066 3072 3071
f 3066 3071 3067
f 1782 1781 3073
f 1782 3073 1635
f 1782 1635 1632
f 1782 1632 1631
f 1776 1770 1769
f 1776 1769 3072
f 1776 3072 3066
f 1776 3066 3065
f 1776 3065 3073
f 1776 3073 1781
f 3074 3075 3073
f 3074 3073 3065
f 3074 3065 3076
f 3074 3076 3077
f 194 193 3074
f 194 3074 3077
f 3074 193 192
f 3074 192 1627
f 3074 1627 3078
f 3074 3078 3075
f 3078 1635 3073
f 3078 3073 3075
f 1778 1777 3069
f 1778 3069 3059
f 2960 3071 1759
f 2960 1759 1758
f 3072 1769 1759
f 3072 1759 3071
f 1777 1783 1640
f 1777 1640 1639
f 1777 1639 1642
f 1777 1642 3063
f 1777 3063 3069
f 195 194 3077
f 195 3077 3076
f 195 3076 3079
f 3076 3065 3064
f 3076 3064 3080
f 3076 3080 1728
f 3076 1728 1727
f 3076 1727 3079
f 3064 3063 3062
f 3064 3062 3061
f 3064 3061 3081
f 3064 3081 3080
f 3082 1731 3081
f 3082 3081 3061
f 3083 3070 2958
f 3083 2958 2957
f 3083 2957 3084
f 3083 3084 3085
f 2957 2956 3086
f 2957 3086 3084
f 3083 3087 3060
f 3083 3060 3070
f 3083 3085 1763
f 3083 1763 1762
f 3084 3086 1775
f 3084 1775 1764
f 3086 2956 1774
f 3086 1774 1775
f 3085 3084 1764
f 3085 1764 1763
f 1780 1779 3060
f 1780 3060 3087
f 3087 3083 1762
f 3087 1762 1780
f 1644 1649 3082
f 1644 3082 3061
f 1648 1731 3082
f 1648 3082 1649
f 3088 3089 3090
f 3088 3090 3091
f 3088 3091 3092
f 3088 3092 3093
f 3094 3095 3088
f 3094 3088 3093
f 3094 3093 3096
f 1706 1709 1729
f 1706 1729 3097
f 1706 3097 3094
f 1706 3094 3096
f 317 321 3098
f 317 3098 3099
f 317 3099 3100
f 317 3100 1660
f 317 1660 318
f 3100 3101 1679
f 3100 1679 1661
f 3100 1661 1660
f 3090 3089 3102
f 3090 3102 3099
f 3090 3099 3098
f 3103 3102 3089
f 3103 3089 3088
f 3103 3088 3095
f 3094 3097 3104
f 3094 3104 3103
f 3094 3103 3095
f 1729 1728 3105
f 1729 3105 3106
f 1729 3106 3104
f 1729 3104 3097
f 3092 3091 3107
f 3092 3107 3108
f 3109 3110 3111
f 3109 3111 3112
f 3109 3112 3113
f 3112 3111 3114
f 3112 3114 3115
f 3116 3117 3118
f 3116 3118 3115
f 3116 3115 3114
f 3119 3120 3121
f 3119 3121 3109
f 3119 3109 3113
f 3119 3113 3118
f 3119 3118 3117
f 3119 3117 3122
f 3090 3098 3123
f 3090 3123 3124
f 3090 3124 3107
f 3090 3107 3091
f 1727 1708 3125
f 1727 3125 3126
f 3107 3124 3127
f 3107 3127 3128
f 3129 1668 1667
f 3129 1667 3126
f 195 3079 3130
f 195 3130 3131
f 195 3131 196
f 3079 1727 3126
f 3079 3126 3130
f 3132 3133 156
f 3132 156 155
f 3132 155 3134
f 3129 3135 3132
f 3129 3132 3134
f 3136 3137 3138
f 3136 3138 3139
f 3136 3139 3140
f 3132 3135 3127
f 3132 3127 3124
f 3132 3124 3136
f 3132 3136 3140
f 3132 3140 3133
f 3141 3108 3107
f 3141 3107 3128
f 3141 3128 3142
f 3143 3141 3142
f 3143 3142 3144
f 3143 3144 3145
f 3125 1708 1707
f 3125 1707 3143
f 3125 3143 3145
f 3093 3092 3108
f 3093 3108 3141
f 3096 3093 3141
f 3096 3141 3143
f 1707 1706 3096
f 1707 3096 3143
f 3134 155 154
f 3134 154 1653
f 3134 1653 3146
f 3147 1668 3129
f 3147 3129 3134
f 3147 3134 3146
f 197 196 3131
f 197 3131 1628
f 3131 3130 3126
f 3131 3126 1667
f 3131 1667 1628
f 153 156 3133
f 153 3133 1652
f 3133 3140 1656
f 3133 1656 1652
f 3148 3149 3150
f 3148 3150 3151
f 3148 3151 3152
f 3148 3152 3153
f 3148 3153 3154
f 3148 3154 3155
f 3155 3156 3157
f 3155 3157 3158
f 3155 3158 3148
f 3158 3157 3159
f 3158 3159 3160
f 3149 3160 3159
f 3149 3159 3161
f 3149 3161 3150
f 3140 3139 1657
f 3140 1657 1656
f 3139 3138 3156
f 3139 3156 3155
f 3139 3155 3154
f 3139 3154 1654
f 3139 1654 1657
f 3159 3157 3162
f 3159 3162 3163
f 3161 3159 3163
f 3161 3163 3164
f 3161 3164 3111
f 3161 3111 3110
f 3165 3162 3157
f 3165 3157 3156
f 3165 3156 3116
f 3165 3116 3114
f 3165 3114 3111
f 3165 3111 3164
f 3137 3116 3156
f 3137 3156 3138
f 3166 3153 3152
f 3166 3152 3167
f 3168 3167 3152
f 3168 3152 3151
f 3168 3151 3121
f 3168 3121 3120
f 3154 3153 3166
f 3154 3166 3169
f 3154 3169 3119
f 3154 3119 3122
f 3119 3169 3168
f 3119 3168 3120
f 3170 3171 3160
f 3170 3160 3149
f 3113 3112 3172
f 3113 3172 3173
f 3173 3172 3164
f 3173 3164 3163
f 3173 3163 3171
f 3173 3171 3170
f 3173 3170 3167
f 3173 3167 3168
f 3151 3150 3161
f 3151 3161 3110
f 3151 3110 3109
f 3151 3109 3121
f 3174 3165 3164
f 3174 3164 3172
f 3168 3169 3175
f 3168 3175 3173
f 3163 3162 3176
f 3163 3176 3171
f 3177 3166 3167
f 3177 3167 3170
f 3149 3148 3177
f 3149 3177 3170
f 3171 3176 3158
f 3171 3158 3160
f 3176 3177 3148
f 3176 3148 3158
f 3177 3176 3162
f 3177 3162 3165
f 3177 3165 3174
f 3177 3174 3175
f 3177 3175 3169
f 3177 3169 3166
f 3112 3115 3174
f 3112 3174 3172
f 3173 3175 3118
f 3173 3118 3113
f 3115 3118 3175
f 3115 3175 3174
f 1654 3154 3122
f 1654 3122 1655
f 3125 3104 3106
f 3125 3106 3126
f 3127 3099 3102
f 3127 3102 3128
f 3178 3179 3101
f 3178 3101 3100
f 3178 3100 3099
f 3178 3099 3127
f 3178 3127 3135
f 3178 3135 3129
f 3126 3106 3180
f 3126 3180 3178
f 3126 3178 3129
f 3144 3142 3128
f 3144 3128 3102
f 3144 3102 3103
f 3104 3125 3145
f 3104 3145 3144
f 3104 3144 3103
f 3122 3117 3116
f 3122 3116 3137
f 3122 3137 314
f 3122 314 313
f 3122 313 1655
f 311 310 315
f 311 315 314
f 311 314 3137
f 311 3137 3136
f 311 3136 3124
f 311 3124 3123
f 311 3123 320
f 3123 3098 321
f 3123 321 320
f 1650 1673 3181
f 1650 3181 3182
f 3105 1728 3080
f 3105 3080 3081
f 3105 3081 1731
f 3105 1731 1730
f 3105 1730 3182
f 1650 3182 1730
f 1650 1730 1651
f 1687 1680 1679
f 1687 1679 3101
f 1687 3101 3183
f 1687 3183 1688
f 3184 3185 1685
f 3184 1685 1688
f 3184 1688 3183
f 3101 3179 3186
f 3101 3186 3187
f 3101 3187 3188
f 3101 3188 3184
f 3101 3184 3183
f 3187 3189 3190
f 3187 3190 3188
f 3185 3184 3188
f 3185 3188 3190
f 3185 3190 3191
f 3185 3191 3192
f 3193 3194 3195
f 3193 3195 3196
f 3193 3196 3197
f 3193 3197 3189
f 3193 3189 3187
f 3193 3187 3186
f 3193 3186 3198
f 3199 3200 3193
f 3199 3193 3198
f 3197 3196 3192
f 3197 3192 3191
f 3198 3186 3179
f 3198 3179 3178
f 3198 3178 3180
f 3182 3181 3199
f 3182 3199 3198
f 3182 3198 3180
f 3182 3180 3106
f 3182 3106 3105
f 3185 3192 3196
f 3185 3196 1676
f 3185 1676 1683
f 3185 1683 1685
f 1672 1681 3200
f 1672 3200 3199
f 1672 3199 3181
f 1672 3181 1673
f 3194 3193 3200
f 3194 3200 1681
f 3194 1681 1682
f 3195 3194 1682
f 3195 1682 1677
f 3196 3195 1677
f 3196 1677 1676
f 3201 3202 3203
f 3201 3203 3204
f 3201 3204 3205
f 3201 3205 3206
f 3207 3201 3206
f 3207 3206 3208
f 3207 3208 3209
f 1675 1674 3203
f 1675 3203 3202
f 3209 3208 3210
f 3209 3210 3211
f 3209 3211 3212
f 3210 3213 3189
f 3210 3189 3197
f 3210 3197 3211
f 3214 3215 3204
f 3214 3204 3203
f 3214 3203 1674
f 3214 1674 1686
f 3211 3197 3191
f 3211 3191 3216
f 3211 3216 3217
f 3211 3217 3212
f 3218 3214 1686
f 3218 1686 1684
f 3219 3220 3221
f 3219 3221 3222
f 3219 3222 3223
f 3215 3214 3218
f 3215 3218 3219
f 3215 3219 3223
f 3215 3223 3224
f 3225 3222 3221
f 3225 3221 3217
f 3225 3217 3216
f 3190 3226 3225
f 3190 3225 3216
f 3190 3216 3191
f 3204 3215 3224
f 3204 3224 3205
f 3226 3190 3189
f 3226 3189 3213
f 3219 3201 3207
f 3219 3207 3220
f 3208 3222 3225
f 3208 3225 3210
f 3210 3225 3226
f 3210 3226 3213
f 3223 3222 3208
f 3223 3208 3206
f 3223 3206 3205
f 3223 3205 3224
f 3209 3212 3217
f 3209 3217 3221
f 3209 3221 3220
f 3209 3220 3207
f 3219 3218 3202
f 3219 3202 3201
f 3202 3218 1684
f 3202 1684 1675
f 3227 3228 3229
f 3227 3229 3230
f 3227 3230 3231
f 3227 3231 3232
f 3227 3232 3233
f 3227 3233 3234
f 3227 3234 3235
f 3236 3237 3238
f 3236 3238 3239
f 3236 3239 3240
f 3241 1630 1619
f 3241 1619 1618
f 3241 1618 2735
f 3241 2735 3236
f 3241 3236 3240
f 3242 3243 3244
f 3242 3244 3245
f 3242 3245 3246
f 3242 3246 3247
f 3242 3247 3248
f 3242 3248 3249
f 3242 3249 3250
f 3242 3250 3251
f 3242 3251 3252
f 3242 3252 3253
f 1626 1625 3242
f 1626 3242 3253
f 3254 3255 3256
f 3254 3256 3257
f 3254 3257 3258
f 3259 3260 3261
f 3259 3261 3262
f 3259 3262 3263
f 3259 3263 3264
f 3259 3264 1487
f 3259 1487 1486
f 3265 3266 3254
f 3265 3254 3258
f 3265 3258 3260
f 3265 3260 3259
f 1478 3266 3265
f 1478 3265 1479
f 3267 3268 3256
f 3267 3256 3255
f 3267 3255 3269
f 3270 3271 3267
f 3270 3267 3269
f 3267 3271 3272
f 3267 3272 3273
f 3267 3273 3274
f 3267 3274 3268
f 3275 3276 3277
f 3275 3277 3278
f 3275 3278 3279
f 3275 3279 3280
f 3275 3280 3281
f 3282 3283 3279
f 3282 3279 3278
f 3268 3274 3257
f 3268 3257 3256
f 3261 3281 3280
f 3261 3280 3284
f 3261 3284 3262
f 3285 3286 3287
f 3285 3287 1012
f 3285 1012 1011
f 3285 1011 1608
f 3285 1608 3288
f 1012 3287 3289
f 1012 3289 1013
f 3285 3288 3290
f 3285 3290 3291
f 3286 3285 3291
f 3286 3291 3292
f 3286 3292 3293
f 3294 3295 3296
f 3294 3296 3297
f 3294 3297 1614
f 3294 1614 1615
f 3294 1615 1629
f 3294 1629 1630
f 3294 1630 3241
f 3297 3296 3298
f 3297 3298 3299
f 3297 3299 3300
f 3296 3295 3301
f 3296 3301 3302
f 3296 3302 3298
f 3240 3239 3303
f 3240 3303 3304
f 3240 3304 3305
f 3240 3305 3306
f 3240 3306 3307
f 3294 3241 3240
f 3294 3240 3307
f 3308 3293 3292
f 3308 3292 3309
f 3308 3309 3310
f 3308 3310 3311
f 3312 3310 3309
f 3312 3309 3313
f 3314 3315 3316
f 3314 3316 3317
f 3314 3317 3318
f 3319 3320 3314
f 3319 3314 3318
f 3319 1016 1014
f 3319 1014 1013
f 3319 1013 3289
f 3319 3289 3320
f 3321 3322 3316
f 3321 3316 3315
f 3321 3315 3323
f 3302 3324 3325
f 3302 3325 3305
f 3302 3305 3304
f 3302 3304 3299
f 3302 3299 3298
f 3326 3327 3328
f 3326 3328 3329
f 3326 3329 3304
f 3326 3304 3303
f 3326 3303 3330
f 3311 3310 3312
f 3311 3312 3331
f 3311 3331 3332
f 3311 3332 3333
f 3311 3333 3334
f 3311 3334 3335
f 3334 3336 3337
f 3334 3337 3323
f 3334 3323 3335
f 3337 3338 3339
f 3337 3339 3321
f 3337 3321 3323
f 3294 3340 3341
f 3294 3341 3342
f 3294 3342 3343
f 3294 3343 3344
f 3294 3344 3345
f 3294 3345 3295
f 3342 3346 3347
f 3342 3347 3343
f 3344 3348 3349
f 3344 3349 3345
f 3340 3350 3351
f 3340 3351 3341
f 3352 3349 3348
f 3352 3348 3347
f 3352 3347 3346
f 3352 3346 3351
f 3352 3351 3350
f 3352 3350 3353
f 3354 3355 3287
f 3354 3287 3286
f 3356 3357 3323
f 3356 3323 3315
f 3335 3323 3357
f 3335 3357 3358
f 3359 3360 3311
f 3359 3311 3335
f 3359 3335 3358
f 3287 3355 3361
f 3287 3361 3362
f 3287 3362 3289
f 3355 3354 3363
f 3355 3363 3361
f 3358 3357 3356
f 3358 3356 3364
f 3365 3359 3358
f 3365 3358 3364
f 3363 3360 3359
f 3363 3359 3365
f 3363 3365 3362
f 3363 3362 3361
f 3362 3365 3320
f 3362 3320 3289
f 3364 3356 3315
f 3364 3315 3314
f 3365 3364 3314
f 3365 3314 3320
f 3354 3286 3293
f 3354 3293 3308
f 3354 3308 3363
f 3360 3363 3308
f 3360 3308 3311
f 3295 3345 3349
f 3295 3349 3352
f 3295 3352 3366
f 3295 3366 3367
f 3295 3367 3368
f 3295 3368 3301
f 3369 3370 3367
f 3369 3367 3366
f 3371 3302 3301
f 3371 3301 3368
f 3324 3302 3371
f 3324 3371 3372
f 3373 3325 3324
f 3373 3324 3372
f 3373 3372 3374
f 3373 3374 3375
f 3376 3305 3325
f 3376 3325 3373
f 3375 3374 3370
f 3375 3370 3369
f 3375 3369 3377
f 3375 3377 3378
f 3306 3305 3376
f 3306 3376 3379
f 3377 3380 3381
f 3377 3381 3378
f 3353 3350 3340
f 3353 3340 3294
f 3353 3294 3307
f 3353 3307 3306
f 3353 3306 3379
f 3353 3379 3381
f 3353 3381 3380
f 3347 3348 3382
f 3347 3382 3375
f 3347 3375 3378
f 3347 3378 3381
f 3351 3346 3383
f 3351 3383 3384
f 3367 3370 3374
f 3367 3374 3385
f 3367 3385 3382
f 3366 3352 3353
f 3366 3353 3380
f 3366 3380 3377
f 3366 3377 3369
f 3386 3344 3343
f 3386 3343 3379
f 3386 3379 3376
f 3386 3376 3373
f 3342 3341 3387
f 3342 3387 3388
f 3389 3372 3371
f 3389 3371 3368
f 3389 3368 3386
f 3341 3351 3384
f 3341 3384 3387
f 3374 3372 3389
f 3374 3389 3385
f 3346 3342 3388
f 3346 3388 3383
f 3386 3368 3367
f 3386 3367 3382
f 3343 3347 3383
f 3343 3383 3388
f 3348 3344 3386
f 3348 3386 3382
f 3389 3373 3375
f 3389 3375 3385
f 3379 3387 3384
f 3379 3384 3381
f 3245 3244 3390
f 3245 3390 3391
f 3391 3390 3392
f 3391 3392 3393
f 3391 3393 3394
f 3391 3394 3395
f 3392 3396 3397
f 3392 3397 3393
f 3398 3399 3400
f 3398 3400 3401
f 3398 3401 3402
f 3403 3404 3405
f 3403 3405 3406
f 3330 3303 3239
f 3330 3239 3238
f 3330 3238 3395
f 3330 3395 3394
f 3330 3394 3407
f 3401 3408 3409
f 3401 3409 3410
f 3401 3410 3402
f 3411 3412 3409
f 3411 3409 3408
f 3411 3408 3413
f 3411 3413 3414
f 3408 3401 3400
f 3408 3400 3413
f 3414 3413 3400
f 3414 3400 3399
f 3414 3399 3415
f 1016 3319 3416
f 1016 3416 3415
f 1016 3415 1017
f 3417 3418 3419
f 3417 3419 3420
f 3420 3419 3421
f 3420 3421 3422
f 3420 3422 3423
f 3420 3423 3407
f 3420 3407 3394
f 3424 3425 3422
f 3424 3422 3421
f 3424 3421 3426
f 3424 3426 3427
f 3428 3429 3430
f 3428 3430 3431
f 3431 3430 3432
f 3431 3432 3433
f 3431 3433 3434
f 3431 3434 3425
f 3431 3425 3424
f 3435 3436 3437
f 3435 3437 3438
f 3439 3440 3441
f 3439 3441 3442
f 3443 3444 3445
f 3443 3445 3446
f 3447 3448 3449
f 3447 3449 3450
f 3451 3452 3453
f 3451 3453 3454
f 3455 3456 3457
f 3455 3457 3458
f 3455 3458 3447
f 3455 3447 3450
f 3455 3450 3443
f 3455 3443 3446
f 3455 3446 3459
f 3455 3459 3460
f 3455 3460 3433
f 3455 3433 3432
f 3455 3432 3461
f 3455 3461 3462
f 3451 3454 3435
f 3451 3435 3438
f 3451 3438 3439
f 3451 3439 3442
f 3451 3442 3463
f 3451 3463 3464
f 3451 3464 3445
f 3451 3445 3444
f 3451 3444 3449
f 3451 3449 3448
f 3451 3448 3457
f 3451 3457 3456
f 3451 3456 3465
f 3451 3465 3466
f 3467 3468 3469
f 3467 3469 3470
f 3467 3470 3471
f 3236 2735 2736
f 3236 2736 3472
f 3236 3472 3473
f 3236 3473 3474
f 3236 3474 3466
f 3236 3466 3465
f 3236 3465 3462
f 3236 3462 3461
f 3236 3461 3429
f 3236 3429 3428
f 3236 3428 3475
f 3236 3475 3237
f 3475 3427 3426
f 3475 3426 3418
f 3475 3418 3417
f 3475 3417 3395
f 3475 3395 3238
f 3475 3238 3237
f 3476 3477 3478
f 3476 3478 3479
f 3480 3481 3482
f 3480 3482 3483
f 3484 3485 3486
f 3484 3486 3487
f 1621 1620 3488
f 1621 3488 3482
f 1621 3482 3481
f 1621 3481 3478
f 1621 3478 3477
f 1621 3477 3486
f 1621 3486 3485
f 1621 3485 3472
f 1621 3472 2736
f 3484 3487 3476
f 3484 3476 3479
f 3484 3479 3480
f 3484 3480 3483
f 3484 3483 3489
f 3484 3489 3490
f 3484 3490 3441
f 3484 3441 3440
f 3484 3440 3437
f 3484 3437 3436
f 3484 3436 3453
f 3484 3453 3452
f 3484 3452 3474
f 3484 3474 3473
f 3491 3434 3433
f 3491 3433 3329
f 3491 3329 3328
f 3422 3425 3434
f 3422 3434 3491
f 3422 3491 3492
f 3422 3492 3493
f 3422 3493 3423
f 3491 3328 3327
f 3491 3327 3494
f 3491 3494 3492
f 3494 3327 3326
f 3494 3326 3495
f 3423 3493 3496
f 3423 3496 3495
f 3423 3495 3326
f 3423 3326 3330
f 3423 3330 3407
f 3312 3313 3497
f 3312 3497 3498
f 3312 3498 3499
f 3312 3499 3500
f 3312 3500 3331
f 3467 3471 3501
f 3467 3501 3497
f 3468 3467 3497
f 3468 3497 3502
f 3464 3463 3490
f 3464 3490 3489
f 3464 3489 3488
f 3464 3488 1620
f 3464 1620 1616
f 3464 1616 1611
f 3464 1611 1610
f 3464 1610 1614
f 3464 1614 3297
f 3464 3297 3300
f 3464 3300 3503
f 3470 3469 3504
f 3470 3504 3505
f 3506 3507 3508
f 3506 3508 3291
f 3506 3291 3290
f 3290 3288 1608
f 3290 1608 1607
f 3290 1607 3506
f 3506 1607 2734
f 3506 2734 3507
f 995 1010 3509
f 995 3509 3505
f 995 3505 3504
f 995 3504 3508
f 995 3508 3507
f 995 3507 2734
f 3505 3509 3501
f 3502 3497 3501
f 3502 3501 3510
f 3502 3510 3511
f 3504 3511 3508
f 3291 3508 3510
f 3291 3510 3292
f 3292 3510 3501
f 3292 3501 3512
f 3511 3504 3469
f 3511 3469 3468
f 3511 3468 3502
f 3470 3505 3501
f 3470 3501 3471
f 3433 3460 3299
f 3433 3299 3329
f 3300 3299 3460
f 3300 3460 3459
f 3300 3459 3503
f 3513 3514 3399
f 3513 3399 3398
f 3492 3515 3516
f 3492 3516 3514
f 3492 3514 3513
f 3492 3513 3493
f 3499 3498 3517
f 3499 3517 3516
f 3499 3516 3515
f 1015 1017 3415
f 1015 3415 3399
f 1015 3399 3514
f 1015 3514 3516
f 1015 3516 3517
f 1015 3517 3501
f 1015 3501 3509
f 1015 3509 1010
f 3498 3497 3518
f 3498 3518 3517
f 3518 3497 3313
f 3518 3313 3309
f 3501 3518 3309
f 3501 3309 3512
f 3500 3499 3515
f 3500 3515 3519
f 3331 3500 3519
f 3331 3519 3520
f 3331 3520 3332
f 3332 3520 3521
f 3332 3521 3513
f 3332 3513 3398
f 3332 3398 3522
f 3332 3522 3333
f 3523 3524 3496
f 3523 3496 3493
f 3523 3493 3513
f 3523 3513 3521
f 3525 3523 3521
f 3525 3521 3520
f 3495 3496 3524
f 3495 3524 3526
f 3519 3494 3495
f 3519 3495 3526
f 3519 3526 3525
f 3519 3525 3520
f 3519 3515 3492
f 3519 3492 3494
f 3524 3523 3404
f 3524 3404 3403
f 3525 3526 3406
f 3525 3406 3405
f 3523 3525 3405
f 3523 3405 3404
f 3526 3524 3403
f 3526 3403 3406
f 3527 3528 3461
f 3527 3461 3432
f 3529 3530 3531
f 3529 3531 3532
f 3529 3532 3533
f 3529 3533 3534
f 3535 3536 3537
f 3535 3537 3464
f 3535 3464 3503
f 3490 3463 3538
f 3490 3538 3539
f 1624 1623 3540
f 1624 3540 3541
f 1624 3541 3539
f 1624 3539 3538
f 1624 3538 3537
f 1624 3537 3536
f 3488 3489 3541
f 3488 3541 3540
f 3242 1625 1624
f 3242 1624 3536
f 3242 3536 3535
f 3242 3535 3542
f 3242 3542 3533
f 3242 3533 3532
f 3242 3532 3243
f 3534 3533 3542
f 3534 3542 3543
f 3543 3542 3535
f 3543 3535 3503
f 3543 3503 3459
f 3544 3545 3546
f 3544 3546 3547
f 3544 3547 3548
f 3544 3548 3549
f 3544 3549 3540
f 3544 3540 1623
f 3544 1623 1622
f 3544 1622 3550
f 3551 3539 3541
f 3551 3541 3552
f 3551 3552 3549
f 3551 3549 3548
f 3551 3548 3553
f 3551 3553 3554
f 3551 3554 3555
f 3551 3555 3556
f 3546 3557 3558
f 3546 3558 3547
f 3559 3560 3561
f 3559 3561 3562
f 3559 3562 3554
f 3559 3554 3553
f 3559 3553 3558
f 3559 3558 3557
f 3559 3557 3563
f 3559 3563 3564
f 3559 3564 3565
f 3559 3565 3566
f 3544 3564 3563
f 3544 3563 3545
f 3566 3565 3550
f 3566 3550 1622
f 3566 1622 1626
f 3566 1626 3253
f 3566 3253 3567
f 3568 3569 3537
f 3568 3537 3538
f 3568 3538 3556
f 3568 3556 3555
f 3568 3555 3570
f 3568 3570 3571
f 3534 3543 3572
f 3534 3572 3573
f 3534 3573 3574
f 3534 3574 3529
f 3574 3571 3570
f 3574 3570 3562
f 3574 3562 3561
f 3574 3561 3575
f 3574 3575 3576
f 3574 3576 3577
f 3574 3577 3530
f 3574 3530 3529
f 3578 3579 3580
f 3578 3580 3576
f 3578 3576 3575
f 3578 3575 3581
f 3578 3581 3582
f 3578 3582 3567
f 3578 3567 3253
f 3578 3253 3252
f 3568 3573 3572
f 3568 3572 3569
f 3528 3527 3531
f 3528 3531 3530
f 3528 3530 3577
f 3528 3577 3583
f 3528 3583 3584
f 3528 3584 3585
f 3528 3585 3251
f 3528 3251 3250
f 3559 3582 3581
f 3559 3581 3560
f 3579 3584 3583
f 3579 3583 3580
f 3585 3578 3252
f 3585 3252 3251
f 3478 3547 3558
f 3478 3558 3479
f 3437 3562 3570
f 3437 3570 3438
f 3571 3574 3450
f 3571 3450 3449
f 3490 3539 3551
f 3490 3551 3441
f 3554 3562 3437
f 3554 3437 3440
f 3480 3553 3548
f 3480 3548 3481
f 3552 3541 3489
f 3552 3489 3483
f 3549 3552 3483
f 3549 3483 3482
f 3488 3540 3549
f 3488 3549 3482
f 3558 3553 3480
f 3558 3480 3479
f 3481 3548 3547
f 3481 3547 3478
f 3443 3573 3568
f 3443 3568 3444
f 3555 3554 3440
f 3555 3440 3439
f 3442 3556 3538
f 3442 3538 3463
f 3441 3551 3556
f 3441 3556 3442
f 3569 3572 3446
f 3569 3446 3445
f 3572 3543 3459
f 3572 3459 3446
f 3464 3537 3569
f 3464 3569 3445
f 3438 3570 3555
f 3438 3555 3439
f 3444 3568 3571
f 3444 3571 3449
f 3574 3573 3443
f 3574 3443 3450
f 3559 3566 3474
f 3559 3474 3452
f 3561 3560 3453
f 3561 3453 3436
f 3545 3563 3487
f 3545 3487 3486
f 3476 3557 3546
f 3476 3546 3477
f 3546 3545 3486
f 3546 3486 3477
f 3563 3557 3476
f 3563 3476 3487
f 3473 3565 3564
f 3473 3564 3484
f 3484 3564 3544
f 3484 3544 3485
f 3485 3544 3550
f 3485 3550 3472
f 3550 3565 3473
f 3550 3473 3472
f 3453 3560 3581
f 3453 3581 3454
f 3457 3580 3583
f 3457 3583 3458
f 3581 3575 3435
f 3581 3435 3454
f 3575 3561 3436
f 3575 3436 3435
f 3448 3576 3580
f 3448 3580 3457
f 3447 3577 3576
f 3447 3576 3448
f 3583 3577 3447
f 3583 3447 3458
f 3466 3567 3582
f 3466 3582 3451
f 3451 3582 3559
f 3451 3559 3452
f 3566 3567 3466
f 3566 3466 3474
f 3455 3584 3579
f 3455 3579 3456
f 3462 3585 3584
f 3462 3584 3455
f 3578 3585 3462
f 3578 3462 3465
f 3579 3578 3465
f 3579 3465 3456
f 3532 3531 3586
f 3532 3586 3587
f 3532 3587 3397
f 3532 3397 3396
f 3588 3589 3590
f 3588 3590 3591
f 3589 3588 3592
f 3589 3592 3246
f 3589 3246 3245
f 3589 3245 3391
f 3593 3247 3246
f 3593 3246 3592
f 3593 3592 3594
f 3593 3594 3595
f 3596 3248 3247
f 3596 3247 3593
f 3587 3597 3595
f 3587 3595 3594
f 3587 3594 3591
f 3587 3591 3590
f 3587 3590 3393
f 3587 3393 3397
f 3598 3599 3249
f 3598 3249 3248
f 3598 3248 3596
f 3598 3596 3597
f 3598 3597 3587
f 3598 3587 3586
f 3531 3527 3598
f 3531 3598 3586
f 3599 3528 3250
f 3599 3250 3249
f 3427 3593 3595
f 3427 3595 3424
f 3597 3431 3424
f 3597 3424 3595
f 3598 3527 3432
f 3598 3432 3430
f 3475 3428 3596
f 3475 3596 3593
f 3475 3593 3427
f 3599 3429 3461
f 3599 3461 3528
f 3429 3599 3598
f 3429 3598 3430
f 3431 3597 3596
f 3431 3596 3428
f 3418 3588 3591
f 3418 3591 3419
f 3594 3421 3419
f 3594 3419 3591
f 3421 3594 3592
f 3421 3592 3426
f 3426 3592 3588
f 3426 3588 3418
f 3394 3393 3590
f 3394 3590 3420
f 3589 3391 3395
f 3589 3395 3417
f 3420 3590 3589
f 3420 3589 3417
f 3243 3532 3396
f 3243 3396 3392
f 3243 3392 3390
f 3243 3390 3244
f 3600 3601 3602
f 3600 3602 3603
f 3604 3605 3279
f 3604 3279 3283
f 3604 3283 3606
f 3604 3606 3607
f 3603 3602 3608
f 3603 3608 3609
f 3603 3609 3604
f 3603 3604 3607
f 3317 3316 3322
f 3317 3322 3610
f 3317 3610 3605
f 3317 3605 3604
f 3317 3604 3609
f 3608 3416 3319
f 3608 3319 3318
f 3608 3318 3317
f 3608 3317 3609
f 3414 3415 3416
f 3414 3416 3608
f 3414 3608 3602
f 3414 3602 3601
f 3414 3601 3411
f 3402 3410 3611
f 3402 3611 3612
f 3402 3612 3613
f 3402 3613 3614
f 3615 3616 3617
f 3615 3617 3618
f 3615 3618 3338
f 3615 3338 3337
f 3615 3337 3336
f 3334 3333 3522
f 3334 3522 3615
f 3334 3615 3336
f 3280 3617 3616
f 3280 3616 3619
f 3280 3619 3620
f 3280 3620 3284
f 3616 3615 3522
f 3616 3522 3398
f 3616 3398 3402
f 3616 3402 3614
f 3616 3614 3619
f 3600 3603 3614
f 3600 3614 3613
f 3621 3622 3623
f 3621 3623 3624
f 3625 3626 3627
f 3625 3627 3628
f 3624 3629 3630
f 3624 3630 3621
f 3628 3631 3632
f 3628 3632 3625
f 3623 3633 3629
f 3623 3629 3624
f 3633 3412 3411
f 3633 3411 3601
f 3633 3601 3629
f 3626 3634 3635
f 3626 3635 3627
f 3622 3636 3633
f 3622 3633 3623
f 3409 3412 3633
f 3409 3633 3636
f 3409 3636 3635
f 3409 3635 3634
f 3409 3634 3611
f 3409 3611 3410
f 3627 3635 3631
f 3627 3631 3628
f 3621 3630 3636
f 3621 3636 3622
f 3636 3630 3631
f 3636 3631 3635
f 3625 3632 3634
f 3625 3634 3626
f 3612 3611 3634
f 3612 3634 3632
f 3632 3631 3630
f 3632 3630 3629
f 3632 3629 3601
f 3632 3601 3600
f 3632 3600 3613
f 3632 3613 3612
f 3279 3605 3637
f 3279 3637 3617
f 3279 3617 3280
f 3638 3610 3322
f 3638 3322 3321
f 3638 3321 3339
f 3638 3339 3639
f 3610 3638 3640
f 3610 3640 3637
f 3610 3637 3605
f 3641 3642 3643
f 3641 3643 3644
f 3637 3640 3645
f 3637 3645 3618
f 3637 3618 3617
f 3639 3339 3338
f 3639 3338 3618
f 3639 3618 3645
f 3638 3646 3647
f 3638 3647 3648
f 3638 3648 3649
f 3638 3649 3640
f 3646 3638 3639
f 3646 3639 3650
f 3651 3652 3650
f 3651 3650 3639
f 3651 3639 3645
f 3651 3645 3653
f 3642 3654 3655
f 3642 3655 3643
f 3655 3654 3647
f 3655 3647 3646
f 3655 3646 3650
f 3655 3650 3652
f 3656 3641 3644
f 3656 3644 3657
f 3655 3657 3644
f 3655 3644 3643
f 3656 3648 3647
f 3656 3647 3654
f 3642 3641 3656
f 3642 3656 3654
f 3652 3651 3657
f 3652 3657 3655
f 3640 3649 3653
f 3640 3653 3645
f 3649 3648 3656
f 3649 3656 3657
f 3649 3657 3651
f 3649 3651 3653
f 3603 3607 3606
f 3603 3606 3620
f 3603 3620 3619
f 3603 3619 3614
f 3606 3283 3284
f 3606 3284 3620
f 3658 3659 3660
f 3658 3660 3661
f 3662 3278 3277
f 3662 3277 1490
f 3662 1490 3663
f 3277 3276 3658
f 3277 3658 3661
f 3277 3661 1491
f 3277 1491 1490
f 3660 3659 3272
f 3660 3272 3271
f 3660 3271 3270
f 3660 3270 1482
f 3660 1482 1481
f 3282 3278 3662
f 3282 3662 3664
f 3665 3664 1062
f 3665 1062 1435
f 3662 3663 990
f 3662 990 989
f 3662 989 1054
f 3662 1054 1062
f 3662 1062 3664
f 1485 3666 3667
f 1485 3667 3668
f 1485 3668 3669
f 1485 3669 3670
f 1485 3670 3259
f 1485 3259 1486
f 3671 3668 3667
f 3671 3667 3672
f 3673 3674 3670
f 3673 3670 3669
f 3675 3676 3677
f 3675 3677 3666
f 3675 3666 1485
f 3675 1485 1484
f 3678 3679 3680
f 3678 3680 3681
f 3682 3683 3684
f 3682 3684 3685
f 1483 1491 3661
f 1483 3661 3686
f 1483 3686 3687
f 1483 3687 3684
f 1483 3684 3683
f 1483 3683 3679
f 1483 3679 3678
f 1483 3678 3675
f 1483 3675 1484
f 3686 3688 3689
f 3686 3689 3687
f 3275 3281 3261
f 3275 3261 3260
f 3275 3260 3674
f 3275 3674 3673
f 3275 3673 3671
f 3275 3671 3672
f 3275 3672 3677
f 3275 3677 3676
f 3275 3676 3681
f 3275 3681 3680
f 3275 3680 3682
f 3275 3682 3685
f 3689 3688 3658
f 3689 3658 3276
f 3689 3276 3275
f 3689 3275 3685
f 3690 3691 3692
f 3690 3692 3693
f 3694 3695 3696
f 3694 3696 3697
f 3698 3699 3700
f 3698 3700 3701
f 3702 3703 3704
f 3702 3704 3705
f 3706 3707 3708
f 3706 3708 3709
f 1480 1479 3265
f 1480 3265 3691
f 1480 3691 3690
f 1480 3690 3694
f 1480 3694 3697
f 1480 3697 3700
f 1480 3700 3699
f 1480 3699 3704
f 1480 3704 3703
f 1480 3703 3706
f 1480 3706 3709
f 3710 3711 3660
f 3710 3660 1481
f 3710 1481 1480
f 3710 1480 3709
f 3710 3712 3713
f 3710 3713 3711
f 3708 3707 3702
f 3708 3702 3705
f 3708 3705 3698
f 3708 3698 3701
f 3708 3701 3696
f 3708 3696 3695
f 3708 3695 3693
f 3708 3693 3692
f 3708 3692 3258
f 3708 3258 3257
f 3708 3257 3274
f 3708 3274 3273
f 3272 3659 3713
f 3272 3713 3712
f 3272 3712 3708
f 3272 3708 3273
f 3269 3255 3254
f 3269 3254 3266
f 3269 3266 1478
f 3269 1478 1477
f 3270 3269 1477
f 3270 1477 1482
f 3706 3683 3682
f 3706 3682 3707
f 3686 3661 3660
f 3686 3660 3711
f 3684 3687 3710
f 3684 3710 3709
f 3658 3688 3713
f 3658 3713 3659
f 3708 3712 3689
f 3708 3689 3685
f 3708 3685 3684
f 3708 3684 3709
f 3710 3687 3689
f 3710 3689 3712
f 3713 3688 3686
f 3713 3686 3711
f 3696 3672 3667
f 3696 3667 3697
f 3677 3672 3696
f 3677 3696 3701
f 3698 3705 3681
f 3698 3681 3676
f 3682 3680 3702
f 3682 3702 3707
f 3667 3666 3700
f 3667 3700 3697
f 3678 3704 3699
f 3678 3699 3675
f 3679 3683 3706
f 3679 3706 3703
f 3698 3676 3675
f 3698 3675 3699
f 3704 3678 3681
f 3704 3681 3705
f 3702 3680 3679
f 3702 3679 3703
f 3700 3666 3677
f 3700 3677 3701
f 3693 3695 3671
f 3693 3671 3673
f 3674 3260 3258
f 3674 3258 3692
f 3669 3668 3694
f 3669 3694 3690
f 3265 3259 3670
f 3265 3670 3691
f 3694 3668 3671
f 3694 3671 3695
f 3693 3673 3669
f 3693 3669 3690
f 3691 3670 3674
f 3691 3674 3692
f 3262 3284 3283
f 3262 3283 3714
f 3262 3714 3263
f 3283 3282 3664
f 3283 3664 3665
f 3283 3665 3714
f 3715 3716 3717
f 3715 3717 3718
f 3719 3720 3715
f 3719 3715 3718
f 3721 3722 3718
f 3721 3718 3717
f 3722 3723 3719
f 3722 3719 3718
f 3724 3725 3726
f 3724 3726 3727
f 3728 3729 3730
f 3728 3730 3731
f 3732 3733 1522
f 3732 1522 1521
f 3732 1521 3734
f 3735 3736 3737
f 3735 3737 3738
f 3739 3740 3741
f 3739 3741 3734
f 3739 3734 1521
f 3739 1521 1520
f 3741 3742 3743
f 3741 3743 3744
f 3741 3744 3745
f 3741 3745 3746
f 3741 3746 3732
f 3741 3732 3734
f 3747 3748 3740
f 3747 3740 3749
f 3750 3751 3748
f 3750 3748 3747
f 3750 3747 3752
f 3750 3752 3753
f 3744 3754 3755
f 3744 3755 3756
f 3744 3756 3745
f 3743 3757 3754
f 3743 3754 3744
f 3732 3746 3758
f 3732 3758 3759
f 3732 3759 3733
f 3760 3761 3762
f 3760 3762 3763
f 3764 3765 3766
f 3764 3766 3767
f 3764 3767 3768
f 3764 3768 3769
f 3764 3769 3770
f 3771 3772 3773
f 3771 3773 3774
f 3775 3776 3758
f 3775 3758 3746
f 3775 3746 3745
f 3775 3745 3756
f 3775 3756 3768
f 3775 3768 3767
f 3766 3777 3778
f 3766 3778 3779
f 3766 3779 3775
f 3766 3775 3767
f 3780 3781 3782
f 3780 3782 3783
f 3781 3780 3772
f 3781 3772 3771
f 3781 3771 3761
f 3781 3761 3760
f 3781 3760 3776
f 3781 3776 3775
f 3781 3775 3779
f 3784 3785 3786
f 3784 3786 3787
f 3784 3787 3788
f 3784 3788 3789
f 3784 3789 3781
f 3784 3781 3779
f 3788 3790 3791
f 3788 3791 3792
f 3788 3792 3789
f 3793 3787 3786
f 3793 3786 3794
f 3793 3794 3795
f 3793 3795 3796
f 3793 3796 3797
f 3793 3797 3798
f 3799 3793 3798
f 3799 3798 3800
f 3799 3800 3801
f 3799 3801 3770
f 3799 3770 3769
f 3799 3769 3802
f 3803 3804 3805
f 3803 3805 3806
f 3807 3808 3809
f 3807 3809 3810
f 3811 3812 3813
f 3811 3813 3814
f 3815 3816 3817
f 3815 3817 3818
f 3815 3808 3807
f 3815 3807 3812
f 3815 3812 3811
f 3815 3811 3819
f 3815 3819 3820
f 3815 3820 3821
f 3815 3821 3822
f 3815 3822 3823
f 3824 3816 3815
f 3824 3815 3823
f 3801 3800 3825
f 3801 3825 3826
f 3825 3800 3798
f 3825 3798 3827
f 3825 3827 3828
f 3826 3829 3232
f 3826 3232 3231
f 3826 3231 3770
f 3826 3770 3801
f 3828 3827 3233
f 3828 3233 3232
f 3828 3232 3829
f 3830 3784 3779
f 3830 3779 3831
f 3830 3831 3832
f 3785 3784 3830
f 3785 3830 3833
f 3786 3785 3833
f 3786 3833 3834
f 3786 3834 3835
f 3834 3832 3831
f 3834 3831 3235
f 3834 3235 3234
f 3834 3234 3835
f 3765 3764 3836
f 3765 3836 3837
f 3838 3836 3764
f 3838 3764 3770
f 3838 3770 3231
f 3838 3231 3230
f 3839 3766 3765
f 3839 3765 3837
f 3839 3837 3840
f 3839 3840 3229
f 3839 3229 3228
f 3838 3230 3229
f 3838 3229 3840
f 3841 3842 3777
f 3841 3777 3766
f 3841 3766 3839
f 3778 3777 3842
f 3778 3842 3843
f 3843 3844 3227
f 3843 3227 3235
f 3843 3235 3831
f 3843 3831 3779
f 3843 3779 3778
f 3841 3839 3228
f 3841 3228 3227
f 3841 3227 3844
f 3845 3846 3841
f 3845 3841 3844
f 3845 3844 3847
f 3845 3847 3848
f 3845 3848 3849
f 3845 3849 3850
f 3846 3845 3851
f 3846 3851 3852
f 3834 3848 3847
f 3834 3847 3832
f 3853 3854 3838
f 3853 3838 3840
f 3853 3840 3852
f 3853 3852 3851
f 3853 3851 3855
f 3853 3855 3856
f 3853 3828 3829
f 3853 3829 3854
f 3856 3855 3850
f 3856 3850 3849
f 3856 3849 3835
f 3856 3835 3234
f 3856 3234 3233
f 3856 3233 3827
f 3857 3858 3845
f 3857 3845 3850
f 3859 3842 3841
f 3859 3841 3846
f 3857 3795 3794
f 3857 3794 3860
f 3849 3860 3794
f 3849 3794 3786
f 3849 3786 3835
f 3861 3860 3849
f 3861 3849 3848
f 3843 3862 3847
f 3843 3847 3844
f 3833 3861 3848
f 3833 3848 3834
f 3832 3847 3862
f 3832 3862 3830
f 3830 3862 3861
f 3830 3861 3833
f 3859 3858 3857
f 3859 3857 3860
f 3859 3860 3861
f 3859 3861 3862
f 3859 3862 3843
f 3859 3843 3842
f 3863 3825 3828
f 3863 3828 3853
f 3845 3858 3864
f 3845 3864 3851
f 3864 3865 3855
f 3864 3855 3851
f 3795 3857 3850
f 3795 3850 3855
f 3795 3855 3865
f 3795 3865 3796
f 3866 3863 3853
f 3866 3853 3856
f 3866 3797 3796
f 3866 3796 3865
f 3863 3866 3865
f 3863 3865 3864
f 3827 3798 3797
f 3827 3797 3866
f 3827 3866 3856
f 3854 3829 3826
f 3854 3826 3867
f 3859 3846 3852
f 3859 3852 3868
f 3863 3864 3858
f 3863 3858 3859
f 3863 3859 3868
f 3863 3868 3867
f 3863 3867 3826
f 3863 3826 3825
f 3837 3868 3852
f 3837 3852 3840
f 3867 3836 3838
f 3867 3838 3854
f 3837 3836 3867
f 3837 3867 3868
f 3869 3799 3870
f 3869 3870 3871
f 3869 3871 3872
f 3873 3802 3874
f 3873 3874 3875
f 3873 3875 3876
f 3877 3872 3871
f 3877 3871 3876
f 3877 3876 3875
f 3870 3799 3802
f 3870 3802 3873
f 3871 3870 3873
f 3871 3873 3876
f 3878 3879 3880
f 3878 3880 3881
f 3878 3881 3882
f 3878 3882 3883
f 3884 3885 3886
f 3884 3886 3887
f 3888 3889 3890
f 3888 3890 3891
f 3892 3893 3894
f 3892 3894 3895
f 3892 3895 3896
f 255 254 261
f 255 261 266
f 255 266 268
f 255 268 3897
f 255 3897 3898
f 255 3898 3899
f 255 3899 3900
f 255 3900 3893
f 255 3893 3892
f 255 3892 3885
f 255 3885 3884
f 3901 3902 3903
f 3901 3903 3904
f 3901 3904 3905
f 3883 3906 3904
f 3883 3904 3903
f 3883 3903 3907
f 3883 3907 3908
f 3883 3908 3878
f 3909 3910 3911
f 3909 3911 3912
f 3909 3912 3905
f 3909 3905 3904
f 3909 3904 3906
f 3909 3906 3913
f 3906 3883 3882
f 3906 3882 3914
f 3906 3914 3913
f 3901 3905 3912
f 3901 3912 3915
f 3907 3916 3917
f 3907 3917 3918
f 3907 3918 3919
f 3907 3919 3908
f 3920 3921 3916
f 3920 3916 3907
f 3920 3907 3903
f 3922 3923 3921
f 3922 3921 3920
f 3922 3920 3924
f 3922 3924 3925
f 3922 3925 3926
f 3922 3926 3927
f 3928 3929 3930
f 3928 3930 3911
f 3915 3931 3932
f 3915 3932 3933
f 3915 3933 3934
f 3915 3934 3902
f 3915 3902 3901
f 3935 3934 3933
f 3935 3933 3936
f 3937 3938 3935
f 3937 3935 3936
f 3939 3940 3941
f 3939 3941 3942
f 3943 3803 3806
f 3943 3806 3944
f 3925 3924 3945
f 3925 3945 3946
f 3925 3946 3947
f 3925 3947 3948
f 3949 3926 3925
f 3949 3925 3948
f 3950 3951 3952
f 3950 3952 3953
f 3950 3953 3954
f 3955 3956 3950
f 3955 3950 3954
f 3957 3958 3869
f 3957 3869 3872
f 3952 3790 3788
f 3952 3788 3787
f 3952 3787 3793
f 3952 3793 3799
f 3952 3799 3869
f 3952 3869 3958
f 3952 3958 3953
f 3959 3960 3961
f 3959 3961 3962
f 3717 3716 3919
f 3717 3919 3927
f 3717 3927 3926
f 3949 3721 3717
f 3949 3717 3926
f 3938 3937 3963
f 3938 3963 3964
f 3938 3964 3946
f 3938 3946 3945
f 3965 3966 3967
f 3965 3967 1652
f 3965 1652 1663
f 3965 1663 1662
f 3965 1662 3968
f 1662 1661 3969
f 1662 3969 3968
f 160 159 3967
f 160 3967 3966
f 161 160 3966
f 161 3966 3965
f 161 3965 3970
f 3965 3968 3969
f 3965 3969 3971
f 3965 3971 3970
f 3954 3953 3972
f 3954 3972 3973
f 3954 3973 3955
f 3941 3940 3974
f 3941 3974 3975
f 3955 3973 3976
f 3955 3976 3957
f 3958 3977 3972
f 3958 3972 3953
f 3977 3958 3957
f 3977 3957 3976
f 3978 3979 3980
f 3978 3980 3981
f 3982 3983 3984
f 3982 3984 3981
f 3982 3981 3980
f 3982 3980 3985
f 3979 3978 3986
f 3979 3986 3987
f 3979 3987 3988
f 3979 3988 3989
f 3987 3986 3984
f 3987 3984 3983
f 3977 3989 3988
f 3977 3988 3972
f 3980 3979 3989
f 3980 3989 3977
f 3980 3977 3976
f 3980 3976 3985
f 3972 3988 3987
f 3972 3987 3983
f 3972 3983 3982
f 3972 3982 3973
f 3984 3961 3960
f 3984 3960 3981
f 3962 3961 3984
f 3962 3984 3986
f 3962 3986 3978
f 3962 3978 3959
f 3978 3981 3960
f 3978 3960 3959
f 3976 3973 3982
f 3976 3982 3985
f 3943 3944 3990
f 3943 3990 3991
f 3944 3806 3805
f 3944 3805 3990
f 3805 3804 3991
f 3805 3991 3990
f 3943 3991 3804
f 3943 3804 3803
f 3992 3993 3994
f 3992 3994 3995
f 3992 3995 3996
f 3992 3996 3927
f 3992 3927 3919
f 3997 3998 3999
f 3997 3999 4000
f 4001 4002 187
f 4001 187 186
f 1635 3078 1627
f 1635 1627 4002
f 1635 4002 4001
f 1635 4001 4003
f 1635 4003 4004
f 1635 4004 1636
f 4004 4005 1637
f 4004 1637 1636
f 4001 186 185
f 4001 185 4006
f 4001 4006 4003
f 4006 4007 4005
f 4006 4005 4004
f 4006 4004 4003
f 4008 4009 4010
f 4008 4010 4011
f 4008 4011 4012
f 4008 4012 4013
f 4008 4013 4014
f 4008 4014 4015
f 4016 4017 4012
f 4016 4012 4011
f 4018 4019 4010
f 4018 4010 4009
f 4020 4017 4016
f 4020 4016 4019
f 4020 4019 4018
f 4020 4018 4021
f 4020 4021 4022
f 4020 4022 4023
f 4022 4021 4008
f 4022 4008 4015
f 4024 4025 4026
f 4024 4026 4013
f 4024 4013 4012
f 4024 4012 4017
f 4024 4017 4020
f 4024 4020 4027
f 4024 4027 3998
f 4024 3998 3997
f 4024 3997 4028
f 1665 4029 4024
f 1665 4024 4028
f 1665 4028 1670
f 4030 4031 4032
f 4030 4032 4025
f 4030 4025 4024
f 4030 4024 4029
f 4033 1666 1646
f 4033 1646 4034
f 4033 4034 4035
f 4034 1646 1643
f 4034 1643 1637
f 4034 1637 4005
f 4034 4005 4007
f 4034 4007 4036
f 4035 4034 4037
f 4035 4037 4038
f 190 189 4039
f 190 4039 4040
f 190 4040 4041
f 4040 4042 4033
f 4040 4033 4035
f 4040 4035 4038
f 4040 4038 4041
f 4033 4042 1667
f 4033 1667 1666
f 1667 4042 4040
f 1667 4040 4039
f 1667 4039 4043
f 1667 4043 1628
f 189 188 4043
f 189 4043 4039
f 4002 1627 1628
f 4002 1628 4043
f 187 4002 4043
f 187 4043 188
f 4037 4034 4036
f 4037 4036 4044
f 185 184 4045
f 185 4045 4006
f 4045 4044 4036
f 4045 4036 4007
f 4045 4007 4006
f 4038 4037 4044
f 4038 4044 4046
f 184 191 4047
f 184 4047 4045
f 4047 4046 4044
f 4047 4044 4045
f 191 190 4041
f 191 4041 4047
f 4041 4038 4046
f 4041 4046 4047
f 157 162 4048
f 157 4048 4049
f 4048 4050 4051
f 4048 4051 4052
f 4048 4052 4049
f 1668 3147 4053
f 1668 4053 4052
f 1668 4052 4051
f 1668 4051 1669
f 4054 4055 158
f 4054 158 157
f 4054 157 4049
f 4052 4053 4054
f 4052 4054 4049
f 3147 3146 1653
f 3147 1653 4055
f 3147 4055 4054
f 3147 4054 4053
f 4056 4057 4058
f 4056 4058 4025
f 4056 4025 4032
f 4056 4032 4059
f 4060 4026 4025
f 4060 4025 4058
f 4013 4026 4060
f 4013 4060 4061
f 4013 4061 4062
f 4013 4062 4014
f 4062 4061 4057
f 4062 4057 4056
f 4061 4060 4063
f 4061 4063 4064
f 4058 4057 4065
f 4058 4065 4066
f 4058 4066 4063
f 4058 4063 4060
f 4065 4057 4061
f 4065 4061 4064
f 4065 4064 4063
f 4065 4063 4066
f 4056 4059 4067
f 4056 4067 4068
f 4056 4068 4069
f 4056 4069 4070
f 4070 4069 1664
f 4070 1664 1678
f 4070 1678 4071
f 4023 4022 4015
f 4023 4015 4014
f 4023 4014 4062
f 4023 4062 4056
f 4023 4056 4070
f 4023 4070 4071
f 4023 4071 4072
f 4032 4031 4073
f 4032 4073 4074
f 4032 4074 4075
f 4032 4075 4076
f 4032 4076 4067
f 4032 4067 4059
f 4031 4030 4077
f 4031 4077 4073
f 4078 4079 4080
f 4078 4080 4077
f 4078 4077 4030
f 4078 4030 4029
f 4078 4029 4069
f 4078 4069 4068
f 4080 4079 4075
f 4080 4075 4074
f 4078 4068 4067
f 4078 4067 4076
f 4029 1665 1664
f 4029 1664 4069
f 4080 4081 4082
f 4080 4082 4077
f 4083 4084 4085
f 4083 4085 4086
f 4083 4086 4079
f 4083 4079 4078
f 4083 4078 4021
f 4083 4021 4018
f 4087 4088 4089
f 4087 4089 4090
f 4081 4086 4085
f 4081 4085 4087
f 4081 4087 4090
f 4081 4090 4082
f 4083 4091 4092
f 4083 4092 4089
f 4083 4089 4088
f 4083 4088 4084
f 4091 4019 4016
f 4091 4016 4092
f 4075 4079 4086
f 4075 4086 4093
f 4085 4084 4094
f 4085 4094 4095
f 4096 4083 4018
f 4096 4018 4009
f 4097 4098 4099
f 4097 4099 4100
f 4097 4100 4073
f 4097 4073 4077
f 4097 4077 4082
f 4097 4082 4090
f 4097 4090 4089
f 4097 4089 4092
f 4097 4092 4016
f 4097 4016 4011
f 4084 4088 4101
f 4084 4101 4094
f 4087 4085 4095
f 4087 4095 4102
f 4093 4086 4081
f 4093 4081 4103
f 4103 4081 4080
f 4103 4080 4074
f 4103 4074 4073
f 4103 4073 4100
f 4103 4100 4099
f 4103 4099 4102
f 4103 4102 4095
f 4103 4095 4093
f 4101 4088 4087
f 4101 4087 4102
f 4101 4102 4099
f 4101 4099 4098
f 4091 4083 4096
f 4091 4096 4104
f 4101 4098 4097
f 4101 4097 4104
f 4101 4104 4096
f 4101 4096 4094
f 4010 4019 4091
f 4010 4091 4104
f 4010 4104 4097
f 4010 4097 4011
f 4076 4075 4093
f 4076 4093 4095
f 4076 4095 4094
f 4076 4094 4096
f 4076 4096 4009
f 4076 4009 4008
f 4078 4076 4008
f 4078 4008 4021
f 3969 1661 1679
f 3969 1679 1669
f 3969 1669 4051
f 3969 4051 4050
f 3969 4050 3971
f 158 4055 3967
f 158 3967 159
f 1652 3967 4055
f 1652 4055 1653
f 162 161 3970
f 162 3970 4048
f 3970 3971 4050
f 3970 4050 4048
f 3902 3934 4105
f 3902 4105 4106
f 3902 4106 3903
f 3945 3924 4107
f 3945 4107 4108
f 3945 4108 3938
f 3920 3903 4106
f 3920 4106 4109
f 4107 3924 3920
f 4107 3920 4109
f 4110 4105 3934
f 4110 3934 3935
f 3938 4108 4110
f 3938 4110 3935
f 4105 4110 4109
f 4105 4109 4106
f 4110 4108 4107
f 4110 4107 4109
f 3917 3916 4023
f 3917 4023 4072
f 3921 3923 4027
f 3921 4027 4020
f 3921 4020 4023
f 3921 4023 3916
f 4111 4112 4113
f 4111 4113 4114
f 4111 4114 4115
f 4111 4115 4116
f 4116 4115 4117
f 4116 4117 4118
f 4114 4113 4119
f 4114 4119 4120
f 4118 4117 4120
f 4118 4120 4119
f 4118 4119 4121
f 4118 4121 4122
f 3975 4123 4124
f 3975 4124 3942
f 3975 3942 3941
f 4125 3974 3940
f 4125 3940 3939
f 4125 3939 4126
f 4123 4125 4126
f 4123 4126 4124
f 3975 3974 4125
f 3975 4125 4123
f 4028 4127 1682
f 4028 1682 1671
f 4028 1671 1670
f 4027 3923 3922
f 4027 3922 4128
f 4027 4128 4129
f 4027 4129 3998
f 4028 3997 4130
f 4028 4130 4131
f 4028 4131 4127
f 4132 4133 4134
f 4132 4134 4135
f 4130 4136 4134
f 4130 4134 4133
f 4130 4133 4137
f 4130 4137 4131
f 4138 3995 3994
f 4138 3994 4139
f 3996 3995 4138
f 3996 4138 4140
f 4135 4134 4136
f 4135 4136 4129
f 4135 4129 4128
f 3927 3996 4140
f 3927 4140 4132
f 3927 4132 4135
f 3927 4135 4128
f 3927 4128 3922
f 4136 4130 4141
f 4136 4141 4142
f 3999 3998 4129
f 3999 4129 4136
f 3999 4136 4142
f 4112 4111 4000
f 4112 4000 3999
f 3997 4000 4141
f 3997 4141 4130
f 4143 4144 4145
f 4143 4145 4146
f 4119 4113 4112
f 4119 4112 3999
f 4119 3999 4142
f 4119 4142 4121
f 4122 4121 4142
f 4122 4142 4141
f 4114 4120 4144
f 4114 4144 4143
f 4146 4145 4117
f 4146 4117 4115
f 4000 4111 4116
f 4000 4116 4118
f 4000 4118 4122
f 4000 4122 4141
f 4143 4146 4115
f 4143 4115 4114
f 4145 4144 4120
f 4145 4120 4117
f 1678 1677 4147
f 1678 4147 4071
f 4071 4147 4148
f 4071 4148 4149
f 4071 4149 4150
f 4071 4150 4072
f 4151 3918 3917
f 4151 3917 4072
f 4151 4072 4150
f 4149 4152 4153
f 4149 4153 4151
f 4149 4151 4150
f 4154 4152 4149
f 4154 4149 4148
f 4155 4156 3993
f 4155 3993 3992
f 3918 4151 4153
f 3918 4153 4155
f 3918 4155 3992
f 3918 3992 3919
f 4131 4137 4154
f 4131 4154 4148
f 1682 4127 4131
f 1682 4131 4148
f 1682 4148 4147
f 1682 4147 1677
f 4132 4140 4155
f 4132 4155 4153
f 4152 4154 4137
f 4152 4137 4133
f 4152 4133 4132
f 4152 4132 4153
f 4139 3994 3993
f 4139 3993 4156
f 4138 4139 4156
f 4138 4156 4155
f 4138 4155 4140
f 1660 4157 319
f 1660 319 318
f 301 307 4158
f 301 4158 4159
f 301 4159 302
f 316 300 4160
f 316 4160 1656
f 4160 300 299
f 4160 299 4161
f 4160 4161 4162
f 4160 4162 4163
f 4161 299 298
f 4161 298 297
f 4161 297 4162
f 4160 4163 4159
f 4160 4159 4158
f 4160 4158 4164
f 1659 1658 1656
f 1659 1656 4160
f 1659 4160 4164
f 4158 307 319
f 4158 319 4157
f 1660 1659 4164
f 1660 4164 4158
f 1660 4158 4157
f 4165 4166 4167
f 4165 4167 4168
f 4168 4167 3911
f 4168 3911 3930
f 4166 3928 3911
f 4166 3911 4167
f 3929 3928 4166
f 3929 4166 4165
f 3929 4165 4168
f 3929 4168 3930
f 4169 4170 4171
f 4169 4171 3896
f 4169 3896 3886
f 4169 3886 4172
f 3892 4173 4174
f 3892 4174 3885
f 4173 3892 3896
f 4173 3896 4171
f 3885 4174 4172
f 3885 4172 3886
f 4170 4169 4175
f 4170 4175 4176
f 4170 4176 4177
f 4170 4177 4178
f 4179 4180 4181
f 4179 4181 4176
f 4179 4176 4175
f 4178 4177 4182
f 4178 4182 4183
f 4183 4182 4181
f 4183 4181 4180
f 4183 4180 4184
f 4178 4183 4184
f 4178 4184 4173
f 4178 4173 4171
f 4178 4171 4170
f 4174 4179 4175
f 4174 4175 4169
f 4174 4169 4172
f 4176 3890 3889
f 4176 3889 4177
f 3891 4181 4182
f 3891 4182 3888
f 4173 4184 4180
f 4173 4180 4179
f 4173 4179 4174
f 3891 3890 4176
f 3891 4176 4181
f 4182 4177 3889
f 4182 3889 3888
f 3790 3952 3951
f 3790 3951 4185
f 3790 4185 4186
f 3790 4186 3791
f 4187 4188 3947
f 4187 3947 3946
f 4187 3946 4189
f 4187 4189 4190
f 3792 3791 4186
f 3792 4186 4191
f 3783 3782 4192
f 3783 4192 4193
f 3774 3773 4194
f 3774 4194 4195
f 4189 4196 4197
f 4189 4197 4190
f 4198 4199 4200
f 4198 4200 4201
f 4202 4203 4204
f 4202 4204 4205
f 4206 3763 3762
f 4206 3762 4207
f 3733 3759 4208
f 3733 4208 4209
f 3733 4209 4210
f 3733 4210 4211
f 3733 4211 1511
f 3733 1511 1523
f 3733 1523 1522
f 4212 4213 4214
f 4212 4214 4210
f 4212 4210 4209
f 4215 4216 4217
f 4215 4217 4218
f 4215 4218 4219
f 4215 4219 4220
f 4215 4220 4221
f 4215 4221 4222
f 4210 4215 4222
f 4210 4222 4211
f 3912 3911 4223
f 3912 4223 4224
f 3912 4224 3915
f 268 267 4225
f 268 4225 3897
f 4217 4226 4227
f 4217 4227 4228
f 4217 4228 4229
f 4217 4229 4230
f 4217 4230 4218
f 4231 4232 4233
f 4231 4233 4234
f 4235 4236 4237
f 4235 4237 4238
f 247 246 4239
f 247 4239 4240
f 242 4241 4242
f 242 4242 243
f 4243 4226 4244
f 4243 4244 4245
f 4246 4245 4244
f 4246 4244 4247
f 4227 4226 4243
f 4227 4243 4248
f 4227 4248 218
f 4227 218 221
f 4227 221 1563
f 231 230 4249
f 231 4249 4250
f 230 229 4251
f 230 4251 4249
f 4227 1563 1564
f 4227 1564 4252
f 4244 4226 4253
f 4244 4253 4254
f 4244 4254 4255
f 4244 4255 4256
f 4244 4256 4247
f 4256 4257 4236
f 4256 4236 4247
f 4257 4258 4259
f 4257 4259 4237
f 4257 4237 4236
f 4259 4260 4233
f 4259 4233 4237
f 4261 4234 4233
f 4261 4233 4260
f 4261 4260 4262
f 4261 4263 4224
f 4261 4224 4234
f 4264 4265 4266
f 4264 4266 4254
f 4264 4254 4253
f 4266 4267 4255
f 4266 4255 4254
f 4268 4269 4270
f 4268 4270 4271
f 4272 4273 4265
f 4272 4265 4274
f 4268 4275 4276
f 4268 4276 4262
f 4268 4262 4260
f 4268 4260 4259
f 4268 4259 4258
f 4268 4258 4269
f 4277 4278 4276
f 4277 4276 4275
f 4277 4275 4279
f 4263 4280 4281
f 4263 4281 3931
f 4263 3931 3915
f 4263 3915 4224
f 3932 3931 4281
f 3932 4281 4282
f 4283 4284 4285
f 4283 4285 4282
f 4286 4287 4288
f 4286 4288 4289
f 4286 4289 4290
f 4291 4292 4264
f 4291 4264 4253
f 4291 4253 4226
f 4291 4226 4217
f 4291 4217 4216
f 4215 4210 4293
f 4215 4293 4294
f 4215 4294 4295
f 4215 4295 4291
f 4215 4291 4216
f 4296 4297 4298
f 4296 4298 4299
f 4300 4301 4302
f 4300 4302 4303
f 4304 4296 4299
f 4304 4299 4305
f 4304 4305 4303
f 4304 4303 4302
f 4304 4302 4306
f 4304 4306 4307
f 4308 4309 4310
f 4308 4310 4307
f 4308 4307 4306
f 4308 4306 4311
f 4308 4311 4312
f 4313 4314 4312
f 4313 4312 4311
f 4313 4311 4301
f 4313 4301 4300
f 4313 4300 4315
f 4313 4315 4298
f 4313 4298 4297
f 4313 4297 4316
f 4313 4316 4317
f 4318 4319 4320
f 4318 4320 4321
f 4318 4321 4313
f 4318 4313 4317
f 4312 4314 4322
f 4312 4322 4308
f 4321 4320 4323
f 4321 4323 4324
f 4322 4324 4323
f 4322 4323 4325
f 4322 4325 4326
f 4322 4326 4309
f 4322 4309 4308
f 3819 3811 3814
f 3819 3814 4327
f 3819 4327 4328
f 3819 4328 4329
f 3819 4329 4330
f 176 172 171
f 176 171 4273
f 176 4273 4304
f 176 4304 4307
f 176 4307 4310
f 182 177 176
f 182 176 4310
f 182 4310 4309
f 182 4309 4326
f 182 4326 4331
f 182 4331 4332
f 4333 183 182
f 4333 182 4332
f 4327 4333 4332
f 4327 4332 4331
f 4327 4331 4328
f 4213 4334 4335
f 4213 4335 4214
f 4202 4199 4198
f 4202 4198 4336
f 4202 4336 4337
f 4202 4337 4338
f 4202 4338 4339
f 4202 4339 4203
f 4189 3946 3964
f 4189 3964 4340
f 4189 4340 4341
f 4189 4341 4196
f 4335 4334 4342
f 4335 4342 4330
f 4339 4338 4343
f 4339 4343 4344
f 4337 4336 4345
f 4337 4345 4346
f 4328 4331 4347
f 4328 4347 4348
f 4328 4348 4329
f 4349 4350 4351
f 4349 4351 4352
f 4349 4352 4353
f 4349 4353 4354
f 4355 4356 4341
f 4355 4341 4340
f 3964 3963 4357
f 3964 4357 4355
f 3964 4355 4340
f 4358 4359 4360
f 4358 4360 4357
f 4358 4357 4361
f 4362 3817 3816
f 4362 3816 4363
f 180 4364 4359
f 180 4359 181
f 4364 4362 4363
f 4364 4363 4360
f 4364 4360 4359
f 4363 3816 3824
f 4363 3824 4355
f 4363 4355 4357
f 4363 4357 4360
f 4365 3820 3819
f 4365 3819 4330
f 4365 4330 4342
f 4366 3821 3820
f 4366 3820 4365
f 4366 4344 4343
f 4366 4343 4346
f 4366 4346 4345
f 4366 4345 4367
f 4366 4367 3822
f 4366 3822 3821
f 3824 3823 4368
f 3824 4368 4356
f 3824 4356 4355
f 4368 3823 3822
f 4368 3822 4367
f 4369 4370 4351
f 4369 4351 4350
f 4371 4352 4351
f 4371 4351 4370
f 4371 4370 4372
f 4371 4372 3809
f 4371 3809 3808
f 4353 4352 4371
f 4353 4371 4367
f 4353 4367 4345
f 4373 4374 4370
f 4373 4370 4369
f 4371 4375 4368
f 4371 4368 4367
f 4370 4374 4376
f 4370 4376 4372
f 4362 4376 3818
f 4362 3818 3817
f 4376 4362 4364
f 4376 4364 180
f 4376 180 179
f 4376 179 4372
f 4375 4371 3808
f 4375 3808 3815
f 3815 3818 4376
f 3815 4376 4374
f 3815 4374 4375
f 4350 4358 4373
f 4350 4373 4369
f 4375 4374 4373
f 4375 4373 4358
f 4375 4358 4361
f 4375 4361 4356
f 4375 4356 4368
f 4377 4378 4379
f 4377 4379 4380
f 4366 4365 4381
f 4366 4381 4382
f 4372 4383 3810
f 4372 3810 3809
f 4384 4327 3814
f 4384 3814 3813
f 4379 4378 4383
f 4379 4383 4384
f 179 178 183
f 179 183 4333
f 179 4333 4327
f 179 4327 4384
f 179 4384 4383
f 179 4383 4372
f 4383 4378 4382
f 4383 4382 3807
f 4383 3807 3810
f 4382 4381 3812
f 4382 3812 3807
f 4384 3813 3812
f 4384 3812 4381
f 4384 4381 4379
f 4347 4349 4377
f 4347 4377 4380
f 4382 4378 4377
f 4382 4377 4349
f 4382 4349 4354
f 4382 4354 4344
f 4382 4344 4366
f 4348 4347 4380
f 4348 4380 4379
f 4348 4379 4381
f 4348 4381 4365
f 4348 4365 4342
f 3936 3933 4385
f 3936 4385 4386
f 4387 4357 3963
f 4387 3963 3937
f 4387 3937 3936
f 4387 3936 4386
f 4388 4361 4357
f 4388 4357 4387
f 4388 4387 4389
f 4354 4353 4390
f 4354 4390 4391
f 4329 4348 4392
f 4329 4392 4393
f 4392 4391 4390
f 4392 4390 4388
f 4392 4388 4389
f 4392 4389 4394
f 4392 4394 4395
f 4392 4395 4318
f 4392 4318 4393
f 4385 3933 3932
f 4385 3932 4282
f 4385 4282 4285
f 4385 4285 4396
f 4385 4396 4397
f 4287 4286 4398
f 4287 4398 4399
f 4400 4397 4396
f 4400 4396 4399
f 4400 4399 4398
f 4401 4402 4400
f 4401 4400 4398
f 4401 4398 4286
f 4401 4286 4290
f 4403 4402 4401
f 4403 4401 4404
f 4404 4274 4265
f 4404 4265 4316
f 4404 4316 4403
f 4405 4406 4407
f 4405 4407 4408
f 4409 4410 4411
f 4409 4411 4412
f 4409 4412 4413
f 4406 4405 4414
f 4406 4414 4411
f 4406 4411 4410
f 4406 4410 4415
f 4406 4415 4416
f 4386 4385 4413
f 4386 4413 4412
f 4386 4412 4417
f 4386 4417 4408
f 4386 4408 4407
f 4386 4407 4418
f 4386 4418 4419
f 4386 4419 4420
f 4421 4422 4423
f 4421 4423 4387
f 4421 4387 4386
f 4421 4386 4420
f 4416 4415 4424
f 4416 4424 4425
f 4416 4425 4426
f 4416 4426 4419
f 4416 4419 4418
f 4427 4422 4421
f 4427 4421 4428
f 4429 4430 4427
f 4429 4427 4428
f 4429 4428 4426
f 4429 4426 4425
f 4424 4415 4410
f 4424 4410 4409
f 4424 4409 4283
f 4424 4283 164
f 4424 164 163
f 4424 163 174
f 4359 4429 4425
f 4359 4425 4424
f 4359 4424 174
f 4359 174 173
f 4359 173 181
f 4431 4432 4433
f 4431 4433 4434
f 4435 4311 4306
f 4435 4306 4436
f 4437 4438 4439
f 4437 4439 4440
f 4416 4418 4441
f 4416 4441 4442
f 4318 4395 4443
f 4318 4443 4319
f 4444 4326 4325
f 4444 4325 4445
f 4446 4447 4444
f 4446 4444 4445
f 4446 4445 4443
f 4446 4443 4395
f 4446 4395 4394
f 4389 4387 4423
f 4389 4423 4448
f 4389 4448 4446
f 4389 4446 4394
f 4449 4450 4447
f 4449 4447 4446
f 4449 4446 4448
f 4449 4430 4429
f 4449 4429 4450
f 4359 4358 4350
f 4359 4350 4349
f 4359 4349 4347
f 4359 4347 4444
f 4359 4444 4447
f 4359 4447 4450
f 4359 4450 4429
f 4347 4331 4326
f 4347 4326 4444
f 4451 4431 4452
f 4451 4452 4453
f 4451 4453 4439
f 4451 4439 4454
f 4455 4456 4436
f 4455 4436 4434
f 4456 4455 4457
f 4456 4457 4458
f 4456 4458 4324
f 4456 4324 4322
f 4459 4460 4461
f 4459 4461 4458
f 4459 4458 4457
f 4459 4457 4462
f 4459 4462 4463
f 4464 4465 4466
f 4467 4461 4460
f 4467 4460 4464
f 4467 4464 4445
f 4467 4445 4325
f 4467 4325 4323
f 4463 4468 4469
f 4463 4469 4459
f 4469 4468 4470
f 4469 4470 4471
f 4469 4471 4472
f 4469 4472 4473
f 4469 4473 4474
f 4469 4474 4475
f 4469 4475 4476
f 4440 4442 4477
f 4440 4477 4478
f 4478 4477 4426
f 4478 4426 4428
f 4478 4428 4472
f 4478 4472 4471
f 4474 4473 4479
f 4474 4479 4427
f 4474 4427 4430
f 4474 4430 4449
f 4480 4475 4474
f 4471 4481 4482
f 4471 4482 4478
f 4483 4419 4426
f 4483 4426 4477
f 4484 4485 4457
f 4484 4457 4455
f 4322 4314 4486
f 4322 4486 4456
f 4464 4460 4459
f 4464 4459 4487
f 4464 4487 4488
f 4464 4488 4489
f 4464 4489 4490
f 4464 4490 4465
f 4491 4469 4476
f 4491 4476 4492
f 4421 4420 4419
f 4421 4419 4483
f 4421 4483 4482
f 4421 4482 4481
f 4421 4481 4493
f 4494 4495 4496
f 4422 4497 4498
f 4422 4498 4496
f 4422 4496 4448
f 4422 4448 4423
f 4496 4498 4493
f 4496 4493 4481
f 4496 4481 4499
f 4496 4499 4491
f 4496 4491 4492
f 4496 4492 4494
f 4498 4497 4479
f 4498 4479 4473
f 4475 4480 4495
f 4475 4495 4494
f 4475 4494 4492
f 4475 4492 4476
f 4449 4448 4495
f 4449 4495 4480
f 4479 4497 4422
f 4479 4422 4427
f 4498 4473 4472
f 4498 4472 4493
f 4428 4421 4493
f 4428 4493 4472
f 4469 4491 4487
f 4469 4487 4459
f 4499 4500 4487
f 4499 4487 4491
f 4501 4502 4461
f 4501 4461 4467
f 4490 4489 4503
f 4489 4488 4502
f 4489 4502 4501
f 4489 4501 4320
f 4489 4320 4319
f 4489 4319 4443
f 4465 4490 4503
f 4465 4503 4466
f 4466 4503 4443
f 4466 4443 4445
f 4501 4467 4323
f 4501 4323 4320
f 4504 4458 4461
f 4504 4461 4502
f 4487 4500 4485
f 4487 4485 4504
f 4487 4504 4502
f 4487 4502 4488
f 4504 4485 4484
f 4504 4484 4486
f 4504 4486 4314
f 4504 4314 4313
f 4504 4313 4321
f 4458 4504 4321
f 4458 4321 4324
f 4439 4438 4505
f 4439 4505 4454
f 4470 4506 4481
f 4470 4481 4471
f 4442 4441 4483
f 4442 4483 4477
f 4478 4482 4437
f 4478 4437 4440
f 4441 4437 4482
f 4441 4482 4483
f 4451 4507 4432
f 4451 4432 4431
f 4457 4485 4508
f 4457 4508 4462
f 4507 4451 4454
f 4507 4454 4505
f 4468 4463 4462
f 4468 4462 4508
f 4468 4508 4506
f 4468 4506 4470
f 4506 4508 4485
f 4506 4485 4500
f 4506 4500 4499
f 4506 4499 4481
f 4509 4510 4432
f 4509 4432 4507
f 4509 4507 4505
f 4509 4505 4438
f 4484 4455 4434
f 4484 4434 4433
f 4486 4484 4433
f 4486 4433 4435
f 4456 4486 4435
f 4456 4435 4436
f 4511 4512 4513
f 4511 4513 4514
f 4511 4514 4515
f 4511 4515 4516
f 4517 4518 4519
f 4517 4519 4520
f 4517 4520 4521
f 4517 4521 4522
f 4523 4524 4513
f 4523 4513 4512
f 4525 4526 4527
f 4525 4527 4528
f 4520 4519 4414
f 4520 4414 4405
f 4520 4405 4529
f 4520 4529 4525
f 4528 4406 4416
f 4528 4416 4442
f 4528 4442 4440
f 4528 4440 4439
f 4518 4517 4526
f 4518 4526 4530
f 4518 4530 4408
f 4518 4408 4417
f 4407 4527 4438
f 4407 4438 4437
f 4407 4437 4441
f 4407 4441 4418
f 4530 4526 4525
f 4530 4525 4529
f 4407 4406 4528
f 4407 4528 4527
f 4405 4408 4530
f 4405 4530 4529
f 4531 4521 4520
f 4531 4520 4525
f 4531 4525 4528
f 4531 4528 4439
f 4531 4439 4453
f 4524 4531 4453
f 4524 4453 4452
f 4531 4532 4522
f 4531 4522 4521
f 4527 4526 4517
f 4527 4517 4522
f 4527 4522 4532
f 4527 4532 4509
f 4527 4509 4438
f 4524 4523 4532
f 4524 4532 4531
f 4532 4523 4510
f 4532 4510 4509
f 4524 4452 4431
f 4524 4431 4533
f 4524 4533 4534
f 4524 4534 4514
f 4524 4514 4513
f 4302 4533 4431
f 4302 4431 4434
f 4302 4434 4436
f 4302 4436 4306
f 4534 4535 4303
f 4534 4303 4305
f 4534 4305 4515
f 4534 4515 4514
f 4533 4536 4537
f 4533 4537 4534
f 4537 4536 4432
f 4537 4432 4510
f 4537 4510 4523
f 4537 4523 4512
f 4537 4512 4511
f 4516 4315 4300
f 4516 4300 4538
f 4516 4538 4537
f 4516 4537 4511
f 4536 4301 4311
f 4536 4311 4435
f 4536 4435 4433
f 4536 4433 4432
f 4534 4537 4538
f 4534 4538 4535
f 4536 4533 4302
f 4536 4302 4301
f 4535 4538 4300
f 4535 4300 4303
f 4289 4288 4284
f 4289 4284 4283
f 4289 4283 4409
f 4289 4409 4539
f 4289 4539 4540
f 4289 4540 4272
f 4540 4304 4273
f 4540 4273 4272
f 4397 4400 4402
f 4397 4402 4403
f 4397 4403 4316
f 4397 4316 4297
f 4397 4297 4296
f 4397 4296 4304
f 4397 4304 4540
f 4397 4540 4539
f 4409 4413 4385
f 4409 4385 4397
f 4409 4397 4539
f 4518 4417 4412
f 4298 4315 4516
f 4411 4414 4519
f 4515 4305 4299
f 4519 4518 4412
f 4519 4412 4411
f 4299 4298 4516
f 4299 4516 4515
f 4541 4279 4275
f 4541 4275 4542
f 4337 4346 4541
f 4337 4541 4542
f 4396 4285 4280
f 4396 4280 4263
f 4196 4341 4356
f 4196 4356 4361
f 4196 4361 4388
f 4262 4276 4278
f 4262 4278 4287
f 4262 4287 4399
f 4262 4399 4261
f 4353 4345 4336
f 4353 4336 4198
f 4353 4198 4390
f 4198 4196 4388
f 4198 4388 4390
f 4399 4396 4263
f 4399 4263 4261
f 4543 4268 4271
f 4543 4271 4544
f 4343 4338 4543
f 4343 4543 4544
f 4544 4271 4545
f 4544 4545 4279
f 4544 4279 4541
f 4346 4343 4544
f 4346 4544 4541
f 4542 4275 4268
f 4542 4268 4543
f 4338 4337 4542
f 4338 4542 4543
f 4255 4267 4274
f 4255 4274 4404
f 4255 4404 4256
f 4348 4342 4334
f 4348 4334 4213
f 4348 4213 4392
f 4401 4290 4270
f 4401 4270 4269
f 4401 4269 4258
f 4401 4258 4257
f 4203 4339 4344
f 4203 4344 4354
f 4203 4354 4391
f 4404 4401 4257
f 4404 4257 4256
f 4213 4203 4391
f 4213 4391 4392
f 4335 4293 4210
f 4335 4210 4214
f 4293 4335 4330
f 4293 4330 4329
f 4293 4329 4294
f 4317 4316 4292
f 4317 4292 4291
f 4317 4291 4295
f 4294 4329 4393
f 4294 4393 4318
f 4294 4318 4317
f 4294 4317 4295
f 4264 4292 4316
f 4264 4316 4265
f 1509 1508 1512
f 1509 1512 1511
f 1509 1511 4211
f 1509 4211 4546
f 4547 4548 4549
f 4547 4549 4550
f 4547 4550 4551
f 4547 4551 4552
f 4547 4552 4252
f 4547 4252 1564
f 4547 1564 1494
f 4547 1494 1493
f 1492 1509 4546
f 1492 4546 4553
f 1492 4553 4554
f 1492 4554 4555
f 1492 4555 4547
f 1492 4547 1493
f 1497 1558 4556
f 1497 4556 4557
f 4558 4559 1513
f 4558 1513 1507
f 4211 4222 4221
f 4211 4221 4559
f 4211 4559 4558
f 4211 4558 4553
f 4211 4553 4546
f 4550 4549 4560
f 4550 4560 4557
f 4560 4549 4548
f 4560 4548 4561
f 4560 4561 4562
f 4560 4562 4563
f 4564 4565 4566
f 4564 4566 4567
f 4547 4555 4568
f 4547 4568 4567
f 4547 4567 4566
f 4547 4566 4561
f 4547 4561 4548
f 4568 4555 4554
f 4568 4554 4569
f 4568 4569 4570
f 4568 4570 4571
f 4563 4562 4565
f 4563 4565 4564
f 4563 4564 4571
f 4563 4571 4570
f 4563 4570 4572
f 4563 4572 4219
f 4563 4219 4218
f 4563 4218 4230
f 4563 4230 4556
f 4553 4558 4573
f 4553 4573 4574
f 4553 4574 4569
f 4553 4569 4554
f 4573 4575 4220
f 4573 4220 4219
f 4573 4219 4572
f 4573 4572 4574
f 4559 4221 4220
f 4559 4220 4575
f 1501 1552 4564
f 1501 4564 4567
f 4574 4572 1515
f 4574 1515 1505
f 1506 1514 4575
f 1506 4575 4573
f 4575 1514 1513
f 4575 1513 4559
f 1506 4573 4558
f 1506 4558 1507
f 1504 1516 4570
f 1504 4570 4569
f 4570 1516 1515
f 4570 1515 4572
f 1504 4569 4574
f 1504 4574 1505
f 4568 4571 1551
f 4568 1551 1502
f 1501 4567 4568
f 1501 4568 1502
f 4564 1552 1551
f 4564 1551 4571
f 1499 1554 4562
f 1499 4562 4561
f 4566 4565 1553
f 4566 1553 1500
f 4562 1554 1553
f 4562 1553 4565
f 1499 4561 4566
f 1499 4566 1500
f 4560 4563 1555
f 4560 1555 1498
f 4556 1558 1555
f 4556 1555 4563
f 1497 4557 4560
f 1497 4560 1498
f 1495 1562 4576
f 1495 4576 4577
f 4578 4579 1559
f 4578 1559 1496
f 4579 4578 4551
f 4579 4551 4550
f 4579 4550 4557
f 4579 4557 4556
f 4579 4556 4230
f 4579 4230 4229
f 4552 4551 4578
f 4552 4578 4577
f 4576 4579 4229
f 4576 4229 4228
f 4576 1562 1559
f 4576 1559 4579
f 1495 4577 4578
f 1495 4578 1496
f 4252 4552 4577
f 4252 4577 4576
f 4252 4576 4228
f 4252 4228 4227
f 4580 277 270
f 4580 270 269
f 4580 269 4581
f 4582 4266 4265
f 4582 4265 4581
f 4582 4581 269
f 4582 269 276
f 4273 171 170
f 4273 170 4580
f 4273 4580 4581
f 4273 4581 4265
f 4159 4583 4584
f 4159 4584 4585
f 4159 4585 4586
f 4159 4586 4587
f 4159 4587 303
f 4159 303 302
f 4584 4588 4589
f 4584 4589 4585
f 4583 4281 4280
f 4583 4280 4588
f 4583 4588 4584
f 4585 4589 4278
f 4585 4278 4277
f 4585 4277 4586
f 4590 4545 4271
f 4590 4271 4270
f 4590 4270 4591
f 4590 4591 4592
f 4586 4277 4279
f 4586 4279 4545
f 4586 4545 4590
f 4586 4590 4593
f 4586 4593 4594
f 4586 4594 4587
f 4595 4596 4267
f 4595 4267 4266
f 4595 4266 4582
f 4592 4591 4596
f 4592 4596 4595
f 304 303 4587
f 304 4587 4594
f 275 4593 4590
f 275 4590 4592
f 275 4592 4595
f 275 4595 4582
f 275 4582 276
f 4597 4598 165
f 4597 165 164
f 4597 164 4283
f 4597 4283 4282
f 4597 4282 4599
f 4282 4281 4583
f 4282 4583 4599
f 289 292 4600
f 289 4600 4597
f 289 4597 4599
f 289 4599 285
f 4598 4601 166
f 4598 166 165
f 4598 4597 4600
f 4598 4600 4601
f 295 285 4599
f 295 4599 4602
f 4602 4163 4162
f 4602 4162 4603
f 4603 296 295
f 4603 295 4602
f 297 296 4603
f 297 4603 4162
f 4163 4602 4599
f 4163 4599 4583
f 4163 4583 4159
f 4604 4605 4606
f 4604 4606 4607
f 4589 4588 4608
f 4589 4608 4609
f 4610 4611 4612
f 4610 4612 4613
f 4614 4615 4596
f 4614 4596 4591
f 4615 4611 4610
f 4615 4610 4272
f 4615 4272 4274
f 4615 4274 4267
f 4615 4267 4596
f 4610 4613 4289
f 4610 4289 4272
f 4604 4607 4284
f 4604 4284 4288
f 4609 4605 4604
f 4609 4604 4288
f 4609 4288 4287
f 4609 4287 4278
f 4609 4278 4589
f 4285 4284 4607
f 4285 4607 4606
f 4285 4606 4608
f 4285 4608 4588
f 4285 4588 4280
f 4290 4289 4613
f 4290 4613 4612
f 4290 4612 4614
f 4290 4614 4591
f 4290 4591 4270
f 4606 4605 4616
f 4606 4616 4617
f 4616 290 284
f 4616 284 280
f 4616 280 279
f 4616 279 4618
f 292 291 4617
f 292 4617 4600
f 4618 4612 4611
f 4618 4611 4619
f 278 277 4580
f 278 4580 4619
f 4617 4616 4618
f 4617 4618 4619
f 4617 4619 4580
f 4617 4580 170
f 4617 170 168
f 4617 168 167
f 166 4601 4600
f 166 4600 4617
f 166 4617 167
f 4620 4593 275
f 4620 275 274
f 283 304 4594
f 283 4594 4621
f 4609 4608 288
f 4609 288 287
f 4608 4606 4617
f 4608 4617 291
f 4608 291 288
f 4616 4605 4609
f 4616 4609 287
f 4616 287 290
f 4621 4594 4593
f 4621 4593 4620
f 274 283 4621
f 274 4621 4620
f 4615 4614 272
f 4615 272 271
f 4614 4612 4618
f 4614 4618 279
f 4614 279 272
f 4619 4611 4615
f 4619 4615 271
f 4619 271 278
f 1524 1548 4622
f 1524 4622 4623
f 4624 4625 4626
f 4624 4626 4627
f 4624 4627 4628
f 4624 4628 4629
f 4630 4631 4632
f 4630 4632 4626
f 4630 4626 4625
f 4630 4625 4633
f 4630 4634 4635
f 4630 4635 4636
f 4630 4636 4631
f 4637 4638 4639
f 4637 4639 4640
f 4637 4640 4623
f 4637 4623 4622
f 4638 4637 4627
f 4638 4627 4626
f 4638 4626 4632
f 4641 4642 4639
f 4641 4639 4643
f 4641 4644 4645
f 4641 4645 4212
f 4641 4212 4209
f 4641 4209 4642
f 4631 4636 4646
f 4631 4646 4647
f 4631 4647 4648
f 4631 4648 4643
f 4631 4643 4639
f 4631 4639 4638
f 4631 4638 4632
f 4649 4650 4651
f 4649 4651 4652
f 4653 4654 4655
f 4653 4655 4656
f 4657 4658 4659
f 4657 4659 4660
f 4661 4662 4663
f 4661 4663 4664
f 4665 4666 4205
f 4665 4205 4204
f 4667 4668 4201
f 4667 4201 4200
f 4669 4670 4664
f 4669 4664 4663
f 4669 4663 4660
f 4669 4660 4659
f 4669 4659 4656
f 4669 4656 4655
f 4669 4655 4652
f 4669 4652 4651
f 4669 4651 4635
f 4669 4635 4634
f 4671 4672 4187
f 4671 4187 4190
f 4671 4190 4197
f 4671 4197 4673
f 4671 4673 4668
f 4671 4668 4667
f 4671 4667 4666
f 4671 4666 4665
f 4671 4665 4645
f 4671 4645 4644
f 4671 4644 4674
f 4671 4674 4675
f 4676 4672 4671
f 4676 4671 4675
f 4647 4650 4649
f 4647 4649 4654
f 4647 4654 4653
f 4647 4653 4658
f 4647 4658 4657
f 4647 4657 4662
f 4647 4662 4661
f 4647 4661 4677
f 4647 4677 4676
f 4647 4676 4675
f 4647 4675 4674
f 4647 4674 4648
f 4678 4679 4624
f 4678 4624 4629
f 4678 4629 4680
f 4678 4680 4681
f 4682 4683 4678
f 4682 4678 4681
f 4669 4634 4630
f 4669 4630 4633
f 4669 4633 4684
f 4669 4684 4685
f 4686 4687 4669
f 4686 4669 4685
f 4188 4187 4672
f 4188 4672 4676
f 4188 4676 4677
f 4188 4677 4688
f 4188 4688 4689
f 4688 4670 4669
f 4688 4669 4687
f 4688 4687 4689
f 4680 4629 4628
f 4680 4628 3723
f 4680 3723 3722
f 3721 3949 4682
f 3721 4682 4681
f 3721 4681 4680
f 3721 4680 3722
f 3947 4188 4689
f 3947 4689 3948
f 4689 4687 4686
f 4689 4686 4683
f 4689 4683 4682
f 4689 4682 3949
f 4689 3949 3948
f 4690 4691 4692
f 4690 4692 4693
f 4694 4623 4640
f 4694 4640 4695
f 4692 4691 3735
f 4692 3735 3738
f 4126 3939 4696
f 4126 4696 4697
f 4698 4699 4700
f 4698 4700 4701
f 4698 4701 4702
f 4698 4702 4703
f 4698 4703 4704
f 4704 4703 3736
f 4704 3736 3735
f 4704 3735 4691
f 4704 4691 4705
f 4705 4691 4690
f 4705 4690 4706
f 4705 4706 4707
f 4705 4707 4708
f 4697 4696 4709
f 4697 4709 4710
f 3956 3955 3957
f 3956 3957 3872
f 3956 3872 3877
f 3956 3877 4711
f 4712 4713 4185
f 4712 4185 3951
f 4712 3951 3950
f 4712 3950 4714
f 3950 3956 4711
f 3950 4711 4714
f 4126 4697 4710
f 4126 4710 4715
f 4126 4715 4124
f 3942 4124 4715
f 3942 4715 4716
f 3942 4716 4709
f 3942 4709 4696
f 3942 4696 3939
f 4717 4718 4719
f 4717 4719 4643
f 4717 4643 4648
f 4717 4648 4720
f 4721 3740 3739
f 4721 3739 4695
f 4721 4695 4640
f 4721 4640 4639
f 4722 3748 3751
f 4722 3751 4723
f 3748 4722 4724
f 3748 4724 4717
f 3748 4717 4718
f 3748 4718 4719
f 3748 4719 4721
f 3748 4721 3740
f 4650 4647 4725
f 4650 4725 4726
f 4658 4653 4727
f 4658 4727 4728
f 4662 4657 4729
f 4662 4729 4730
f 4654 4649 4731
f 4654 4731 4732
f 4733 4734 4677
f 4733 4677 4661
f 4733 4661 4735
f 3756 3755 4736
f 3756 4736 4737
f 3762 3761 4738
f 3762 4738 4207
f 4739 4740 4713
f 4739 4713 4712
f 4739 4712 4734
f 4186 4185 4713
f 4186 4713 4740
f 4186 4740 4741
f 4186 4741 4191
f 4742 4743 4739
f 4742 4739 4734
f 4742 4734 4733
f 4741 4740 4739
f 4741 4739 4743
f 4741 4743 4744
f 4741 4744 4745
f 4746 4744 4743
f 4746 4743 4742
f 4746 4742 4747
f 4746 4747 4748
f 4746 4748 4749
f 4745 4744 4746
f 4745 4746 4750
f 4745 4750 4193
f 4745 4193 4192
f 4751 4752 4195
f 4751 4195 4194
f 4752 4751 4750
f 4752 4750 4746
f 4752 4746 4749
f 4752 4749 4753
f 4752 4753 4754
f 4752 4754 4738
f 4742 4733 4735
f 4742 4735 4730
f 4742 4730 4729
f 4742 4729 4728
f 4742 4728 4727
f 4742 4727 4732
f 4742 4732 4731
f 4742 4731 4726
f 4742 4726 4725
f 4742 4725 4747
f 4748 4737 4736
f 4748 4736 4717
f 4748 4717 4720
f 3782 3781 4745
f 3782 4745 4192
f 3781 3789 4741
f 3781 4741 4745
f 3789 3792 4191
f 3789 4191 4741
f 4748 4747 3768
f 4748 3768 3756
f 4748 3756 4737
f 3773 3772 4751
f 3773 4751 4194
f 3772 3780 4750
f 3772 4750 4751
f 3780 3783 4193
f 3780 4193 4750
f 4752 4738 3761
f 4752 3761 3771
f 4195 4752 3771
f 4195 3771 3774
f 3802 3769 3768
f 3802 3768 4747
f 3802 4747 4725
f 4674 4749 4748
f 4674 4748 4720
f 4674 4720 4648
f 4674 4644 4753
f 4674 4753 4749
f 3741 3740 4721
f 3741 4721 4755
f 4642 4756 4755
f 4642 4755 4721
f 4642 4721 4639
f 4757 4756 4642
f 4757 4642 4209
f 4757 4209 4208
f 4208 3759 3758
f 4208 3758 4757
f 4644 4641 4758
f 4644 4758 4753
f 4738 4754 4759
f 4738 4759 4206
f 4738 4206 4207
f 4759 4754 4753
f 4759 4753 4758
f 4759 4758 4756
f 4759 4756 4757
f 4206 4759 3776
f 4206 3776 3760
f 4206 3760 3763
f 4759 4757 3758
f 4759 3758 3776
f 4756 4758 4760
f 4756 4760 4761
f 4756 4761 4755
f 4736 4762 4763
f 4736 4763 4718
f 4736 4718 4717
f 4763 4760 4761
f 4763 4761 4719
f 4763 4719 4718
f 4762 4736 3755
f 4762 3755 3754
f 3743 3742 4761
f 3743 4761 4760
f 3754 3757 4763
f 3754 4763 4762
f 4760 4763 3757
f 4760 3757 3743
f 4755 4761 3742
f 4755 3742 3741
f 4761 4760 4758
f 4761 4758 4641
f 4761 4641 4643
f 4761 4643 4719
f 4764 4765 4704
f 4764 4704 4705
f 3737 3736 4703
f 3737 4703 4766
f 4712 4714 4711
f 4712 4711 4767
f 4712 4767 4768
f 4712 4768 4734
f 4769 4770 4771
f 4769 4771 4772
f 4769 4772 4773
f 4769 4773 4774
f 4769 4774 4775
f 4709 4716 4776
f 4709 4776 4769
f 4709 4769 4775
f 4777 4778 4779
f 4777 4779 4780
f 4777 4780 4781
f 4777 4781 4782
f 4777 4782 4783
f 4777 4783 4784
f 4777 4784 4768
f 4777 4768 4767
f 4777 4767 4785
f 4777 4785 4786
f 4730 4735 4784
f 4730 4784 4783
f 4728 4729 4782
f 4728 4782 4781
f 4732 4727 4780
f 4732 4780 4779
f 4726 4731 4778
f 4726 4778 4777
f 4719 4718 4717
f 4719 4717 4787
f 4719 4787 4788
f 4719 4788 4721
f 4705 4708 4773
f 4705 4773 4772
f 4705 4772 4764
f 4789 4790 4791
f 4789 4791 4792
f 3874 4793 4794
f 3874 4794 3875
f 4795 4793 3874
f 4795 3874 3802
f 4795 3802 4725
f 4795 4725 4796
f 4795 4796 4786
f 4795 4786 4797
f 4798 4799 4800
f 4798 4800 4794
f 4785 4800 4797
f 4785 4797 4786
f 3877 3875 4794
f 3877 4794 4800
f 3877 4800 4785
f 3877 4785 4767
f 3877 4767 4711
f 4790 4795 4797
f 4790 4797 4800
f 4790 4800 4799
f 4790 4799 4791
f 4794 4793 4789
f 4794 4789 4792
f 4794 4792 4798
f 4790 4789 4793
f 4790 4793 4795
f 4791 4799 4798
f 4791 4798 4792
f 3751 3750 4801
f 3751 4801 4723
f 4801 3750 3753
f 4801 3753 4802
f 4802 4803 4804
f 4802 4804 4805
f 4700 4699 4804
f 4700 4804 4803
f 4806 4807 3749
f 4806 3749 3740
f 4806 3740 4721
f 4806 4721 4788
f 4807 4806 4808
f 4807 4808 4809
f 4807 4809 4810
f 4701 4700 4803
f 4701 4803 4802
f 4701 4802 4811
f 4811 4812 4807
f 4811 4807 4810
f 4811 4810 4702
f 4811 4702 4701
f 4812 4722 4723
f 4812 4723 4801
f 4812 4801 4802
f 4812 4802 4811
f 3747 4812 4811
f 3747 4811 3752
f 3748 3747 4812
f 3748 4812 4722
f 4722 4812 3747
f 4722 3747 3748
f 4811 4802 3753
f 4811 3753 3752
f 4812 3747 3749
f 4812 3749 4807
f 4805 4813 4811
f 4805 4811 4802
f 4806 4814 4813
f 4806 4813 4808
f 4814 4724 4722
f 4814 4722 4812
f 4814 4812 4811
f 4814 4811 4813
f 4724 4814 4787
f 4724 4787 4717
f 4787 4814 4806
f 4787 4806 4788
f 4809 4808 4813
f 4809 4813 4805
f 4809 4805 4804
f 4809 4804 4699
f 4809 4699 4698
f 4766 4703 4702
f 4766 4702 4810
f 4765 4809 4698
f 4765 4698 4704
f 4765 4766 4810
f 4765 4810 4809
f 4635 4651 4777
f 4635 4777 4786
f 4652 4655 4779
f 4652 4779 4778
f 4656 4659 4781
f 4656 4781 4780
f 4660 4663 4783
f 4660 4783 4782
f 4670 4768 4784
f 4670 4784 4664
f 4727 4653 4656
f 4727 4656 4780
f 4662 4730 4783
f 4662 4783 4663
f 4735 4661 4664
f 4735 4664 4784
f 4734 4768 4670
f 4734 4670 4688
f 4734 4688 4677
f 4729 4657 4660
f 4729 4660 4782
f 4658 4728 4781
f 4658 4781 4659
f 4650 4726 4777
f 4650 4777 4651
f 4654 4732 4779
f 4654 4779 4655
f 4731 4649 4652
f 4731 4652 4778
f 4796 4646 4636
f 4796 4636 4635
f 4796 4635 4786
f 4725 4647 4646
f 4725 4646 4796
f 4772 4771 4815
f 4772 4815 4816
f 4772 4816 4817
f 4772 4817 4764
f 4815 4771 4770
f 4815 4770 4818
f 4769 4776 4819
f 4769 4819 4820
f 4769 4820 4818
f 4769 4818 4770
f 4715 4819 4776
f 4715 4776 4716
f 4708 4707 4821
f 4708 4821 4773
f 4822 4823 4821
f 4822 4821 4816
f 4822 4816 4815
f 4822 4815 4818
f 4822 4818 4820
f 4819 4715 4710
f 4819 4710 4822
f 4819 4822 4820
f 4822 4710 4709
f 4822 4709 4775
f 4822 4775 4774
f 4822 4774 4823
f 4774 4773 4821
f 4774 4821 4823
f 4817 4816 4821
f 4817 4821 4707
f 4817 4707 4706
f 4690 4693 4817
f 4690 4817 4706
f 4817 4693 4692
f 4817 4692 4764
f 3738 3737 4766
f 3738 4766 4765
f 3738 4765 4764
f 3738 4764 4692
f 1519 4695 3739
f 1519 3739 1520
f 1519 1525 4694
f 1519 4694 4695
f 1524 4623 4694
f 1524 4694 1525
f 4824 4825 4826
f 4824 4826 4827
f 4828 4829 4830
f 4828 4830 4831
f 4243 4245 4246
f 4243 4246 4832
f 4243 4832 4833
f 4243 4833 4831
f 4243 4831 4830
f 4834 4835 4836
f 4834 4836 4829
f 4834 4829 4828
f 4834 4828 4837
f 4834 4837 4838
f 4834 4838 4839
f 4834 4839 4840
f 4834 4840 4827
f 4834 4827 4826
f 4838 4841 4842
f 4838 4842 4843
f 4838 4843 4844
f 4838 4844 4845
f 4838 4845 4839
f 4846 4847 4848
f 4846 4848 4849
f 4832 4850 4851
f 4832 4851 4833
f 4851 4850 4235
f 4851 4235 4238
f 4851 4238 4852
f 4851 4852 4853
f 4851 4853 4854
f 4855 4856 4232
f 4855 4232 4231
f 4849 4848 4857
f 4849 4857 4858
f 4849 4858 4859
f 4849 4859 4860
f 4849 4860 4861
f 4849 4861 4862
f 4849 4862 4863
f 4849 4863 3914
f 4849 3914 3882
f 4849 3882 3881
f 4849 3881 4864
f 4849 4864 4845
f 4849 4845 4844
f 3881 3880 4865
f 3881 4865 4864
f 4866 4867 4825
f 4866 4825 4824
f 4866 4824 4868
f 4866 4868 4869
f 4865 3880 3879
f 4865 3879 4866
f 4865 4866 4869
f 4870 4871 4860
f 4870 4860 4859
f 4872 4873 4862
f 4872 4862 4861
f 4874 4875 4858
f 4874 4858 4857
f 4856 4855 4876
f 4856 4876 3910
f 4856 3910 3909
f 4856 3909 4877
f 4856 4877 4853
f 4856 4853 4852
f 4878 4877 3909
f 4878 3909 3913
f 4878 3913 3914
f 4878 3914 4863
f 4853 4877 4878
f 4853 4878 4873
f 4853 4873 4872
f 4853 4872 4871
f 4853 4871 4870
f 4853 4870 4875
f 4853 4875 4874
f 4853 4874 4847
f 4853 4847 4846
f 4853 4846 4841
f 4853 4841 4838
f 4853 4838 4837
f 4853 4837 4854
f 3911 3910 4876
f 3911 4876 4223
f 4627 4637 4879
f 4627 4879 4880
f 4627 4880 4881
f 4881 4880 4882
f 4881 4882 4883
f 4628 4627 4881
f 4628 4881 4883
f 4628 4883 4884
f 4628 4884 4885
f 4628 4885 4886
f 4886 4887 4888
f 4886 4888 4889
f 4886 4889 4890
f 4886 4890 3720
f 4886 3720 3719
f 3723 4628 4886
f 3723 4886 3719
f 4891 4887 4886
f 4891 4886 4885
f 4891 4885 4892
f 4893 4888 4887
f 4893 4887 4891
f 4893 4891 4894
f 4893 4895 4896
f 4893 4896 4897
f 4893 4897 4889
f 4893 4889 4888
f 4898 4890 4899
f 4898 4899 4900
f 4898 4900 4901
f 4898 4901 4902
f 4903 4898 4902
f 4903 4902 4904
f 4903 4904 4905
f 4906 4903 4905
f 4906 4905 4907
f 4906 4907 4908
f 4909 4910 4911
f 4909 4911 4912
f 4909 4912 4913
f 4911 4914 4915
f 4911 4915 4834
f 4911 4834 4826
f 4911 4826 4825
f 4911 4825 4912
f 4834 4915 4916
f 4834 4916 4835
f 4913 4917 4906
f 4913 4906 4908
f 4913 4908 4918
f 4913 4918 4909
f 4867 4917 4913
f 4867 4913 4912
f 4867 4912 4825
f 4840 4839 4845
f 4840 4845 4864
f 4840 4864 4919
f 4840 4919 4920
f 4921 4827 4840
f 4921 4840 4920
f 4920 4919 4922
f 4920 4922 4923
f 4924 4921 4920
f 4924 4920 4923
f 4686 4685 4684
f 4686 4684 4923
f 4686 4923 4922
f 4684 4633 4625
f 4684 4625 4924
f 4684 4924 4923
f 4213 4925 4926
f 4213 4926 4203
f 4202 4927 4928
f 4202 4928 4199
f 4198 4929 4930
f 4198 4930 4196
f 4205 4666 4927
f 4205 4927 4202
f 4928 4927 4666
f 4928 4666 4667
f 4930 4929 4668
f 4930 4668 4673
f 4196 4930 4673
f 4196 4673 4197
f 4199 4928 4667
f 4199 4667 4200
f 4929 4198 4201
f 4929 4201 4668
f 4645 4665 4926
f 4645 4926 4925
f 4925 4213 4212
f 4925 4212 4645
f 4665 4204 4203
f 4665 4203 4926
f 4237 4931 4852
f 4237 4852 4238
f 4224 4932 4933
f 4224 4933 4234
f 4233 4934 4931
f 4233 4931 4237
f 4876 4855 4933
f 4876 4933 4932
f 4856 4852 4931
f 4856 4931 4934
f 4223 4876 4932
f 4223 4932 4224
f 4234 4933 4855
f 4234 4855 4231
f 4232 4856 4934
f 4232 4934 4233
f 4236 4935 4936
f 4236 4936 4247
f 4850 4832 4936
f 4850 4936 4935
f 4247 4936 4832
f 4247 4832 4246
f 4235 4850 4935
f 4235 4935 4236
f 4866 3879 3878
f 4866 3878 3908
f 4866 3908 3919
f 4866 3919 4937
f 4866 4937 4890
f 4866 4890 4898
f 4866 4898 4903
f 4866 4903 4906
f 4866 4906 4917
f 4866 4917 4867
f 4889 4888 4887
f 4889 4887 4886
f 4889 4886 4628
f 4889 4628 4629
f 4889 4629 4680
f 4889 4680 4681
f 4889 4681 4682
f 4889 4682 3949
f 4889 3949 3926
f 4889 3926 3927
f 4889 3927 3919
f 4889 3919 4937
f 4889 4937 4890
f 3927 3926 3949
f 3927 3949 4682
f 3927 4682 4681
f 3927 4681 4680
f 3927 4680 4629
f 3927 4629 4628
f 3927 4628 4886
f 3927 4886 4887
f 3927 4887 4888
f 3927 4888 4889
f 3927 4889 4890
f 3927 4890 4937
f 3927 4937 3919
f 4938 4824 4827
f 4938 4827 4921
f 4939 4938 4921
f 4939 4921 4924
f 4625 4624 4939
f 4625 4939 4924
f 4919 4864 4865
f 4919 4865 4940
f 4922 4919 4940
f 4922 4940 4941
f 4683 4686 4922
f 4683 4922 4941
f 4940 4865 4869
f 4940 4869 4868
f 4940 4868 4942
f 4868 4824 4938
f 4868 4938 4942
f 4941 4940 4942
f 4941 4942 4943
f 4942 4938 4939
f 4942 4939 4943
f 4679 4678 4683
f 4679 4683 4941
f 4679 4941 4943
f 4624 4679 4943
f 4624 4943 4939
f 3715 3720 4890
f 3715 4890 4937
f 3919 3716 3715
f 3919 3715 4937
f 4901 4900 4944
f 4901 4944 1576
f 4901 1576 1575
f 4901 1575 1589
f 4900 4899 4945
f 4900 4945 4944
f 4945 4899 4890
f 4945 4890 1582
f 4945 1582 1581
f 4893 4894 1566
f 4893 1566 1580
f 4879 4637 4622
f 4879 4622 1548
f 4879 1548 1540
f 4885 4884 1543
f 4885 1543 1547
f 4883 4882 1538
f 4883 1538 1542
f 4880 4879 1540
f 4880 1540 1539
f 4882 4880 1539
f 4882 1539 1538
f 4884 4883 1542
f 4884 1542 1541
f 4884 1541 1543
f 4891 4892 1546
f 4891 1546 1550
f 4892 4885 1547
f 4892 1547 1546
f 4894 4891 1550
f 4894 1550 1549
f 4894 1549 1566
f 4895 4893 1580
f 4895 1580 1579
f 4946 4897 4896
f 4946 4896 4947
f 4889 4897 4946
f 4889 4946 1584
f 4889 1584 1583
f 4947 4896 4895
f 4947 4895 1579
f 4947 1579 1578
f 4947 1578 1577
f 4946 4945 1581
f 4946 1581 1584
f 4944 4945 4946
f 4944 4946 4947
f 4944 4947 1577
f 4944 1577 1576
f 4890 4889 1583
f 4890 1583 1582
f 4835 4916 1595
f 4835 1595 1594
f 4918 4908 1572
f 4918 1572 1571
f 4907 4905 1585
f 4907 1585 1573
f 4905 4904 1586
f 4905 1586 1585
f 4904 4902 1588
f 4904 1588 1586
f 4902 4901 1589
f 4902 1589 1588
f 4908 4907 1573
f 4908 1573 1572
f 4910 4909 1601
f 4910 1601 1600
f 4909 4918 1571
f 4909 1571 1601
f 4914 4911 1604
f 4914 1604 1603
f 4911 4910 1600
f 4911 1600 1604
f 4916 4915 1602
f 4916 1602 1595
f 4915 4914 1603
f 4915 1603 1602
f 4948 4949 4950
f 4948 4950 4248
f 4948 4248 4243
f 4948 4243 4830
f 4948 4830 4829
f 4948 4829 4951
f 4248 4950 219
f 4248 219 218
f 4952 4953 3731
f 4952 3731 3730
f 4948 4951 216
f 4948 216 213
f 216 215 4953
f 216 4953 4952
f 216 4952 4954
f 216 4954 4951
f 4951 4955 4956
f 4951 4956 217
f 4951 217 216
f 4956 4957 4958
f 4956 4958 4837
f 4956 4837 4828
f 4956 4828 4955
f 4959 4960 4847
f 4959 4847 4874
f 4961 4962 4841
f 4961 4841 4846
f 4963 4964 4873
f 4963 4873 4878
f 4965 4966 4871
f 4965 4871 4872
f 4967 4968 4875
f 4967 4875 4870
f 4948 4969 4970
f 4948 4970 4971
f 4948 4971 4949
f 4972 4950 4949
f 4972 4949 4971
f 4972 4971 4973
f 4972 4973 4974
f 4975 4250 4249
f 4975 4249 4251
f 4975 4251 4972
f 4975 4972 4974
f 4976 4977 4978
f 4976 4978 4957
f 4976 4957 4956
f 4969 4970 4976
f 4969 4976 4956
f 4969 4956 4955
f 4958 4957 4978
f 4958 4978 4979
f 4958 4979 4980
f 4981 4980 4982
f 4981 4982 4983
f 4241 4984 4985
f 4241 4985 4986
f 4241 4986 4242
f 4987 4988 4240
f 4987 4240 4239
f 4984 4975 4974
f 4984 4974 4973
f 4984 4973 4981
f 4984 4981 4983
f 4984 4983 4985
f 4961 4960 4959
f 4961 4959 4968
f 4961 4968 4967
f 4961 4967 4966
f 4961 4966 4965
f 4961 4965 4964
f 4961 4964 4963
f 4961 4963 4989
f 4961 4989 4990
f 4961 4990 4962
f 4991 3898 3897
f 4991 3897 4225
f 4990 4989 3899
f 4990 3899 3898
f 4990 3898 4991
f 4990 4991 4988
f 4990 4988 4987
f 4990 4987 4986
f 4990 4986 4985
f 4990 4985 4983
f 4990 4983 4982
f 3899 4989 4963
f 3899 4963 3900
f 4980 4981 4851
f 4980 4851 4854
f 4980 4854 4837
f 4980 4837 4958
f 4970 4969 4955
f 4970 4955 4828
f 4970 4828 4831
f 4970 4831 4971
f 4833 4851 4981
f 4833 4981 4973
f 4833 4973 4971
f 4833 4971 4831
f 246 245 4987
f 246 4987 4239
f 267 264 4991
f 267 4991 4225
f 264 244 4988
f 264 4988 4991
f 4240 4988 244
f 4240 244 247
f 4250 4975 232
f 4250 232 231
f 4979 4978 226
f 4979 226 225
f 4982 4980 4979
f 4982 4979 225
f 4982 225 233
f 4982 233 4990
f 4242 4986 240
f 4242 240 243
f 245 240 4986
f 245 4986 4987
f 241 232 4975
f 241 4975 4984
f 242 241 4984
f 242 4984 4241
f 4992 4962 4990
f 4992 4990 233
f 4992 233 239
f 227 219 4950
f 227 4950 4972
f 229 227 4972
f 229 4972 4251
f 208 226 4978
f 208 4978 4977
f 4970 4969 212
f 4970 212 210
f 4977 4976 209
f 4977 209 208
f 4976 4970 210
f 4976 210 209
f 4969 4948 213
f 4969 213 212
f 4993 4994 4995
f 4993 4995 4996
f 4997 4998 4999
f 4997 4999 4996
f 4997 4996 5000
f 4997 4844 4843
f 4997 4843 4998
f 5001 4992 239
f 5001 239 5002
f 5001 5002 4995
f 5003 4842 4841
f 5003 4841 4962
f 5003 4962 4992
f 5003 4992 5001
f 5003 4999 4998
f 5003 4998 4843
f 5003 4843 4842
f 4968 4959 5004
f 4968 5004 5005
f 4964 4965 5006
f 4964 5006 5007
f 4963 5008 3894
f 4963 3894 3893
f 4963 3893 3900
f 4966 4967 5009
f 4966 5009 5010
f 3895 3894 5008
f 3895 5008 5007
f 3895 5007 5006
f 3895 5006 5010
f 3895 5010 5009
f 3895 5009 5005
f 3895 5005 5004
f 3895 5004 5011
f 3895 5011 5012
f 3895 5012 4997
f 3895 4997 5000
f 4960 4961 5012
f 4960 5012 5011
f 4875 4968 5005
f 4875 5005 4858
f 4965 4872 4861
f 4965 4861 5006
f 5007 5008 4863
f 5007 4863 4862
f 4963 4878 4863
f 4963 4863 5008
f 4873 4964 5007
f 4873 5007 4862
f 5005 5009 4859
f 5005 4859 4858
f 5010 5006 4861
f 5010 4861 4860
f 4967 4870 4859
f 4967 4859 5009
f 4871 4966 5010
f 4871 5010 4860
f 5011 5004 4857
f 5011 4857 4848
f 4997 5012 4849
f 4997 4849 4844
f 4961 4846 4849
f 4961 4849 5012
f 4847 4960 5011
f 4847 5011 4848
f 4874 4857 5004
f 4874 5004 4959
f 3887 3886 3896
f 3887 3896 3895
f 3887 3895 5000
f 3887 5000 4996
f 3887 4996 4995
f 3887 4995 5002
f 5013 5014 5003
f 5013 5003 5001
f 4952 5015 5016
f 4952 5016 4954
f 215 214 5017
f 215 5017 4953
f 4956 5016 5015
f 4956 5015 5017
f 4956 5017 214
f 4956 214 217
f 4955 4951 4954
f 4955 4954 5016
f 4955 5016 4956
f 5017 5015 3729
f 5017 3729 3728
f 5014 5013 5018
f 5014 5018 5019
f 4996 4999 5003
f 4996 5003 5014
f 4996 5014 5019
f 4996 5019 4993
f 5013 5001 4995
f 5013 4995 4994
f 5013 4994 5018
f 4994 4993 5019
f 4994 5019 5018
f 5015 4952 3730
f 5015 3730 3729
f 4953 5017 3728
f 4953 3728 3731
f 5020 4835 1594
f 5020 1594 1593
f 5021 1606 223
f 5021 223 222
f 5021 222 5022
f 5023 5024 1592
f 5023 1592 1605
f 5022 5025 5024
f 5022 5024 5023
f 5022 5023 5021
f 216 4951 5026
f 216 5026 5025
f 216 5025 5022
f 216 5022 222
f 4951 4829 4836
f 4951 4836 5026
f 1597 5027 5028
f 1597 5028 1598
f 5027 5021 5023
f 5027 5023 5028
f 5028 5023 1605
f 5028 1605 1598
f 1597 1606 5021
f 1597 5021 5027
f 4836 4835 5020
f 4836 5020 5026
f 5024 5025 5026
f 5024 5026 5020
f 5024 5020 1593
f 5024 1593 1592
f 5029 5030 5031
f 5029 5031 5032
f 5029 3727 3726
f 5029 3726 5030
f 5032 3724 3727
f 5032 3727 5029
f 5031 5030 3726
f 5031 3726 3725
f 5032 5031 3725
f 5032 3725 3724
f 5033 5034 5035
f 5033 5035 1460
f 5033 1460 1459
f 5033 1459 5036
f 5033 5036 5037
f 5033 5037 5038
f 5033 5038 5039
f 5040 5041 5033
f 5040 5033 5039
f 5042 5043 5044
f 5042 5044 5045
f 5046 5037 5038
f 5046 5038 5039
f 5046 5039 5040
f 5046 5040 5047
f 1459 1458 5048
f 1459 5048 5042
f 1459 5042 5045
f 1459 5045 5049
f 1459 5049 5036
f 5044 5043 1446
f 5044 1446 1445
f 5044 1445 5050
f 5044 5050 5051
f 5052 5035 5034
f 5052 5034 5053
f 3264 5054 5055
f 3264 5055 5041
f 3264 5041 5040
f 3264 5040 5056
f 3264 5056 1487
f 5054 3264 3263
f 5054 3263 5057
f 5055 5054 5057
f 5055 5057 5058
f 5059 1464 1463
f 5059 1463 5060
f 5059 5060 5061
f 5059 5061 5062
f 5059 5062 5063
f 5059 5063 5064
f 5065 1465 1464
f 5065 1464 5059
f 5065 5059 5064
f 5065 5064 5066
f 5065 5066 5067
f 5065 5067 5068
f 5065 5068 5069
f 5070 5071 5067
f 5070 5067 5066
f 5070 5066 5072
f 5069 5068 5073
f 5069 5073 5074
f 5069 5074 1453
f 5069 1453 1452
f 5075 5076 5077
f 5075 5077 5078
f 5075 5078 5079
f 5075 5079 5080
f 5075 5080 5081
f 5075 5081 5082
f 5083 5081 5080
f 5083 5080 5061
f 5083 5061 5060
f 5072 5084 5085
f 5072 5085 5070
f 5086 5087 5088
f 5086 5088 5075
f 5086 5075 5082
f 5089 5090 5088
f 5089 5088 5087
f 5089 5087 5091
f 1490 5092 5093
f 1490 5093 5090
f 1490 5090 5089
f 1490 5089 3663
f 5092 5085 5084
f 5092 5084 5077
f 5092 5077 5076
f 5092 5076 5093
f 959 965 5076
f 959 5076 5075
f 959 5075 960
f 974 973 5088
f 974 5088 5090
f 3663 5089 975
f 3663 975 990
f 1434 5091 3665
f 1434 3665 1435
f 976 975 5089
f 976 5089 5091
f 976 5091 1434
f 5088 973 979
f 5088 979 971
f 5088 971 961
f 5088 961 960
f 5088 960 5075
f 974 5090 5093
f 974 5093 5076
f 974 5076 965
f 5077 5084 980
f 5077 980 964
f 5077 964 963
f 5077 963 5094
f 5077 5094 5095
f 5077 5095 5078
f 5096 5079 5078
f 5096 5078 5095
f 5096 5097 962
f 5096 962 966
f 5096 966 5080
f 5096 5080 5079
f 963 962 5097
f 963 5097 5094
f 5063 5062 5098
f 5063 5098 5099
f 5100 5098 5062
f 5100 5062 5061
f 5100 5061 954
f 5100 954 953
f 5064 5063 5099
f 5064 5099 5101
f 5064 5101 952
f 5064 952 951
f 5100 953 952
f 5100 952 5101
f 5095 5094 5101
f 5095 5101 5099
f 980 5084 5072
f 980 5072 5066
f 980 5066 5064
f 980 5064 951
f 5097 5096 5098
f 5097 5098 5100
f 5094 5097 5100
f 5094 5100 5101
f 5096 5095 5099
f 5096 5099 5098
f 5080 966 1138
f 5080 1138 954
f 5080 954 5061
f 1490 1489 5102
f 1490 5102 5103
f 1490 5103 5092
f 5103 5104 5105
f 5103 5105 5070
f 5103 5070 5085
f 5103 5085 5092
f 5106 5102 1489
f 5106 1489 1488
f 5106 1488 5107
f 5108 5109 5110
f 5111 5112 5109
f 5111 5109 5056
f 5111 5056 5040
f 5111 5040 5039
f 5111 5039 5038
f 5111 5038 5113
f 5038 5037 5036
f 5038 5036 5114
f 5038 5114 5113
f 1487 5056 5108
f 1487 5108 5110
f 1487 5110 5107
f 1487 5107 1488
f 5105 5104 5115
f 5105 5115 5111
f 5105 5111 5113
f 5105 5113 5114
f 5116 5117 5118
f 5116 5118 5111
f 5116 5111 5115
f 5119 5120 5117
f 5119 5117 5116
f 5119 5116 5121
f 5122 5123 5124
f 5122 5124 5125
f 5122 5125 5126
f 5122 5126 5127
f 5122 5127 5120
f 5122 5120 5119
f 5104 5128 5129
f 5104 5129 5130
f 5104 5130 5131
f 5104 5131 5132
f 5104 5132 5133
f 5104 5133 5121
f 5104 5121 5116
f 5104 5116 5115
f 5134 5127 5126
f 5134 5126 5129
f 5134 5129 5128
f 5118 5135 5136
f 5118 5136 5137
f 5118 5137 5112
f 5118 5112 5111
f 5136 5138 5139
f 5136 5139 5137
f 5139 5140 5141
f 5139 5141 5107
f 5139 5107 5110
f 5139 5110 5109
f 5139 5109 5112
f 5139 5112 5137
f 5142 5141 5140
f 5142 5140 5143
f 5135 5144 5142
f 5135 5142 5143
f 5135 5143 5138
f 5135 5138 5136
f 5103 5102 5145
f 5103 5145 5134
f 5103 5134 5128
f 5103 5128 5104
f 5142 5144 5146
f 5142 5146 5147
f 5142 5147 5148
f 5142 5148 5141
f 5148 5149 5150
f 5148 5150 5151
f 5148 5151 5106
f 5148 5106 5107
f 5148 5107 5141
f 5152 5153 5154
f 5152 5154 5147
f 5152 5147 5146
f 5145 5102 5106
f 5145 5106 5151
f 5145 5151 5153
f 5145 5153 5152
f 5155 5156 5157
f 5155 5157 5158
f 5155 5158 5159
f 5155 5159 5126
f 5155 5126 5125
f 5158 5157 5160
f 5158 5160 5161
f 5158 5161 5162
f 5163 5164 5160
f 5163 5160 5157
f 5163 5157 5156
f 5163 5156 5165
f 5163 5165 5166
f 5163 5166 5167
f 5163 5167 5168
f 5163 5168 5169
f 5153 5162 5161
f 5153 5161 5170
f 5153 5170 5171
f 5153 5171 5172
f 5153 5172 5154
f 5173 5166 5165
f 5173 5165 5174
f 5173 5174 5124
f 5173 5124 5123
f 5163 5171 5170
f 5163 5170 5164
f 5175 5138 5143
f 5175 5143 5147
f 5175 5147 5154
f 5175 5168 5167
f 5175 5167 5176
f 5175 5176 5122
f 5175 5122 5119
f 5125 5124 5174
f 5125 5174 5155
f 5176 5173 5123
f 5176 5123 5122
f 5152 5146 5144
f 5152 5144 5135
f 5152 5135 5118
f 5152 5118 5117
f 5152 5117 5120
f 5152 5120 5127
f 5152 5127 5134
f 5152 5134 5145
f 5177 5178 5171
f 5177 5171 5163
f 5179 5166 5173
f 5179 5173 5180
f 5181 5182 5164
f 5181 5164 5170
f 5165 5183 5184
f 5165 5184 5174
f 5185 5186 5187
f 5185 5187 5188
f 5185 5188 5189
f 5185 5189 5190
f 5185 5190 5191
f 5185 5191 5192
f 5181 5191 5190
f 5181 5190 5151
f 5181 5151 5150
f 5193 5186 5185
f 5193 5185 5192
f 5193 5192 5182
f 5193 5182 5183
f 5187 5186 5193
f 5187 5193 5194
f 5187 5194 5130
f 5187 5130 5129
f 5194 5184 5131
f 5194 5131 5130
f 5159 5188 5187
f 5159 5187 5129
f 5159 5129 5126
f 5193 5183 5165
f 5193 5165 5156
f 5190 5189 5188
f 5190 5188 5159
f 5190 5159 5162
f 5190 5162 5153
f 5190 5153 5151
f 5191 5181 5170
f 5191 5170 5161
f 5164 5182 5192
f 5164 5192 5160
f 5160 5192 5191
f 5160 5191 5161
f 5174 5184 5194
f 5174 5194 5155
f 5193 5156 5155
f 5193 5155 5194
f 5184 5183 5182
f 5184 5182 5181
f 5184 5181 5150
f 5184 5150 5149
f 5184 5149 5178
f 5184 5178 5177
f 5184 5177 5179
f 5184 5179 5180
f 5184 5180 5132
f 5184 5132 5131
f 5133 5132 5180
f 5133 5180 5195
f 5177 5196 5197
f 5177 5197 5198
f 5177 5198 5179
f 5195 5198 5197
f 5195 5197 5199
f 5195 5199 5121
f 5195 5121 5133
f 5200 5201 5140
f 5200 5140 5139
f 5200 5139 5199
f 5148 5201 5200
f 5148 5200 5178
f 5148 5178 5149
f 5201 5148 5147
f 5201 5147 5143
f 5201 5143 5140
f 5196 5177 5163
f 5196 5163 5169
f 5171 5178 5200
f 5171 5200 5172
f 5200 5196 5169
f 5200 5169 5172
f 5167 5198 5195
f 5167 5195 5176
f 5166 5179 5198
f 5166 5198 5167
f 5195 5180 5173
f 5195 5173 5176
f 5139 5138 5119
f 5139 5119 5121
f 5202 5203 5051
f 5202 5051 5050
f 5202 5050 5204
f 5074 5073 5202
f 5074 5202 5204
f 5105 5114 5036
f 5105 5036 5049
f 5105 5049 5205
f 5105 5205 5206
f 5071 5070 5105
f 5071 5105 5206
f 5207 5208 5209
f 5207 5209 5210
f 5209 5208 5211
f 5209 5211 5202
f 5209 5202 5073
f 5209 5073 5068
f 5212 5213 5207
f 5212 5207 5210
f 5212 5210 5069
f 5212 5069 1452
f 5212 1452 1451
f 5212 1451 1450
f 5212 1450 5214
f 5215 5216 5217
f 5215 5217 1449
f 5215 1449 1448
f 5215 1448 5218
f 5216 5215 5219
f 5216 5219 5220
f 5202 5211 5213
f 5202 5213 5212
f 5202 5212 5221
f 5202 5221 5203
f 5203 5221 5222
f 5203 5222 5223
f 5203 5223 5220
f 5203 5220 5219
f 5203 5219 5224
f 5203 5224 5225
f 5203 5225 5226
f 5203 5226 5227
f 5203 5227 5044
f 5203 5044 5051
f 5217 5223 5222
f 5217 5222 5214
f 5217 5214 1450
f 5217 1450 1449
f 5218 1448 1447
f 5218 1447 5228
f 5218 5228 5225
f 5218 5225 5224
f 5229 5227 5226
f 5229 5226 5230
f 5229 5230 5228
f 5229 5228 1447
f 5229 1447 1446
f 5229 1446 5043
f 5204 5050 1445
f 5204 1445 1444
f 1453 5074 5204
f 1453 5204 1444
f 5231 5232 5233
f 5231 5233 5067
f 5231 5067 5071
f 5231 5071 5206
f 5234 5233 5232
f 5234 5232 5235
f 1454 1465 5065
f 1454 5065 5234
f 1454 5234 5235
f 1454 5235 5236
f 1454 5236 5237
f 1454 5237 5238
f 1454 5238 5239
f 1454 5239 5240
f 1454 5240 5241
f 1454 5241 1455
f 5242 5243 5244
f 5242 5244 5245
f 5242 5245 5246
f 5242 5246 5247
f 5242 5247 5248
f 5242 5248 5249
f 5242 5249 5250
f 5242 5250 5205
f 5242 5205 5049
f 5242 5049 5045
f 5231 5206 5205
f 5231 5205 5250
f 5231 5250 5237
f 5231 5237 5236
f 5240 5251 5241
f 5249 5248 5239
f 5249 5239 5238
f 1456 5252 5253
f 1456 5253 5254
f 1456 5254 5255
f 1456 5255 1457
f 5247 5246 5252
f 5247 5252 1456
f 5247 1456 1455
f 5247 1455 5241
f 5247 5241 5251
f 5244 5254 5253
f 5244 5253 5245
f 5048 1458 1457
f 5048 1457 5243
f 5048 5243 5242
f 5256 5042 5048
f 5212 5237 5250
f 5212 5250 5221
f 5234 5065 5069
f 5234 5069 5210
f 5236 5235 5207
f 5236 5207 5213
f 5232 5231 5211
f 5232 5211 5208
f 5068 5067 5233
f 5068 5233 5209
f 5231 5236 5213
f 5231 5213 5211
f 5207 5235 5232
f 5207 5232 5208
f 5209 5233 5234
f 5209 5234 5210
f 5224 5245 5253
f 5224 5253 5218
f 5246 5245 5224
f 5246 5224 5219
f 5223 5248 5247
f 5223 5247 5220
f 5221 5250 5249
f 5221 5249 5222
f 5253 5252 5215
f 5253 5215 5218
f 5238 5237 5212
f 5238 5212 5214
f 5240 5239 5217
f 5240 5217 5216
f 5215 5252 5246
f 5215 5246 5219
f 5222 5249 5238
f 5222 5238 5214
f 5251 5240 5216
f 5251 5216 5220
f 5251 5220 5247
f 5217 5239 5248
f 5217 5248 5223
f 5244 5243 5226
f 5244 5226 5225
f 5242 5045 5044
f 5242 5044 5227
f 5255 5254 5228
f 5255 5228 5230
f 5043 5042 5256
f 5043 5256 5229
f 5228 5254 5244
f 5228 5244 5225
f 5229 5256 5242
f 5229 5242 5227
f 5226 5243 5255
f 5226 5255 5230
f 5058 5057 3263
f 5058 3263 3714
f 5058 3714 5257
f 5258 5052 5053
f 5258 5053 5058
f 5258 5058 5257
f 5258 5257 5259
f 1462 1461 5258
f 1462 5258 5259
f 3665 5091 5087
f 3665 5087 5086
f 3665 5086 5257
f 3665 5257 3714
f 5086 5082 5081
f 5086 5081 5083
f 5086 5083 5259
f 5086 5259 5257
f 5083 5060 1463
f 5083 1463 1462
f 5083 1462 5259
f 5260 5261 5262
f 5260 5262 5263
f 5260 5263 5264
f 5265 1574 1587
f 5265 1587 1589
f 5265 1589 1575
f 5265 1575 5260
f 5265 5260 5264
f 5266 5267 5268
f 5266 5268 5269
f 5264 5263 5267
f 5264 5267 5266
f 5264 5266 5270
f 5271 5272 5265
f 5271 5265 5264
f 5271 5264 5270
f 5271 5273 5274
f 5271 5274 5272
f 5272 5274 1531
f 5272 1531 1570
f 5272 1570 1574
f 5272 1574 5265
f 5275 5276 5277
f 5275 5277 5278
f 5279 5280 5275
f 5279 5275 5278
f 5262 5261 5281
f 5262 5281 5282
f 5262 5282 5283
f 5260 1575 1578
f 5260 1578 5284
f 5260 5284 5285
f 5260 5285 5281
f 5260 5281 5261
f 5286 5287 5288
f 5286 5288 5289
f 5286 5289 5290
f 5286 5290 5291
f 5287 5288 5292
f 5287 5292 5283
f 5287 5283 5276
f 5287 5276 5275
f 5280 5293 5291
f 5280 5291 5286
f 5280 5286 5287
f 5280 5287 5275
f 5289 5294 5295
f 5289 5295 5282
f 5296 5297 5285
f 5296 5285 5284
f 5290 5298 5299
f 5290 5299 5300
f 5301 5302 5293
f 5301 5293 5298
f 5301 5298 5303
f 5301 5303 5304
f 5058 5053 5301
f 5058 5301 5304
f 5305 5306 5307
f 5305 5307 5308
f 5305 5308 5309
f 5310 5311 5312
f 5310 5312 5266
f 5310 5266 5269
f 5310 5269 5313
f 5314 5315 5307
f 5314 5307 5312
f 5314 5312 5311
f 5316 5308 5307
f 5316 5307 5315
f 5316 5315 5317
f 5316 5317 5318
f 5317 5315 5314
f 5317 5314 5319
f 5316 5320 5321
f 5316 5321 5309
f 5316 5309 5308
f 5322 5317 5319
f 5322 5319 5310
f 5322 5310 5313
f 5290 5289 5323
f 5290 5323 5324
f 5290 5324 5325
f 5326 5303 5298
f 5326 5298 5290
f 5326 5290 5325
f 5327 5321 5320
f 5327 5320 5328
f 5327 5328 5329
f 5327 5329 5330
f 5327 5330 5331
f 5327 5331 5332
f 5327 5332 5333
f 5327 5333 5334
f 5335 5336 5337
f 5335 5337 5338
f 5335 5338 5339
f 5335 5339 5340
f 5335 5340 5341
f 5335 5341 5342
f 5335 5342 5327
f 5335 5327 5334
f 5309 5321 5327
f 5309 5327 5324
f 5309 5324 5323
f 5309 5323 5305
f 5327 5342 5343
f 5327 5343 5344
f 5327 5344 5326
f 5327 5326 5325
f 5327 5325 5324
f 5331 5345 5346
f 5331 5346 5332
f 5337 5336 5347
f 5337 5347 5348
f 5339 5338 5349
f 5339 5349 5350
f 5330 5329 5351
f 5330 5351 5352
f 5353 5335 5334
f 5353 5334 5333
f 5353 5333 5354
f 5341 5340 5355
f 5341 5355 5356
f 5341 5356 5357
f 5328 5320 5358
f 5328 5358 5359
f 5346 5345 5352
f 5346 5352 5351
f 5346 5351 5359
f 5346 5359 5358
f 5346 5358 5318
f 5346 5318 5317
f 5346 5317 5322
f 5346 5322 5360
f 5346 5360 5361
f 5356 5355 5350
f 5356 5350 5349
f 5356 5349 5348
f 5356 5348 5347
f 5356 5347 5353
f 5356 5353 5354
f 5356 5354 5346
f 5356 5346 5361
f 5356 5361 5362
f 5356 5362 5363
f 5364 5365 5357
f 5364 5357 5356
f 5364 5356 5363
f 5305 5323 5289
f 5305 5289 5282
f 5305 5282 5281
f 5305 5281 5306
f 5047 5040 5366
f 5047 5366 5367
f 5368 5344 5343
f 5368 5343 5366
f 5055 5058 5304
f 5055 5304 5303
f 5055 5303 5326
f 5055 5326 5344
f 5055 5344 5368
f 5055 5368 5041
f 1579 1565 1532
f 1579 1532 5369
f 1579 5369 5370
f 1579 5370 5284
f 1579 5284 1578
f 5371 5370 5369
f 5371 5369 5372
f 5371 5372 5307
f 5371 5307 5306
f 5371 5306 5281
f 5371 5281 5285
f 5373 5374 5370
f 5373 5370 5371
f 5297 5373 5371
f 5297 5371 5285
f 5374 5296 5284
f 5374 5284 5370
f 5375 5376 5377
f 5375 5377 5378
f 5379 5380 5297
f 5379 5297 5296
f 5381 5382 5383
f 5381 5383 5384
f 5381 5384 5385
f 5381 5385 5386
f 5387 5388 5384
f 5387 5384 5383
f 5389 5390 5382
f 5389 5382 5381
f 5380 5379 5388
f 5380 5388 5387
f 5380 5387 5390
f 5380 5390 5389
f 5386 5385 5374
f 5386 5374 5373
f 5382 5390 5376
f 5382 5376 5375
f 5378 5377 5387
f 5378 5387 5383
f 5374 5385 5384
f 5374 5384 5388
f 5374 5388 5379
f 5374 5379 5296
f 5377 5376 5390
f 5377 5390 5387
f 5375 5378 5383
f 5375 5383 5382
f 5389 5381 5386
f 5389 5386 5373
f 5389 5373 5297
f 5389 5297 5380
f 5372 5369 5274
f 5372 5274 5273
f 1531 5274 5369
f 1531 5369 1532
f 5372 5273 5271
f 5372 5271 5270
f 5372 5270 5266
f 5372 5266 5312
f 5372 5312 5307
f 5391 5392 5368
f 5391 5368 5366
f 5367 5366 5391
f 5367 5391 5393
f 5391 5037 5046
f 5391 5046 5393
f 5301 5053 5034
f 5301 5034 5392
f 5368 5392 5034
f 5368 5034 5033
f 5368 5033 5041
f 5366 5040 5039
f 5366 5039 5038
f 5366 5038 5037
f 5366 5037 5391
f 5047 5367 5393
f 5047 5393 5046
f 5360 5322 5313
f 5360 5313 5269
f 5360 5269 5268
f 5360 5268 5394
f 5360 5394 5395
f 5362 5361 5360
f 5362 5360 5395
f 5362 5395 5396
f 5362 5396 5397
f 5398 5399 5400
f 5398 5400 5364
f 5398 5364 5363
f 5398 5363 5362
f 5398 5362 5397
f 5401 5402 5403
f 5401 5403 5267
f 5401 5267 5263
f 5401 5263 5262
f 5401 5262 5283
f 5401 5283 5292
f 5267 5403 5404
f 5267 5404 5405
f 5267 5405 5394
f 5267 5394 5268
f 5406 5407 5408
f 5406 5408 5409
f 5402 5410 5407
f 5402 5407 5406
f 5402 5406 5404
f 5402 5404 5403
f 5411 5401 5292
f 5411 5292 5288
f 5411 5288 5287
f 5411 5287 5286
f 5291 5293 5302
f 5291 5302 5412
f 5291 5412 5413
f 5291 5413 5411
f 5291 5411 5286
f 5402 5401 5411
f 5402 5411 5413
f 5402 5413 5414
f 5402 5414 5415
f 5402 5415 5416
f 5402 5416 5417
f 5402 5417 5418
f 5402 5418 5419
f 5402 5419 5420
f 5402 5420 5421
f 5402 5421 5410
f 5410 5421 5422
f 5410 5422 5423
f 5420 5419 5424
f 5420 5424 5425
f 5418 5417 5426
f 5418 5426 5427
f 5418 5427 5428
f 5416 5415 5429
f 5416 5429 5430
f 5431 5432 5414
f 5431 5414 5413
f 5431 5413 5412
f 5432 5433 5434
f 5432 5434 5435
f 5432 5435 5436
f 5432 5436 5437
f 5432 5437 5438
f 5432 5438 5415
f 5432 5415 5414
f 5438 5437 5439
f 5438 5439 5440
f 5435 5441 5442
f 5435 5442 5436
f 5396 5395 5394
f 5396 5394 5405
f 5396 5405 5409
f 5396 5409 5408
f 5396 5408 5423
f 5396 5423 5422
f 5396 5422 5425
f 5396 5425 5424
f 5396 5424 5428
f 5396 5428 5427
f 5426 5430 5429
f 5426 5429 5440
f 5426 5440 5439
f 5426 5439 5442
f 5426 5442 5441
f 5426 5441 5443
f 5426 5443 5398
f 5426 5398 5397
f 5426 5397 5396
f 5426 5396 5427
f 5399 5398 5443
f 5399 5443 5434
f 5399 5434 5433
f 5392 5391 5431
f 5392 5431 5412
f 5392 5412 5302
f 5392 5302 5301
f 5444 5445 5405
f 5444 5405 5404
f 5444 5404 5446
f 5444 5446 5447
f 5444 5447 5311
f 5444 5311 5310
f 5448 5445 5444
f 5448 5444 5449
f 5446 5450 5451
f 5446 5451 5447
f 5452 5453 5365
f 5452 5365 5364
f 5452 5364 5400
f 5357 5365 5453
f 5357 5453 5454
f 5357 5454 5455
f 5357 5455 5341
f 5456 5342 5341
f 5456 5341 5455
f 5457 5452 5400
f 5457 5400 5399
f 5457 5399 5433
f 5457 5433 5458
f 5433 5432 5459
f 5433 5459 5458
f 5431 5391 5366
f 5431 5366 5343
f 5431 5343 5342
f 5431 5342 5456
f 5431 5456 5459
f 5431 5459 5432
f 5460 5461 5462
f 5460 5462 5463
f 5460 5463 5464
f 5460 5464 5451
f 5460 5451 5450
f 5460 5450 5465
f 5466 5467 5468
f 5466 5468 5469
f 5466 5469 5470
f 5466 5470 5471
f 5466 5471 5460
f 5466 5460 5465
f 5466 5465 5472
f 5459 5456 5473
f 5459 5473 5466
f 5459 5466 5472
f 5474 5473 5456
f 5474 5456 5455
f 5474 5455 5454
f 5474 5454 5475
f 5475 5454 5453
f 5475 5453 5476
f 5475 5476 5477
f 5466 5473 5474
f 5466 5474 5478
f 5479 5480 5467
f 5479 5467 5466
f 5479 5466 5478
f 5479 5478 5477
f 5479 5477 5476
f 5479 5476 5481
f 5482 5483 5479
f 5482 5479 5481
f 5482 5481 5484
f 5482 5484 5485
f 5468 5467 5480
f 5468 5480 5486
f 5487 5469 5468
f 5487 5468 5486
f 5487 5486 5483
f 5487 5483 5482
f 5470 5469 5487
f 5470 5487 5488
f 5489 5490 5471
f 5489 5471 5470
f 5489 5470 5488
f 5489 5488 5485
f 5489 5485 5484
f 5489 5484 5491
f 5492 5489 5491
f 5492 5491 5493
f 5460 5471 5490
f 5460 5490 5494
f 5460 5494 5495
f 5460 5495 5496
f 5460 5496 5461
f 5492 5493 5497
f 5492 5497 5498
f 5492 5498 5499
f 5492 5499 5495
f 5492 5495 5494
f 5500 5499 5498
f 5500 5498 5501
f 5502 5503 5462
f 5502 5462 5461
f 5502 5461 5496
f 5502 5496 5500
f 5502 5500 5501
f 5502 5501 5504
f 5505 5506 5507
f 5505 5507 5508
f 5505 5508 5502
f 5505 5502 5504
f 5505 5504 5449
f 5505 5449 5444
f 5463 5462 5503
f 5463 5503 5509
f 5510 5464 5463
f 5510 5463 5509
f 5510 5509 5508
f 5510 5508 5507
f 5505 5511 5512
f 5505 5512 5506
f 5512 5511 5447
f 5512 5447 5451
f 5512 5451 5464
f 5512 5464 5510
f 5492 5494 5332
f 5492 5332 5346
f 5483 5486 5337
f 5483 5337 5348
f 5477 5478 5339
f 5477 5339 5350
f 5477 5350 5355
f 5477 5355 5475
f 5355 5340 5474
f 5355 5474 5475
f 5339 5478 5474
f 5339 5474 5340
f 5483 5348 5349
f 5483 5349 5479
f 5349 5338 5480
f 5349 5480 5479
f 5337 5486 5480
f 5337 5480 5338
f 5485 5488 5335
f 5485 5335 5353
f 5485 5353 5347
f 5485 5347 5482
f 5347 5336 5487
f 5347 5487 5482
f 5335 5488 5487
f 5335 5487 5336
f 5492 5346 5354
f 5492 5354 5489
f 5354 5333 5490
f 5354 5490 5489
f 5332 5494 5490
f 5332 5490 5333
f 5508 5509 5328
f 5508 5328 5359
f 5500 5496 5330
f 5500 5330 5352
f 5500 5352 5345
f 5500 5345 5499
f 5345 5331 5495
f 5345 5495 5499
f 5330 5496 5495
f 5330 5495 5331
f 5508 5359 5351
f 5508 5351 5502
f 5351 5329 5503
f 5351 5503 5502
f 5328 5509 5503
f 5328 5503 5329
f 5506 5512 5316
f 5506 5316 5318
f 5506 5318 5358
f 5506 5358 5507
f 5358 5320 5510
f 5358 5510 5507
f 5316 5512 5510
f 5316 5510 5320
f 5444 5310 5319
f 5444 5319 5505
f 5319 5314 5511
f 5319 5511 5505
f 5311 5447 5511
f 5311 5511 5314
f 5513 5448 5449
f 5513 5449 5504
f 5513 5504 5501
f 5513 5501 5498
f 5513 5498 5497
f 5514 5513 5497
f 5514 5497 5493
f 5514 5493 5491
f 5514 5491 5484
f 5514 5484 5481
f 5514 5481 5476
f 5453 5452 5514
f 5453 5514 5476
f 5405 5445 5515
f 5405 5515 5409
f 5408 5516 5517
f 5408 5517 5423
f 5422 5518 5519
f 5422 5519 5425
f 5424 5520 5521
f 5424 5521 5428
f 5426 5522 5523
f 5426 5523 5430
f 5429 5524 5525
f 5429 5525 5440
f 5439 5526 5527
f 5439 5527 5442
f 5441 5528 5529
f 5441 5529 5443
f 5530 5521 5520
f 5530 5520 5519
f 5530 5519 5518
f 5530 5518 5517
f 5530 5517 5516
f 5530 5516 5515
f 5530 5515 5445
f 5530 5445 5448
f 5530 5448 5513
f 5528 5527 5526
f 5528 5526 5525
f 5528 5525 5524
f 5528 5524 5523
f 5528 5523 5522
f 5528 5522 5530
f 5528 5530 5513
f 5528 5513 5514
f 5452 5457 5529
f 5452 5529 5528
f 5452 5528 5514
f 5446 5404 5406
f 5446 5406 5531
f 5532 5407 5410
f 5532 5410 5533
f 5534 5421 5420
f 5534 5420 5535
f 5536 5417 5416
f 5536 5416 5537
f 5538 5419 5418
f 5538 5418 5539
f 5540 5437 5436
f 5540 5436 5541
f 5542 5435 5434
f 5542 5434 5543
f 5544 5415 5438
f 5544 5438 5545
f 5537 5416 5430
f 5537 5430 5523
f 5541 5436 5442
f 5541 5442 5527
f 5441 5435 5542
f 5441 5542 5528
f 5543 5434 5443
f 5543 5443 5529
f 5457 5458 5543
f 5457 5543 5529
f 5528 5542 5541
f 5528 5541 5527
f 5429 5415 5544
f 5429 5544 5524
f 5439 5437 5540
f 5439 5540 5526
f 5545 5438 5440
f 5545 5440 5525
f 5526 5540 5545
f 5526 5545 5525
f 5524 5544 5537
f 5524 5537 5523
f 5422 5421 5534
f 5422 5534 5518
f 5539 5418 5428
f 5539 5428 5521
f 5426 5417 5536
f 5426 5536 5522
f 5530 5522 5536
f 5530 5536 5546
f 5530 5546 5539
f 5530 5539 5521
f 5535 5420 5425
f 5535 5425 5519
f 5424 5419 5538
f 5424 5538 5520
f 5520 5538 5535
f 5520 5535 5519
f 5533 5410 5423
f 5533 5423 5517
f 5518 5534 5533
f 5518 5533 5517
f 5408 5407 5532
f 5408 5532 5516
f 5531 5406 5409
f 5531 5409 5515
f 5516 5532 5531
f 5516 5531 5515
f 5465 5450 5446
f 5465 5446 5531
f 5465 5531 5532
f 5465 5532 5533
f 5465 5533 5534
f 5465 5534 5535
f 5465 5535 5538
f 5465 5538 5539
f 5465 5539 5546
f 5472 5465 5546
f 5472 5546 5536
f 5472 5536 5537
f 5472 5537 5544
f 5472 5544 5545
f 5472 5545 5540
f 5472 5540 5541
f 5472 5541 5542
f 5543 5458 5459
f 5543 5459 5472
f 5543 5472 5542
f 5547 5548 5549
f 5547 5549 5550
f 5550 5549 5551
f 5550 5551 5299
f 5550 5299 5298
f 5550 5298 5293
f 5550 5293 5280
f 5550 5280 5279
f 5552 5553 5554
f 5552 5554 5555
f 5283 5282 5295
f 5283 5295 5556
f 5283 5556 5555
f 5283 5555 5554
f 5283 5554 5277
f 5283 5277 5276
f 5294 5557 5556
f 5294 5556 5295
f 5299 5551 5558
f 5299 5558 5300
f 5559 5560 5288
f 5559 5288 5287
f 5559 5287 5286
f 5559 5286 5291
f 5559 5291 5561
f 5559 5560 5554
f 5559 5554 5553
f 5559 5553 5562
f 5547 5550 5561
f 5547 5561 5559
f 5547 5559 5562
f 5563 5564 5560
f 5563 5560 5559
f 5563 5559 5561
f 5563 5561 5565
f 5557 5564 5555
f 5557 5555 5556
f 5558 5551 5549
f 5558 5549 5565
f 5290 5300 5558
f 5290 5558 5565
f 5290 5565 5561
f 5290 5561 5291
f 5564 5557 5294
f 5564 5294 5289
f 5564 5289 5288
f 5564 5288 5560
f 5566 5552 5555
f 5566 5555 5564
f 5566 5564 5563
f 5565 5549 5548
f 5565 5548 5566
f 5565 5566 5563
f 5566 5548 5547
f 5566 5547 5562
f 5566 5562 5553
f 5566 5553 5552
f 5278 5277 5554
f 5278 5554 5560
f 5278 5560 5559
f 5561 5550 5279
f 5561 5279 5278
f 5561 5278 5559
f 5567 5568 5569
f 5567 5569 5570
f 1472 5571 5572
f 1472 5572 5568
f 1472 5568 5567
f 1472 5567 1473
f 5571 5573 5574
f 5571 5574 5572
f 5569 5574 5573
f 5569 5573 5575
f 5569 5575 5576
f 5569 5576 5570
f 5577 5578 5579
f 5577 5579 5580
f 5581 5582 5583
f 5581 5583 5584
f 5579 5578 5585
f 5579 5585 5586
f 5579 5586 5581
f 5579 5581 5584
f 5579 5584 5587
f 5579 5587 5588
f 5589 5590 5591
f 5589 5591 5583
f 5589 5583 5582
f 5589 5582 5592
f 5593 5594 5595
f 5593 5595 5577
f 5593 5577 5580
f 5593 5580 5596
f 5593 5596 5588
f 5593 5588 5587
f 5593 5587 5591
f 5593 5591 5590
f 5594 5589 5592
f 5594 5592 5586
f 5594 5586 5585
f 5594 5585 5595
f 5594 5593 5590
f 5594 5590 5589
f 5597 5598 5583
f 5597 5583 5591
f 5599 5600 5592
f 5599 5592 5582
f 5574 5569 5600
f 5574 5600 5599
f 5574 5599 5598
f 5574 5598 5597
f 5601 5602 5596
f 5601 5596 5580
f 5603 5604 5577
f 5603 5577 5595
f 5568 5572 5602
f 5568 5602 5601
f 5568 5601 5604
f 5568 5604 5603
f 5605 5597 5591
f 5605 5591 5587
f 5596 5602 5606
f 5596 5606 5588
f 5605 5606 5602
f 5605 5602 5572
f 5605 5572 5574
f 5605 5574 5597
f 5592 5600 5607
f 5592 5607 5586
f 5608 5603 5595
f 5608 5595 5585
f 5608 5607 5600
f 5608 5600 5569
f 5608 5569 5568
f 5608 5568 5603
f 5584 5609 5605
f 5584 5605 5587
f 5586 5607 5610
f 5586 5610 5581
f 5581 5610 5599
f 5581 5599 5582
f 5599 5610 5609
f 5599 5609 5598
f 5583 5598 5609
f 5583 5609 5584
f 5609 5610 5607
f 5609 5607 5608
f 5609 5608 5611
f 5609 5611 5612
f 5609 5612 5606
f 5609 5606 5605
f 5611 5604 5601
f 5611 5601 5612
f 5579 5612 5601
f 5579 5601 5580
f 5588 5606 5612
f 5588 5612 5579
f 5611 5608 5585
f 5611 5585 5578
f 5577 5604 5611
f 5577 5611 5578
f 1475 5613 5614
f 1475 5614 1474
f 1475 1474 1473
f 1475 1473 5567
f 1475 5567 5570
f 1475 5570 5576
f 1475 5576 5615
f 1475 5615 1476
f 5616 5052 5258
f 5616 5258 1461
f 5616 1461 1471
f 5616 1471 1476
f 5616 1476 5615
f 5573 5571 1472
f 5573 1472 1466
f 5573 1466 5617
f 5573 5617 5575
f 5035 5052 5616
f 5035 5616 5617
f 5617 1466 1460
f 5617 1460 5035
f 5575 5617 5616
f 5575 5616 5615
f 5575 5615 5576
f 24 23 5618
f 24 5618 5619
f 24 5619 5620
f 24 5620 5621
f 24 5621 5622
f 5623 5624 5625
f 5623 5625 5626
f 5623 5626 5627
f 5623 5627 5628
f 5623 5628 5629
f 5623 5629 5630
f 5623 5630 5631
f 5623 5631 5632
f 5623 5632 5633
f 5623 5633 5634
f 5635 5624 5636
f 5635 5636 5637
f 5635 5637 5638
f 5637 5636 5623
f 5637 5623 5639
f 5637 5639 5640
f 5622 5621 5641
f 5622 5641 5642
f 5622 5642 5643
f 5622 5643 5644
f 5622 5644 5645
f 5622 5645 5646
f 5622 5646 5647
f 5622 5647 5648
f 5622 5648 5638
f 5622 5638 5637
f 5622 5637 5640
f 5638 5649 5650
f 5638 5650 5651
f 5638 5651 5635
f 5627 5652 5653
f 5627 5653 5654
f 5627 5654 5655
f 5627 5655 5628
f 5656 5657 5658
f 5656 5658 5659
f 5660 5661 5662
f 5660 5662 5663
f 5664 5665 5666
f 5664 5666 5667
f 5664 5667 5668
f 5664 5668 5650
f 5664 5650 5649
f 5664 5649 5648
f 5664 5648 5647
f 5624 5635 5651
f 5624 5651 5669
f 5624 5669 5670
f 5624 5670 5671
f 5624 5671 5672
f 5624 5672 5673
f 5624 5673 5674
f 5624 5674 5625
f 5675 5655 5676
f 5675 5676 5677
f 5678 5679 5653
f 5678 5653 5652
f 5668 5667 5680
f 5668 5680 5670
f 5668 5670 5669
f 5681 5682 5665
f 5681 5665 5664
f 5644 5643 5683
f 5644 5683 5684
f 5685 5686 5641
f 5685 5641 5621
f 5685 5621 5659
f 5685 5659 5658
f 5685 5658 5687
f 5685 5687 5688
f 5685 5688 5689
f 5645 5684 5683
f 5645 5683 5689
f 5645 5689 5688
f 5645 5688 5690
f 5645 5690 5660
f 5645 5660 5663
f 5645 5663 5646
f 5626 5674 5673
f 5626 5673 5627
f 5632 5691 5692
f 5632 5692 5693
f 5632 5693 5633
f 5630 5629 5694
f 5630 5694 5695
f 5642 5686 5685
f 5642 5685 5643
f 5696 5697 5698
f 5696 5698 5699
f 5696 5699 5676
f 5696 5676 5655
f 5696 5655 5654
f 5696 5654 5679
f 5696 5679 5678
f 5696 5678 5672
f 5696 5672 5671
f 5696 5671 5680
f 5696 5680 5667
f 5696 5667 5666
f 5696 5666 5682
f 5696 5682 5681
f 5696 5681 5662
f 5696 5662 5661
f 5696 5661 5700
f 5661 5690 5688
f 5661 5688 5687
f 5661 5687 5657
f 5661 5657 5656
f 5661 5656 5620
f 5661 5620 5619
f 5661 5619 5700
f 5634 5633 5693
f 5634 5693 5701
f 5634 5701 5698
f 5634 5698 5697
f 5634 5697 5702
f 5634 5702 5703
f 5698 5631 5630
f 5698 5630 5675
f 5698 5675 5677
f 5698 5677 5699
f 5704 5621 5620
f 5704 5620 5705
f 5704 5705 5706
f 5704 5706 5707
f 5708 5709 5710
f 5708 5710 5711
f 5712 5713 5714
f 5712 5714 5715
f 5712 5715 5710
f 5712 5710 5709
f 5712 5709 5701
f 5712 5701 5693
f 5716 5717 5718
f 5716 5718 5719
f 5720 5721 5722
f 5720 5722 5723
f 5724 5725 5726
f 5724 5726 5727
f 5728 5729 5730
f 5728 5730 5731
f 5728 5731 5732
f 5728 5732 5733
f 5728 5733 5734
f 5728 5734 5735
f 5728 5735 5736
f 5737 5738 5739
f 5737 5739 5740
f 5737 5740 5741
f 5737 5741 5742
f 5737 5742 5743
f 5737 5743 5744
f 5737 5744 5745
f 5746 5747 5748
f 5746 5748 5749
f 5746 5749 5750
f 5746 5750 5751
f 5746 5751 5752
f 5753 5754 5755
f 5753 5755 5756
f 5753 5756 5757
f 5753 5757 5758
f 5753 5758 5709
f 5753 5709 5708
f 5753 5708 5759
f 5757 5760 5713
f 5757 5713 5712
f 5757 5712 5758
f 5753 5761 5751
f 5753 5751 5754
f 5762 5755 5763
f 5762 5763 5750
f 5747 5746 5764
f 5747 5764 5765
f 5742 5766 5748
f 5742 5748 5743
f 5728 5767 5740
f 5728 5740 5739
f 5728 5739 5729
f 5731 5730 5738
f 5731 5738 5737
f 5731 5737 5768
f 5734 5733 5769
f 5734 5769 5770
f 5771 5722 5772
f 5771 5772 5773
f 5774 5773 5775
f 5774 5775 5776
f 5774 5776 5724
f 5774 5724 5727
f 5774 5727 5777
f 5717 5716 5704
f 5717 5704 5778
f 5717 5778 5720
f 5717 5720 5723
f 5717 5723 5779
f 5717 5779 5774
f 5717 5774 5780
f 5777 5726 5725
f 5777 5725 5770
f 5777 5770 5769
f 5777 5769 5732
f 5777 5732 5731
f 5777 5731 5768
f 5777 5768 5745
f 5777 5745 5744
f 5777 5744 5765
f 5777 5765 5764
f 5777 5764 5752
f 5777 5752 5751
f 5777 5751 5761
f 5777 5761 5759
f 5777 5759 5708
f 5777 5708 5711
f 5777 5711 5781
f 5706 5705 5719
f 5706 5719 5718
f 5706 5718 5780
f 5706 5780 5774
f 5706 5774 5777
f 5706 5777 5781
f 5782 5749 5748
f 5782 5748 5766
f 5782 5766 5741
f 5782 5741 5740
f 5782 5740 5767
f 5782 5767 5736
f 5782 5736 5735
f 5782 5735 5776
f 5782 5776 5775
f 5782 5775 5772
f 5782 5772 5722
f 5782 5722 5721
f 5782 5721 5778
f 5782 5778 5704
f 5782 5704 5707
f 5782 5707 5783
f 5782 5783 5784
f 5714 5713 5760
f 5714 5760 5756
f 5714 5756 5755
f 5714 5755 5762
f 5714 5762 5782
f 5714 5782 5784
f 5781 5711 5710
f 5781 5710 5715
f 5781 5715 5714
f 5781 5714 5784
f 5781 5784 5783
f 5707 5706 5781
f 5707 5781 5783
f 5690 5661 5726
f 5690 5726 5777
f 5680 5671 5745
f 5680 5745 5768
f 5679 5654 5752
f 5679 5752 5764
f 5662 5681 5770
f 5662 5770 5725
f 5705 5620 5656
f 5705 5656 5719
f 5672 5678 5765
f 5672 5765 5744
f 5676 5699 5759
f 5676 5759 5761
f 5682 5666 5732
f 5682 5732 5769
f 5657 5687 5780
f 5657 5780 5718
f 5638 5648 5736
f 5638 5736 5767
f 5629 5628 5749
f 5629 5749 5782
f 5629 5782 5762
f 5647 5646 5776
f 5647 5776 5735
f 5645 5644 5772
f 5645 5772 5775
f 5626 5625 5741
f 5626 5741 5766
f 5632 5631 5756
f 5632 5756 5760
f 5642 5641 5778
f 5642 5778 5721
f 5722 5643 5685
f 5722 5685 5723
f 5658 5657 5718
f 5658 5718 5717
f 5692 5701 5709
f 5692 5709 5758
f 5756 5631 5691
f 5756 5691 5757
f 5691 5632 5760
f 5691 5760 5757
f 5693 5692 5758
f 5693 5758 5712
f 5780 5687 5658
f 5780 5658 5717
f 5675 5630 5755
f 5675 5755 5754
f 5759 5699 5677
f 5759 5677 5753
f 5685 5689 5779
f 5685 5779 5723
f 5677 5676 5761
f 5677 5761 5753
f 5726 5661 5660
f 5726 5660 5727
f 5683 5643 5722
f 5683 5722 5771
f 5751 5655 5675
f 5751 5675 5754
f 5684 5645 5775
f 5684 5775 5773
f 5755 5630 5695
f 5755 5695 5763
f 5653 5679 5764
f 5653 5764 5746
f 5752 5654 5653
f 5752 5653 5746
f 5695 5655 5751
f 5695 5751 5763
f 5663 5662 5725
f 5663 5725 5724
f 5694 5629 5762
f 5694 5762 5750
f 5765 5678 5652
f 5765 5652 5747
f 5776 5646 5663
f 5776 5663 5724
f 5749 5628 5694
f 5749 5694 5750
f 5651 5650 5729
f 5651 5729 5739
f 5665 5682 5769
f 5665 5769 5733
f 5652 5627 5748
f 5652 5748 5747
f 5732 5666 5665
f 5732 5665 5733
f 5741 5625 5674
f 5741 5674 5742
f 5673 5672 5744
f 5673 5744 5743
f 5748 5627 5673
f 5748 5673 5743
f 5674 5626 5766
f 5674 5766 5742
f 5650 5668 5730
f 5650 5730 5729
f 5669 5651 5739
f 5669 5739 5738
f 5745 5671 5670
f 5745 5670 5737
f 5670 5680 5768
f 5670 5768 5737
f 5668 5669 5738
f 5668 5738 5730
f 5736 5648 5649
f 5736 5649 5728
f 5649 5638 5767
f 5649 5767 5728
f 5664 5647 5735
f 5664 5735 5734
f 5770 5681 5664
f 5770 5664 5734
f 5772 5644 5684
f 5772 5684 5773
f 5660 5690 5777
f 5660 5777 5727
f 5689 5683 5771
f 5689 5771 5779
f 5778 5641 5686
f 5778 5686 5720
f 5686 5642 5721
f 5686 5721 5720
f 5659 5621 5704
f 5659 5704 5716
f 5719 5656 5659
f 5719 5659 5716
f 5785 5786 3
f 5785 3 2
f 5785 2 17
f 5785 17 19
f 5785 19 5787
f 5788 5789 5790
f 5788 5790 5785
f 5788 5785 5787
f 5789 5791 5792
f 5789 5792 5790
f 5792 5791 5793
f 5792 5793 5794
f 5792 5794 5795
f 5792 5795 5796
f 5792 5796 5797
f 5791 5789 5788
f 5791 5788 5798
f 5791 5798 5793
f 5787 19 24
f 5787 24 5622
f 5787 5622 5640
f 5787 5640 5639
f 5623 5634 5703
f 5623 5703 5798
f 5623 5798 5788
f 5623 5788 5787
f 5623 5787 5639
f 5795 5614 5613
f 5795 5613 5799
f 5795 5799 5800
f 5795 5800 5796
f 5613 1475 5801
f 5613 5801 5799
f 5614 5795 5794
f 5614 5794 1474
f 5802 5803 5804
f 5802 5804 5805
f 5802 5805 5806
f 5807 5808 5809
f 5807 5809 5810
f 5807 5810 5811
f 5812 5813 5814
f 5812 5814 5815
f 5812 5815 5816
f 5812 5816 5817
f 5818 5811 5810
f 5818 5810 5819
f 5818 5819 5817
f 5818 5817 5816
f 5820 5807 5811
f 5820 5811 5818
f 5820 5818 5821
f 5820 5821 5822
f 5823 5814 5813
f 5823 5813 5824
f 5823 5824 28
f 5823 28 36
f 5813 5812 5825
f 5813 5825 5826
f 5824 5813 5826
f 5824 5826 5827
f 5824 5827 25
f 5824 25 28
f 35 47 5822
f 35 5822 5821
f 35 5821 5828
f 35 5828 5829
f 35 5829 5823
f 35 5823 36
f 5830 5831 46
f 5830 46 45
f 5830 45 49
f 48 5832 5833
f 48 5833 5830
f 48 5830 49
f 5834 5835 5836
f 5834 5836 5808
f 5834 5808 5807
f 5834 5807 5820
f 5834 5820 5837
f 5820 5822 47
f 5820 47 46
f 5820 46 5831
f 5820 5831 5837
f 5838 5839 5840
f 5838 5840 5836
f 5838 5836 5835
f 5841 5842 5843
f 5841 5843 5844
f 5841 5844 5839
f 5841 5839 5838
f 5841 5838 5845
f 5841 5845 5846
f 5845 5847 5830
f 5845 5830 5833
f 5845 5833 5846
f 5848 5849 5850
f 5848 5850 5851
f 5848 5851 5838
f 5848 5838 5835
f 5852 5853 5854
f 5852 5854 5855
f 5852 5855 5831
f 5852 5831 5830
f 5855 5856 5857
f 5855 5857 5834
f 5855 5834 5837
f 5855 5837 5831
f 5857 5848 5835
f 5857 5835 5834
f 5853 5852 5858
f 5853 5858 5859
f 5860 5861 5862
f 5860 5862 5863
f 5864 5865 5866
f 5864 5866 5867
f 5868 5869 5870
f 5868 5870 5871
f 5872 5873 5874
f 5872 5874 5875
f 5845 5838 5851
f 5845 5851 5876
f 5845 5876 5875
f 5845 5875 5874
f 5845 5874 5866
f 5845 5866 5865
f 5845 5865 5869
f 5845 5869 5868
f 5845 5868 5877
f 5845 5877 5847
f 5877 5860 5863
f 5877 5863 5858
f 5877 5858 5852
f 5877 5852 5830
f 5877 5830 5847
f 5851 5850 5878
f 5851 5878 5876
f 5849 5879 5880
f 5849 5880 5871
f 5849 5871 5870
f 5849 5870 5864
f 5849 5864 5867
f 5849 5867 5873
f 5849 5873 5872
f 5849 5872 5878
f 5849 5878 5850
f 5879 5854 5853
f 5879 5853 5859
f 5879 5859 5862
f 5879 5862 5861
f 5879 5861 5880
f 5881 5882 5883
f 5881 5883 5884
f 5885 5886 5887
f 5885 5887 5888
f 5889 5890 5891
f 5889 5891 5892
f 5893 5894 5892
f 5893 5892 5895
f 5893 5895 5896
f 5897 5888 5898
f 5897 5898 5899
f 5881 5900 5901
f 5881 5901 5902
f 5881 5902 5903
f 5885 5904 5905
f 5885 5905 5906
f 5902 5901 5899
f 5902 5899 5898
f 5902 5898 5906
f 5902 5906 5905
f 5902 5905 5896
f 5902 5896 5895
f 5902 5895 5907
f 5902 5907 5908
f 5902 5908 5909
f 5902 5909 5910
f 5911 5912 5903
f 5911 5903 5902
f 5911 5902 5910
f 5893 5913 5914
f 5893 5914 5904
f 5897 5915 5916
f 5897 5916 5900
f 5917 5918 5919
f 5917 5919 5920
f 5917 5920 5921
f 5917 5921 5922
f 5923 5924 5917
f 5923 5917 5922
f 5849 5848 5857
f 5849 5857 5856
f 5849 5856 5879
f 5856 5855 5854
f 5856 5854 5879
f 5912 5911 5924
f 5912 5924 5923
f 5912 5923 5884
f 5919 5908 5907
f 5919 5907 5889
f 5919 5889 5920
f 5918 5917 5924
f 5918 5924 5911
f 5918 5911 5910
f 5918 5910 5909
f 5908 5919 5918
f 5908 5918 5909
f 5894 5893 5904
f 5894 5904 5885
f 5894 5885 5888
f 5894 5888 5897
f 5894 5897 5900
f 5894 5900 5881
f 5894 5881 5884
f 5894 5884 5923
f 5894 5923 5922
f 5894 5922 5921
f 5920 5889 5892
f 5920 5892 5894
f 5920 5894 5921
f 5865 5864 5886
f 5865 5886 5885
f 5865 5885 5906
f 5874 5873 5913
f 5874 5913 5893
f 5874 5893 5896
f 5872 5875 5895
f 5872 5895 5892
f 5872 5892 5891
f 5876 5878 5890
f 5876 5890 5889
f 5876 5889 5907
f 5890 5878 5872
f 5890 5872 5891
f 5895 5875 5876
f 5895 5876 5907
f 5867 5866 5905
f 5867 5905 5904
f 5867 5904 5914
f 5905 5866 5874
f 5905 5874 5896
f 5913 5873 5867
f 5913 5867 5914
f 5861 5860 5901
f 5861 5901 5900
f 5861 5900 5916
f 5870 5869 5898
f 5870 5898 5888
f 5870 5888 5887
f 5898 5869 5865
f 5898 5865 5906
f 5886 5864 5870
f 5886 5870 5887
f 5868 5871 5915
f 5868 5915 5897
f 5868 5897 5899
f 5915 5871 5880
f 5915 5880 5861
f 5915 5861 5916
f 5901 5860 5877
f 5901 5877 5868
f 5901 5868 5899
f 5863 5862 5882
f 5863 5882 5881
f 5863 5881 5903
f 5859 5858 5912
f 5859 5912 5884
f 5859 5884 5883
f 5882 5862 5859
f 5882 5859 5883
f 5912 5858 5863
f 5912 5863 5903
f 5840 5839 5844
f 5840 5844 5925
f 5840 5925 5926
f 5809 5808 5836
f 5809 5836 5840
f 5809 5840 5926
f 5926 5925 5927
f 5926 5927 5928
f 5926 5928 5929
f 5926 5929 5930
f 5926 5930 5931
f 5809 5926 5931
f 5809 5931 5932
f 5824 5933 27
f 5824 27 28
f 5933 5824 28
f 5933 28 27
f 5813 5812 5934
f 5813 5934 5935
f 5813 5935 5936
f 5813 5936 5937
f 5813 5937 5933
f 5813 5933 5824
f 5936 5935 5934
f 5936 5934 5812
f 5936 5812 5813
f 5936 5813 5824
f 5936 5824 5933
f 5936 5933 5937
f 5938 5939 5940
f 5938 5940 5941
f 5938 5941 5937
f 5938 5937 5936
f 5938 5936 5942
f 5938 5942 5943
f 5938 5943 5944
f 5938 5944 5945
f 5938 5945 5946
f 5938 5946 5947
f 5938 5947 5948
f 5938 5948 5949
f 5938 5949 5950
f 5938 5950 31
f 5938 31 32
f 5950 5949 5948
f 5950 5948 5947
f 5950 5947 5946
f 5950 5946 5945
f 5950 5945 5944
f 5950 5944 5943
f 5950 5943 5942
f 5950 5942 5936
f 5950 5936 5937
f 5950 5937 5941
f 5950 5941 5940
f 5950 5940 5939
f 5950 5939 5938
f 5950 5938 32
f 5950 32 31
f 5951 5942 5936
f 5951 5936 5935
f 5951 5935 5952
f 5951 5952 5953
f 5954 5955 5951
f 5954 5951 5953
f 5954 5953 5956
f 5954 5956 5957
f 5935 5934 5958
f 5935 5958 5952
f 5956 5958 5934
f 5956 5934 5812
f 5956 5812 5817
f 5956 5817 5957
f 5959 5960 5961
f 5959 5961 5962
f 5959 5962 5963
f 5964 5961 5960
f 5964 5960 5965
f 5964 5965 5966
f 5964 5966 5967
f 5964 5967 5968
f 5962 5968 5967
f 5962 5967 5969
f 5962 5969 5970
f 5962 5970 5963
f 5965 5960 5959
f 5965 5959 5971
f 5965 5971 5972
f 5965 5972 5966
f 5973 5972 5971
f 5973 5971 5927
f 5973 5927 5925
f 5973 5925 5844
f 5973 5844 5843
f 5954 5957 5817
f 5954 5817 5932
f 5954 5932 5931
f 5954 5931 5930
f 5929 5974 5955
f 5929 5955 5954
f 5929 5954 5930
f 5975 5976 5977
f 5975 5977 5978
f 5967 5966 5972
f 5967 5972 5979
f 5967 5979 5969
f 5979 5980 5970
f 5979 5970 5969
f 5978 5977 5962
f 5978 5962 5961
f 5927 5971 5980
f 5927 5980 5928
f 5971 5959 5963
f 5971 5963 5970
f 5971 5970 5980
f 5975 5978 5961
f 5975 5961 5964
f 5964 5968 5976
f 5964 5976 5975
f 5977 5976 5968
f 5977 5968 5962
f 5929 5928 5980
f 5929 5980 5979
f 5929 5979 5974
f 5979 5972 5973
f 5979 5973 5955
f 5979 5955 5974
f 5981 5982 5983
f 5981 5983 5984
f 5981 5984 5937
f 5981 5937 5941
f 5981 5941 5940
f 5981 5940 5985
f 5981 5985 5986
f 5981 5986 5987
f 5988 5985 5940
f 5988 5940 5939
f 5988 5939 5938
f 5988 5938 5989
f 5988 5989 5990
f 5988 5990 5991
f 40 5989 5938
f 40 5938 32
f 923 5992 5993
f 923 5993 924
f 5994 925 924
f 5994 924 5993
f 5994 5993 5995
f 5994 5995 5996
f 5997 5998 5996
f 5997 5996 5995
f 5997 5992 923
f 5997 923 930
f 5997 930 5999
f 5997 5999 5998
f 6000 5842 5841
f 6000 5841 5994
f 6000 5994 5996
f 6000 5996 5998
f 6000 5998 5999
f 6000 5999 6001
f 6000 6001 5944
f 6000 5944 5943
f 5951 5955 5973
f 5951 5973 6000
f 5951 6000 5943
f 5951 5943 5942
f 5842 6000 5973
f 5842 5973 5843
f 5991 5986 6002
f 5991 6002 6003
f 6004 6005 6006
f 6004 6006 6003
f 6004 6003 6002
f 6004 6002 6007
f 6008 6009 6010
f 6008 6010 6011
f 6006 6005 6012
f 6006 6012 41
f 6006 41 44
f 6006 44 5990
f 6013 6004 6007
f 6013 6007 5987
f 6013 5987 6014
f 6013 6014 6015
f 6015 6016 6017
f 6015 6017 6018
f 6011 6010 6013
f 6011 6013 6015
f 6011 6015 6018
f 6011 6018 6019
f 6011 6019 1119
f 6011 1119 950
f 6011 950 6020
f 6021 1120 1119
f 6021 1119 6019
f 1120 6021 6017
f 1120 6017 6016
f 1120 6016 5999
f 1120 5999 930
f 6022 6020 950
f 6022 950 947
f 5994 5841 5846
f 5994 5846 5833
f 5994 5833 5832
f 5994 5832 6022
f 6023 6024 6025
f 6023 6025 6026
f 6023 6026 5995
f 6023 5995 5993
f 925 5994 6022
f 925 6022 947
f 6025 6024 6019
f 6025 6019 6018
f 6027 6017 6021
f 6027 6021 6028
f 5997 6027 6028
f 5997 6028 5992
f 6027 5997 5995
f 6027 5995 6026
f 6023 5993 5992
f 6023 5992 6028
f 6028 6021 6019
f 6028 6019 6024
f 6028 6024 6023
f 6018 6017 6027
f 6018 6027 6026
f 6018 6026 6025
f 6022 5832 48
f 6022 48 42
f 6022 42 41
f 6022 41 6012
f 6022 6012 6020
f 6029 6001 5999
f 6029 5999 6016
f 6029 6016 6015
f 5946 5945 5944
f 5946 5944 6001
f 5946 6001 6029
f 5946 6029 6030
f 5946 6030 6031
f 6032 5947 5946
f 6032 5946 6031
f 6032 6031 6013
f 6032 6013 6010
f 5948 5947 6032
f 5948 6032 6033
f 5949 5948 6033
f 5949 6033 6011
f 5949 6011 6020
f 6034 5950 5949
f 6034 5949 6020
f 6034 6020 6012
f 37 31 5950
f 37 5950 6034
f 6014 6035 5983
f 6014 5983 6029
f 6014 6029 6015
f 5989 40 39
f 5989 39 6036
f 5985 5988 6037
f 5985 6037 6038
f 38 37 6034
f 38 6034 6039
f 6040 6041 6033
f 6040 6033 6032
f 6039 6042 6043
f 6039 6043 6044
f 6039 6044 6045
f 6039 6045 6038
f 6039 6038 6037
f 6039 6037 6036
f 6039 6036 39
f 6039 39 38
f 5982 5981 6045
f 5982 6045 6044
f 5983 5982 6044
f 5983 6044 6043
f 5983 6043 6030
f 5983 6030 6029
f 6042 6031 6030
f 6042 6030 6043
f 6004 6042 6039
f 6004 6039 6005
f 6011 6033 6041
f 6011 6041 6008
f 6009 6040 6032
f 6009 6032 6010
f 6013 6031 6042
f 6013 6042 6004
f 6008 6041 6040
f 6008 6040 6009
f 6039 6034 6012
f 6039 6012 6005
f 6003 6037 5988
f 6003 5988 5991
f 6038 6045 6007
f 6038 6007 6002
f 5986 5985 6038
f 5986 6038 6002
f 6045 5981 5987
f 6045 5987 6007
f 6006 6036 6037
f 6006 6037 6003
f 5990 5989 6036
f 5990 6036 6006
f 6046 6047 6048
f 6046 6048 6049
f 6046 6050 6035
f 6046 6035 6014
f 6046 6014 6051
f 6046 6051 6047
f 5937 5984 6052
f 5937 6052 6049
f 5937 6049 6048
f 5937 6048 5933
f 5983 6035 6050
f 5983 6050 6052
f 5983 6052 5984
f 5958 5956 6046
f 5958 6046 6049
f 5953 5952 6052
f 5953 6052 6050
f 5952 5958 6049
f 5952 6049 6052
f 5956 5953 6050
f 5956 6050 6046
f 5933 6048 6047
f 5933 6047 6051
f 5933 6051 33
f 5933 33 27
f 6051 6014 5987
f 6051 5987 5986
f 6051 5986 5991
f 6051 5991 5990
f 6051 5990 44
f 6051 44 33
f 6053 5825 5812
f 6053 5812 5934
f 6053 5934 5935
f 6053 5935 5936
f 5942 6054 6053
f 5942 6053 5936
f 5938 5939 5940
f 5938 5940 5941
f 5938 5941 5937
f 5938 5937 6055
f 5938 6055 29
f 5938 29 32
f 6054 5942 5943
f 6054 5943 5944
f 6054 5944 5945
f 6054 5945 6056
f 5945 5946 5947
f 5945 5947 5948
f 5945 5948 5949
f 5945 5949 6057
f 5945 6057 6056
f 5950 31 30
f 5950 30 6057
f 5950 6057 5949
f 6053 6054 6056
f 6053 6056 6055
f 6056 6057 30
f 6056 30 29
f 6056 29 6055
f 5933 6058 6055
f 5933 6055 5937
f 5826 5825 6053
f 5826 6053 6055
f 5826 6055 6058
f 5826 6058 5827
f 6058 5933 27
f 6058 27 26
f 5827 6058 26
f 5827 26 25
f 6059 6060 6061
f 6059 6061 6062
f 6059 6062 6063
f 5800 5799 6064
f 5800 6064 6065
f 6066 6061 6062
f 6066 6062 6067
f 6068 6069 6070
f 6068 6070 6071
f 6068 6071 6072
f 6068 6072 6073
f 6068 6073 6061
f 6068 6061 6066
f 5797 5796 6074
f 5797 6074 6075
f 6076 6077 5809
f 6076 5809 5932
f 6076 5932 6078
f 6076 6079 6080
f 6076 6080 6081
f 6076 6081 6077
f 5793 5798 5703
f 5793 5703 5702
f 5793 5702 6082
f 5793 6082 6081
f 5793 6081 6080
f 5793 6080 5794
f 6079 6083 6084
f 6079 6084 6085
f 6079 6085 1468
f 6079 1468 1467
f 6079 1467 6080
f 5794 6080 1467
f 5794 1467 1474
f 5810 5809 6077
f 5810 6077 6081
f 5810 6081 6086
f 6087 6086 6081
f 6087 6081 6082
f 6087 6082 6088
f 5702 5697 5696
f 5702 5696 6088
f 5702 6088 6082
f 6078 5932 5817
f 6078 5817 6089
f 6089 5817 5819
f 6089 5819 6090
f 6090 5819 5810
f 6090 5810 6086
f 6090 6086 6091
f 6091 6092 6083
f 6091 6083 6079
f 6091 6079 6076
f 6091 6076 6090
f 6076 6078 6089
f 6076 6089 6090
f 6091 6086 6087
f 6091 6087 6093
f 6091 6093 6094
f 6091 6094 6092
f 6075 6074 6085
f 6075 6085 6084
f 6075 6084 6095
f 6095 6084 6083
f 6095 6083 6092
f 6095 6092 6094
f 6095 6094 6096
f 5792 5797 6075
f 5792 6075 6095
f 6071 6070 5790
f 6071 5790 5792
f 6071 5792 6095
f 6071 6095 6096
f 6064 1469 1468
f 6064 1468 6085
f 6064 6085 6074
f 6064 6074 6065
f 5796 5800 6065
f 5796 6065 6074
f 6097 6098 6099
f 6097 6099 6100
f 6101 6102 20
f 6101 20 14
f 6101 14 6
f 6101 6 5
f 6101 5 6103
f 6104 6105 6094
f 6104 6094 6093
f 6104 6093 6087
f 6104 6087 6088
f 6104 6088 6102
f 6104 6102 6101
f 5696 5700 5619
f 5696 5619 5618
f 5696 5618 6102
f 5696 6102 6088
f 5618 23 21
f 5618 21 20
f 5618 20 6102
f 5818 5816 6097
f 5818 6097 6100
f 5818 6100 6105
f 5818 6105 6104
f 6099 6098 5828
f 6099 5828 5821
f 6099 5821 6101
f 6099 6101 6103
f 5821 5818 6104
f 5821 6104 6101
f 6106 5829 5828
f 6106 5828 6098
f 5823 5829 6106
f 5823 6106 6107
f 5823 6107 6108
f 5823 6108 6109
f 6103 6108 6107
f 6103 6107 6099
f 6110 6111 6112
f 6110 6112 6113
f 6067 6062 6114
f 6067 6114 6115
f 6116 6117 6118
f 6116 6118 6119
f 6116 6119 6120
f 6116 6120 6121
f 6116 6121 6122
f 6116 6122 6123
f 6116 6123 6124
f 6116 6124 6125
f 6116 6125 6126
f 6116 6126 6127
f 6116 6127 6128
f 6116 6128 6072
f 6116 6072 6071
f 6116 6071 6129
f 6116 6129 6112
f 6116 6112 6111
f 6061 6073 6130
f 6061 6130 6131
f 6061 6131 6132
f 6061 6132 6133
f 6061 6133 6134
f 6061 6134 6135
f 6061 6135 6136
f 6061 6136 6137
f 6061 6137 6138
f 6061 6138 6139
f 6061 6139 6140
f 6061 6140 6141
f 6061 6141 6142
f 6061 6142 6114
f 6061 6114 6062
f 6134 6133 6125
f 6134 6125 6124
f 6132 6131 6127
f 6132 6127 6126
f 6073 6072 6128
f 6073 6128 6130
f 6136 6135 6123
f 6136 6123 6122
f 6138 6137 6121
f 6138 6121 6120
f 6142 6141 6117
f 6142 6117 6116
f 6140 6139 6119
f 6140 6119 6118
f 6143 6144 6105
f 6143 6105 6100
f 6143 6145 5815
f 6143 5815 5814
f 6143 5814 6146
f 6143 6146 6144
f 5816 5815 6145
f 5816 6145 6097
f 6094 6105 6144
f 6094 6144 6146
f 6094 6146 6096
f 6129 6071 6096
f 6129 6096 6146
f 6106 6145 6143
f 6106 6143 6107
f 6143 6100 6099
f 6143 6099 6107
f 6097 6145 6106
f 6097 6106 6098
f 6146 5814 5823
f 6146 5823 6109
f 6146 6109 6112
f 6146 6112 6129
f 6070 6069 6147
f 6070 6147 6148
f 6070 6148 6149
f 6070 6149 6150
f 6070 6150 6151
f 6070 6151 6152
f 6070 6152 6153
f 6070 6153 6154
f 6070 6154 6155
f 6070 6155 6156
f 6070 6156 6157
f 6070 6157 6158
f 6070 6158 6159
f 6070 6159 6110
f 6070 6110 6113
f 6069 6068 6160
f 6069 6160 6147
f 6161 6162 6163
f 6161 6163 6164
f 6161 6164 6165
f 6161 6165 6166
f 6161 6166 6167
f 6161 6167 6168
f 6161 6168 6169
f 6161 6169 6170
f 6161 6170 6171
f 6161 6171 6172
f 6161 6172 6160
f 6161 6160 6068
f 6161 6068 6066
f 6161 6066 6067
f 6161 6067 6115
f 6170 6169 6151
f 6170 6151 6150
f 6172 6171 6149
f 6172 6149 6148
f 6168 6167 6153
f 6168 6153 6152
f 6166 6165 6155
f 6166 6155 6154
f 6164 6163 6157
f 6164 6157 6156
f 6162 6161 6159
f 6162 6159 6158
f 6153 6167 6136
f 6153 6136 6122
f 6125 6133 6170
f 6125 6170 6150
f 6127 6131 6172
f 6127 6172 6148
f 6147 6160 6130
f 6147 6130 6128
f 6160 6172 6131
f 6160 6131 6130
f 6148 6147 6128
f 6148 6128 6127
f 6149 6171 6132
f 6149 6132 6126
f 6171 6170 6133
f 6171 6133 6132
f 6150 6149 6126
f 6150 6126 6125
f 6151 6169 6134
f 6151 6134 6124
f 6123 6135 6168
f 6123 6168 6152
f 6169 6168 6135
f 6169 6135 6134
f 6152 6151 6124
f 6152 6124 6123
f 6157 6163 6140
f 6157 6140 6118
f 6155 6165 6138
f 6155 6138 6120
f 6121 6137 6166
f 6121 6166 6154
f 6167 6166 6137
f 6167 6137 6136
f 6154 6153 6122
f 6154 6122 6121
f 6119 6139 6164
f 6119 6164 6156
f 6165 6164 6139
f 6165 6139 6138
f 6156 6155 6120
f 6156 6120 6119
f 6117 6141 6162
f 6117 6162 6158
f 6163 6162 6141
f 6163 6141 6140
f 6158 6157 6118
f 6158 6118 6117
f 6159 6161 6142
f 6159 6142 6116
f 6161 6115 6114
f 6161 6114 6142
f 6110 6159 6116
f 6110 6116 6111
f 5785 5790 6070
f 5785 6070 6113
f 5785 6113 5786
f 6108 6103 5
f 6108 5 9
f 6108 9 6109
f 6113 6112 6109
f 6113 6109 9
f 6113 9 8
f 6113 8 4
f 6113 4 3
f 6113 3 5786
f 6061 6060 5803
f 6061 5803 5802
f 1470 1469 6064
f 1470 6064 6173
f 5799 5801 6173
f 5799 6173 6064
f 5801 1475 1470
f 5801 1470 6173
f 5806 5805 6063
f 5806 6063 6062
f 6061 5802 5806
f 6061 5806 6062
f 5804 6059 6063
f 5804 6063 5805
f 5804 5803 6060
f 5804 6060 6059
f 6174 253 252
f 6174 252 6175
f 6174 6175 96
f 6175 252 251
f 6175 251 6176
f 95 6176 251
f 95 251 237
f 95 237 6177
f 98 107 6178
f 98 6178 6179
f 108 101 6180
f 108 6180 6181
f 260 259 6182
f 260 6182 109
f 260 109 6183
f 259 258 6181
f 259 6181 6182
f 6178 250 249
f 6178 249 6184
f 106 6184 249
f 106 249 248
f 106 248 6185
f 104 109 6182
f 104 6182 6186
f 106 103 6187
f 106 6187 6184
f 6188 6187 103
f 6188 103 102
f 105 104 6186
f 105 6186 6189
f 105 6189 262
f 105 262 260
f 105 260 6183
f 6188 263 262
f 6188 262 6189
f 6189 6186 6187
f 6189 6187 6188
f 6185 248 263
f 6185 263 6188
f 6185 6188 102
f 6187 6186 6182
f 6187 6182 6181
f 6187 6181 6180
f 6187 6180 6179
f 6187 6179 6178
f 6187 6178 6184
f 101 100 6190
f 101 6190 6180
f 97 96 6175
f 97 6175 6191
f 100 113 6192
f 100 6192 6190
f 6181 258 257
f 6181 257 6192
f 6181 6192 113
f 6181 113 108
f 112 97 6191
f 112 6191 6193
f 257 256 6193
f 257 6193 6192
f 6192 6193 6191
f 6192 6191 6190
f 6193 256 253
f 6193 253 6174
f 6193 6174 112
f 6179 6194 99
f 6179 99 98
f 6195 6176 95
f 6195 95 94
f 6195 6194 6179
f 6195 6179 6180
f 6195 6180 6190
f 6195 6190 6191
f 6195 6191 6175
f 6195 6175 6176
f 110 99 6194
f 110 6194 6196
f 234 250 6178
f 234 6178 107
f 234 107 110
f 234 110 6196
f 234 6196 235
f 94 111 6197
f 94 6197 6195
f 6197 236 235
f 6197 235 6196
f 6195 6197 6196
f 6195 6196 6194
f 6177 237 236
f 6177 236 6197
f 6177 6197 111
f 239 6198 6199
f 239 6199 5002
f 6200 255 3884
f 6200 3884 3887
f 6200 3887 6201
f 238 255 6200
f 238 6200 6198
f 238 6198 239
f 6201 3887 5002
f 6201 5002 6199
f 6200 6201 6199
f 6200 6199 6198
f 102 105 6183
f 102 6183 6202
f 102 6202 6203
f 102 6203 6185
f 96 95 6177
f 96 6177 6204
f 96 6204 6205
f 96 6205 6174
f 6205 6204 6203
f 6205 6203 6202
f 6204 6177 111
f 6204 111 110
f 6204 110 107
f 6204 107 106
f 6204 106 6185
f 6204 6185 6203
f 6202 6183 109
f 6202 109 108
f 6202 108 113
f 6202 113 112
f 6202 112 6174
f 6202 6174 6205
f 6206 6207 6208
f 6206 6208 6209
f 6206 6209 6210
f 6206 6210 6211
f 6212 6213 6214
f 6212 6214 6215
f 6212 6215 6216
f 6212 6216 6217
f 6212 6217 6218
f 6212 6218 6219
f 6212 6219 6220
f 6212 6220 6221
f 6212 6221 6222
f 6212 6222 6223
f 6212 6223 6224
f 6212 6224 6225
f 6212 6225 6226
f 6212 6226 6227
f 6212 6227 6228
f 6212 6228 6229
f 6212 6229 6230
f 6212 6230 6231
f 6232 6233 6234
f 6232 6234 6235
f 6232 6235 6209
f 6232 6209 6208
f 6232 6208 6212
f 6232 6212 6231
f 6236 6237 6238
f 6236 6238 6239
f 6236 6239 6240
f 6241 6242 6243
f 6241 6243 6244
f 6241 6244 6245
f 6246 6247 6248
f 6246 6248 6249
f 6246 6249 6250
f 6251 6252 6253
f 6254 6255 6256
f 6254 6256 6257
f 6254 6257 6258
f 6254 6258 6259
f 6254 6259 6226
f 6254 6226 6225
f 6254 6225 6260
f 6261 6238 6237
f 6261 6237 6243
f 6261 6243 6242
f 6261 6242 6262
f 6261 6262 6263
f 6261 6263 6219
f 6261 6219 6218
f 6221 6220 6263
f 6221 6263 6262
f 6264 6265 6260
f 6264 6260 6225
f 6264 6225 6224
f 6264 6224 6266
f 6264 6266 6267
f 6264 6267 6242
f 6264 6242 6241
f 6235 6234 6268
f 6235 6268 6269
f 6232 6231 6270
f 6232 6270 6271
f 6232 6271 6272
f 6228 6227 6259
f 6228 6259 6258
f 6223 6222 6267
f 6223 6267 6266
f 6265 6264 6245
f 6265 6245 6244
f 6265 6244 6273
f 6274 6255 6254
f 6274 6254 6275
f 6252 6251 6276
f 6252 6276 6277
f 6252 6277 6278
f 6252 6278 6279
f 6246 6280 6277
f 6246 6277 6276
f 6246 6276 6257
f 6246 6257 6247
f 6272 6281 6282
f 6272 6282 6249
f 6272 6249 6248
f 6272 6248 6211
f 6272 6211 6210
f 6272 6210 6269
f 6272 6269 6268
f 6272 6268 6233
f 6272 6233 6232
f 6283 6284 6271
f 6283 6271 6270
f 6283 6270 6230
f 6283 6230 6229
f 6283 6246 6250
f 6283 6250 6282
f 6283 6282 6281
f 6256 6285 6286
f 6256 6286 6274
f 6256 6274 6273
f 6287 6288 6289
f 6287 6289 6290
f 6287 6290 6218
f 6287 6218 6217
f 6287 6217 6291
f 6292 6293 6290
f 6292 6290 6289
f 6216 6215 6294
f 6216 6294 6295
f 6216 6295 6296
f 6292 6240 6239
f 6292 6239 6261
f 6292 6261 6297
f 6298 6240 6299
f 6298 6299 6288
f 6298 6288 6287
f 6298 6287 6291
f 6298 6291 6294
f 6298 6294 6215
f 6298 6215 6214
f 6298 6214 6300
f 6298 6300 6301
f 6302 6210 6209
f 6302 6209 6303
f 6302 6303 6304
f 6302 6304 6305
f 6306 6307 6308
f 6306 6308 6309
f 6310 6311 6312
f 6310 6312 6313
f 6310 6313 6308
f 6310 6308 6307
f 6310 6307 6294
f 6310 6294 6291
f 6314 6315 6316
f 6314 6316 6317
f 6318 6319 6320
f 6318 6320 6321
f 6318 6321 6322
f 6318 6322 6323
f 6318 6323 6324
f 6318 6324 6325
f 6318 6325 6326
f 6327 6328 6329
f 6327 6329 6330
f 6327 6330 6331
f 6332 6333 6334
f 6332 6334 6335
f 6336 6337 6338
f 6336 6338 6339
f 6336 6339 6340
f 6336 6340 6341
f 6336 6341 6342
f 6336 6342 6302
f 6336 6302 6343
f 6341 6344 6345
f 6341 6345 6342
f 6346 6347 6337
f 6346 6337 6336
f 6348 6349 6350
f 6348 6350 6339
f 6348 6339 6338
f 6349 6348 6347
f 6349 6347 6351
f 6349 6351 6335
f 6349 6335 6334
f 6349 6334 6352
f 6349 6352 6353
f 6354 6355 6356
f 6354 6356 6357
f 6331 6330 6322
f 6331 6322 6321
f 6331 6321 6358
f 6331 6358 6354
f 6331 6354 6357
f 6331 6357 6359
f 6331 6359 6360
f 6361 6324 6323
f 6361 6323 6329
f 6361 6329 6328
f 6362 6363 6319
f 6362 6319 6318
f 6317 6316 6326
f 6317 6326 6364
f 6317 6364 6365
f 6317 6365 6366
f 6317 6366 6367
f 6317 6367 6368
f 6369 6370 6371
f 6369 6371 6311
f 6369 6311 6310
f 6369 6310 6372
f 6369 6372 6373
f 6369 6373 6374
f 6369 6374 6367
f 6375 6376 6370
f 6375 6370 6369
f 6377 6375 6366
f 6377 6366 6365
f 6372 6307 6306
f 6372 6306 6378
f 6372 6378 6373
f 6350 6353 6352
f 6350 6352 6356
f 6350 6356 6355
f 6350 6355 6358
f 6350 6358 6321
f 6350 6321 6320
f 6350 6320 6363
f 6350 6363 6362
f 6350 6362 6315
f 6350 6315 6314
f 6350 6314 6368
f 6350 6368 6367
f 6350 6367 6374
f 6350 6374 6378
f 6350 6378 6306
f 6350 6306 6309
f 6350 6309 6379
f 6304 6303 6345
f 6304 6345 6344
f 6304 6344 6340
f 6304 6340 6339
f 6304 6339 6350
f 6304 6350 6379
f 6380 6312 6311
f 6380 6311 6371
f 6380 6371 6376
f 6380 6376 6375
f 6380 6375 6377
f 6380 6377 6364
f 6380 6364 6326
f 6380 6326 6325
f 6380 6325 6361
f 6380 6361 6328
f 6380 6328 6327
f 6380 6327 6360
f 6380 6360 6359
f 6380 6359 6333
f 6380 6333 6332
f 6380 6332 6351
f 6347 6346 6343
f 6347 6343 6302
f 6347 6302 6305
f 6347 6305 6380
f 6347 6380 6351
f 6379 6309 6308
f 6379 6308 6313
f 6379 6313 6312
f 6379 6312 6380
f 6305 6304 6379
f 6305 6379 6380
f 6217 6216 6378
f 6217 6378 6374
f 6220 6219 6368
f 6220 6368 6314
f 6227 6226 6358
f 6227 6358 6355
f 6234 6233 6340
f 6234 6340 6344
f 6231 6230 6353
f 6231 6353 6350
f 6222 6221 6315
f 6222 6315 6362
f 6303 6209 6235
f 6303 6235 6345
f 6229 6228 6356
f 6229 6356 6352
f 6224 6223 6363
f 6224 6363 6320
f 6288 6299 6376
f 6288 6376 6371
f 6239 6238 6364
f 6239 6364 6377
f 6250 6249 6343
f 6250 6343 6346
f 6253 6252 6333
f 6253 6333 6359
f 6241 6245 6361
f 6241 6361 6325
f 6277 6280 6351
f 6277 6351 6332
f 6286 6285 6360
f 6286 6360 6327
f 6295 6294 6307
f 6295 6307 6372
f 6376 6299 6289
f 6376 6289 6370
f 6282 6250 6346
f 6282 6346 6336
f 6345 6235 6269
f 6345 6269 6342
f 6343 6249 6282
f 6343 6282 6336
f 6269 6210 6302
f 6269 6302 6342
f 6290 6293 6375
f 6290 6375 6369
f 6378 6216 6296
f 6378 6296 6373
f 6347 6284 6281
f 6347 6281 6337
f 6268 6234 6344
f 6268 6344 6341
f 6296 6217 6374
f 6296 6374 6373
f 6340 6233 6268
f 6340 6268 6341
f 6367 6218 6290
f 6367 6290 6369
f 6281 6272 6338
f 6281 6338 6337
f 6263 6220 6314
f 6263 6314 6317
f 6375 6293 6297
f 6375 6297 6366
f 6271 6284 6347
f 6271 6347 6348
f 6353 6230 6270
f 6353 6270 6349
f 6270 6231 6350
f 6270 6350 6349
f 6272 6271 6348
f 6272 6348 6338
f 6261 6239 6377
f 6261 6377 6365
f 6315 6221 6262
f 6315 6262 6316
f 6279 6229 6352
f 6279 6352 6334
f 6351 6280 6278
f 6351 6278 6335
f 6364 6238 6261
f 6364 6261 6365
f 6278 6277 6332
f 6278 6332 6335
f 6242 6326 6316
f 6242 6316 6262
f 6333 6252 6279
f 6333 6279 6334
f 6326 6242 6267
f 6326 6267 6318
f 6266 6224 6320
f 6266 6320 6319
f 6356 6228 6258
f 6356 6258 6357
f 6255 6286 6327
f 6255 6327 6331
f 6360 6285 6255
f 6360 6255 6331
f 6258 6253 6359
f 6258 6359 6357
f 6361 6245 6264
f 6361 6264 6324
f 6358 6226 6259
f 6358 6259 6354
f 6259 6227 6355
f 6259 6355 6354
f 6265 6275 6329
f 6265 6329 6323
f 6275 6254 6330
f 6275 6330 6329
f 6260 6265 6323
f 6260 6323 6322
f 6254 6260 6322
f 6254 6322 6330
f 6264 6241 6325
f 6264 6325 6324
f 6363 6223 6266
f 6363 6266 6319
f 6267 6222 6362
f 6267 6362 6318
f 6368 6219 6263
f 6368 6263 6317
f 6297 6218 6367
f 6297 6367 6366
f 6289 6288 6371
f 6289 6371 6370
f 6291 6295 6372
f 6291 6372 6310
f 6301 6300 6381
f 6301 6381 6382
f 6301 6382 6383
f 6384 6385 44
f 6384 44 43
f 6384 43 6386
f 6386 6207 6206
f 6386 6206 6387
f 6386 6387 6388
f 6386 6388 6384
f 6388 6389 6385
f 6388 6385 6384
f 8 6390 6391
f 8 6391 4
f 6392 6393 6394
f 6392 6394 6395
f 6396 6236 6240
f 6396 6240 6298
f 6396 6298 6301
f 6396 6301 6383
f 6396 6383 6395
f 6396 6395 6394
f 6397 6398 6399
f 6397 6399 6400
f 6401 6400 6399
f 6401 6399 6402
f 6401 6402 6403
f 6394 6393 6404
f 6394 6404 6405
f 6394 6405 6406
f 6394 6406 6407
f 6394 6407 6396
f 6403 6402 6408
f 6403 6408 6409
f 6403 6409 6405
f 6403 6405 6404
f 6403 6404 6410
f 6408 6402 6399
f 6408 6399 6398
f 6408 6398 6411
f 6408 6411 6412
f 6405 6409 6413
f 6405 6413 6406
f 6406 6413 6414
f 6406 6414 6415
f 6406 6415 6407
f 6388 6387 6415
f 6388 6415 6414
f 6388 6414 6416
f 6388 6416 6389
f 6407 6415 6387
f 6407 6387 6206
f 6407 6206 6211
f 6407 6211 6248
f 6407 6248 6247
f 6407 6247 6257
f 6407 6257 6256
f 6407 6256 6273
f 6407 6273 6244
f 6407 6244 6243
f 6407 6243 6237
f 6407 6237 6236
f 6407 6236 6396
f 6417 6418 6392
f 6417 6392 6395
f 6419 6420 6411
f 6419 6411 6398
f 6419 6421 6422
f 6419 6422 6423
f 6419 6423 6424
f 6419 6424 34
f 6419 34 33
f 6419 33 6420
f 6386 43 34
f 6386 34 6424
f 6425 6212 6208
f 6425 6208 6207
f 6425 6207 6386
f 6425 6386 6424
f 44 6385 6389
f 44 6389 6416
f 44 6416 6412
f 44 6412 6411
f 44 6411 6420
f 44 6420 33
f 6426 6404 6393
f 6426 6393 6392
f 6426 6392 6418
f 6425 6424 6423
f 6425 6423 6426
f 6425 6426 6418
f 6425 6418 6417
f 6425 6417 6427
f 6425 6427 6428
f 6421 6419 6429
f 6421 6429 6430
f 6423 6422 6431
f 6423 6431 6432
f 6423 6432 6426
f 6422 6421 6430
f 6422 6430 6433
f 6422 6433 6431
f 6431 6433 6401
f 6431 6401 6403
f 6430 6429 6397
f 6430 6397 6400
f 6397 6429 6419
f 6397 6419 6398
f 6401 6433 6430
f 6401 6430 6400
f 6426 6432 6410
f 6426 6410 6404
f 6432 6431 6403
f 6432 6403 6410
f 6434 16 15
f 6434 15 6435
f 6434 6435 6417
f 6434 6417 6395
f 6434 6395 6383
f 6434 6383 6382
f 6436 6437 22
f 6436 22 18
f 6214 6428 6427
f 6214 6427 6437
f 6214 6437 6436
f 6214 6436 6381
f 6214 6381 6300
f 6417 6435 6437
f 6417 6437 6427
f 6434 6382 6381
f 6434 6381 6436
f 16 6434 6436
f 16 6436 18
f 6435 15 22
f 6435 22 6437
f 6438 6439 6440
f 6438 6440 6441
f 6438 6441 6390
f 6438 6390 6442
f 6443 6442 7
f 6443 7 1
f 6438 6442 6443
f 6438 6443 6444
f 6443 1 4
f 6443 4 6391
f 6445 6446 6444
f 6445 6444 6443
f 6445 6443 6391
f 6445 6391 6447
f 7 6442 6390
f 7 6390 8
f 6448 10 13
f 6448 13 6449
f 6446 6448 6449
f 6446 6449 6439
f 6446 6439 6438
f 6446 6438 6444
f 11 6450 6451
f 11 6451 12
f 6448 6450 11
f 6448 11 10
f 13 12 6451
f 13 6451 6449
f 6451 6440 6439
f 6451 6439 6449
f 6445 6450 6448
f 6445 6448 6446
f 6447 6441 6440
f 6447 6440 6451
f 6447 6451 6450
f 6447 6450 6445
f 6390 6441 6447
f 6390 6447 6391
f 6412 6416 6452
f 6412 6452 6453
f 6454 6455 6414
f 6454 6414 6413
f 6409 6408 6412
f 6409 6412 6453
f 6409 6453 6454
f 6409 6454 6413
f 6455 6452 6416
f 6455 6416 6414
f 6454 6453 6452
f 6454 6452 6455
