# BSP v29 exported geometry - trick (worldmodel faces only)
v 2080.0 768.0 -768.0
v 1856.0 768.0 -768.0
v 1856.0 768.0 -704.0
v 2080.0 768.0 -704.0
v 2304.0 768.0 -768.0
v 2304.0 768.0 -704.0
v 2528.0 768.0 -768.0
v 2528.0 768.0 -704.0
v 2752.0 768.0 -768.0
v 2752.0 768.0 -704.0
v 2976.0 768.0 -768.0
v 2976.0 768.0 -704.0
v 3200.0 768.0 -768.0
v 3200.0 768.0 -704.0
v 3264.0 768.0 -704.0
v 3264.0 768.0 -768.0
v 1856.0 768.0 32.0
v 1856.0 768.0 256.0
v 2080.0 768.0 256.0
v 2080.0 768.0 32.0
v 1856.0 768.0 -192.0
v 2080.0 768.0 -192.0
v 1856.0 768.0 -416.0
v 2080.0 768.0 -416.0
v 1856.0 768.0 -640.0
v 2080.0 768.0 -640.0
v 2304.0 768.0 256.0
v 2304.0 768.0 32.0
v 2304.0 768.0 -192.0
v 2304.0 768.0 -416.0
v 2304.0 768.0 -640.0
v 2528.0 768.0 256.0
v 2528.0 768.0 32.0
v 2528.0 768.0 -192.0
v 2528.0 768.0 -416.0
v 2528.0 768.0 -640.0
v 2752.0 768.0 256.0
v 2752.0 768.0 32.0
v 2752.0 768.0 -192.0
v 2752.0 768.0 -416.0
v 2752.0 768.0 -640.0
v 2976.0 768.0 256.0
v 2976.0 768.0 32.0
v 2976.0 768.0 -192.0
v 2976.0 768.0 -416.0
v 2976.0 768.0 -640.0
v 3200.0 768.0 256.0
v 3200.0 768.0 32.0
v 3200.0 768.0 -192.0
v 3200.0 768.0 -416.0
v 3200.0 768.0 -640.0
v 3264.0 768.0 256.0
v 3264.0 768.0 32.0
v 3264.0 768.0 -192.0
v 3264.0 768.0 -416.0
v 3264.0 768.0 -640.0
v 3264.0 768.0 288.0
v 1856.0 768.0 288.0
v 1088.0 2784.0 416.0
v 1088.0 2784.0 144.0
v 1088.0 2944.0 144.0
v 1088.0 3168.0 144.0
v 1088.0 3392.0 144.0
v 1088.0 3616.0 144.0
v 1088.0 3616.0 416.0
v 3264.0 2944.0 288.0
v 3264.0 2944.0 256.0
v 3200.0 2944.0 256.0
v 2976.0 2944.0 256.0
v 2752.0 2944.0 256.0
v 2528.0 2944.0 256.0
v 2304.0 2944.0 256.0
v 2080.0 2944.0 256.0
v 1856.0 2944.0 256.0
v 1856.0 2944.0 288.0
v 1856.0 2944.0 32.0
v 2080.0 2944.0 32.0
v 1856.0 2944.0 -192.0
v 2080.0 2944.0 -192.0
v 1856.0 2944.0 -416.0
v 2080.0 2944.0 -416.0
v 1856.0 2944.0 -640.0
v 2080.0 2944.0 -640.0
v 2080.0 2944.0 -704.0
v 1856.0 2944.0 -704.0
v 2304.0 2944.0 32.0
v 2304.0 2944.0 -192.0
v 2304.0 2944.0 -416.0
v 2304.0 2944.0 -640.0
v 2304.0 2944.0 -704.0
v 2528.0 2944.0 32.0
v 2528.0 2944.0 -192.0
v 2528.0 2944.0 -416.0
v 2528.0 2944.0 -640.0
v 2528.0 2944.0 -704.0
v 2752.0 2944.0 32.0
v 2752.0 2944.0 -192.0
v 2752.0 2944.0 -416.0
v 2752.0 2944.0 -640.0
v 2752.0 2944.0 -704.0
v 2976.0 2944.0 32.0
v 2976.0 2944.0 -192.0
v 2976.0 2944.0 -416.0
v 2976.0 2944.0 -640.0
v 2976.0 2944.0 -704.0
v 3200.0 2944.0 32.0
v 3200.0 2944.0 -192.0
v 3200.0 2944.0 -416.0
v 3200.0 2944.0 -640.0
v 3200.0 2944.0 -704.0
v 3264.0 2944.0 32.0
v 3264.0 2944.0 -192.0
v 3264.0 2944.0 -416.0
v 3264.0 2944.0 -640.0
v 3264.0 2944.0 -704.0
v 2080.0 2944.0 -768.0
v 1856.0 2944.0 -768.0
v 2304.0 2944.0 -768.0
v 2528.0 2944.0 -768.0
v 2752.0 2944.0 -768.0
v 2976.0 2944.0 -768.0
v 3200.0 2944.0 -768.0
v 3264.0 2944.0 -768.0
v 2656.0 1216.0 64.0
v 2539.6365 1216.0 64.0
v 2432.0 1216.0 64.0
v 2432.0 1216.0 -160.0
v 2656.0 1216.0 -160.0
v 2432.0 1216.0 -192.0
v 2560.0 1216.0 -192.0
v 2656.0 1216.0 -192.0
v 2688.0 1216.0 -160.0
v 2688.0 1216.0 64.0
v 2688.0 1216.0 -192.0
v 2656.0 1216.0 -448.0
v 2656.0 1216.0 -224.0
v 2464.0 1216.0 -224.0
v 2464.0 1216.0 -448.0
v 2464.0 1216.0 -512.0
v 2496.0 1216.0 -512.0
v 2624.0 1216.0 -512.0
v 2656.0 1216.0 -512.0
v 3264.0 2144.0 256.0
v 3264.0 2368.0 256.0
v 3264.0 2592.0 256.0
v 3264.0 2816.0 256.0
v 3264.0 1920.0 288.0
v 3264.0 1920.0 256.0
v 3264.0 1920.0 32.0
v 3264.0 2144.0 32.0
v 3264.0 1920.0 -192.0
v 3264.0 2144.0 -192.0
v 3264.0 1920.0 -224.0
v 3264.0 1920.0 -416.0
v 3264.0 2144.0 -416.0
v 3264.0 1920.0 -448.0
v 3264.0 1920.0 -640.0
v 3264.0 2144.0 -640.0
v 3264.0 1920.0 -672.0
v 3264.0 1920.0 -704.0
v 3264.0 2144.0 -704.0
v 3264.0 2368.0 32.0
v 3264.0 2368.0 -192.0
v 3264.0 2368.0 -416.0
v 3264.0 2368.0 -640.0
v 3264.0 2368.0 -704.0
v 3264.0 2592.0 32.0
v 3264.0 2592.0 -192.0
v 3264.0 2592.0 -416.0
v 3264.0 2592.0 -640.0
v 3264.0 2592.0 -704.0
v 3264.0 2816.0 32.0
v 3264.0 2816.0 -192.0
v 3264.0 2816.0 -416.0
v 3264.0 2816.0 -640.0
v 3264.0 2816.0 -704.0
v 3264.0 1920.0 -768.0
v 3264.0 2048.0 -768.0
v 3264.0 2144.0 -768.0
v 3264.0 2272.0 -768.0
v 3264.0 2368.0 -768.0
v 3264.0 2496.0 -768.0
v 3264.0 2592.0 -768.0
v 3264.0 2720.0 -768.0
v 3264.0 2816.0 -768.0
v 1856.0 2816.0 256.0
v 1856.0 2592.0 256.0
v 1856.0 2368.0 256.0
v 1856.0 2144.0 256.0
v 1856.0 1920.0 256.0
v 1856.0 1920.0 288.0
v 1856.0 1920.0 32.0
v 1856.0 2144.0 32.0
v 1856.0 1920.0 -192.0
v 1856.0 2144.0 -192.0
v 1856.0 1920.0 -416.0
v 1856.0 2144.0 -416.0
v 1856.0 1920.0 -640.0
v 1856.0 2144.0 -640.0
v 1856.0 2144.0 -704.0
v 1856.0 1920.0 -704.0
v 1856.0 2368.0 32.0
v 1856.0 2368.0 -192.0
v 1856.0 2368.0 -416.0
v 1856.0 2368.0 -640.0
v 1856.0 2368.0 -704.0
v 1856.0 2592.0 32.0
v 1856.0 2592.0 -192.0
v 1856.0 2592.0 -416.0
v 1856.0 2592.0 -640.0
v 1856.0 2592.0 -704.0
v 1856.0 2816.0 32.0
v 1856.0 2816.0 -192.0
v 1856.0 2816.0 -416.0
v 1856.0 2816.0 -640.0
v 1856.0 2816.0 -704.0
v 1856.0 2144.0 -768.0
v 1856.0 2048.0 -768.0
v 1856.0 1920.0 -768.0
v 1856.0 2368.0 -768.0
v 1856.0 2272.0 -768.0
v 1856.0 2592.0 -768.0
v 1856.0 2496.0 -768.0
v 1856.0 2816.0 -768.0
v 1856.0 2720.0 -768.0
v 3200.0 1920.0 -704.0
v 3104.0 1920.0 -704.0
v 2976.0 1920.0 -704.0
v 2880.0 1920.0 -704.0
v 2752.0 1920.0 -704.0
v 2656.0 1920.0 -704.0
v 2528.0 1920.0 -704.0
v 2304.0 1920.0 -704.0
v 2176.0 1920.0 -704.0
v 2080.0 1920.0 -704.0
v 2080.0 1920.0 256.0
v 2176.0 1920.0 256.0
v 2304.0 1920.0 256.0
v 2528.0 1920.0 256.0
v 2752.0 1920.0 256.0
v 2944.0 1920.0 256.0
v 3168.0 1920.0 256.0
v 2528.0 2464.0 -192.0
v 2336.0 2464.0 -192.0
v 2304.0 2464.0 -192.0
v 2304.0 2464.0 -224.0
v 2336.0 2464.0 -224.0
v 2528.0 2464.0 -224.0
v 2752.0 2464.0 -192.0
v 2560.0 2464.0 -192.0
v 2560.0 2464.0 -224.0
v 2752.0 2464.0 -224.0
v 2784.0 2464.0 -224.0
v 2816.0 2464.0 -224.0
v 2816.0 2464.0 -192.0
v 2784.0 2464.0 -192.0
v 2304.0 2144.0 -192.0
v 2304.0 2016.0 -192.0
v 2304.0 1920.0 -192.0
v 2304.0 1920.0 -224.0
v 2304.0 2016.0 -224.0
v 2304.0 2144.0 -224.0
v 2304.0 2368.0 -192.0
v 2304.0 2240.0 -192.0
v 2304.0 2240.0 -224.0
v 2304.0 2368.0 -224.0
v 2816.0 2208.0 -224.0
v 2816.0 2368.0 -224.0
v 2816.0 2432.0 -224.0
v 2784.0 2432.0 -224.0
v 2784.0 2208.0 -224.0
v 2816.0 1984.0 -224.0
v 2816.0 2144.0 -224.0
v 2784.0 1984.0 -224.0
v 2784.0 1920.0 -224.0
v 2816.0 1920.0 -224.0
v 2464.0 2208.0 -224.0
v 2464.0 2432.0 -224.0
v 2336.0 2432.0 -224.0
v 2336.0 2240.0 -224.0
v 2336.0 2208.0 -224.0
v 2464.0 1984.0 -224.0
v 2336.0 2016.0 -224.0
v 2336.0 1984.0 -224.0
v 2336.0 1920.0 -224.0
v 2464.0 1920.0 -224.0
v 2656.0 2432.0 -224.0
v 2560.0 2432.0 -224.0
v 2656.0 2208.0 -224.0
v 2656.0 1984.0 -224.0
v 2464.0 1888.0 -224.0
v 2464.0 1760.0 -224.0
v 2656.0 1760.0 -224.0
v 2656.0 1888.0 -224.0
v 2656.0 1920.0 -224.0
v 2464.0 1664.0 -224.0
v 2464.0 1536.0 -224.0
v 2656.0 1536.0 -224.0
v 2656.0 1664.0 -224.0
v 2464.0 1440.0 -224.0
v 2464.0 1312.0 -224.0
v 2656.0 1312.0 -224.0
v 2656.0 1440.0 -224.0
v 2397.091 1408.0 64.0
v 2391.2727 1440.0 64.0
v 2391.2727 1440.0 -160.0
v 2391.2727 1440.0 -192.0
v 2426.182 1248.0 -192.0
v 2356.3638 1632.0 64.0
v 2350.5454 1664.0 64.0
v 2350.5454 1664.0 -160.0
v 2350.5454 1664.0 -192.0
v 2385.4546 1472.0 -192.0
v 2315.6365 1856.0 64.0
v 2309.818 1888.0 64.0
v 2309.818 1888.0 -160.0
v 2309.818 1888.0 -192.0
v 2336.0 1744.0 -192.0
v 2304.0 1920.0 64.0
v 2304.0 1920.0 32.0
v 2304.0 1920.0 -160.0
v 2528.0 1920.0 64.0
v 2752.0 1920.0 64.0
v 2816.0 1920.0 64.0
v 2944.0 1920.0 64.0
v 2944.0 1920.0 -160.0
v 2944.0 1920.0 32.0
v 2816.0 1920.0 -160.0
v 2816.0 1920.0 -192.0
v 2880.0 1920.0 -224.0
v 2944.0 1920.0 -224.0
v 2944.0 1920.0 -192.0
v 3168.0 1920.0 32.0
v 3168.0 1920.0 -192.0
v 3104.0 1920.0 -224.0
v 3168.0 1920.0 -224.0
v 2816.0 1984.0 -192.0
v 2816.0 2144.0 -192.0
v 2816.0 2208.0 -192.0
v 2816.0 2368.0 -192.0
v 2816.0 2432.0 -192.0
v 2784.0 2432.0 -192.0
v 2784.0 2208.0 -192.0
v 2784.0 1984.0 -192.0
v 2784.0 1920.0 -192.0
v 2336.0 2240.0 -192.0
v 2336.0 2432.0 -192.0
v 2560.0 2432.0 -192.0
v 2560.0 2208.0 -192.0
v 2336.0 2208.0 -192.0
v 2560.0 1984.0 -192.0
v 2336.0 1984.0 -192.0
v 2336.0 2016.0 -192.0
v 2560.0 1920.0 -192.0
v 2336.0 1920.0 -192.0
v 2344.7273 1696.0 -192.0
v 2560.0 1696.0 -192.0
v 2560.0 1472.0 -192.0
v 2560.0 1248.0 -192.0
v 2784.0 1744.0 -192.0
v 2775.2727 1696.0 -192.0
v 2769.4546 1664.0 -192.0
v 2734.5454 1472.0 -192.0
v 2728.7273 1440.0 -192.0
v 2693.818 1248.0 -192.0
v 2810.182 1888.0 -192.0
v 2539.6365 1856.0 64.0
v 2528.0 1856.0 64.0
v 2539.6365 1632.0 64.0
v 2539.6365 1408.0 64.0
v 2763.6365 1632.0 64.0
v 2763.6365 1856.0 64.0
v 2752.0 1856.0 64.0
v 2722.9092 1408.0 64.0
v 2728.7275 1440.0 64.0
v 2769.4546 1664.0 64.0
v 2804.3635 1856.0 64.0
v 2728.7273 1440.0 -160.0
v 2769.4546 1664.0 -160.0
v 2810.182 1888.0 64.0
v 2810.182 1888.0 -160.0
v 2624.0 2272.0 -512.0
v 2496.0 2272.0 -512.0
v 2464.0 2272.0 -512.0
v 2464.0 2272.0 -544.0
v 2496.0 2272.0 -544.0
v 2624.0 2272.0 -544.0
v 2656.0 2272.0 -544.0
v 2656.0 2272.0 -512.0
v 2656.0 2144.0 -544.0
v 2656.0 2048.0 -544.0
v 2656.0 1920.0 -544.0
v 2656.0 1920.0 -512.0
v 2656.0 2048.0 -512.0
v 2656.0 2144.0 -512.0
v 2656.0 1440.0 -448.0
v 2656.0 1376.0 -512.0
v 2656.0 1440.0 -512.0
v 2656.0 1664.0 -448.0
v 2656.0 1600.0 -512.0
v 2656.0 1664.0 -512.0
v 2656.0 1888.0 -448.0
v 2656.0 1824.0 -512.0
v 2656.0 1888.0 -512.0
v 2656.0 1920.0 -448.0
v 2880.0 1920.0 -448.0
v 2656.0 1920.0 -672.0
v 2880.0 1920.0 -672.0
v 3104.0 1920.0 -448.0
v 3104.0 1920.0 -672.0
v 2496.0 2240.0 -544.0
v 2624.0 2240.0 -544.0
v 2624.0 2016.0 -544.0
v 2624.0 2048.0 -544.0
v 2496.0 2048.0 -544.0
v 2496.0 2016.0 -544.0
v 2496.0 1920.0 -544.0
v 2528.0 1920.0 -544.0
v 2624.0 1920.0 -544.0
v 2464.0 2144.0 -544.0
v 2464.0 2048.0 -544.0
v 2464.0 1920.0 -544.0
v 2464.0 1440.0 -448.0
v 2464.0 1440.0 -512.0
v 2464.0 1376.0 -512.0
v 2464.0 1664.0 -448.0
v 2464.0 1664.0 -512.0
v 2464.0 1600.0 -512.0
v 2464.0 1888.0 -448.0
v 2464.0 1888.0 -512.0
v 2464.0 1824.0 -512.0
v 2464.0 1920.0 -448.0
v 2464.0 1920.0 -512.0
v 2464.0 2144.0 -512.0
v 2464.0 2048.0 -512.0
v 2496.0 2240.0 -512.0
v 2496.0 2048.0 -512.0
v 2496.0 2016.0 -512.0
v 2496.0 1824.0 -512.0
v 2496.0 1792.0 -512.0
v 2496.0 1600.0 -512.0
v 2496.0 1568.0 -512.0
v 2496.0 1376.0 -512.0
v 2496.0 1344.0 -512.0
v 2624.0 2240.0 -512.0
v 2624.0 2048.0 -512.0
v 2624.0 1824.0 -512.0
v 2624.0 2016.0 -512.0
v 2624.0 1600.0 -512.0
v 2624.0 1792.0 -512.0
v 2624.0 1376.0 -512.0
v 2624.0 1568.0 -512.0
v 2624.0 1344.0 -512.0
v 2304.0 1920.0 -448.0
v 2304.0 1920.0 -544.0
v 2080.0 1920.0 32.0
v 2080.0 1920.0 -192.0
v 2080.0 1920.0 -416.0
v 2080.0 1920.0 -640.0
v 2176.0 1920.0 32.0
v 2176.0 1920.0 -192.0
v 2176.0 1920.0 -416.0
v 2176.0 1920.0 -224.0
v 2176.0 1920.0 -640.0
v 2176.0 1920.0 -544.0
v 2176.0 1920.0 -448.0
v 2080.0 1920.0 -768.0
v 2304.0 1920.0 -768.0
v 2528.0 1920.0 -768.0
v 2752.0 1920.0 -768.0
v 2976.0 1920.0 -768.0
v 3200.0 1920.0 -768.0
v 2080.0 2720.0 -768.0
v 2080.0 2496.0 -768.0
v 2080.0 2272.0 -768.0
v 2080.0 2048.0 -768.0
v 2304.0 2720.0 -768.0
v 2304.0 2496.0 -768.0
v 2304.0 2272.0 -768.0
v 2304.0 2048.0 -768.0
v 2528.0 2720.0 -768.0
v 2528.0 2496.0 -768.0
v 2528.0 2272.0 -768.0
v 2528.0 2048.0 -768.0
v 2752.0 2720.0 -768.0
v 2752.0 2496.0 -768.0
v 2752.0 2272.0 -768.0
v 2752.0 2048.0 -768.0
v 2976.0 2720.0 -768.0
v 2976.0 2496.0 -768.0
v 2976.0 2272.0 -768.0
v 2976.0 2048.0 -768.0
v 3200.0 2720.0 -768.0
v 3200.0 2496.0 -768.0
v 3200.0 2272.0 -768.0
v 3200.0 2048.0 -768.0
v 192.0 3616.0 416.0
v 192.0 3616.0 144.0
v 192.0 3392.0 144.0
v 192.0 3168.0 144.0
v 192.0 2944.0 144.0
v 192.0 2784.0 144.0
v 192.0 2784.0 416.0
v 448.0 3584.0 144.0
v 256.0 3584.0 144.0
v 224.0 3584.0 144.0
v 224.0 3616.0 144.0
v 448.0 3616.0 144.0
v 672.0 3584.0 144.0
v 480.0 3584.0 144.0
v 672.0 3616.0 144.0
v 896.0 3584.0 144.0
v 704.0 3584.0 144.0
v 896.0 3616.0 144.0
v 1056.0 3616.0 144.0
v 1056.0 3584.0 144.0
v 1024.0 3584.0 144.0
v 928.0 3584.0 144.0
v 1024.0 3360.0 144.0
v 1024.0 3488.0 144.0
v 1056.0 3392.0 144.0
v 1056.0 3360.0 144.0
v 1024.0 3136.0 144.0
v 1024.0 3264.0 144.0
v 1056.0 3168.0 144.0
v 1056.0 3136.0 144.0
v 1024.0 2912.0 144.0
v 1024.0 3040.0 144.0
v 1056.0 2944.0 144.0
v 1056.0 2912.0 144.0
v 1056.0 2784.0 144.0
v 1024.0 2784.0 144.0
v 1024.0 2816.0 144.0
v 224.0 3360.0 144.0
v 224.0 3392.0 144.0
v 256.0 3488.0 144.0
v 256.0 3360.0 144.0
v 224.0 3136.0 144.0
v 224.0 3168.0 144.0
v 256.0 3264.0 144.0
v 256.0 3136.0 144.0
v 224.0 2912.0 144.0
v 224.0 2944.0 144.0
v 256.0 3040.0 144.0
v 256.0 2912.0 144.0
v 256.0 2816.0 144.0
v 256.0 2784.0 144.0
v 224.0 2784.0 144.0
v 480.0 2784.0 144.0
v 448.0 2784.0 144.0
v 480.0 2816.0 144.0
v 704.0 2784.0 144.0
v 672.0 2784.0 144.0
v 704.0 2816.0 144.0
v 928.0 2784.0 144.0
v 896.0 2784.0 144.0
v 928.0 2816.0 144.0
v 448.0 2752.0 144.0
v 224.0 2752.0 144.0
v 672.0 2752.0 144.0
v 896.0 2752.0 144.0
v 1056.0 2752.0 144.0
v 224.0 3648.0 144.0
v 448.0 3648.0 144.0
v 672.0 3648.0 144.0
v 896.0 3648.0 144.0
v 1056.0 3648.0 144.0
v 224.0 2784.0 432.0
v 224.0 2784.0 416.0
v 1056.0 2784.0 416.0
v 1056.0 2784.0 432.0
v 224.0 3616.0 432.0
v 224.0 3616.0 416.0
v 224.0 3648.0 416.0
v 1056.0 3616.0 416.0
v 1056.0 3616.0 432.0
v 1056.0 3648.0 416.0
v 224.0 2752.0 416.0
v 1056.0 2752.0 416.0
v 704.0 3264.0 -256.0
v 704.0 3584.0 -256.0
v 576.0 3584.0 -256.0
v 576.0 3264.0 -256.0
v 704.0 3136.0 -256.0
v 928.0 3584.0 -256.0
v 1024.0 3584.0 -256.0
v 1024.0 3488.0 -256.0
v 1024.0 3264.0 -256.0
v 1024.0 3136.0 -256.0
v 480.0 3584.0 -256.0
v 256.0 3584.0 -256.0
v 256.0 3488.0 -256.0
v 256.0 3264.0 -256.0
v 256.0 3136.0 -256.0
v 576.0 3136.0 -256.0
v 1024.0 3040.0 -256.0
v 1024.0 2816.0 -256.0
v 928.0 2816.0 -256.0
v 704.0 2816.0 -256.0
v 480.0 2816.0 -256.0
v 256.0 2816.0 -256.0
v 256.0 3040.0 -256.0
v 256.0 2816.0 128.0
v 256.0 3040.0 128.0
v 256.0 3040.0 -96.0
v 256.0 2816.0 -96.0
v 256.0 3264.0 128.0
v 256.0 3264.0 -96.0
v 256.0 3488.0 128.0
v 256.0 3488.0 -96.0
v 256.0 3584.0 128.0
v 256.0 3584.0 -96.0
v 480.0 3584.0 128.0
v 480.0 3584.0 -96.0
v 704.0 3584.0 128.0
v 704.0 3584.0 -96.0
v 928.0 3584.0 128.0
v 928.0 3584.0 -96.0
v 1024.0 3584.0 128.0
v 1024.0 3584.0 -96.0
v 480.0 2816.0 128.0
v 480.0 2816.0 -96.0
v 704.0 2816.0 128.0
v 704.0 2816.0 -96.0
v 928.0 2816.0 128.0
v 928.0 2816.0 -96.0
v 1024.0 2816.0 128.0
v 1024.0 2816.0 -96.0
v 560.0 3280.0 -96.0
v 560.0 3264.0 -96.0
v 560.0 3120.0 -96.0
v 560.0 3120.0 -128.0
v 560.0 3136.0 -128.0
v 560.0 3280.0 -128.0
v 720.0 3120.0 -96.0
v 720.0 3136.0 -96.0
v 720.0 3280.0 -96.0
v 720.0 3280.0 -128.0
v 720.0 3136.0 -128.0
v 720.0 3120.0 -128.0
v 1024.0 3040.0 128.0
v 1024.0 3040.0 -96.0
v 1024.0 3264.0 128.0
v 1024.0 3264.0 -96.0
v 1024.0 3488.0 128.0
v 1024.0 3488.0 -96.0
v 576.0 3120.0 -96.0
v 704.0 3280.0 -96.0
v 576.0 3280.0 -128.0
v 704.0 3280.0 -128.0
v 704.0 3136.0 -128.0
v 576.0 3136.0 -128.0
v 576.0 3264.0 -128.0
v 704.0 3264.0 -128.0
v 704.0 3264.0 -112.0
v 576.0 3264.0 -112.0
v 576.0 3136.0 -112.0
v 704.0 3136.0 -112.0
v 704.0 3264.0 -96.0
v 576.0 3264.0 -96.0
v 576.0 3136.0 -96.0
v 704.0 3136.0 -96.0
v 256.0 2816.0 -480.0
v 256.0 3040.0 -480.0
v 256.0 3040.0 -512.0
v 256.0 2912.0 -512.0
v 256.0 2816.0 -512.0
v 256.0 3264.0 -480.0
v 256.0 3264.0 -512.0
v 256.0 3136.0 -512.0
v 256.0 3488.0 -480.0
v 256.0 3488.0 -512.0
v 256.0 3360.0 -512.0
v 256.0 3584.0 -480.0
v 256.0 3584.0 -512.0
v 480.0 3584.0 -480.0
v 480.0 3584.0 -512.0
v 704.0 3584.0 -480.0
v 704.0 3584.0 -512.0
v 576.0 3584.0 -512.0
v 928.0 3584.0 -480.0
v 928.0 3584.0 -512.0
v 1024.0 3584.0 -480.0
v 1024.0 3584.0 -512.0
v 480.0 2816.0 -480.0
v 480.0 2816.0 -512.0
v 704.0 2816.0 -480.0
v 704.0 2816.0 -512.0
v 928.0 2816.0 -480.0
v 928.0 2816.0 -512.0
v 1024.0 2816.0 -480.0
v 1024.0 2816.0 -512.0
v 1024.0 3040.0 -480.0
v 1024.0 2912.0 -512.0
v 1024.0 3040.0 -512.0
v 1024.0 3264.0 -480.0
v 1024.0 3136.0 -512.0
v 1024.0 3264.0 -512.0
v 1024.0 3488.0 -480.0
v 1024.0 3360.0 -512.0
v 1024.0 3488.0 -512.0
v 576.0 3136.0 -480.0
v 704.0 3136.0 -480.0
v 704.0 3136.0 -512.0
v 576.0 3136.0 -512.0
v 704.0 3264.0 -480.0
v 704.0 3264.0 -512.0
v 704.0 3360.0 -512.0
v 928.0 3360.0 -512.0
v 928.0 3136.0 -512.0
v 576.0 3264.0 -480.0
v 576.0 3264.0 -512.0
v 576.0 3360.0 -512.0
v 480.0 3360.0 -512.0
v 480.0 3136.0 -512.0
v 480.0 2912.0 -512.0
v 704.0 2912.0 -512.0
v 928.0 2912.0 -512.0
v -416.0 3648.0 -512.0
v -640.0 3648.0 -512.0
v -640.0 3648.0 -384.0
v -416.0 3648.0 -384.0
v -256.0 3648.0 -384.0
v -256.0 3648.0 -512.0
v -640.0 3648.0 -224.0
v -448.0 3648.0 -224.0
v -432.0 3648.0 -224.0
v -416.0 3648.0 -224.0
v -256.0 3648.0 -224.0
v -448.0 3648.0 -192.0
v -640.0 3648.0 -160.0
v -640.0 3648.0 -16.0
v -448.0 3648.0 -16.0
v -416.0 3648.0 -16.0
v -256.0 3648.0 -16.0
v -256.0 3648.0 -192.0
v -432.0 3648.0 -192.0
v -640.0 3648.0 64.0
v -416.0 3648.0 64.0
v -256.0 3648.0 64.0
v -256.0 3648.0 192.0
v -256.0 3648.0 128.0
v -640.0 3648.0 128.0
v -640.0 3648.0 192.0
v -704.0 3648.0 64.0
v -704.0 3648.0 128.0
v -160.0 3648.0 128.0
v -160.0 3648.0 64.0
v -192.0 3648.0 64.0
v -640.0 3712.0 64.0
v -416.0 3712.0 64.0
v -256.0 3712.0 64.0
v -256.0 3712.0 128.0
v -640.0 3712.0 128.0
v -416.0 2752.0 -384.0
v -448.0 2752.0 -384.0
v -640.0 2752.0 -384.0
v -640.0 2752.0 -512.0
v -416.0 2752.0 -512.0
v -256.0 2752.0 -512.0
v -256.0 2752.0 -384.0
v -448.0 2752.0 -256.0
v -448.0 2752.0 -224.0
v -448.0 2752.0 -192.0
v -448.0 2752.0 -32.0
v -640.0 2752.0 -32.0
v -640.0 2752.0 -160.0
v -640.0 2752.0 -256.0
v -256.0 2752.0 -224.0
v -256.0 2752.0 -192.0
v -256.0 2752.0 -32.0
v -416.0 2752.0 -32.0
v -416.0 2752.0 64.0
v -640.0 2752.0 64.0
v -256.0 2752.0 -16.0
v -256.0 2752.0 64.0
v -256.0 2752.0 128.0
v -640.0 2752.0 128.0
v -704.0 2752.0 128.0
v -704.0 2752.0 64.0
v -192.0 2752.0 64.0
v -160.0 2752.0 64.0
v -160.0 2752.0 128.0
v -640.0 2752.0 192.0
v -256.0 2752.0 192.0
v -640.0 2976.0 -384.0
v -640.0 3200.0 -384.0
v -640.0 3424.0 -384.0
v -256.0 3424.0 -384.0
v -256.0 3200.0 -384.0
v -256.0 2976.0 -384.0
v -192.0 3424.0 64.0
v -256.0 3424.0 64.0
v -192.0 3200.0 64.0
v -256.0 3200.0 64.0
v -192.0 2976.0 64.0
v -256.0 2976.0 64.0
v -640.0 3424.0 64.0
v -704.0 3424.0 64.0
v -640.0 3200.0 64.0
v -704.0 3200.0 64.0
v -640.0 2976.0 64.0
v -704.0 2976.0 64.0
v -448.0 2976.0 -192.0
v -448.0 2768.0 -192.0
v -448.0 2768.0 -224.0
v -448.0 2976.0 -224.0
v -448.0 3200.0 -192.0
v -448.0 3200.0 -224.0
v -448.0 3424.0 -192.0
v -448.0 3424.0 -224.0
v -432.0 2896.0 -192.0
v -432.0 2976.0 -192.0
v -432.0 3120.0 -192.0
v -272.0 3120.0 -192.0
v -256.0 3120.0 -192.0
v -256.0 2976.0 -192.0
v -256.0 2896.0 -192.0
v -432.0 2768.0 -192.0
v -256.0 2768.0 -192.0
v -272.0 3136.0 -192.0
v -272.0 3264.0 -192.0
v -264.0 3264.0 -192.0
v -264.0 3136.0 -192.0
v -256.0 3264.0 -192.0
v -256.0 3136.0 -192.0
v -432.0 3200.0 -192.0
v -432.0 3280.0 -192.0
v -272.0 3280.0 -192.0
v -256.0 3632.0 -192.0
v -432.0 3632.0 -192.0
v -432.0 3424.0 -192.0
v -432.0 3408.0 -192.0
v -256.0 3504.0 -192.0
v -256.0 3408.0 -192.0
v -256.0 3280.0 -192.0
v -272.0 3264.0 -16.0
v -272.0 3280.0 -16.0
v -256.0 3280.0 -16.0
v -256.0 3200.0 -16.0
v -256.0 3120.0 -16.0
v -272.0 3120.0 -16.0
v -256.0 2976.0 -16.0
v -256.0 3424.0 -16.0
v -256.0 3504.0 -16.0
v -272.0 3264.0 -32.0
v -264.0 3264.0 -32.0
v -256.0 3264.0 -32.0
v -272.0 3120.0 -32.0
v -272.0 3136.0 -32.0
v -264.0 3136.0 -32.0
v -256.0 3136.0 -32.0
v -256.0 2976.0 -224.0
v -256.0 2960.0 -224.0
v -256.0 2768.0 -224.0
v -256.0 3200.0 -224.0
v -256.0 3184.0 -224.0
v -256.0 3424.0 -224.0
v -256.0 3408.0 -224.0
v -256.0 3632.0 -224.0
v -432.0 3632.0 -224.0
v -432.0 3424.0 -224.0
v -432.0 3408.0 -224.0
v -432.0 3200.0 -224.0
v -432.0 3184.0 -224.0
v -432.0 2976.0 -224.0
v -432.0 2960.0 -224.0
v -432.0 2768.0 -224.0
v -640.0 2976.0 -160.0
v -640.0 3200.0 -160.0
v -640.0 3424.0 -160.0
v -256.0 2976.0 -512.0
v -256.0 3200.0 -512.0
v -256.0 3424.0 -512.0
v -640.0 2976.0 -512.0
v -640.0 3200.0 -512.0
v -640.0 3424.0 -512.0
v -416.0 3424.0 -512.0
v -416.0 3200.0 -512.0
v -416.0 2976.0 -512.0
v -416.0 2688.0 64.0
v -640.0 2688.0 64.0
v -256.0 2688.0 64.0
v -640.0 2688.0 128.0
v -256.0 2688.0 128.0
v 512.0 -2928.0 128.0
v 512.0 -3072.0 128.0
v 512.0 -3152.0 128.0
v 512.0 -3152.0 -96.0
v 512.0 -2928.0 -96.0
v 512.0 -3152.0 -224.0
v 512.0 -2928.0 -224.0
v 512.0 -2704.0 128.0
v 512.0 -2848.0 128.0
v 512.0 -2704.0 -96.0
v 512.0 -2704.0 -224.0
v 512.0 -2480.0 128.0
v 512.0 -2624.0 128.0
v 512.0 -2480.0 -96.0
v 512.0 -2480.0 -224.0
v 512.0 -2256.0 128.0
v 512.0 -2400.0 128.0
v 512.0 -2256.0 -96.0
v 512.0 -2256.0 -224.0
v 512.0 -2032.0 128.0
v 512.0 -2176.0 128.0
v 512.0 -2032.0 -96.0
v 512.0 -2032.0 -224.0
v 512.0 -1808.0 128.0
v 512.0 -1952.0 128.0
v 512.0 -1808.0 -96.0
v 512.0 -1808.0 -224.0
v 512.0 -1584.0 128.0
v 512.0 -1728.0 128.0
v 512.0 -1584.0 -96.0
v 512.0 -1584.0 -224.0
v 512.0 -1360.0 128.0
v 512.0 -1504.0 128.0
v 512.0 -1360.0 -96.0
v 512.0 -1360.0 -224.0
v 512.0 -1136.0 128.0
v 512.0 -1280.0 128.0
v 512.0 -1136.0 -96.0
v 512.0 -1136.0 -224.0
v 512.0 -912.0 128.0
v 512.0 -1056.0 128.0
v 512.0 -912.0 -96.0
v 512.0 -912.0 -224.0
v 512.0 -688.0 128.0
v 512.0 -832.0 128.0
v 512.0 -688.0 -96.0
v 512.0 -688.0 -224.0
v 512.0 -464.0 128.0
v 512.0 -608.0 128.0
v 512.0 -464.0 -96.0
v 512.0 -464.0 -224.0
v 512.0 -240.0 128.0
v 512.0 -384.0 128.0
v 512.0 -240.0 -96.0
v 512.0 -240.0 -224.0
v 512.0 -16.0 128.0
v 512.0 -160.0 128.0
v 512.0 -16.0 -96.0
v 512.0 -16.0 -224.0
v 512.0 208.0 128.0
v 512.0 64.0 128.0
v 512.0 208.0 -96.0
v 512.0 208.0 -224.0
v 512.0 288.0 -96.0
v 512.0 288.0 128.0
v 512.0 288.0 -224.0
v 512.0 -2928.0 -240.0
v 512.0 -3152.0 -240.0
v 512.0 -3152.0 -464.0
v 512.0 -2960.0 -464.0
v 512.0 -2928.0 -464.0
v 512.0 -2704.0 -240.0
v 512.0 -2736.0 -464.0
v 512.0 -2704.0 -464.0
v 512.0 -2480.0 -240.0
v 512.0 -2512.0 -464.0
v 512.0 -2480.0 -464.0
v 512.0 -2256.0 -240.0
v 512.0 -2288.0 -464.0
v 512.0 -2256.0 -464.0
v 512.0 -2032.0 -240.0
v 512.0 -2064.0 -464.0
v 512.0 -2032.0 -464.0
v 512.0 -1808.0 -240.0
v 512.0 -1840.0 -464.0
v 512.0 -1808.0 -464.0
v 512.0 -1584.0 -240.0
v 512.0 -1616.0 -464.0
v 512.0 -1584.0 -464.0
v 512.0 -1360.0 -240.0
v 512.0 -1392.0 -464.0
v 512.0 -1360.0 -464.0
v 512.0 -1136.0 -240.0
v 512.0 -1168.0 -464.0
v 512.0 -1136.0 -464.0
v 512.0 -912.0 -240.0
v 512.0 -944.0 -464.0
v 512.0 -912.0 -464.0
v 512.0 -688.0 -240.0
v 512.0 -720.0 -464.0
v 512.0 -688.0 -464.0
v 512.0 -464.0 -240.0
v 512.0 -496.0 -464.0
v 512.0 -464.0 -464.0
v 512.0 -240.0 -240.0
v 512.0 -272.0 -464.0
v 512.0 -240.0 -464.0
v 512.0 -16.0 -240.0
v 512.0 -128.0 -464.0
v 512.0 -16.0 -464.0
v 512.0 208.0 -240.0
v 512.0 64.0 -464.0
v 512.0 80.0 -464.0
v 512.0 208.0 -464.0
v 512.0 288.0 -464.0
v 512.0 288.0 -240.0
v 512.0 -2288.0 -480.0
v 512.0 -2512.0 -480.0
v 512.0 -2512.0 -496.0
v 512.0 -2368.0 -496.0
v 512.0 -2288.0 -496.0
v 512.0 -2064.0 -480.0
v 512.0 -2144.0 -496.0
v 512.0 -2064.0 -496.0
v 512.0 -1840.0 -480.0
v 512.0 -1920.0 -496.0
v 512.0 -1840.0 -496.0
v 512.0 -1616.0 -480.0
v 512.0 -1696.0 -496.0
v 512.0 -1616.0 -496.0
v 512.0 -1392.0 -480.0
v 512.0 -1472.0 -496.0
v 512.0 -1392.0 -496.0
v 512.0 -1168.0 -480.0
v 512.0 -1248.0 -496.0
v 512.0 -1168.0 -496.0
v 512.0 -944.0 -480.0
v 512.0 -1024.0 -496.0
v 512.0 -944.0 -496.0
v 512.0 -720.0 -480.0
v 512.0 -800.0 -496.0
v 512.0 -720.0 -496.0
v 512.0 -496.0 -480.0
v 512.0 -576.0 -496.0
v 512.0 -496.0 -496.0
v 512.0 -272.0 -480.0
v 512.0 -352.0 -496.0
v 512.0 -272.0 -496.0
v 512.0 -128.0 -496.0
v 512.0 -128.0 -480.0
v 3712.0 -1472.0 64.0
v 3712.0 -1472.0 -240.0
v 3648.0 -1472.0 -240.0
v 3648.0 -1472.0 64.0
v 3648.0 -1472.0 128.0
v 1472.0 -1472.0 64.0
v 1472.0 -1472.0 128.0
v 1696.0 -1472.0 -240.0
v 1920.0 -1472.0 -240.0
v 2144.0 -1472.0 -240.0
v 2368.0 -1472.0 -240.0
v 2592.0 -1472.0 -240.0
v 2816.0 -1472.0 -240.0
v 3040.0 -1472.0 -240.0
v 3264.0 -1472.0 -240.0
v 3488.0 -1472.0 -240.0
v 1472.0 -1472.0 -240.0
v 1408.0 -1472.0 -240.0
v 1408.0 -1472.0 64.0
v 2656.0 -960.0 64.0
v 2528.0 -960.0 64.0
v 2432.0 -960.0 64.0
v 2432.0 -960.0 -160.0
v 2656.0 -960.0 -160.0
v 2432.0 -960.0 -192.0
v 2560.0 -960.0 -192.0
v 2656.0 -960.0 -192.0
v 2688.0 -960.0 -160.0
v 2688.0 -960.0 64.0
v 2688.0 -960.0 -192.0
v 2656.0 -960.0 -224.0
v 2464.0 -960.0 -224.0
v 2464.0 -960.0 -448.0
v 2656.0 -960.0 -448.0
v 2464.0 -960.0 -528.0
v 2656.0 -960.0 -528.0
v 2464.0 -960.0 -544.0
v 2656.0 -960.0 -544.0
v 3264.0 -32.0 256.0
v 3264.0 -256.0 256.0
v 3264.0 -256.0 64.0
v 3264.0 -256.0 32.0
v 3264.0 -32.0 32.0
v 3264.0 -256.0 -160.0
v 3264.0 -256.0 -192.0
v 3264.0 -32.0 -192.0
v 3264.0 -256.0 -224.0
v 3264.0 -256.0 -416.0
v 3264.0 -32.0 -416.0
v 3264.0 -256.0 -448.0
v 3264.0 -256.0 -544.0
v 3264.0 -256.0 -640.0
v 3264.0 -32.0 -640.0
v 3264.0 -256.0 -704.0
v 3264.0 -32.0 -704.0
v 3264.0 192.0 256.0
v 3264.0 192.0 32.0
v 3264.0 192.0 -192.0
v 3264.0 192.0 -416.0
v 3264.0 192.0 -640.0
v 3264.0 192.0 -704.0
v 3264.0 416.0 256.0
v 3264.0 416.0 32.0
v 3264.0 416.0 -192.0
v 3264.0 416.0 -416.0
v 3264.0 416.0 -640.0
v 3264.0 416.0 -704.0
v 3264.0 640.0 256.0
v 3264.0 640.0 32.0
v 3264.0 640.0 -192.0
v 3264.0 640.0 -416.0
v 3264.0 640.0 -640.0
v 3264.0 640.0 -704.0
v 3264.0 -256.0 288.0
v 3264.0 -256.0 -768.0
v 3264.0 -128.0 -768.0
v 3264.0 -32.0 -768.0
v 3264.0 96.0 -768.0
v 3264.0 192.0 -768.0
v 3264.0 320.0 -768.0
v 3264.0 416.0 -768.0
v 3264.0 544.0 -768.0
v 3264.0 640.0 -768.0
v 1856.0 -256.0 32.0
v 1856.0 -256.0 256.0
v 1856.0 -32.0 256.0
v 1856.0 -32.0 32.0
v 1856.0 -256.0 -192.0
v 1856.0 -32.0 -192.0
v 1856.0 -256.0 -416.0
v 1856.0 -32.0 -416.0
v 1856.0 -256.0 -640.0
v 1856.0 -32.0 -640.0
v 1856.0 -32.0 -704.0
v 1856.0 -256.0 -704.0
v 1856.0 192.0 256.0
v 1856.0 192.0 32.0
v 1856.0 192.0 -192.0
v 1856.0 192.0 -416.0
v 1856.0 192.0 -640.0
v 1856.0 192.0 -704.0
v 1856.0 416.0 256.0
v 1856.0 416.0 32.0
v 1856.0 416.0 -192.0
v 1856.0 416.0 -416.0
v 1856.0 416.0 -640.0
v 1856.0 416.0 -704.0
v 1856.0 640.0 256.0
v 1856.0 640.0 32.0
v 1856.0 640.0 -192.0
v 1856.0 640.0 -416.0
v 1856.0 640.0 -640.0
v 1856.0 640.0 -704.0
v 1856.0 -256.0 288.0
v 1856.0 -32.0 -768.0
v 1856.0 -128.0 -768.0
v 1856.0 -256.0 -768.0
v 1856.0 192.0 -768.0
v 1856.0 96.0 -768.0
v 1856.0 416.0 -768.0
v 1856.0 320.0 -768.0
v 1856.0 640.0 -768.0
v 1856.0 544.0 -768.0
v 2080.0 -256.0 -704.0
v 2176.0 -256.0 -704.0
v 2304.0 -256.0 -704.0
v 2528.0 -256.0 -704.0
v 2752.0 -256.0 -704.0
v 2976.0 -256.0 -704.0
v 3200.0 -256.0 -704.0
v 2080.0 -256.0 256.0
v 2176.0 -256.0 256.0
v 2304.0 -256.0 256.0
v 2528.0 -256.0 256.0
v 2752.0 -256.0 256.0
v 2976.0 -256.0 256.0
v 3200.0 -256.0 256.0
v 2528.0 288.0 -192.0
v 2336.0 288.0 -192.0
v 2304.0 288.0 -192.0
v 2304.0 288.0 -224.0
v 2336.0 288.0 -224.0
v 2528.0 288.0 -224.0
v 2752.0 288.0 -192.0
v 2560.0 288.0 -192.0
v 2560.0 288.0 -224.0
v 2752.0 288.0 -224.0
v 2784.0 288.0 -224.0
v 2816.0 288.0 -224.0
v 2816.0 288.0 -192.0
v 2784.0 288.0 -192.0
v 2304.0 -32.0 -192.0
v 2304.0 -160.0 -192.0
v 2304.0 -256.0 -192.0
v 2304.0 -256.0 -224.0
v 2304.0 -160.0 -224.0
v 2304.0 -32.0 -224.0
v 2304.0 192.0 -192.0
v 2304.0 64.0 -192.0
v 2304.0 64.0 -224.0
v 2304.0 192.0 -224.0
v 2464.0 256.0 -224.0
v 2336.0 256.0 -224.0
v 2336.0 64.0 -224.0
v 2336.0 32.0 -224.0
v 2464.0 32.0 -224.0
v 2336.0 -160.0 -224.0
v 2336.0 -192.0 -224.0
v 2464.0 -192.0 -224.0
v 2336.0 -256.0 -224.0
v 2464.0 -256.0 -224.0
v 2816.0 192.0 -224.0
v 2816.0 256.0 -224.0
v 2784.0 256.0 -224.0
v 2784.0 32.0 -224.0
v 2816.0 32.0 -224.0
v 2784.0 -192.0 -224.0
v 2816.0 -192.0 -224.0
v 2816.0 -32.0 -224.0
v 2784.0 -256.0 -224.0
v 2816.0 -256.0 -224.0
v 2656.0 256.0 -224.0
v 2560.0 256.0 -224.0
v 2656.0 32.0 -224.0
v 2656.0 -192.0 -224.0
v 2464.0 -320.0 -224.0
v 2464.0 -416.0 -224.0
v 2656.0 -416.0 -224.0
v 2656.0 -320.0 -224.0
v 2656.0 -256.0 -224.0
v 2464.0 -544.0 -224.0
v 2464.0 -640.0 -224.0
v 2656.0 -640.0 -224.0
v 2656.0 -544.0 -224.0
v 2464.0 -768.0 -224.0
v 2464.0 -864.0 -224.0
v 2656.0 -864.0 -224.0
v 2656.0 -768.0 -224.0
v 2528.0 -256.0 64.0
v 2304.0 -256.0 64.0
v 2309.818 -288.0 64.0
v 2344.7273 -480.0 64.0
v 2528.0 -480.0 64.0
v 2350.5454 -512.0 64.0
v 2385.4546 -704.0 64.0
v 2528.0 -704.0 64.0
v 2391.2727 -736.0 64.0
v 2426.182 -928.0 64.0
v 2528.0 -928.0 64.0
v 2752.0 -256.0 64.0
v 2752.0 -480.0 64.0
v 2734.5454 -704.0 64.0
v 2752.0 -608.0 64.0
v 2693.818 -928.0 64.0
v 2728.727 -736.0 64.0
v 2810.182 -288.0 64.0
v 2816.0 -256.0 64.0
v 2775.2727 -480.0 64.0
v 2976.0 -256.0 64.0
v 3040.0 -256.0 64.0
v 3200.0 -256.0 64.0
v 2816.0 -256.0 -192.0
v 2816.0 -192.0 -192.0
v 2816.0 -32.0 -192.0
v 2816.0 32.0 -192.0
v 2816.0 192.0 -192.0
v 2816.0 256.0 -192.0
v 2816.0 -256.0 -160.0
v 3040.0 -256.0 -160.0
v 2880.0 -256.0 -224.0
v 3040.0 -256.0 -224.0
v 3104.0 -256.0 -224.0
v 2784.0 256.0 -192.0
v 2784.0 32.0 -192.0
v 2784.0 -192.0 -192.0
v 2810.1816 -288.0 -192.0
v 2784.0 -432.0 -192.0
v 2784.0 -416.0 -192.0
v 2336.0 64.0 -192.0
v 2336.0 256.0 -192.0
v 2560.0 256.0 -192.0
v 2560.0 32.0 -192.0
v 2336.0 32.0 -192.0
v 2560.0 -192.0 -192.0
v 2336.0 -192.0 -192.0
v 2336.0 -160.0 -192.0
v 2560.0 -416.0 -192.0
v 2336.0 -416.0 -192.0
v 2336.0 -384.0 -192.0
v 2560.0 -640.0 -192.0
v 2373.818 -640.0 -192.0
v 2350.5454 -512.0 -192.0
v 2336.0 -432.0 -192.0
v 2560.0 -864.0 -192.0
v 2414.5454 -864.0 -192.0
v 2391.2727 -735.99896 -192.0
v 2746.182 -640.0 -192.0
v 2728.727 -736.0 -192.0
v 2705.4546 -864.0 -192.0
v 2327.2727 -384.0 -192.0
v 2309.8179 -288.0 -192.0
v 2391.2727 -736.0 -160.0
v 2350.5454 -512.0 -160.0
v 2309.818 -288.0 -160.0
v 2304.0 -256.0 -160.0
v 2728.7273 -736.0 -160.0
v 2769.4546 -512.0 64.0
v 2769.4546 -512.0 -160.0
v 2769.4546 -512.0 -192.0
v 2810.182 -288.0 -160.0
v 2496.0 96.0 -544.0
v 2624.0 96.0 -544.0
v 2656.0 96.0 -544.0
v 2656.0 96.0 -512.0
v 2464.0 96.0 -512.0
v 2464.0 96.0 -544.0
v 2496.0 -768.0 -528.0
v 2496.0 -768.0 -544.0
v 2464.0 -768.0 -544.0
v 2464.0 -768.0 -528.0
v 2656.0 -768.0 -512.0
v 2656.0 -768.0 -528.0
v 2624.0 -768.0 -528.0
v 2624.0 -768.0 -512.0
v 2496.0 -768.0 -512.0
v 2624.0 -768.0 -544.0
v 2656.0 -768.0 -544.0
v 2464.0 -768.0 -512.0
v 2624.0 -160.0 -544.0
v 2624.0 -128.0 -544.0
v 2624.0 64.0 -544.0
v 2496.0 64.0 -544.0
v 2496.0 -128.0 -544.0
v 2496.0 -160.0 -544.0
v 2496.0 -256.0 -544.0
v 2528.0 -256.0 -544.0
v 2624.0 -256.0 -544.0
v 2464.0 -32.0 -544.0
v 2464.0 -128.0 -544.0
v 2464.0 -256.0 -544.0
v 2656.0 -32.0 -544.0
v 2656.0 -128.0 -544.0
v 2656.0 -256.0 -544.0
v 2656.0 -768.0 -448.0
v 2656.0 -544.0 -448.0
v 2656.0 -608.0 -512.0
v 2656.0 -544.0 -512.0
v 2656.0 -320.0 -448.0
v 2656.0 -384.0 -512.0
v 2656.0 -320.0 -512.0
v 2656.0 -256.0 -448.0
v 2656.0 -256.0 -512.0
v 2656.0 -160.0 -512.0
v 2656.0 -32.0 -512.0
v 2656.0 64.0 -512.0
v 2880.0 -256.0 -448.0
v 2752.0 -256.0 -544.0
v 2880.0 -256.0 -544.0
v 3104.0 -256.0 -448.0
v 2976.0 -256.0 -544.0
v 3104.0 -256.0 -544.0
v 3200.0 -256.0 -544.0
v 2464.0 -768.0 -448.0
v 2464.0 -544.0 -448.0
v 2464.0 -544.0 -512.0
v 2464.0 -608.0 -512.0
v 2464.0 -320.0 -448.0
v 2464.0 -320.0 -512.0
v 2464.0 -384.0 -512.0
v 2464.0 -256.0 -448.0
v 2464.0 -256.0 -512.0
v 2464.0 -32.0 -512.0
v 2464.0 -160.0 -512.0
v 2464.0 64.0 -512.0
v 2624.0 64.0 -512.0
v 2624.0 -160.0 -512.0
v 2624.0 -384.0 -512.0
v 2624.0 -608.0 -512.0
v 2496.0 64.0 -512.0
v 2496.0 -160.0 -512.0
v 2496.0 -384.0 -512.0
v 2496.0 -608.0 -512.0
v 2304.0 -256.0 -448.0
v 2304.0 -256.0 -544.0
v 2080.0 -256.0 32.0
v 2080.0 -256.0 -192.0
v 2080.0 -256.0 -416.0
v 2080.0 -256.0 -640.0
v 2176.0 -256.0 32.0
v 2176.0 -256.0 64.0
v 2176.0 -256.0 -192.0
v 2176.0 -256.0 -160.0
v 2176.0 -256.0 -416.0
v 2176.0 -256.0 -224.0
v 2176.0 -256.0 -640.0
v 2176.0 -256.0 -544.0
v 2176.0 -256.0 -448.0
v 2080.0 -256.0 -768.0
v 2304.0 -256.0 -768.0
v 2528.0 -256.0 -768.0
v 2752.0 -256.0 -768.0
v 2976.0 -256.0 -768.0
v 3200.0 -256.0 -768.0
v 2080.0 544.0 -768.0
v 2080.0 320.0 -768.0
v 2080.0 96.0 -768.0
v 2080.0 -128.0 -768.0
v 2304.0 544.0 -768.0
v 2304.0 320.0 -768.0
v 2304.0 96.0 -768.0
v 2304.0 -128.0 -768.0
v 2528.0 544.0 -768.0
v 2528.0 320.0 -768.0
v 2528.0 96.0 -768.0
v 2528.0 -128.0 -768.0
v 2752.0 544.0 -768.0
v 2752.0 320.0 -768.0
v 2752.0 96.0 -768.0
v 2752.0 -128.0 -768.0
v 2976.0 544.0 -768.0
v 2976.0 320.0 -768.0
v 2976.0 96.0 -768.0
v 2976.0 -128.0 -768.0
v 3200.0 544.0 -768.0
v 3200.0 320.0 -768.0
v 3200.0 96.0 -768.0
v 3200.0 -128.0 -768.0
v 3648.0 -1408.0 -240.0
v 3648.0 -1408.0 64.0
v 1472.0 -1408.0 64.0
v 1472.0 -1408.0 -240.0
v 1696.0 -1408.0 -240.0
v 1920.0 -1408.0 -240.0
v 2144.0 -1408.0 -240.0
v 2368.0 -1408.0 -240.0
v 2592.0 -1408.0 -240.0
v 2816.0 -1408.0 -240.0
v 3040.0 -1408.0 -240.0
v 3264.0 -1408.0 -240.0
v 3488.0 -1408.0 -240.0
v 1408.0 -1696.0 -240.0
v 1408.0 -1920.0 -240.0
v 1408.0 -2144.0 -240.0
v 1408.0 -2368.0 -240.0
v 1408.0 -2592.0 -240.0
v 1408.0 -2816.0 -240.0
v 1408.0 -3040.0 -240.0
v 1408.0 -3264.0 -240.0
v 1408.0 -3488.0 -240.0
v 1408.0 -3712.0 -240.0
v 1408.0 -3712.0 64.0
v 3712.0 -3648.0 -240.0
v 3712.0 -3488.0 -240.0
v 3712.0 -3264.0 -240.0
v 3712.0 -3040.0 -240.0
v 3712.0 -2816.0 -240.0
v 3712.0 -2592.0 -240.0
v 3712.0 -2368.0 -240.0
v 3712.0 -2144.0 -240.0
v 3712.0 -1920.0 -240.0
v 3712.0 -1696.0 -240.0
v 3712.0 -3712.0 64.0
v 3712.0 -3712.0 -240.0
v 1472.0 -3712.0 -240.0
v 1696.0 -3712.0 -240.0
v 1920.0 -3712.0 -240.0
v 2144.0 -3712.0 -240.0
v 2368.0 -3712.0 -240.0
v 2592.0 -3712.0 -240.0
v 2816.0 -3712.0 -240.0
v 3040.0 -3712.0 -240.0
v 3264.0 -3712.0 -240.0
v 3488.0 -3712.0 -240.0
v 3648.0 -3712.0 64.0
v 1472.0 -3712.0 64.0
v 1472.0 -3648.0 64.0
v 1472.0 -3648.0 128.0
v 1472.0 -1536.0 -240.0
v 1472.0 -1696.0 -240.0
v 1472.0 -1760.0 -240.0
v 1472.0 -1920.0 -240.0
v 1472.0 -1984.0 -240.0
v 1472.0 -2144.0 -240.0
v 1472.0 -2208.0 -240.0
v 1472.0 -2368.0 -240.0
v 1472.0 -2432.0 -240.0
v 1472.0 -2592.0 -240.0
v 1472.0 -2656.0 -240.0
v 1472.0 -2816.0 -240.0
v 1472.0 -2880.0 -240.0
v 1472.0 -3040.0 -240.0
v 1472.0 -3104.0 -240.0
v 1472.0 -3264.0 -240.0
v 1472.0 -3328.0 -240.0
v 1472.0 -3488.0 -240.0
v 1472.0 -3552.0 -240.0
v 1472.0 -3584.0 -240.0
v 1472.0 -3648.0 -240.0
v 3648.0 -3648.0 64.0
v 3648.0 -3648.0 128.0
v 3648.0 -3648.0 -240.0
v 3488.0 -3648.0 -240.0
v 3264.0 -3648.0 -240.0
v 3040.0 -3648.0 -240.0
v 2816.0 -3648.0 -240.0
v 2592.0 -3648.0 -240.0
v 2368.0 -3648.0 -240.0
v 2144.0 -3648.0 -240.0
v 1920.0 -3648.0 -240.0
v 1696.0 -3648.0 -240.0
v 3648.0 -1536.0 -240.0
v 3648.0 -1696.0 -240.0
v 3648.0 -1760.0 -240.0
v 3648.0 -1920.0 -240.0
v 3648.0 -1984.0 -240.0
v 3648.0 -2144.0 -240.0
v 3648.0 -2208.0 -240.0
v 3648.0 -2368.0 -240.0
v 3648.0 -2432.0 -240.0
v 3648.0 -2592.0 -240.0
v 3648.0 -2656.0 -240.0
v 3648.0 -2816.0 -240.0
v 3648.0 -2880.0 -240.0
v 3648.0 -3040.0 -240.0
v 3648.0 -3104.0 -240.0
v 3648.0 -3264.0 -240.0
v 3648.0 -3328.0 -240.0
v 3648.0 -3488.0 -240.0
v 3648.0 -3552.0 -240.0
v 3648.0 -3584.0 -240.0
v 1536.0 -1536.0 -480.0
v 1536.0 -1536.0 -256.0
v 1760.0 -1536.0 -256.0
v 1760.0 -1536.0 -480.0
v 1760.0 -1536.0 -512.0
v 1536.0 -1536.0 -512.0
v 1984.0 -1536.0 -256.0
v 1984.0 -1536.0 -480.0
v 1984.0 -1536.0 -512.0
v 2208.0 -1536.0 -256.0
v 2208.0 -1536.0 -480.0
v 2208.0 -1536.0 -512.0
v 2432.0 -1536.0 -256.0
v 2432.0 -1536.0 -480.0
v 2432.0 -1536.0 -512.0
v 2368.0 -1536.0 -512.0
v 2656.0 -1536.0 -256.0
v 2656.0 -1536.0 -480.0
v 2656.0 -1536.0 -512.0
v 2592.0 -1536.0 -512.0
v 2880.0 -1536.0 -256.0
v 2880.0 -1536.0 -480.0
v 2880.0 -1536.0 -512.0
v 2816.0 -1536.0 -512.0
v 3104.0 -1536.0 -256.0
v 3104.0 -1536.0 -480.0
v 3104.0 -1536.0 -512.0
v 3040.0 -1536.0 -512.0
v 3328.0 -1536.0 -256.0
v 3328.0 -1536.0 -480.0
v 3328.0 -1536.0 -512.0
v 3231.045 -1536.0 -512.0
v 3138.4104 -1536.0 -512.0
v 3552.0 -1536.0 -256.0
v 3552.0 -1536.0 -480.0
v 3552.0 -1536.0 -512.0
v 3455.045 -1536.0 -512.0
v 3584.0 -1536.0 -256.0
v 3584.0 -1536.0 -480.0
v 3584.0 -1536.0 -512.0
v 1536.0 -1536.0 -240.0
v 1696.0 -1536.0 -240.0
v 1760.0 -1536.0 -240.0
v 1920.0 -1536.0 -240.0
v 1984.0 -1536.0 -240.0
v 2144.0 -1536.0 -240.0
v 2208.0 -1536.0 -240.0
v 2368.0 -1536.0 -240.0
v 2432.0 -1536.0 -240.0
v 2592.0 -1536.0 -240.0
v 2656.0 -1536.0 -240.0
v 2816.0 -1536.0 -240.0
v 2880.0 -1536.0 -240.0
v 3040.0 -1536.0 -240.0
v 3104.0 -1536.0 -240.0
v 3264.0 -1536.0 -240.0
v 3328.0 -1536.0 -240.0
v 3488.0 -1536.0 -240.0
v 3552.0 -1536.0 -240.0
v 3584.0 -1536.0 -240.0
v 1760.0 -3584.0 -240.0
v 1696.0 -3584.0 -240.0
v 1536.0 -3584.0 -240.0
v 1536.0 -3584.0 -256.0
v 1760.0 -3584.0 -256.0
v 1984.0 -3584.0 -240.0
v 1920.0 -3584.0 -240.0
v 1984.0 -3584.0 -256.0
v 2208.0 -3584.0 -240.0
v 2144.0 -3584.0 -240.0
v 2208.0 -3584.0 -256.0
v 2432.0 -3584.0 -240.0
v 2368.0 -3584.0 -240.0
v 2432.0 -3584.0 -256.0
v 2656.0 -3584.0 -240.0
v 2592.0 -3584.0 -240.0
v 2656.0 -3584.0 -256.0
v 2880.0 -3584.0 -240.0
v 2816.0 -3584.0 -240.0
v 2880.0 -3584.0 -256.0
v 3104.0 -3584.0 -240.0
v 3040.0 -3584.0 -240.0
v 3104.0 -3584.0 -256.0
v 3328.0 -3584.0 -240.0
v 3264.0 -3584.0 -240.0
v 3328.0 -3584.0 -256.0
v 3552.0 -3584.0 -240.0
v 3488.0 -3584.0 -240.0
v 3552.0 -3584.0 -256.0
v 3584.0 -3584.0 -256.0
v 3584.0 -3584.0 -240.0
v 1536.0 -3584.0 -480.0
v 1760.0 -3584.0 -480.0
v 1536.0 -3584.0 -512.0
v 1760.0 -3584.0 -512.0
v 1984.0 -3584.0 -480.0
v 1984.0 -3584.0 -512.0
v 2208.0 -3584.0 -480.0
v 2076.9485 -3584.0 -512.0
v 2208.0 -3584.0 -512.0
v 2432.0 -3584.0 -480.0
v 2300.9485 -3584.0 -512.0
v 2368.0 -3584.0 -512.0
v 2432.0 -3584.0 -512.0
v 2656.0 -3584.0 -480.0
v 2592.0 -3584.0 -512.0
v 2656.0 -3584.0 -512.0
v 2880.0 -3584.0 -480.0
v 2708.1116 -3584.0 -512.0
v 2754.4373 -3584.0 -512.0
v 2880.0 -3584.0 -512.0
v 3104.0 -3584.0 -480.0
v 2978.4373 -3584.0 -512.0
v 3104.0 -3584.0 -512.0
v 3328.0 -3584.0 -480.0
v 3202.4373 -3584.0 -512.0
v 3328.0 -3584.0 -512.0
v 3552.0 -3584.0 -480.0
v 3384.747 -3584.0 -512.0
v 3470.243 -3584.0 -512.0
v 3543.862 -3584.0 -512.0
v 3552.0 -3584.0 -512.0
v 3584.0 -3584.0 -480.0
v 3584.0 -3584.0 -512.0
v 1536.0 -3360.0 -256.0
v 1536.0 -3360.0 -480.0
v 1536.0 -3360.0 -512.0
v 1536.0 -3471.2288 -512.0
v 1536.0 -3136.0 -256.0
v 1536.0 -3136.0 -480.0
v 1536.0 -3136.0 -512.0
v 1536.0 -3247.2288 -512.0
v 1536.0 -2912.0 -256.0
v 1536.0 -2912.0 -480.0
v 1536.0 -2912.0 -512.0
v 1536.0 -2976.17 -512.0
v 1536.0 -3088.197 -512.0
v 1536.0 -2688.0 -256.0
v 1536.0 -2688.0 -480.0
v 1536.0 -2688.0 -512.0
v 1536.0 -2848.3333 -512.0
v 1536.0 -2464.0 -256.0
v 1536.0 -2464.0 -480.0
v 1536.0 -2464.0 -512.0
v 1536.0 -2596.0095 -512.0
v 1536.0 -2624.3333 -512.0
v 1536.0 -2240.0 -256.0
v 1536.0 -2240.0 -480.0
v 1536.0 -2240.0 -512.0
v 1536.0 -2370.942 -512.0
v 1536.0 -2372.0095 -512.0
v 1536.0 -2016.0 -256.0
v 1536.0 -2016.0 -480.0
v 1536.0 -2016.0 -512.0
v 1536.0 -2072.359 -512.0
v 1536.0 -2146.942 -512.0
v 1536.0 -1792.0 -256.0
v 1536.0 -1792.0 -480.0
v 1536.0 -1792.0 -512.0
v 1536.0 -1848.3589 -512.0
v 1536.0 -1568.0 -256.0
v 1536.0 -1568.0 -480.0
v 1536.0 -1568.0 -512.0
v 1536.0 -1760.0 -512.0
v 1536.0 -3552.0 -240.0
v 1536.0 -3360.0 -240.0
v 1536.0 -3328.0 -240.0
v 1536.0 -3136.0 -240.0
v 1536.0 -3104.0 -240.0
v 1536.0 -2912.0 -240.0
v 1536.0 -2880.0 -240.0
v 1536.0 -2688.0 -240.0
v 1536.0 -2656.0 -240.0
v 1536.0 -2464.0 -240.0
v 1536.0 -2432.0 -240.0
v 1536.0 -2240.0 -240.0
v 1536.0 -2208.0 -240.0
v 1536.0 -2016.0 -240.0
v 1536.0 -1984.0 -240.0
v 1536.0 -1792.0 -240.0
v 1536.0 -1760.0 -240.0
v 1536.0 -1568.0 -240.0
v 3584.0 -3360.0 -256.0
v 3584.0 -3360.0 -480.0
v 3584.0 -3496.0 -512.0
v 3584.0 -3360.0 -512.0
v 3584.0 -3136.0 -256.0
v 3584.0 -3136.0 -480.0
v 3584.0 -3272.0 -512.0
v 3584.0 -3136.0 -512.0
v 3584.0 -2912.0 -256.0
v 3584.0 -2912.0 -480.0
v 3584.0 -3048.0 -512.0
v 3584.0 -2912.0 -512.0
v 3584.0 -2688.0 -256.0
v 3584.0 -2688.0 -480.0
v 3584.0 -2824.0 -512.0
v 3584.0 -2688.0 -512.0
v 3584.0 -2464.0 -256.0
v 3584.0 -2464.0 -480.0
v 3584.0 -2600.0 -512.0
v 3584.0 -2464.0 -512.0
v 3584.0 -2240.0 -256.0
v 3584.0 -2240.0 -480.0
v 3584.0 -2432.0 -512.0
v 3584.0 -2240.0 -512.0
v 3584.0 -2016.0 -256.0
v 3584.0 -2016.0 -480.0
v 3584.0 -2208.0 -512.0
v 3584.0 -2016.0 -512.0
v 3584.0 -1792.0 -256.0
v 3584.0 -1792.0 -480.0
v 3584.0 -1984.0 -512.0
v 3584.0 -1792.0 -512.0
v 3584.0 -1568.0 -256.0
v 3584.0 -1568.0 -480.0
v 3584.0 -1760.0 -512.0
v 3584.0 -1568.0 -512.0
v 3584.0 -3360.0 -240.0
v 3584.0 -3552.0 -240.0
v 3584.0 -3136.0 -240.0
v 3584.0 -3328.0 -240.0
v 3584.0 -2912.0 -240.0
v 3584.0 -3104.0 -240.0
v 3584.0 -2688.0 -240.0
v 3584.0 -2880.0 -240.0
v 3584.0 -2464.0 -240.0
v 3584.0 -2656.0 -240.0
v 3584.0 -2240.0 -240.0
v 3584.0 -2432.0 -240.0
v 3584.0 -2016.0 -240.0
v 3584.0 -2208.0 -240.0
v 3584.0 -1792.0 -240.0
v 3584.0 -1984.0 -240.0
v 3584.0 -1568.0 -240.0
v 3584.0 -1760.0 -240.0
v 2584.0 -2536.0 -128.0
v 2584.0 -2584.0 -128.0
v 2536.0 -2584.0 -128.0
v 2536.0 -2536.0 -128.0
v 2584.0 -2520.0 -128.0
v 2536.0 -2520.0 -128.0
v 2520.0 -2520.0 -128.0
v 2520.0 -2368.0 -128.0
v 2592.0 -2368.0 -128.0
v 2600.0 -2368.0 -128.0
v 2600.0 -2520.0 -128.0
v 2600.0 -2600.0 -128.0
v 2600.0 -2584.0 -128.0
v 2600.0 -2536.0 -128.0
v 2752.0 -2368.0 -128.0
v 2752.0 -2600.0 -128.0
v 2368.0 -2600.0 -128.0
v 2368.0 -2528.0 -128.0
v 2368.0 -2368.0 -128.0
v 2520.0 -2536.0 -128.0
v 2520.0 -2584.0 -128.0
v 2520.0 -2600.0 -128.0
v 2592.0 -2752.0 -128.0
v 2368.0 -2752.0 -128.0
v 2536.0 -2600.0 -128.0
v 2584.0 -2600.0 -128.0
v 2592.0 -2600.0 -128.0
v 2752.0 -2752.0 -128.0
v 2600.0 -2536.0 8.0
v 2600.0 -2536.0 -112.0
v 2592.0 -2536.0 -112.0
v 2592.0 -2536.0 8.0
v 2584.0 -2536.0 -112.0
v 2584.0 -2536.0 8.0
v 2584.0 -2536.0 24.0
v 2584.0 -2536.0 16.0
v 2536.0 -2536.0 16.0
v 2536.0 -2536.0 24.0
v 2536.0 -2536.0 8.0
v 2520.0 -2536.0 -112.0
v 2520.0 -2536.0 8.0
v 2528.0 -2536.0 8.0
v 2528.0 -2536.0 -112.0
v 2536.0 -2536.0 -112.0
v 2600.0 -2536.0 24.0
v 2600.0 -2520.0 24.0
v 2520.0 -2520.0 8.0
v 2520.0 -2520.0 24.0
v 2520.0 -2536.0 24.0
v 2584.0 -2520.0 24.0
v 2584.0 -2520.0 8.0
v 2584.0 -2520.0 -112.0
v 2536.0 -2520.0 8.0
v 2536.0 -2520.0 -112.0
v 2536.0 -2528.0 8.0
v 2584.0 -2528.0 8.0
v 2536.0 -2528.0 -112.0
v 2584.0 -2528.0 -112.0
v 2584.0 -2584.0 24.0
v 2584.0 -2584.0 16.0
v 2584.0 -2584.0 -112.0
v 2584.0 -2584.0 8.0
v 2584.0 -2592.0 8.0
v 2584.0 -2592.0 -112.0
v 2584.0 -2600.0 8.0
v 2584.0 -2600.0 -112.0
v 2584.0 -2600.0 24.0
v 2600.0 -2600.0 24.0
v 2600.0 -2584.0 -112.0
v 2600.0 -2584.0 24.0
v 2600.0 -2584.0 8.0
v 2592.0 -2584.0 8.0
v 2592.0 -2584.0 -112.0
v 2520.0 -2584.0 8.0
v 2520.0 -2584.0 24.0
v 2520.0 -2584.0 -112.0
v 2520.0 -2600.0 24.0
v 2536.0 -2600.0 -112.0
v 2536.0 -2600.0 24.0
v 2536.0 -2600.0 8.0
v 2536.0 -2584.0 8.0
v 2536.0 -2592.0 8.0
v 2528.0 -2584.0 8.0
v 2536.0 -2584.0 16.0
v 2536.0 -2584.0 24.0
v 2536.0 -2592.0 -112.0
v 2536.0 -2584.0 -112.0
v 2528.0 -2584.0 -112.0
v 3030.0 -2600.0 -512.0
v 2914.4578 -2600.0 -512.0
v 2848.0 -2468.6665 -512.0
v 2806.0 -2385.6665 -512.0
v 3007.0447 -2470.724 -512.0
v 3030.0 -2480.4358 -512.0
v 3254.0 -2600.0 -512.0
v 3138.4578 -2600.0 -512.0
v 3231.0447 -2565.4937 -512.0
v 3254.0 -2575.205 -512.0
v 3312.6064 -2600.0 -512.0
v 2832.6665 -2563.0 -512.0
v 2953.6724 -2677.4956 -512.0
v 2961.2346 -2692.44 -512.0
v 2961.3494 -2692.6665 -512.0
v 2872.0688 -2692.6665 -512.0
v 2822.3193 -2626.659 -512.0
v 3046.3193 -2860.5835 -512.0
v 3046.3193 -2923.8616 -512.0
v 3143.7615 -3053.1477 -512.0
v 2912.2756 -2070.5002 -512.0
v 2948.872 -1984.0 -512.0
v 3007.045 -1846.5002 -512.0
v 3007.045 -1984.0 -512.0
v 3007.045 -2070.5002 -512.0
v 2817.5063 -2294.5002 -512.0
v 2854.1028 -2208.0 -512.0
v 3007.045 -2208.0 -512.0
v 3007.045 -2294.5002 -512.0
v 3007.045 -2432.0 -512.0
v 2783.045 -2375.9548 -512.0
v 3043.641 -1760.0 -512.0
v 3231.045 -1760.0 -512.0
v 3231.045 -1984.0 -512.0
v 3231.045 -2208.0 -512.0
v 3231.045 -2432.0 -512.0
v 3455.045 -1760.0 -512.0
v 3455.045 -1984.0 -512.0
v 3455.045 -2208.0 -512.0
v 3455.045 -2432.0 -512.0
v 3455.045 -2600.0 -512.0
v 3362.4578 -2600.0 -512.0
v 2368.0 -1760.0 -512.0
v 2592.0 -1760.0 -512.0
v 2368.0 -1984.0 -512.0
v 2592.0 -1984.0 -512.0
v 2506.7783 -2208.0 -512.0
v 2368.0 -2023.8693 -512.0
v 2592.0 -2208.0 -512.0
v 2592.0 -2320.344 -512.0
v 2591.5112 -2320.4233 -512.0
v 2816.0 -1760.0 -512.0
v 2816.0 -1984.0 -512.0
v 2816.0 -2208.0 -512.0
v 2816.0 -2283.934 -512.0
v 2643.3335 -2312.0 -512.0
v 3040.0 -1760.0 -512.0
v 3040.0 -1768.6063 -512.0
v 2822.418 -2282.8909 -512.0
v 2701.758 -2341.5642 -512.0
v 2799.1003 -2595.852 -512.0
v 2423.5898 -2275.7654 -512.0
v 2321.3335 -2390.6663 -512.0
v 2339.7048 -2210.7546 -512.0
v 2445.5564 -2266.1917 -512.0
v 2434.873 -2228.6514 -512.0
v 2381.8093 -2042.1917 -512.0
v 2550.6372 -2266.1917 -512.0
v 2575.9587 -2299.7883 -512.0
v 2523.6067 -2353.2783 -512.0
v 2455.2676 -2300.3154 -512.0
v 2549.0 -2327.3333 -512.0
v 2368.0 -2200.359 -512.0
v 2276.1492 -2161.4988 -512.0
v 2383.3333 -2321.0 -512.0
v 2467.3335 -2309.6667 -512.0
v 2725.6575 -2353.6577 -512.0
v 2728.0 -2352.6665 -512.0
v 2842.237 -2830.3333 -512.0
v 2798.981 -2770.241 -512.0
v 2798.243 -2769.2156 -512.0
v 2802.0 -2699.333 -512.0
v 2807.0 -2606.3333 -512.0
v 2975.8276 -2830.3333 -512.0
v 3003.4783 -3054.3333 -512.0
v 2978.4375 -3019.5457 -512.0
v 3022.243 -2891.917 -512.0
v 3022.243 -3054.3333 -512.0
v 3022.243 -3080.4014 -512.0
v 3047.808 -3115.917 -512.0
v 3191.0706 -3115.917 -512.0
v 3209.0496 -3339.917 -512.0
v 3246.243 -3189.1196 -512.0
v 3246.243 -3339.917 -512.0
v 3246.243 -3391.587 -512.0
v 3261.7427 -3413.1196 -512.0
v 3415.0706 -3413.1196 -512.0
v 3470.243 -3486.3223 -512.0
v 2786.2 -2993.2156 -512.0
v 2789.957 -2923.3333 -512.0
v 2959.4844 -2993.2156 -512.0
v 2774.157 -3217.2156 -512.0
v 2777.914 -3147.3333 -512.0
v 2978.4373 -3217.2156 -512.0
v 2762.1138 -3441.2156 -512.0
v 2978.4373 -3243.5454 -512.0
v 2978.4373 -3441.2156 -512.0
v 2978.4373 -3467.5454 -512.0
v 3139.6785 -3243.5454 -512.0
v 3202.4373 -3330.7312 -512.0
v 3202.4373 -3467.5454 -512.0
v 3202.4373 -3554.7312 -512.0
v 3363.6785 -3554.7312 -512.0
v 2741.6672 -2773.0 -512.0
v 2715.6477 -2923.3333 -512.0
v 2716.9473 -2809.4065 -512.0
v 2717.0193 -2803.0942 -512.0
v 2713.0925 -3147.3333 -512.0
v 2714.464 -3027.0942 -512.0
v 2765.871 -3371.3333 -512.0
v 2710.5374 -3371.3333 -512.0
v 2711.909 -3251.0942 -512.0
v 3027.8071 -2824.0 -512.0
v 3138.4578 -2824.0 -512.0
v 3138.4578 -3042.6665 -512.0
v 3362.4578 -2824.0 -512.0
v 3141.1567 -3048.0 -512.0
v 3362.4578 -3048.0 -512.0
v 3308.7092 -3272.0 -512.0
v 3362.4578 -3272.0 -512.0
v 3362.4578 -3343.3132 -512.0
v 3477.5369 -3496.0 -512.0
v 2592.0 -2872.0 -512.0
v 2428.8494 -3035.1504 -512.0
v 2368.0 -3035.1504 -512.0
v 2368.0 -2868.2483 -512.0
v 2592.0 -2811.1504 -512.0
v 2368.0 -3096.0 -512.0
v 2368.0 -3090.9502 -512.0
v 2611.4133 -2806.202 -512.0
v 2658.3333 -2805.6667 -512.0
v 1901.4454 -2980.845 -512.0
v 1887.4711 -2984.5833 -512.0
v 1677.4454 -3040.7627 -512.0
v 1901.4454 -2927.413 -512.0
v 2125.4453 -2920.9275 -512.0
v 2009.7223 -2872.6226 -512.0
v 2125.4453 -2814.0637 -512.0
v 2349.4453 -2861.0098 -512.0
v 2335.4707 -2864.7478 -512.0
v 2130.133 -2811.6917 -512.0
v 2152.5796 -2800.3333 -512.0
v 2349.4453 -2800.3333 -512.0
v 2350.0 -2800.3333 -512.0
v 2368.0 -2800.3333 -512.0
v 2392.235 -2800.3333 -512.0
v 2396.162 -2802.536 -512.0
v 2372.7432 -2854.7778 -512.0
v 2535.5789 -2807.067 -512.0
v 2546.208 -2789.0608 -512.0
v 2570.6665 -2806.6665 -512.0
v 1887.4706 -2990.736 -512.0
v 1760.0 -3023.2288 -512.0
v 1663.4706 -3047.8342 -512.0
v 2111.4707 -2933.638 -512.0
v 2111.4707 -2924.6655 -512.0
v 2335.4707 -2876.54 -512.0
v 2208.0 -2909.0327 -512.0
v 2532.6667 -2812.0 -512.0
v 2522.7478 -2828.8027 -512.0
v 2451.6665 -2833.6665 -512.0
v 2380.4888 -2852.706 -512.0
v 2592.0 -2955.7422 -512.0
v 2477.1282 -3096.0 -512.0
v 2408.543 -3179.7422 -512.0
v 2368.0 -3229.2449 -512.0
v 2664.6938 -2799.3062 -512.0
v 2673.6665 -2790.3335 -512.0
v 2592.0 -3027.0942 -512.0
v 2592.0 -3179.7422 -512.0
v 2368.0 -3403.7422 -512.0
v 2368.0 -3314.9502 -512.0
v 2592.0 -3251.0942 -512.0
v 2592.0 -3403.7422 -512.0
v 2592.0 -3475.0942 -512.0
v 2368.0 -3538.9502 -512.0
v 2709.3538 -3475.0942 -512.0
v 2050.0566 -2455.5664 -512.0
v 2077.7603 -2460.0693 -512.0
v 2162.8354 -2509.2415 -512.0
v 2050.0566 -2479.0742 -512.0
v 1984.0 -2461.4048 -512.0
v 1826.0568 -2419.1565 -512.0
v 1760.0 -2408.4194 -512.0
v 1760.0 -2596.0095 -512.0
v 1760.0 -2624.3333 -512.0
v 1984.0 -2624.3333 -512.0
v 2208.0 -2521.3223 -512.0
v 2208.0 -2624.3333 -512.0
v 2319.3442 -2551.1057 -512.0
v 2282.2893 -2624.3333 -512.0
v 2268.695 -2624.3333 -512.0
v 2200.9224 -2297.7292 -512.0
v 2068.6934 -2073.7292 -512.0
v 2208.0 -2132.6665 -512.0
v 2292.6934 -2174.3208 -512.0
v 2292.6934 -2297.7292 -512.0
v 2292.6934 -2398.3208 -512.0
v 2292.6934 -2453.192 -512.0
v 2208.0 -2309.7188 -512.0
v 2320.552 -2398.3208 -512.0
v 2311.6667 -2485.3335 -512.0
v 1760.0 -1943.1282 -512.0
v 1760.0 -2072.359 -512.0
v 1760.0 -2167.1282 -512.0
v 1760.0 -2276.41 -512.0
v 1984.0 -2037.8975 -512.0
v 1984.0 -2167.1282 -512.0
v 1984.0 -2261.8975 -512.0
v 1984.0 -2405.878 -512.0
v 2179.7708 -2261.8975 -512.0
v 2122.4465 -2485.8975 -512.0
v 2208.0 -2485.8975 -512.0
v 2254.3433 -2533.7188 -512.0
v 2319.996 -2499.4434 -512.0
v 2340.229 -2533.7188 -512.0
v 2348.1885 -2547.2021 -512.0
v 2331.3628 -2554.3206 -512.0
v 2314.0 -2561.6663 -512.0
v 1760.0 -1760.0 -512.0
v 1984.0 -1760.0 -512.0
v 1856.6062 -1984.0 -512.0
v 1984.0 -1984.0 -512.0
v 2208.0 -1760.0 -512.0
v 2208.0 -1984.0 -512.0
v 1760.0 -2370.942 -512.0
v 1984.0 -2444.829 -512.0
v 1561.7223 -3073.77 -512.0
v 1760.0 -3190.1306 -512.0
v 1760.0 -3247.2288 -512.0
v 1760.0 -3414.1306 -512.0
v 1760.0 -3471.2288 -512.0
v 1984.0 -2966.1306 -512.0
v 1984.0 -3133.0325 -512.0
v 1984.0 -3190.1306 -512.0
v 1984.0 -3357.0325 -512.0
v 1984.0 -3414.1306 -512.0
v 2208.0 -3092.2483 -512.0
v 2208.0 -3133.0325 -512.0
v 2208.0 -3316.2483 -512.0
v 2208.0 -3357.0325 -512.0
v 2208.0 -3361.9949 -512.0
v 2168.7192 -3428.5378 -512.0
v 2363.414 -2869.4172 -512.0
v 2367.234 -3092.2483 -512.0
v 2235.0046 -3316.2483 -512.0
v 2300.9485 -3204.5374 -512.0
v 2300.9485 -3314.9502 -512.0
v 2300.9485 -3428.5374 -512.0
v 2300.9485 -3538.9502 -512.0
v 2360.724 -3103.2756 -512.0
v 2208.0 -2701.651 -512.0
v 2212.7964 -2699.6914 -512.0
v 2271.2844 -2675.7983 -512.0
v 2208.0 -2711.2927 -512.0
v 1760.0 -2962.5623 -512.0
v 1568.7194 -3069.8457 -512.0
v 1760.0 -2884.6636 -512.0
v 1984.0 -2836.9275 -512.0
v 1785.7223 -2948.1353 -512.0
v 1848.9336 -2848.3333 -512.0
v 1984.0 -2793.1572 -512.0
v 2009.7223 -2822.5005 -512.0
v 1760.0 -2848.3333 -512.0
v 2276.578 -2672.8296 -512.0
v 2272.0 -2644.6667 -512.0
v 2278.5674 -2736.5803 -512.0
v 2282.7163 -2734.481 -512.0
v 2240.436 -2693.1003 -512.0
v 2287.3335 -2739.0 -512.0
v 2233.7222 -2759.2732 -512.0
v 2233.7222 -2696.866 -512.0
v 1785.7223 -2985.972 -512.0
v 2752.0 -2600.0 -451.15585
v 2752.0 -2459.9744 -487.07693
v 2752.0 -2488.133 -483.20004
v 2752.0 -2600.0 -467.79822
v 2752.0 -2526.9905 -488.0
v 2752.0 -2509.051 -484.2548
v 2752.0 -2456.3762 -488.0
v 2752.0 -2600.0 -352.0
v 2752.0 -2368.0 -352.0
v 2752.0 -2368.0 -503.17264
v 2752.0 -2368.0 -510.67126
v 2752.0 -2593.5205 -501.88934
v 2752.0 -2600.0 -500.80038
v 2752.0 -2600.0 -488.8409
v 2752.0 -2589.756 -502.52197
v 2752.0 -2568.0479 -496.5715
v 2752.0 -2752.0 -352.0
v 2752.0 -2630.7273 -495.63635
v 2752.0 -2752.0 -475.25528
v 2752.0 -2752.0 -441.62808
v 2752.0 -2682.3792 -496.48276
v 2752.0 -2752.0 -497.6236
v 2752.0 -2752.0 -510.3324
v 2754.0 -2457.2222 -488.0
v 2768.0 -2484.889 -488.0
v 2762.889 -2516.3333 -488.0
v 2752.0 -2362.82 -512.0
v 2752.0 -2760.3826 -512.0
v 2760.2769 -2593.93 -503.66608
v 2368.0 -2368.0 -424.0291
v 2368.0 -2436.4695 -442.6584
v 2368.0 -2453.0632 -447.17322
v 2368.0 -2368.3389 -468.9077
v 2368.0 -2368.0 -468.9947
v 2368.0 -2752.0 -370.48636
v 2368.0 -2752.0 -456.51346
v 2368.0 -2742.5212 -454.5346
v 2368.0 -2574.5105 -419.45923
v 2368.0 -2567.115 -417.91528
v 2368.0 -2535.6155 -425.9959
v 2368.0 -2518.5212 -428.86877
v 2368.0 -2607.4607 -489.18198
v 2368.0 -2518.5212 -464.9832
v 2368.0 -2752.0 -457.19205
v 2368.0 -2752.0 -479.0968
v 2368.0 -2752.0 -484.4527
v 2368.0 -2752.0 -497.41592
v 2368.0 -2741.8186 -496.10605
v 2368.0 -2702.9905 -488.0
v 2368.0 -2667.3433 -480.55795
v 2368.0 -2752.0 -498.75128
v 2368.0 -2744.047 -496.57147
v 2368.0 -2742.8196 -496.23483
v 2368.0 -2486.1753 -456.1824
v 2368.0 -2449.868 -464.17703
v 2368.0 -2368.0 -482.20395
v 2368.0 -2632.3757 -488.0
v 2368.0 -2582.9932 -500.6682
v 2368.0 -2573.1758 -497.97714
v 2368.0 -2592.1416 -493.11188
v 2368.0 -2635.9734 -487.0771
v 2368.0 -2653.2017 -484.70514
v 2368.0 -2678.812 -488.0
v 2368.0 -2413.787 -496.6809
v 2368.0 -2368.0 -498.14178
v 2368.0 -2372.8584 -481.13416
v 2368.0 -2466.2935 -495.0056
v 2368.0 -2413.6306 -472.15634
v 2368.0 -2541.6765 -506.0577
v 2368.0 -2542.875 -506.37503
v 2368.0 -2368.0 -505.96405
v 2368.0 -2551.6702 -508.7036
v 2368.0 -2652.5986 -484.62756
v 2368.0 -2634.361 -482.28122
v 2368.0 -2752.0 -352.0
v 2368.0 -2528.0 -352.0
v 2368.0 -2528.0 -427.27576
v 2368.0 -2368.0 -352.0
v 2368.0 -2368.0 -404.66434
v 2592.0 -2752.0 -458.5026
v 2731.321 -2752.0 -505.30972
v 2714.7617 -2752.0 -501.28754
v 2554.7764 -2752.0 -462.42838
v 2714.7617 -2752.0 -504.115
v 2645.4077 -2752.0 -499.11124
v 2630.6248 -2752.0 -496.25
v 2609.0596 -2752.0 -492.0761
v 2490.7617 -2752.0 -469.17972
v 2609.0596 -2752.0 -496.17822
v 2604.547 -2752.0 -496.1632
v 2465.1165 -2752.0 -486.10358
v 2385.0596 -2752.0 -480.32764
v 2581.423 -2752.0 -496.08624
v 2537.133 -2752.0 -504.2156
v 2503.782 -2752.0 -495.82785
v 2658.4172 -2752.0 -501.6292
v 2665.9604 -2752.0 -500.59406
v 2494.0461 -2752.0 -493.37933
v 2455.4236 -2752.0 -490.64407
v 2403.8298 -2752.0 -498.75128
v 2398.7214 -2752.0 -498.75128
v 2408.9014 -2752.0 -497.29578
v 2592.0 -2752.0 -352.0
v 2715.862 -2368.0 -506.7491
v 2707.068 -2368.0 -505.53836
v 2708.8 -2368.0 -505.98267
v 2631.978 -2368.0 -495.2
v 2706.3103 -2368.0 -491.45175
v 2662.0325 -2368.0 -480.09305
v 2592.0 -2368.0 -494.7136
v 2576.1973 -2368.0 -498.01276
v 2592.0 -2368.0 -352.0
v 2592.0 -2368.0 -462.1275
v 2401.4001 -2368.0 -498.3549
v 2427.6284 -2368.0 -492.3796
v 2451.6726 -2368.0 -496.48276
v 2720.2163 -2368.0 -508.91132
v 2728.0 -2368.0 -508.0665
v 2524.2224 -2368.0 -508.86346
v 2725.7078 -2354.4546 -511.7902
v 2726.5632 -2368.0 -508.22247
v 2368.0 -2338.2285 -512.0
v 2661.2725 -2773.521 -506.34717
v 2396.8813 -2765.71 -502.50934
v 2357.111 -2692.3335 -488.0
v 2352.0 -2660.889 -488.0
v 2366.0 -2633.2222 -488.0
v 2362.0627 -2552.0996 -509.23782
v 2350.0212 -2611.2349 -495.3748
v 2347.221 -2590.2754 -501.05548
v 2368.0 -2580.0571 -501.42154
v 2338.0627 -2594.779 -500.89413
v 2349.759 -2609.2715 -495.9069
v 2276.7007 -2673.586 -512.0
v 2331.1362 -2709.705 -496.93402
v -1280.0 -1568.0 1024.0
v -1280.0 -1792.0 1024.0
v -1280.0 -1792.0 800.0
v -1280.0 -1568.0 800.0
v -1280.0 -1792.0 576.0
v -1280.0 -1568.0 576.0
v -1280.0 -1792.0 384.0
v -1280.0 -1568.0 384.0
v -1280.0 -1344.0 1024.0
v -1280.0 -1344.0 800.0
v -1280.0 -1344.0 576.0
v -1280.0 -1344.0 384.0
v -1280.0 -1120.0 1024.0
v -1280.0 -1120.0 800.0
v -1280.0 -1120.0 576.0
v -1280.0 -1120.0 384.0
v -1280.0 -896.0 1024.0
v -1280.0 -896.0 800.0
v -1280.0 -896.0 576.0
v -1280.0 -896.0 384.0
v -1280.0 -672.0 1024.0
v -1280.0 -672.0 800.0
v -1280.0 -672.0 576.0
v -1280.0 -672.0 384.0
v -1280.0 -512.0 800.0
v -1280.0 -512.0 1024.0
v -1280.0 -512.0 576.0
v -1280.0 -512.0 384.0
v -1280.0 -1792.0 1152.0
v -1280.0 -512.0 1152.0
v -1280.0 -1792.0 160.0
v -1280.0 -1568.0 160.0
v -1280.0 -1792.0 -64.0
v -1280.0 -1568.0 -64.0
v -1280.0 -1792.0 -128.0
v -1280.0 -1664.0 -128.0
v -1280.0 -1648.0 -128.0
v -1280.0 -1568.0 -128.0
v -1280.0 -1344.0 160.0
v -1280.0 -1344.0 -64.0
v -1280.0 -1424.0 -128.0
v -1280.0 -1344.0 -128.0
v -1280.0 -1120.0 160.0
v -1280.0 -1120.0 -64.0
v -1280.0 -1200.0 -128.0
v -1280.0 -1120.0 -128.0
v -1280.0 -896.0 160.0
v -1280.0 -896.0 -64.0
v -1280.0 -976.0 -128.0
v -1280.0 -896.0 -128.0
v -1280.0 -672.0 160.0
v -1280.0 -672.0 -64.0
v -1280.0 -752.0 -128.0
v -1280.0 -672.0 -128.0
v -1280.0 -512.0 160.0
v -1280.0 -512.0 -64.0
v -1280.0 -656.0 -128.0
v -1280.0 -640.0 -128.0
v -1280.0 -512.0 -128.0
v -1280.0 -640.0 -144.0
v -1280.0 -512.0 -144.0
v -1280.0 -640.0 -160.0
v -1280.0 -512.0 -160.0
v -1280.0 -1648.0 -160.0
v -1280.0 -1440.0 -160.0
v -1280.0 -1424.0 -160.0
v -1280.0 -1216.0 -160.0
v -1280.0 -1200.0 -160.0
v -1280.0 -992.0 -160.0
v -1280.0 -976.0 -160.0
v -1280.0 -768.0 -160.0
v -1280.0 -752.0 -160.0
v -1280.0 -656.0 -160.0
v -1280.0 -1568.0 -224.0
v -1280.0 -1664.0 -224.0
v -1280.0 -1792.0 -224.0
v -1280.0 -1792.0 -448.0
v -1280.0 -1568.0 -448.0
v -1280.0 -1792.0 -672.0
v -1280.0 -1568.0 -672.0
v -1280.0 -1792.0 -896.0
v -1280.0 -1664.0 -896.0
v -1280.0 -1568.0 -896.0
v -1280.0 -1344.0 -224.0
v -1280.0 -1440.0 -224.0
v -1280.0 -1344.0 -448.0
v -1280.0 -1344.0 -672.0
v -1280.0 -1440.0 -896.0
v -1280.0 -1344.0 -896.0
v -1280.0 -1120.0 -224.0
v -1280.0 -1216.0 -224.0
v -1280.0 -1120.0 -448.0
v -1280.0 -1120.0 -672.0
v -1280.0 -1216.0 -896.0
v -1280.0 -1120.0 -896.0
v -1280.0 -896.0 -224.0
v -1280.0 -992.0 -224.0
v -1280.0 -896.0 -448.0
v -1280.0 -896.0 -672.0
v -1280.0 -992.0 -896.0
v -1280.0 -896.0 -896.0
v -1280.0 -672.0 -224.0
v -1280.0 -736.0 -224.0
v -1280.0 -768.0 -224.0
v -1280.0 -672.0 -448.0
v -1280.0 -672.0 -672.0
v -1280.0 -768.0 -896.0
v -1280.0 -736.0 -896.0
v -1280.0 -672.0 -896.0
v -1280.0 -512.0 -448.0
v -1280.0 -512.0 -224.0
v -1280.0 -512.0 -672.0
v -1280.0 -512.0 -896.0
v -1280.0 -1792.0 -144.0
v -1280.0 -1792.0 -160.0
v -1280.0 -1664.0 -160.0
v -1280.0 -1664.0 -144.0
v -288.0 -3152.0 -240.0
v -512.0 -3152.0 -240.0
v -512.0 -3152.0 -464.0
v -288.0 -3152.0 -464.0
v -64.0 -3152.0 -240.0
v -64.0 -3152.0 -464.0
v 160.0 -3152.0 -240.0
v -32.0 -3152.0 -464.0
v 32.0 -3152.0 -464.0
v 160.0 -3152.0 -464.0
v 384.0 -3152.0 -240.0
v 256.0 -3152.0 -464.0
v 384.0 -3152.0 -464.0
v 480.0 -3152.0 -464.0
v -288.0 -3152.0 -224.0
v -512.0 -3152.0 -224.0
v -64.0 -3152.0 -224.0
v 160.0 -3152.0 -224.0
v 384.0 -3152.0 -224.0
v -288.0 -3152.0 128.0
v -512.0 -3152.0 128.0
v -512.0 -3152.0 -96.0
v -288.0 -3152.0 -96.0
v -64.0 -3152.0 128.0
v -64.0 -3152.0 -96.0
v 160.0 -3152.0 128.0
v 160.0 -3152.0 -96.0
v 384.0 -3152.0 128.0
v 384.0 -3152.0 -96.0
v -288.0 288.0 -240.0
v -512.0 288.0 -240.0
v -512.0 288.0 -224.0
v -288.0 288.0 -224.0
v -64.0 288.0 -240.0
v -64.0 288.0 -224.0
v 160.0 288.0 -240.0
v 160.0 288.0 -224.0
v 384.0 288.0 -240.0
v 384.0 288.0 -224.0
v -288.0 288.0 -464.0
v -464.0 288.0 -464.0
v -512.0 288.0 -464.0
v -64.0 288.0 -464.0
v -240.0 288.0 -464.0
v 160.0 288.0 -464.0
v -16.0 288.0 -464.0
v 384.0 288.0 -464.0
v 208.0 288.0 -464.0
v 432.0 288.0 -464.0
v -512.0 288.0 -96.0
v -512.0 288.0 128.0
v -288.0 288.0 128.0
v -288.0 288.0 -96.0
v -64.0 288.0 128.0
v -64.0 288.0 -96.0
v 160.0 288.0 128.0
v 160.0 288.0 -96.0
v 384.0 288.0 128.0
v 384.0 288.0 -96.0
v -512.0 -3072.0 128.0
v -512.0 -2928.0 128.0
v -512.0 -2928.0 -96.0
v -512.0 -2928.0 -224.0
v -512.0 -2848.0 128.0
v -512.0 -2704.0 128.0
v -512.0 -2704.0 -96.0
v -512.0 -2704.0 -224.0
v -512.0 -2624.0 128.0
v -512.0 -2480.0 128.0
v -512.0 -2480.0 -96.0
v -512.0 -2480.0 -224.0
v -512.0 -2400.0 128.0
v -512.0 -2256.0 128.0
v -512.0 -2256.0 -96.0
v -512.0 -2256.0 -224.0
v -512.0 -2176.0 128.0
v -512.0 -2032.0 128.0
v -512.0 -2032.0 -96.0
v -512.0 -2032.0 -224.0
v -512.0 -1952.0 128.0
v -512.0 -1808.0 128.0
v -512.0 -1808.0 -96.0
v -512.0 -1808.0 -224.0
v -512.0 -1728.0 128.0
v -512.0 -1584.0 128.0
v -512.0 -1584.0 -96.0
v -512.0 -1584.0 -224.0
v -512.0 -1504.0 128.0
v -512.0 -1360.0 128.0
v -512.0 -1360.0 -96.0
v -512.0 -1360.0 -224.0
v -512.0 -1280.0 128.0
v -512.0 -1136.0 128.0
v -512.0 -1136.0 -96.0
v -512.0 -1136.0 -224.0
v -512.0 -1056.0 128.0
v -512.0 -912.0 128.0
v -512.0 -912.0 -96.0
v -512.0 -912.0 -224.0
v -512.0 -832.0 128.0
v -512.0 -688.0 128.0
v -512.0 -688.0 -96.0
v -512.0 -688.0 -224.0
v -512.0 -608.0 128.0
v -512.0 -464.0 128.0
v -512.0 -464.0 -96.0
v -512.0 -464.0 -224.0
v -512.0 -384.0 128.0
v -512.0 -240.0 128.0
v -512.0 -240.0 -96.0
v -512.0 -240.0 -224.0
v -512.0 -160.0 128.0
v -512.0 -16.0 128.0
v -512.0 -16.0 -96.0
v -512.0 -16.0 -224.0
v -512.0 64.0 128.0
v -512.0 208.0 128.0
v -512.0 208.0 -96.0
v -512.0 208.0 -224.0
v -512.0 -2928.0 -464.0
v -512.0 -3072.0 -464.0
v -512.0 -2928.0 -240.0
v -512.0 -2704.0 -464.0
v -512.0 -2736.0 -464.0
v -512.0 -2848.0 -464.0
v -512.0 -2704.0 -240.0
v -512.0 -2480.0 -464.0
v -512.0 -2512.0 -464.0
v -512.0 -2480.0 -240.0
v -512.0 -2256.0 -464.0
v -512.0 -2288.0 -464.0
v -512.0 -2256.0 -240.0
v -512.0 -2032.0 -464.0
v -512.0 -2064.0 -464.0
v -512.0 -2032.0 -240.0
v -512.0 -1808.0 -464.0
v -512.0 -1840.0 -464.0
v -512.0 -1808.0 -240.0
v -512.0 -1584.0 -464.0
v -512.0 -1616.0 -464.0
v -512.0 -1584.0 -240.0
v -512.0 -1360.0 -464.0
v -512.0 -1392.0 -464.0
v -512.0 -1360.0 -240.0
v -512.0 -1136.0 -464.0
v -512.0 -1168.0 -464.0
v -512.0 -1136.0 -240.0
v -512.0 -912.0 -464.0
v -512.0 -944.0 -464.0
v -512.0 -912.0 -240.0
v -512.0 -688.0 -464.0
v -512.0 -720.0 -464.0
v -512.0 -688.0 -240.0
v -512.0 -464.0 -464.0
v -512.0 -496.0 -464.0
v -512.0 -464.0 -240.0
v -512.0 -240.0 -464.0
v -512.0 -272.0 -464.0
v -512.0 -240.0 -240.0
v -512.0 -16.0 -464.0
v -512.0 -128.0 -464.0
v -512.0 -16.0 -240.0
v -512.0 208.0 -464.0
v -512.0 64.0 -464.0
v -512.0 208.0 -240.0
v -512.0 -2288.0 -496.0
v -512.0 -2368.0 -496.0
v -512.0 -2512.0 -496.0
v -512.0 -2512.0 -480.0
v -512.0 -2288.0 -480.0
v -512.0 -2064.0 -496.0
v -512.0 -2144.0 -496.0
v -512.0 -2064.0 -480.0
v -512.0 -1840.0 -496.0
v -512.0 -1920.0 -496.0
v -512.0 -1840.0 -480.0
v -512.0 -1616.0 -496.0
v -512.0 -1696.0 -496.0
v -512.0 -1616.0 -480.0
v -512.0 -1392.0 -496.0
v -512.0 -1472.0 -496.0
v -512.0 -1392.0 -480.0
v -512.0 -1168.0 -496.0
v -512.0 -1248.0 -496.0
v -512.0 -1168.0 -480.0
v -512.0 -944.0 -496.0
v -512.0 -1024.0 -496.0
v -512.0 -944.0 -480.0
v -512.0 -720.0 -496.0
v -512.0 -800.0 -496.0
v -512.0 -720.0 -480.0
v -512.0 -496.0 -496.0
v -512.0 -576.0 -496.0
v -512.0 -496.0 -480.0
v -512.0 -272.0 -496.0
v -512.0 -352.0 -496.0
v -512.0 -272.0 -480.0
v -512.0 -128.0 -480.0
v -512.0 -128.0 -496.0
v 64.0 64.0 -272.0
v 48.0 64.0 -272.0
v -48.0 64.0 -272.0
v -64.0 64.0 -272.0
v -64.0 80.0 -272.0
v -48.0 80.0 -272.0
v 48.0 80.0 -272.0
v 64.0 80.0 -272.0
v -288.0 64.0 128.0
v -288.0 -160.0 128.0
v -288.0 -384.0 128.0
v -288.0 -608.0 128.0
v -288.0 -832.0 128.0
v -288.0 -1056.0 128.0
v -288.0 -1280.0 128.0
v -288.0 -1504.0 128.0
v -288.0 -1728.0 128.0
v -288.0 -1952.0 128.0
v -288.0 -2176.0 128.0
v -288.0 -2400.0 128.0
v -288.0 -2624.0 128.0
v -288.0 -2848.0 128.0
v -288.0 -3072.0 128.0
v -64.0 64.0 128.0
v -64.0 -160.0 128.0
v -64.0 -384.0 128.0
v -64.0 -608.0 128.0
v -64.0 -832.0 128.0
v -64.0 -1056.0 128.0
v -64.0 -1280.0 128.0
v -64.0 -1504.0 128.0
v -64.0 -1728.0 128.0
v -64.0 -1952.0 128.0
v -64.0 -2176.0 128.0
v -64.0 -2400.0 128.0
v -64.0 -2624.0 128.0
v -64.0 -2848.0 128.0
v -64.0 -3072.0 128.0
v 160.0 64.0 128.0
v 160.0 -160.0 128.0
v 160.0 -384.0 128.0
v 160.0 -608.0 128.0
v 160.0 -832.0 128.0
v 160.0 -1056.0 128.0
v 160.0 -1280.0 128.0
v 160.0 -1504.0 128.0
v 160.0 -1728.0 128.0
v 160.0 -1952.0 128.0
v 160.0 -2176.0 128.0
v 160.0 -2400.0 128.0
v 160.0 -2624.0 128.0
v 160.0 -2848.0 128.0
v 160.0 -3072.0 128.0
v 384.0 64.0 128.0
v 384.0 -160.0 128.0
v 384.0 -384.0 128.0
v 384.0 -608.0 128.0
v 384.0 -832.0 128.0
v 384.0 -1056.0 128.0
v 384.0 -1280.0 128.0
v 384.0 -1504.0 128.0
v 384.0 -1728.0 128.0
v 384.0 -1952.0 128.0
v 384.0 -2176.0 128.0
v 384.0 -2400.0 128.0
v 384.0 -2624.0 128.0
v 384.0 -2848.0 128.0
v 384.0 -3072.0 128.0
v -288.0 -2512.0 -464.0
v -288.0 -2512.0 -480.0
v -64.0 -2512.0 -464.0
v -64.0 -2512.0 -480.0
v 160.0 -2512.0 -464.0
v 32.0 -2512.0 -464.0
v 160.0 -2512.0 -480.0
v 384.0 -2512.0 -464.0
v 256.0 -2512.0 -464.0
v 384.0 -2512.0 -480.0
v 480.0 -2512.0 -464.0
v -288.0 -2512.0 -496.0
v -64.0 -2512.0 -496.0
v 160.0 -2512.0 -496.0
v 384.0 -2512.0 -496.0
v -288.0 -128.0 -480.0
v -288.0 -128.0 -464.0
v -64.0 -128.0 -480.0
v -64.0 -128.0 -464.0
v 160.0 -128.0 -480.0
v 160.0 -128.0 -464.0
v 384.0 -128.0 -480.0
v 384.0 -128.0 -464.0
v -288.0 -128.0 -496.0
v -64.0 -128.0 -496.0
v 160.0 -128.0 -496.0
v 384.0 -128.0 -496.0
v 50.666668 64.0 -288.0
v -50.666664 64.0 -288.0
v 80.0 64.0 -464.0
v -64.0 64.0 -464.0
v -80.0 64.0 -464.0
v -77.333336 64.0 -448.0
v 77.33333 64.0 -448.0
v 96.0 64.0 -464.0
v -96.0 64.0 -464.0
v -464.0 80.0 -464.0
v -240.0 80.0 -464.0
v -16.0 80.0 -464.0
v -96.0 80.0 -464.0
v 208.0 80.0 -464.0
v 96.0 80.0 -464.0
v 432.0 80.0 -464.0
v 320.0 80.0 -464.0
v -240.0 64.0 -464.0
v -288.0 64.0 -464.0
v -464.0 64.0 -464.0
v 320.0 64.0 -464.0
v 160.0 64.0 -464.0
v 384.0 64.0 -464.0
v -50.666668 80.0 -288.0
v 50.666668 80.0 -288.0
v 77.333336 80.0 -448.0
v 93.333336 80.0 -448.0
v -93.333336 80.0 -448.0
v -77.333336 80.0 -448.0
v -50.666668 68.0 -288.0
v 50.666668 68.0 -288.0
v 50.666668 76.0 -288.0
v -50.666668 76.0 -288.0
v -77.333336 68.0 -448.0
v 77.33333 68.0 -448.0
v -77.333336 76.0 -448.0
v 77.33333 76.0 -448.0
v -288.0 -352.0 -496.0
v -288.0 -576.0 -496.0
v -288.0 -800.0 -496.0
v -288.0 -1024.0 -496.0
v -288.0 -1248.0 -496.0
v -288.0 -1472.0 -496.0
v -288.0 -1696.0 -496.0
v -288.0 -1920.0 -496.0
v -288.0 -2144.0 -496.0
v -288.0 -2368.0 -496.0
v -64.0 -352.0 -496.0
v -64.0 -576.0 -496.0
v -64.0 -800.0 -496.0
v -64.0 -1024.0 -496.0
v -64.0 -1248.0 -496.0
v -64.0 -1472.0 -496.0
v -64.0 -1696.0 -496.0
v -64.0 -1920.0 -496.0
v -64.0 -2144.0 -496.0
v -64.0 -2368.0 -496.0
v 160.0 -352.0 -496.0
v 160.0 -576.0 -496.0
v 160.0 -800.0 -496.0
v 160.0 -1024.0 -496.0
v 160.0 -1248.0 -496.0
v 160.0 -1472.0 -496.0
v 160.0 -1696.0 -496.0
v 160.0 -1920.0 -496.0
v 160.0 -2144.0 -496.0
v 160.0 -2368.0 -496.0
v 384.0 -352.0 -496.0
v 384.0 -576.0 -496.0
v 384.0 -800.0 -496.0
v 384.0 -1024.0 -496.0
v 384.0 -1248.0 -496.0
v 384.0 -1472.0 -496.0
v 384.0 -1696.0 -496.0
v 384.0 -1920.0 -496.0
v 384.0 -2144.0 -496.0
v 384.0 -2368.0 -496.0
v 32.0 -2848.0 -456.0
v 32.0 -2848.0 -464.0
v 32.0 -2912.0 -464.0
v 32.0 -2912.0 -456.0
v 256.0 -2736.0 -464.0
v 32.0 -2736.0 -464.0
v 256.0 -2960.0 -464.0
v 32.0 -2960.0 -464.0
v 480.0 -2736.0 -464.0
v 480.0 -2960.0 -464.0
v -32.0 -2848.0 -456.0
v -32.0 -2848.0 -464.0
v -288.0 -2736.0 -464.0
v -288.0 -2848.0 -464.0
v -64.0 -2736.0 -464.0
v -64.0 -2848.0 -464.0
v -32.0 -2912.0 -456.0
v -32.0 -2912.0 -464.0
v -32.0 -3072.0 -464.0
v -288.0 -3072.0 -464.0
v -64.0 -3072.0 -464.0
v -1440.0 -512.0 384.0
v -1664.0 -512.0 384.0
v -1888.0 -512.0 384.0
v -2112.0 -512.0 384.0
v -2336.0 -512.0 384.0
v -2560.0 -512.0 384.0
v -2560.0 -672.0 384.0
v -2560.0 -896.0 384.0
v -2560.0 -1120.0 384.0
v -2560.0 -1344.0 384.0
v -2560.0 -1568.0 384.0
v -2560.0 -1792.0 384.0
v -2336.0 -1792.0 384.0
v -2112.0 -1792.0 384.0
v -1888.0 -1792.0 384.0
v -1664.0 -1792.0 384.0
v -1440.0 -1792.0 384.0
v -2560.0 -1792.0 1152.0
v -2560.0 -1792.0 1024.0
v -2336.0 -1792.0 1024.0
v -2112.0 -1792.0 1024.0
v -1888.0 -1792.0 1024.0
v -1664.0 -1792.0 1024.0
v -1440.0 -1792.0 1024.0
v -2560.0 -1792.0 800.0
v -2336.0 -1792.0 800.0
v -2560.0 -1792.0 576.0
v -2336.0 -1792.0 576.0
v -2112.0 -1792.0 800.0
v -2112.0 -1792.0 576.0
v -1888.0 -1792.0 800.0
v -1888.0 -1792.0 576.0
v -1664.0 -1792.0 800.0
v -1664.0 -1792.0 576.0
v -1440.0 -1792.0 800.0
v -1440.0 -1792.0 576.0
v -1440.0 -512.0 1024.0
v -1664.0 -512.0 1024.0
v -1888.0 -512.0 1024.0
v -2112.0 -512.0 1024.0
v -2336.0 -512.0 1024.0
v -2560.0 -512.0 1024.0
v -2560.0 -512.0 1152.0
v -2560.0 -512.0 800.0
v -2336.0 -512.0 800.0
v -2560.0 -512.0 576.0
v -2336.0 -512.0 576.0
v -2112.0 -512.0 800.0
v -2112.0 -512.0 576.0
v -1888.0 -512.0 800.0
v -1888.0 -512.0 576.0
v -1664.0 -512.0 800.0
v -1664.0 -512.0 576.0
v -1440.0 -512.0 800.0
v -1440.0 -512.0 576.0
v -2560.0 -672.0 1024.0
v -2560.0 -896.0 1024.0
v -2560.0 -1120.0 1024.0
v -2560.0 -1344.0 1024.0
v -2560.0 -1568.0 1024.0
v -2560.0 -1568.0 800.0
v -2560.0 -1568.0 576.0
v -2560.0 -1344.0 800.0
v -2560.0 -1344.0 576.0
v -2560.0 -1120.0 800.0
v -2560.0 -1120.0 576.0
v -2560.0 -896.0 800.0
v -2560.0 -896.0 576.0
v -2560.0 -672.0 800.0
v -2560.0 -672.0 576.0
v -2080.0 -512.0 -224.0
v -2112.0 -512.0 -224.0
v -2304.0 -512.0 -224.0
v -2304.0 -736.0 -224.0
v -2080.0 -736.0 -224.0
v -2304.0 -768.0 -224.0
v -2080.0 -768.0 -224.0
v -1856.0 -512.0 -224.0
v -1888.0 -512.0 -224.0
v -1856.0 -736.0 -224.0
v -1856.0 -768.0 -224.0
v -1632.0 -512.0 -224.0
v -1664.0 -512.0 -224.0
v -1632.0 -736.0 -224.0
v -1632.0 -768.0 -224.0
v -1408.0 -512.0 -224.0
v -1440.0 -512.0 -224.0
v -1408.0 -736.0 -224.0
v -1536.0 -768.0 -224.0
v -1408.0 -768.0 -224.0
v -1312.0 -768.0 -224.0
v -1536.0 -864.0 -224.0
v -1536.0 -992.0 -224.0
v -1312.0 -992.0 -224.0
v -1536.0 -1088.0 -224.0
v -1536.0 -1216.0 -224.0
v -1312.0 -1216.0 -224.0
v -1536.0 -1312.0 -224.0
v -1536.0 -1440.0 -224.0
v -1312.0 -1440.0 -224.0
v -1536.0 -1536.0 -224.0
v -1536.0 -1664.0 -224.0
v -1312.0 -1664.0 -224.0
v -1536.0 -1760.0 -224.0
v -1536.0 -1792.0 -224.0
v -1440.0 -1792.0 -224.0
v -1312.0 -1792.0 -224.0
v -2080.0 -1536.0 -224.0
v -2304.0 -1536.0 -224.0
v -2304.0 -1632.0 -224.0
v -2304.0 -1760.0 -224.0
v -2080.0 -1760.0 -224.0
v -2304.0 -1792.0 -224.0
v -2112.0 -1792.0 -224.0
v -2080.0 -1792.0 -224.0
v -1856.0 -1536.0 -224.0
v -1856.0 -1760.0 -224.0
v -1888.0 -1792.0 -224.0
v -1856.0 -1792.0 -224.0
v -1632.0 -1536.0 -224.0
v -1632.0 -1760.0 -224.0
v -1664.0 -1792.0 -224.0
v -1632.0 -1792.0 -224.0
v -2336.0 -512.0 -224.0
v -2560.0 -512.0 -224.0
v -2560.0 -672.0 -224.0
v -2560.0 -736.0 -224.0
v -2336.0 -736.0 -224.0
v -2560.0 -896.0 -224.0
v -2560.0 -960.0 -224.0
v -2336.0 -960.0 -224.0
v -2560.0 -1120.0 -224.0
v -2560.0 -1184.0 -224.0
v -2336.0 -1184.0 -224.0
v -2560.0 -1344.0 -224.0
v -2560.0 -1408.0 -224.0
v -2336.0 -1408.0 -224.0
v -2560.0 -1568.0 -224.0
v -2560.0 -1632.0 -224.0
v -2336.0 -1632.0 -224.0
v -2560.0 -1792.0 -224.0
v -2336.0 -1792.0 -224.0
v -2304.0 -960.0 -224.0
v -2304.0 -864.0 -224.0
v -2304.0 -1184.0 -224.0
v -2304.0 -1088.0 -224.0
v -2304.0 -1408.0 -224.0
v -2304.0 -1312.0 -224.0
v -2432.0 -512.0 -144.0
v -2560.0 -512.0 -144.0
v -2560.0 -512.0 -128.0
v -2432.0 -512.0 -128.0
v -2432.0 -512.0 -160.0
v -2560.0 -512.0 -160.0
v -2192.0 -512.0 -160.0
v -2304.0 -512.0 -160.0
v -2416.0 -512.0 -160.0
v -2416.0 -512.0 -128.0
v -2336.0 -512.0 -128.0
v -2192.0 -512.0 -128.0
v -1968.0 -512.0 -160.0
v -2080.0 -512.0 -160.0
v -2112.0 -512.0 -128.0
v -1968.0 -512.0 -128.0
v -1744.0 -512.0 -160.0
v -1856.0 -512.0 -160.0
v -1888.0 -512.0 -128.0
v -1744.0 -512.0 -128.0
v -1520.0 -512.0 -160.0
v -1632.0 -512.0 -160.0
v -1664.0 -512.0 -128.0
v -1520.0 -512.0 -128.0
v -1440.0 -512.0 -128.0
v -1424.0 -512.0 -128.0
v -1424.0 -512.0 -160.0
v -1408.0 -512.0 -160.0
v -1408.0 -512.0 -144.0
v -1408.0 -512.0 -128.0
v -2560.0 -512.0 160.0
v -2336.0 -512.0 160.0
v -2560.0 -512.0 -64.0
v -2336.0 -512.0 -64.0
v -2112.0 -512.0 160.0
v -2112.0 -512.0 -64.0
v -1888.0 -512.0 160.0
v -1888.0 -512.0 -64.0
v -1664.0 -512.0 160.0
v -1664.0 -512.0 -64.0
v -1440.0 -512.0 160.0
v -1440.0 -512.0 -64.0
v -1408.0 -1792.0 -144.0
v -1408.0 -1792.0 -128.0
v -2560.0 -1792.0 -128.0
v -2560.0 -1792.0 -144.0
v -2432.0 -1792.0 -144.0
v -2432.0 -1792.0 -128.0
v -2560.0 -1792.0 -160.0
v -2432.0 -1792.0 -160.0
v -1408.0 -1792.0 -160.0
v -2192.0 -1792.0 -128.0
v -2336.0 -1792.0 -128.0
v -2416.0 -1792.0 -128.0
v -2416.0 -1792.0 -160.0
v -2304.0 -1792.0 -160.0
v -2192.0 -1792.0 -160.0
v -1968.0 -1792.0 -128.0
v -2112.0 -1792.0 -128.0
v -2080.0 -1792.0 -160.0
v -1968.0 -1792.0 -160.0
v -1744.0 -1792.0 -128.0
v -1888.0 -1792.0 -128.0
v -1856.0 -1792.0 -160.0
v -1744.0 -1792.0 -160.0
v -1520.0 -1792.0 -128.0
v -1664.0 -1792.0 -128.0
v -1632.0 -1792.0 -160.0
v -1536.0 -1792.0 -160.0
v -1520.0 -1792.0 -160.0
v -1424.0 -1792.0 -160.0
v -1424.0 -1792.0 -128.0
v -1440.0 -1792.0 -128.0
v -2560.0 -1792.0 160.0
v -2336.0 -1792.0 160.0
v -2560.0 -1792.0 -64.0
v -2336.0 -1792.0 -64.0
v -2112.0 -1792.0 160.0
v -2112.0 -1792.0 -64.0
v -1888.0 -1792.0 160.0
v -1888.0 -1792.0 -64.0
v -1664.0 -1792.0 160.0
v -1664.0 -1792.0 -64.0
v -1440.0 -1792.0 160.0
v -1440.0 -1792.0 -64.0
v -2304.0 -1536.0 -160.0
v -2304.0 -1328.0 -160.0
v -2304.0 -1312.0 -160.0
v -2304.0 -1104.0 -160.0
v -2304.0 -1088.0 -160.0
v -2304.0 -880.0 -160.0
v -2304.0 -864.0 -160.0
v -2304.0 -768.0 -160.0
v -2080.0 -768.0 -160.0
v -1856.0 -768.0 -160.0
v -1632.0 -768.0 -160.0
v -1536.0 -768.0 -160.0
v -1424.0 -656.0 -128.0
v -1424.0 -656.0 -160.0
v -1408.0 -640.0 -128.0
v -1408.0 -656.0 -128.0
v -1408.0 -640.0 -144.0
v -1408.0 -640.0 -160.0
v -1312.0 -768.0 -160.0
v -1424.0 -768.0 -160.0
v -1424.0 -736.0 -160.0
v -2304.0 -736.0 -160.0
v -2304.0 -656.0 -160.0
v -2080.0 -736.0 -160.0
v -1856.0 -736.0 -160.0
v -1632.0 -736.0 -160.0
v -1536.0 -1312.0 -160.0
v -1536.0 -1440.0 -160.0
v -1536.0 -1536.0 -160.0
v -1536.0 -1088.0 -160.0
v -1536.0 -1216.0 -160.0
v -1536.0 -864.0 -160.0
v -1536.0 -992.0 -160.0
v -1424.0 -1648.0 -160.0
v -1312.0 -1648.0 -160.0
v -1424.0 -1648.0 -128.0
v -1312.0 -992.0 -160.0
v -1312.0 -1216.0 -160.0
v -1312.0 -1440.0 -160.0
v -1536.0 -1648.0 -160.0
v -1408.0 -1664.0 -128.0
v -1424.0 -1664.0 -128.0
v -1408.0 -1664.0 -144.0
v -1408.0 -1664.0 -160.0
v -1536.0 -1760.0 -160.0
v -2080.0 -1536.0 -160.0
v -1856.0 -1536.0 -160.0
v -1632.0 -1536.0 -160.0
v -2304.0 -1760.0 -160.0
v -2304.0 -1648.0 -160.0
v -2304.0 -1552.0 -160.0
v -2080.0 -1760.0 -160.0
v -1856.0 -1760.0 -160.0
v -1632.0 -1760.0 -160.0
v -2432.0 -1664.0 -128.0
v -2560.0 -1664.0 -128.0
v -2560.0 -1648.0 -128.0
v -2432.0 -1648.0 -128.0
v -2432.0 -640.0 -128.0
v -2416.0 -640.0 -128.0
v -2560.0 -656.0 -128.0
v -2560.0 -640.0 -128.0
v -2416.0 -656.0 -128.0
v -2416.0 -1648.0 -128.0
v -2560.0 -1568.0 160.0
v -2560.0 -1568.0 -64.0
v -2560.0 -1568.0 -128.0
v -2560.0 -1344.0 160.0
v -2560.0 -1344.0 -64.0
v -2560.0 -1344.0 -128.0
v -2560.0 -1424.0 -128.0
v -2560.0 -1120.0 160.0
v -2560.0 -1120.0 -64.0
v -2560.0 -1120.0 -128.0
v -2560.0 -1200.0 -128.0
v -2560.0 -896.0 160.0
v -2560.0 -896.0 -64.0
v -2560.0 -896.0 -128.0
v -2560.0 -976.0 -128.0
v -2560.0 -672.0 160.0
v -2560.0 -672.0 -64.0
v -2560.0 -672.0 -128.0
v -2560.0 -752.0 -128.0
v -2416.0 -656.0 -160.0
v -2560.0 -656.0 -160.0
v -2432.0 -640.0 -144.0
v -2432.0 -640.0 -160.0
v -2336.0 -656.0 -160.0
v -2560.0 -640.0 -144.0
v -2560.0 -640.0 -160.0
v -2416.0 -1648.0 -160.0
v -2560.0 -1648.0 -160.0
v -2560.0 -1424.0 -160.0
v -2560.0 -1552.0 -160.0
v -2560.0 -1200.0 -160.0
v -2560.0 -1328.0 -160.0
v -2560.0 -976.0 -160.0
v -2560.0 -1104.0 -160.0
v -2560.0 -752.0 -160.0
v -2560.0 -880.0 -160.0
v -2336.0 -880.0 -160.0
v -2336.0 -1104.0 -160.0
v -2336.0 -1328.0 -160.0
v -2336.0 -1552.0 -160.0
v -2336.0 -1648.0 -160.0
v -2432.0 -1664.0 -160.0
v -2432.0 -1664.0 -144.0
v -2560.0 -1664.0 -160.0
v -2560.0 -1664.0 -144.0
v -2560.0 -512.0 -448.0
v -2336.0 -512.0 -448.0
v -2560.0 -512.0 -672.0
v -2336.0 -512.0 -672.0
v -2336.0 -512.0 -896.0
v -2560.0 -512.0 -896.0
v -2112.0 -512.0 -448.0
v -2112.0 -512.0 -672.0
v -2112.0 -512.0 -896.0
v -2176.0 -512.0 -896.0
v -2304.0 -512.0 -896.0
v -1888.0 -512.0 -448.0
v -1888.0 -512.0 -672.0
v -1888.0 -512.0 -896.0
v -1952.0 -512.0 -896.0
v -1664.0 -512.0 -448.0
v -1664.0 -512.0 -672.0
v -1664.0 -512.0 -896.0
v -1728.0 -512.0 -896.0
v -1440.0 -512.0 -448.0
v -1440.0 -512.0 -672.0
v -1440.0 -512.0 -896.0
v -2560.0 -1792.0 -448.0
v -2336.0 -1792.0 -448.0
v -2560.0 -1792.0 -672.0
v -2336.0 -1792.0 -672.0
v -2560.0 -1792.0 -896.0
v -2336.0 -1792.0 -896.0
v -2112.0 -1792.0 -448.0
v -2112.0 -1792.0 -672.0
v -2304.0 -1792.0 -896.0
v -2112.0 -1792.0 -896.0
v -1888.0 -1792.0 -448.0
v -1888.0 -1792.0 -672.0
v -2080.0 -1792.0 -896.0
v -1888.0 -1792.0 -896.0
v -1664.0 -1792.0 -448.0
v -1664.0 -1792.0 -672.0
v -1856.0 -1792.0 -896.0
v -1664.0 -1792.0 -896.0
v -1440.0 -1792.0 -448.0
v -1440.0 -1792.0 -672.0
v -1632.0 -1792.0 -896.0
v -1536.0 -1792.0 -896.0
v -1440.0 -1792.0 -896.0
v -1312.0 -1792.0 -896.0
v -2560.0 -1568.0 -448.0
v -2560.0 -1568.0 -672.0
v -2560.0 -1568.0 -896.0
v -2560.0 -1632.0 -896.0
v -2560.0 -1344.0 -448.0
v -2560.0 -1344.0 -672.0
v -2560.0 -1344.0 -896.0
v -2560.0 -1408.0 -896.0
v -2560.0 -1120.0 -448.0
v -2560.0 -1120.0 -672.0
v -2560.0 -1120.0 -896.0
v -2560.0 -1184.0 -896.0
v -2560.0 -896.0 -448.0
v -2560.0 -896.0 -672.0
v -2560.0 -896.0 -896.0
v -2560.0 -960.0 -896.0
v -2560.0 -672.0 -448.0
v -2560.0 -672.0 -672.0
v -2560.0 -672.0 -896.0
v -2560.0 -736.0 -896.0
v -2048.0 -1248.0 -832.0
v -2048.0 -1120.0 -832.0
v -2048.0 -1024.0 -832.0
v -1952.0 -1024.0 -832.0
v -1824.0 -1024.0 -832.0
v -1824.0 -1248.0 -832.0
v -1824.0 -1280.0 -832.0
v -1952.0 -1280.0 -832.0
v -2048.0 -1280.0 -832.0
v -1792.0 -1024.0 -832.0
v -1792.0 -1120.0 -832.0
v -1792.0 -1248.0 -832.0
v -1792.0 -1280.0 -832.0
v -2336.0 -736.0 -896.0
v -2336.0 -960.0 -896.0
v -2336.0 -1184.0 -896.0
v -2336.0 -1408.0 -896.0
v -2336.0 -1632.0 -896.0
v -2304.0 -736.0 -896.0
v -2304.0 -960.0 -896.0
v -2304.0 -1184.0 -896.0
v -2304.0 -1408.0 -896.0
v -2304.0 -1536.0 -896.0
v -2304.0 -1632.0 -896.0
v -2304.0 -1760.0 -896.0
v -2176.0 -1536.0 -896.0
v -2080.0 -1536.0 -896.0
v -2080.0 -1760.0 -896.0
v -1952.0 -1536.0 -896.0
v -1856.0 -1536.0 -896.0
v -1856.0 -1760.0 -896.0
v -1728.0 -1536.0 -896.0
v -1664.0 -1536.0 -896.0
v -1632.0 -1536.0 -896.0
v -1632.0 -1760.0 -896.0
v -1536.0 -1536.0 -896.0
v -1536.0 -1664.0 -896.0
v -1536.0 -1760.0 -896.0
v -1664.0 -992.0 -896.0
v -1664.0 -896.0 -896.0
v -1664.0 -768.0 -896.0
v -1536.0 -768.0 -896.0
v -1536.0 -992.0 -896.0
v -1664.0 -1216.0 -896.0
v -1664.0 -1120.0 -896.0
v -1536.0 -1216.0 -896.0
v -1664.0 -1440.0 -896.0
v -1664.0 -1408.0 -896.0
v -1664.0 -1344.0 -896.0
v -1536.0 -1440.0 -896.0
v -2176.0 -1408.0 -896.0
v -1952.0 -1408.0 -896.0
v -1728.0 -1408.0 -896.0
v -1440.0 -768.0 -896.0
v -1312.0 -768.0 -896.0
v -1312.0 -992.0 -896.0
v -1312.0 -1216.0 -896.0
v -1312.0 -1440.0 -896.0
v -1312.0 -1664.0 -896.0
v -2176.0 -736.0 -896.0
v -2176.0 -896.0 -896.0
v -2176.0 -960.0 -896.0
v -2176.0 -1120.0 -896.0
v -2176.0 -1184.0 -896.0
v -2176.0 -1344.0 -896.0
v -1952.0 -736.0 -896.0
v -1952.0 -896.0 -896.0
v -1728.0 -736.0 -896.0
v -1728.0 -896.0 -896.0
v -1664.0 -736.0 -896.0
v -1440.0 -736.0 -896.0
v -2112.0 -1344.0 -864.0
v -1728.0 -1344.0 -864.0
v -1728.0 -960.0 -864.0
f 1 2 3
f 1 3 4
f 5 1 4
f 5 4 6
f 7 5 6
f 7 6 8
f 9 7 8
f 9 8 10
f 11 9 10
f 11 10 12
f 13 11 12
f 13 12 14
f 15 16 13
f 15 13 14
f 17 18 19
f 17 19 20
f 21 17 20
f 21 20 22
f 23 21 22
f 23 22 24
f 25 23 24
f 25 24 26
f 4 3 25
f 4 25 26
f 20 19 27
f 20 27 28
f 22 20 28
f 22 28 29
f 24 22 29
f 24 29 30
f 26 24 30
f 26 30 31
f 6 4 26
f 6 26 31
f 28 27 32
f 28 32 33
f 29 28 33
f 29 33 34
f 30 29 34
f 30 34 35
f 31 30 35
f 31 35 36
f 8 6 31
f 8 31 36
f 33 32 37
f 33 37 38
f 34 33 38
f 34 38 39
f 35 34 39
f 35 39 40
f 36 35 40
f 36 40 41
f 10 8 36
f 10 36 41
f 38 37 42
f 38 42 43
f 39 38 43
f 39 43 44
f 40 39 44
f 40 44 45
f 41 40 45
f 41 45 46
f 12 10 41
f 12 41 46
f 43 42 47
f 43 47 48
f 44 43 48
f 44 48 49
f 45 44 49
f 45 49 50
f 46 45 50
f 46 50 51
f 14 12 46
f 14 46 51
f 52 53 48
f 52 48 47
f 53 54 49
f 53 49 48
f 54 55 50
f 54 50 49
f 55 56 51
f 55 51 50
f 56 15 14
f 56 14 51
f 57 52 47
f 57 47 42
f 57 42 37
f 57 37 32
f 57 32 27
f 57 27 19
f 57 19 18
f 57 18 58
f 59 60 61
f 59 61 62
f 59 62 63
f 59 63 64
f 59 64 65
f 66 67 68
f 66 68 69
f 66 69 70
f 66 70 71
f 66 71 72
f 66 72 73
f 66 73 74
f 66 74 75
f 76 74 73
f 76 73 77
f 78 76 77
f 78 77 79
f 80 78 79
f 80 79 81
f 82 80 81
f 82 81 83
f 84 85 82
f 84 82 83
f 77 73 72
f 77 72 86
f 79 77 86
f 79 86 87
f 81 79 87
f 81 87 88
f 83 81 88
f 83 88 89
f 90 84 83
f 90 83 89
f 86 72 71
f 86 71 91
f 87 86 91
f 87 91 92
f 88 87 92
f 88 92 93
f 89 88 93
f 89 93 94
f 95 90 89
f 95 89 94
f 91 71 70
f 91 70 96
f 92 91 96
f 92 96 97
f 93 92 97
f 93 97 98
f 94 93 98
f 94 98 99
f 100 95 94
f 100 94 99
f 96 70 69
f 96 69 101
f 97 96 101
f 97 101 102
f 98 97 102
f 98 102 103
f 99 98 103
f 99 103 104
f 105 100 99
f 105 99 104
f 101 69 68
f 101 68 106
f 102 101 106
f 102 106 107
f 103 102 107
f 103 107 108
f 104 103 108
f 104 108 109
f 110 105 104
f 110 104 109
f 67 111 106
f 67 106 68
f 111 112 107
f 111 107 106
f 112 113 108
f 112 108 107
f 113 114 109
f 113 109 108
f 114 115 110
f 114 110 109
f 116 117 85
f 116 85 84
f 118 116 84
f 118 84 90
f 119 118 90
f 119 90 95
f 120 119 95
f 120 95 100
f 121 120 100
f 121 100 105
f 122 121 105
f 122 105 110
f 115 123 122
f 115 122 110
f 124 125 126
f 124 126 127
f 124 127 128
f 127 129 130
f 127 130 131
f 127 131 128
f 132 133 124
f 132 124 128
f 134 132 128
f 134 128 131
f 135 136 137
f 135 137 138
f 139 140 141
f 139 141 142
f 139 142 135
f 139 135 138
f 143 144 145
f 143 145 146
f 143 146 67
f 143 67 66
f 143 66 147
f 143 147 148
f 143 148 149
f 143 149 150
f 149 151 152
f 149 152 150
f 151 153 154
f 151 154 155
f 151 155 152
f 154 156 157
f 154 157 158
f 154 158 155
f 157 159 160
f 157 160 161
f 157 161 158
f 144 143 150
f 144 150 162
f 150 152 163
f 150 163 162
f 152 155 164
f 152 164 163
f 155 158 165
f 155 165 164
f 158 161 166
f 158 166 165
f 145 144 162
f 145 162 167
f 162 163 168
f 162 168 167
f 163 164 169
f 163 169 168
f 164 165 170
f 164 170 169
f 165 166 171
f 165 171 170
f 146 145 167
f 146 167 172
f 167 168 173
f 167 173 172
f 168 169 174
f 168 174 173
f 169 170 175
f 169 175 174
f 170 171 176
f 170 176 175
f 67 146 172
f 67 172 111
f 172 173 112
f 172 112 111
f 173 174 113
f 173 113 112
f 174 175 114
f 174 114 113
f 175 176 115
f 175 115 114
f 161 160 177
f 161 177 178
f 161 178 179
f 166 161 179
f 166 179 180
f 166 180 181
f 171 166 181
f 171 181 182
f 171 182 183
f 176 171 183
f 176 183 184
f 176 184 185
f 123 115 176
f 123 176 185
f 75 74 186
f 75 186 187
f 75 187 188
f 75 188 189
f 75 189 190
f 75 190 191
f 192 190 189
f 192 189 193
f 194 192 193
f 194 193 195
f 196 194 195
f 196 195 197
f 198 196 197
f 198 197 199
f 200 201 198
f 200 198 199
f 193 189 188
f 193 188 202
f 195 193 202
f 195 202 203
f 197 195 203
f 197 203 204
f 199 197 204
f 199 204 205
f 206 200 199
f 206 199 205
f 202 188 187
f 202 187 207
f 203 202 207
f 203 207 208
f 204 203 208
f 204 208 209
f 205 204 209
f 205 209 210
f 211 206 205
f 211 205 210
f 207 187 186
f 207 186 212
f 208 207 212
f 208 212 213
f 209 208 213
f 209 213 214
f 210 209 214
f 210 214 215
f 216 211 210
f 216 210 215
f 74 76 212
f 74 212 186
f 76 78 213
f 76 213 212
f 78 80 214
f 78 214 213
f 80 82 215
f 80 215 214
f 82 85 216
f 82 216 215
f 217 218 219
f 217 219 201
f 217 201 200
f 220 221 217
f 220 217 200
f 220 200 206
f 222 223 220
f 222 220 206
f 222 206 211
f 224 225 222
f 224 222 211
f 224 211 216
f 85 117 224
f 85 224 216
f 84 90 95
f 84 95 100
f 84 100 105
f 84 105 110
f 84 110 115
f 84 115 176
f 84 176 171
f 84 171 166
f 84 166 161
f 84 161 160
f 84 160 226
f 84 226 227
f 84 227 228
f 84 228 229
f 84 229 230
f 84 230 231
f 84 231 232
f 84 232 233
f 84 233 234
f 84 234 235
f 84 235 201
f 84 201 200
f 84 200 206
f 84 206 211
f 84 211 216
f 84 216 85
f 235 234 233
f 235 233 232
f 235 232 231
f 235 231 230
f 235 230 229
f 235 229 228
f 235 228 227
f 235 227 226
f 235 226 160
f 235 160 161
f 235 161 166
f 235 166 171
f 235 171 176
f 235 176 115
f 235 115 110
f 235 110 105
f 235 105 100
f 235 100 95
f 235 95 90
f 235 90 84
f 235 84 85
f 235 85 216
f 235 216 211
f 235 211 206
f 235 206 200
f 235 200 201
f 236 237 238
f 236 238 239
f 236 239 240
f 236 240 241
f 236 241 242
f 236 242 148
f 236 148 143
f 236 143 144
f 236 144 145
f 236 145 146
f 236 146 67
f 236 67 68
f 236 68 69
f 236 69 70
f 236 70 71
f 236 71 72
f 236 72 73
f 236 73 74
f 236 74 186
f 236 186 187
f 236 187 188
f 236 188 189
f 236 189 190
f 73 72 71
f 73 71 70
f 73 70 69
f 73 69 68
f 73 68 67
f 73 67 146
f 73 146 145
f 73 145 144
f 73 144 143
f 73 143 148
f 73 148 242
f 73 242 241
f 73 241 240
f 73 240 239
f 73 239 238
f 73 238 237
f 73 237 236
f 73 236 190
f 73 190 189
f 73 189 188
f 73 188 187
f 73 187 186
f 73 186 74
f 236 237 238
f 236 238 239
f 236 239 240
f 236 240 241
f 236 241 242
f 236 242 148
f 236 148 147
f 236 147 191
f 236 191 190
f 147 66 75
f 147 75 191
f 243 244 245
f 243 245 246
f 243 246 247
f 243 247 248
f 249 250 243
f 249 243 248
f 249 248 251
f 249 251 252
f 253 254 255
f 253 255 256
f 253 256 249
f 253 249 252
f 257 258 259
f 257 259 260
f 257 260 261
f 257 261 262
f 263 264 257
f 263 257 262
f 263 262 265
f 263 265 266
f 246 245 263
f 246 263 266
f 267 268 269
f 267 269 270
f 267 270 271
f 272 273 267
f 272 267 271
f 272 271 274
f 275 276 272
f 275 272 274
f 277 278 279
f 277 279 280
f 277 280 281
f 282 277 281
f 282 281 283
f 282 283 284
f 285 286 282
f 285 282 284
f 287 288 278
f 287 278 277
f 287 277 289
f 277 282 290
f 277 290 289
f 282 286 291
f 282 291 292
f 282 292 293
f 282 293 294
f 282 294 295
f 282 295 290
f 292 296 297
f 292 297 298
f 292 298 299
f 292 299 293
f 297 300 301
f 297 301 302
f 297 302 303
f 297 303 298
f 301 137 136
f 301 136 302
f 251 248 247
f 251 247 279
f 251 279 278
f 251 278 288
f 253 252 251
f 253 251 288
f 253 288 287
f 253 287 270
f 269 254 253
f 269 253 270
f 271 270 287
f 271 287 289
f 274 271 289
f 274 289 290
f 295 275 274
f 295 274 290
f 280 279 247
f 280 247 246
f 280 246 266
f 280 266 265
f 283 281 280
f 283 280 265
f 283 265 262
f 283 262 261
f 260 285 284
f 260 284 283
f 260 283 261
f 127 126 304
f 127 304 305
f 127 305 306
f 307 308 129
f 307 129 127
f 307 127 306
f 306 305 309
f 306 309 310
f 306 310 311
f 312 313 307
f 312 307 306
f 312 306 311
f 311 310 314
f 311 314 315
f 311 315 316
f 317 318 312
f 317 312 311
f 317 311 316
f 319 320 321
f 319 321 316
f 319 316 315
f 321 259 317
f 321 317 316
f 239 238 319
f 239 319 322
f 240 239 322
f 240 322 323
f 324 325 241
f 324 241 240
f 324 240 323
f 326 327 325
f 326 325 324
f 326 324 328
f 329 276 330
f 329 330 331
f 329 331 332
f 329 332 326
f 329 326 328
f 242 241 325
f 242 325 327
f 242 327 333
f 327 326 332
f 327 332 334
f 327 334 333
f 332 331 335
f 332 335 336
f 332 336 334
f 149 148 242
f 149 242 333
f 151 149 333
f 151 333 334
f 153 151 334
f 153 334 336
f 273 272 276
f 273 276 329
f 273 329 337
f 273 337 338
f 268 267 273
f 268 273 338
f 268 338 339
f 268 339 340
f 341 255 254
f 341 254 269
f 341 269 268
f 341 268 340
f 342 341 340
f 342 340 339
f 342 339 343
f 339 338 337
f 339 337 344
f 339 344 343
f 337 329 345
f 337 345 344
f 346 347 348
f 346 348 349
f 346 349 350
f 349 351 352
f 349 352 353
f 349 353 350
f 351 354 355
f 351 355 352
f 348 342 343
f 348 343 349
f 343 344 351
f 343 351 349
f 344 345 354
f 344 354 351
f 348 347 244
f 348 244 243
f 348 243 250
f 342 348 250
f 342 250 249
f 342 249 256
f 255 341 342
f 255 342 256
f 264 263 245
f 264 245 244
f 264 244 347
f 264 347 346
f 258 257 264
f 258 264 346
f 258 346 350
f 258 350 353
f 259 258 353
f 259 353 352
f 259 352 355
f 317 259 355
f 317 355 318
f 356 318 355
f 356 355 354
f 356 354 357
f 313 312 356
f 313 356 357
f 313 357 358
f 308 307 313
f 308 313 358
f 308 358 359
f 130 129 308
f 130 308 359
f 345 360 361
f 345 361 357
f 345 357 354
f 361 362 363
f 361 363 358
f 361 358 357
f 363 364 365
f 363 365 359
f 363 359 358
f 365 134 131
f 365 131 130
f 365 130 359
f 329 366 360
f 329 360 345
f 367 368 314
f 367 314 310
f 367 310 309
f 367 309 369
f 309 305 304
f 309 304 370
f 309 370 369
f 304 126 125
f 304 125 370
f 371 372 373
f 371 373 367
f 371 367 369
f 374 375 371
f 374 371 369
f 374 369 370
f 124 133 374
f 124 374 370
f 124 370 125
f 371 376 377
f 371 377 372
f 322 319 314
f 322 314 368
f 323 322 368
f 323 368 367
f 323 367 373
f 372 377 324
f 372 324 323
f 372 323 373
f 375 374 133
f 375 133 132
f 375 132 378
f 132 134 365
f 132 365 364
f 132 364 378
f 376 371 375
f 376 375 378
f 376 378 379
f 378 364 363
f 378 363 362
f 378 362 379
f 380 377 376
f 380 376 379
f 380 379 381
f 379 362 361
f 379 361 366
f 379 366 381
f 328 324 380
f 328 380 381
f 329 328 381
f 329 381 366
f 382 383 384
f 382 384 385
f 382 385 386
f 382 386 387
f 382 387 388
f 382 388 389
f 390 391 392
f 390 392 393
f 390 393 394
f 390 394 395
f 389 388 390
f 389 390 395
f 303 302 136
f 303 136 135
f 303 135 396
f 135 142 397
f 135 397 398
f 135 398 396
f 299 298 303
f 299 303 396
f 299 396 399
f 396 398 400
f 396 400 401
f 396 401 399
f 294 293 299
f 294 299 399
f 294 399 402
f 399 401 403
f 399 403 404
f 399 404 402
f 405 295 294
f 405 294 402
f 393 405 402
f 393 402 404
f 330 276 275
f 330 275 295
f 330 295 405
f 330 405 406
f 405 393 392
f 405 392 407
f 405 407 408
f 405 408 406
f 407 231 230
f 407 230 229
f 407 229 408
f 335 331 330
f 335 330 406
f 335 406 409
f 406 408 410
f 406 410 409
f 408 229 228
f 408 228 227
f 408 227 410
f 156 154 153
f 156 153 336
f 156 336 335
f 156 335 409
f 159 157 156
f 159 156 409
f 159 409 410
f 226 160 159
f 226 159 410
f 226 410 227
f 387 386 411
f 387 411 412
f 413 414 412
f 413 412 411
f 413 411 415
f 413 415 416
f 417 418 419
f 417 419 413
f 417 413 416
f 391 390 388
f 391 388 387
f 391 387 412
f 391 412 414
f 413 419 392
f 413 392 391
f 413 391 414
f 415 411 386
f 415 386 385
f 415 385 420
f 415 420 421
f 422 417 416
f 422 416 415
f 422 415 421
f 138 137 301
f 138 301 300
f 138 300 423
f 424 425 139
f 424 139 138
f 424 138 423
f 423 300 297
f 423 297 296
f 423 296 426
f 427 428 424
f 427 424 423
f 427 423 426
f 426 296 292
f 426 292 291
f 426 291 429
f 430 431 427
f 430 427 426
f 430 426 429
f 286 432 429
f 286 429 291
f 432 433 430
f 432 430 429
f 434 435 433
f 434 433 422
f 434 422 421
f 434 421 420
f 385 384 434
f 385 434 420
f 434 384 383
f 434 383 436
f 434 436 437
f 434 437 435
f 437 438 439
f 437 439 431
f 437 431 430
f 437 430 433
f 437 433 435
f 439 440 441
f 439 441 428
f 439 428 427
f 439 427 431
f 441 442 443
f 441 443 425
f 441 425 424
f 441 424 428
f 443 444 140
f 443 140 139
f 443 139 425
f 445 382 389
f 445 389 395
f 445 395 394
f 445 394 446
f 394 393 404
f 394 404 403
f 394 403 447
f 394 447 448
f 394 448 446
f 403 401 400
f 403 400 449
f 403 449 450
f 403 450 447
f 400 398 397
f 400 397 451
f 400 451 452
f 400 452 449
f 397 142 141
f 397 141 453
f 397 453 451
f 437 436 445
f 437 445 446
f 437 446 448
f 437 448 438
f 448 447 450
f 448 450 440
f 448 440 439
f 448 439 438
f 450 449 452
f 450 452 442
f 450 442 441
f 450 441 440
f 452 451 453
f 452 453 444
f 452 444 443
f 452 443 442
f 453 141 140
f 453 140 444
f 445 436 383
f 445 383 382
f 432 286 285
f 432 285 260
f 432 260 454
f 422 433 432
f 422 432 454
f 422 454 455
f 418 417 422
f 418 422 455
f 418 455 233
f 418 233 232
f 407 392 419
f 407 419 418
f 407 418 232
f 407 232 231
f 456 236 190
f 456 190 192
f 457 456 192
f 457 192 194
f 458 457 194
f 458 194 196
f 459 458 196
f 459 196 198
f 201 235 459
f 201 459 198
f 460 237 236
f 460 236 456
f 461 460 456
f 461 456 457
f 462 463 461
f 462 461 457
f 462 457 458
f 464 465 466
f 464 466 462
f 464 462 458
f 464 458 459
f 235 234 464
f 235 464 459
f 455 465 464
f 455 464 234
f 455 234 233
f 260 463 462
f 260 462 466
f 260 466 454
f 466 465 455
f 466 455 454
f 319 238 237
f 319 237 460
f 319 460 320
f 460 461 259
f 460 259 321
f 460 321 320
f 461 463 260
f 461 260 259
f 235 201 219
f 235 219 467
f 233 234 235
f 233 235 467
f 233 467 468
f 232 233 468
f 232 468 469
f 230 231 232
f 230 232 469
f 230 469 470
f 228 229 230
f 228 230 470
f 228 470 471
f 226 227 228
f 226 228 471
f 226 471 472
f 177 160 226
f 177 226 472
f 225 224 117
f 225 117 116
f 225 116 473
f 223 222 225
f 223 225 473
f 223 473 474
f 221 220 223
f 221 223 474
f 221 474 475
f 218 217 221
f 218 221 475
f 218 475 476
f 467 219 218
f 467 218 476
f 473 116 118
f 473 118 477
f 474 473 477
f 474 477 478
f 475 474 478
f 475 478 479
f 476 475 479
f 476 479 480
f 468 467 476
f 468 476 480
f 477 118 119
f 477 119 481
f 478 477 481
f 478 481 482
f 479 478 482
f 479 482 483
f 480 479 483
f 480 483 484
f 469 468 480
f 469 480 484
f 481 119 120
f 481 120 485
f 482 481 485
f 482 485 486
f 483 482 486
f 483 486 487
f 484 483 487
f 484 487 488
f 470 469 484
f 470 484 488
f 485 120 121
f 485 121 489
f 486 485 489
f 486 489 490
f 487 486 490
f 487 490 491
f 488 487 491
f 488 491 492
f 471 470 488
f 471 488 492
f 489 121 122
f 489 122 493
f 490 489 493
f 490 493 494
f 491 490 494
f 491 494 495
f 492 491 495
f 492 495 496
f 472 471 492
f 472 492 496
f 123 185 184
f 123 184 493
f 123 493 122
f 184 183 182
f 184 182 494
f 184 494 493
f 182 181 180
f 182 180 495
f 182 495 494
f 180 179 178
f 180 178 496
f 180 496 495
f 178 177 472
f 178 472 496
f 497 498 499
f 497 499 500
f 497 500 501
f 497 501 502
f 497 502 503
f 504 505 506
f 504 506 507
f 504 507 508
f 509 510 504
f 509 504 508
f 509 508 511
f 512 513 509
f 512 509 511
f 512 511 514
f 515 516 517
f 515 517 518
f 515 518 512
f 515 512 514
f 519 520 517
f 519 517 516
f 519 516 521
f 519 521 522
f 523 524 519
f 523 519 522
f 523 522 525
f 523 525 526
f 527 528 523
f 527 523 526
f 527 526 529
f 527 529 530
f 531 532 533
f 531 533 527
f 531 527 530
f 534 535 506
f 534 506 505
f 534 505 536
f 534 536 537
f 538 539 534
f 538 534 537
f 538 537 540
f 538 540 541
f 542 543 538
f 542 538 541
f 542 541 544
f 542 544 545
f 546 547 548
f 546 548 542
f 546 542 545
f 549 550 547
f 549 547 546
f 549 546 551
f 552 553 549
f 552 549 551
f 552 551 554
f 555 556 552
f 555 552 554
f 555 554 557
f 533 532 555
f 533 555 557
f 558 559 548
f 558 548 547
f 558 547 550
f 560 558 550
f 560 550 549
f 560 549 553
f 561 560 553
f 561 553 552
f 561 552 556
f 555 532 531
f 555 531 562
f 555 562 561
f 555 561 556
f 499 498 507
f 499 507 506
f 499 506 535
f 500 499 535
f 500 535 534
f 500 534 539
f 501 500 539
f 501 539 538
f 501 538 543
f 542 548 502
f 542 502 501
f 542 501 543
f 521 516 515
f 521 515 64
f 521 64 63
f 525 522 521
f 525 521 63
f 525 63 62
f 529 526 525
f 529 525 62
f 529 62 61
f 60 531 530
f 60 530 529
f 60 529 61
f 508 507 563
f 508 563 564
f 511 508 564
f 511 564 565
f 514 511 565
f 514 565 566
f 567 515 514
f 567 514 566
f 568 569 570
f 568 570 571
f 570 531 532
f 570 532 555
f 570 555 556
f 570 556 552
f 570 552 553
f 570 553 549
f 570 549 550
f 570 550 547
f 570 547 548
f 570 548 569
f 569 548 547
f 569 547 550
f 569 550 549
f 569 549 553
f 569 553 552
f 569 552 556
f 569 556 555
f 569 555 532
f 569 532 531
f 569 531 570
f 570 531 60
f 570 60 59
f 503 502 548
f 503 548 569
f 572 573 569
f 572 569 568
f 573 507 506
f 573 506 535
f 573 535 534
f 573 534 539
f 573 539 538
f 573 538 543
f 573 543 542
f 573 542 548
f 573 548 569
f 569 548 542
f 569 542 543
f 569 543 538
f 569 538 539
f 569 539 534
f 569 534 535
f 569 535 506
f 569 506 507
f 569 507 573
f 574 563 507
f 574 507 573
f 573 507 508
f 573 508 511
f 573 511 514
f 573 514 515
f 573 515 575
f 575 515 514
f 575 514 511
f 575 511 508
f 575 508 507
f 575 507 573
f 65 64 515
f 65 515 575
f 576 575 573
f 576 573 572
f 575 515 567
f 575 567 577
f 577 574 573
f 577 573 575
f 577 567 566
f 577 566 565
f 577 565 564
f 577 564 563
f 577 563 574
f 570 531 530
f 570 530 529
f 570 529 526
f 570 526 525
f 570 525 522
f 570 522 521
f 570 521 516
f 570 516 515
f 570 515 575
f 575 515 516
f 575 516 521
f 575 521 522
f 575 522 525
f 575 525 526
f 575 526 529
f 575 529 530
f 575 530 531
f 575 531 570
f 571 570 575
f 571 575 576
f 65 575 570
f 65 570 59
f 575 573 569
f 575 569 570
f 570 569 573
f 570 573 575
f 576 572 568
f 576 568 571
f 573 507 498
f 573 498 497
f 573 497 503
f 573 503 569
f 569 548 559
f 569 559 578
f 579 562 531
f 579 531 570
f 570 569 578
f 570 578 579
f 578 559 558
f 578 558 560
f 578 560 561
f 578 561 562
f 578 562 579
f 580 581 582
f 580 582 583
f 583 582 581
f 583 581 580
f 584 580 581
f 584 581 585
f 584 585 586
f 584 586 587
f 584 587 588
f 584 588 589
f 588 587 586
f 588 586 585
f 588 585 581
f 588 581 580
f 588 580 584
f 588 584 589
f 583 582 590
f 583 590 591
f 583 591 592
f 583 592 593
f 583 593 594
f 583 594 595
f 594 593 592
f 594 592 591
f 594 591 590
f 594 590 582
f 594 582 583
f 594 583 595
f 595 584 589
f 595 589 596
f 595 596 597
f 595 597 598
f 595 598 599
f 595 599 600
f 595 600 601
f 595 601 602
f 595 602 594
f 600 599 598
f 600 598 597
f 600 597 596
f 600 596 589
f 600 589 584
f 600 584 595
f 600 595 594
f 600 594 602
f 600 602 601
f 603 604 605
f 603 605 606
f 605 602 601
f 605 601 606
f 604 607 608
f 604 608 605
f 608 593 594
f 608 594 602
f 608 602 605
f 607 609 610
f 607 610 608
f 610 592 593
f 610 593 608
f 609 611 612
f 609 612 610
f 612 591 592
f 612 592 610
f 604 603 546
f 604 546 545
f 604 545 544
f 607 604 544
f 607 544 541
f 607 541 540
f 609 607 540
f 609 540 537
f 609 537 536
f 505 611 609
f 505 609 536
f 611 613 614
f 611 614 612
f 614 590 591
f 614 591 612
f 613 615 616
f 613 616 614
f 616 581 582
f 616 582 590
f 616 590 614
f 615 617 618
f 615 618 616
f 618 585 581
f 618 581 616
f 617 619 620
f 617 620 618
f 620 586 585
f 620 585 618
f 613 611 505
f 613 505 504
f 613 504 510
f 615 613 510
f 615 510 509
f 615 509 513
f 617 615 513
f 617 513 512
f 617 512 518
f 517 619 617
f 517 617 518
f 621 603 606
f 621 606 622
f 606 601 600
f 606 600 622
f 623 621 622
f 623 622 624
f 622 600 599
f 622 599 624
f 625 623 624
f 625 624 626
f 624 599 598
f 624 598 626
f 627 625 626
f 627 626 628
f 626 598 597
f 626 597 628
f 551 546 603
f 551 603 621
f 554 551 621
f 554 621 623
f 557 554 623
f 557 623 625
f 627 533 557
f 627 557 625
f 629 630 631
f 629 631 632
f 629 632 633
f 629 633 634
f 635 636 637
f 635 637 638
f 635 638 639
f 635 639 640
f 641 627 628
f 641 628 642
f 628 597 596
f 628 596 642
f 643 641 642
f 643 642 644
f 642 596 589
f 642 589 588
f 642 588 644
f 645 643 644
f 645 644 646
f 644 588 587
f 644 587 646
f 619 645 646
f 619 646 620
f 646 587 586
f 646 586 620
f 528 527 533
f 528 533 627
f 528 627 641
f 524 523 528
f 524 528 641
f 524 641 643
f 520 519 524
f 520 524 643
f 520 643 645
f 619 517 520
f 619 520 645
f 631 647 635
f 631 635 640
f 631 640 632
f 637 648 629
f 637 629 634
f 637 634 649
f 637 649 650
f 637 650 638
f 651 652 633
f 651 633 632
f 651 632 640
f 651 640 639
f 653 649 634
f 653 634 633
f 653 633 652
f 651 652 653
f 651 653 654
f 639 638 650
f 639 650 654
f 639 654 651
f 650 649 653
f 650 653 654
f 655 656 657
f 655 657 658
f 658 657 656
f 658 656 655
f 659 660 630
f 659 630 629
f 659 629 648
f 635 647 661
f 635 661 662
f 635 662 636
f 636 662 659
f 636 659 648
f 636 648 637
f 661 647 631
f 661 631 630
f 661 630 660
f 660 656 657
f 660 657 661
f 661 657 658
f 661 658 662
f 662 658 655
f 662 655 659
f 659 655 656
f 659 656 660
f 657 652 651
f 657 651 658
f 656 653 652
f 656 652 657
f 655 654 653
f 655 653 656
f 658 651 654
f 658 654 655
f 652 595 583
f 652 583 653
f 651 584 595
f 651 595 652
f 654 580 584
f 654 584 651
f 653 583 580
f 653 580 654
f 663 601 602
f 663 602 664
f 665 666 667
f 665 667 663
f 665 663 664
f 664 602 594
f 664 594 593
f 664 593 668
f 669 670 665
f 669 665 664
f 669 664 668
f 668 593 592
f 668 592 671
f 672 673 669
f 672 669 668
f 672 668 671
f 591 674 671
f 591 671 592
f 674 675 672
f 674 672 671
f 674 591 590
f 674 590 676
f 677 675 674
f 677 674 676
f 676 590 582
f 676 582 581
f 676 581 678
f 679 680 677
f 679 677 676
f 679 676 678
f 678 581 585
f 678 585 681
f 682 679 678
f 682 678 681
f 586 683 681
f 586 681 585
f 683 684 682
f 683 682 681
f 600 601 663
f 600 663 685
f 663 667 686
f 663 686 685
f 599 600 685
f 599 685 687
f 685 686 688
f 685 688 687
f 598 599 687
f 598 687 689
f 687 688 690
f 687 690 689
f 691 597 598
f 691 598 689
f 692 691 689
f 692 689 690
f 596 597 691
f 596 691 693
f 691 692 694
f 691 694 695
f 691 695 693
f 588 589 596
f 588 596 693
f 588 693 696
f 693 695 697
f 693 697 698
f 693 698 696
f 587 588 696
f 587 696 699
f 696 698 700
f 696 700 701
f 696 701 699
f 683 586 587
f 683 587 699
f 684 683 699
f 684 699 701
f 702 595 584
f 702 584 703
f 704 705 702
f 704 702 703
f 703 584 580
f 703 580 706
f 707 704 703
f 707 703 706
f 708 679 682
f 708 682 709
f 710 704 707
f 710 707 708
f 710 708 709
f 684 701 700
f 684 700 709
f 684 709 682
f 700 698 697
f 700 697 710
f 700 710 709
f 711 583 595
f 711 595 702
f 705 712 711
f 705 711 702
f 706 580 583
f 706 583 711
f 712 707 706
f 712 706 711
f 713 680 679
f 713 679 708
f 707 712 713
f 707 713 708
f 673 672 675
f 673 675 677
f 673 677 714
f 715 670 669
f 715 669 673
f 715 673 714
f 680 713 714
f 680 714 677
f 713 712 705
f 713 705 715
f 713 715 714
f 666 665 670
f 666 670 715
f 666 715 716
f 686 667 666
f 686 666 716
f 716 715 705
f 716 705 704
f 716 704 717
f 688 686 716
f 688 716 717
f 717 704 710
f 717 710 718
f 690 688 717
f 690 717 718
f 697 695 694
f 697 694 718
f 697 718 710
f 694 692 690
f 694 690 718
f 719 720 721
f 719 721 722
f 723 724 719
f 723 719 722
f 722 721 725
f 722 725 726
f 722 726 727
f 722 727 728
f 729 723 722
f 729 722 728
f 730 726 725
f 730 725 731
f 730 731 732
f 730 732 733
f 734 735 736
f 734 736 737
f 734 737 730
f 734 730 733
f 734 733 732
f 734 732 738
f 734 738 739
f 740 735 734
f 740 734 739
f 741 742 743
f 741 743 744
f 743 738 745
f 743 745 746
f 742 740 739
f 742 739 738
f 742 738 743
f 743 738 739
f 743 739 740
f 743 740 742
f 747 748 749
f 747 749 740
f 747 740 742
f 739 738 750
f 739 750 751
f 752 740 739
f 752 739 751
f 753 754 743
f 753 743 742
f 742 740 752
f 742 752 753
f 754 750 738
f 754 738 743
f 753 752 751
f 753 751 750
f 753 750 754
f 755 756 757
f 755 757 758
f 755 758 759
f 760 761 755
f 760 755 759
f 762 763 764
f 762 764 765
f 762 765 766
f 762 766 767
f 762 767 768
f 757 756 762
f 757 762 768
f 762 756 755
f 762 755 761
f 762 761 769
f 762 769 763
f 764 770 771
f 764 771 772
f 764 772 765
f 773 774 766
f 773 766 765
f 773 765 772
f 775 776 773
f 775 773 772
f 775 772 771
f 777 776 773
f 777 773 774
f 777 774 778
f 778 774 773
f 778 773 776
f 778 776 777
f 779 780 774
f 779 774 778
f 777 776 781
f 777 781 782
f 777 782 783
f 784 778 777
f 784 777 785
f 786 787 788
f 786 788 721
f 786 721 722
f 786 722 723
f 786 723 789
f 786 789 790
f 786 790 791
f 786 791 761
f 786 761 755
f 786 755 756
f 786 756 757
f 791 790 789
f 791 789 723
f 791 723 722
f 791 722 721
f 791 721 788
f 791 788 787
f 791 787 786
f 791 786 757
f 791 757 756
f 791 756 755
f 791 755 761
f 740 749 792
f 740 792 793
f 792 794 795
f 792 795 793
f 794 796 797
f 794 797 795
f 796 781 776
f 796 776 797
f 796 794 792
f 796 792 749
f 796 749 748
f 796 748 782
f 796 782 781
f 745 738 798
f 745 798 799
f 798 800 801
f 798 801 799
f 800 802 803
f 800 803 801
f 802 774 780
f 802 780 803
f 742 741 785
f 742 785 777
f 797 795 793
f 797 793 740
f 797 740 742
f 797 742 777
f 797 777 776
f 742 740 793
f 742 793 795
f 742 795 797
f 742 797 776
f 742 776 777
f 747 742 777
f 747 777 783
f 748 747 783
f 748 783 782
f 802 800 798
f 802 798 738
f 802 738 743
f 802 743 778
f 802 778 774
f 743 738 798
f 743 798 800
f 743 800 802
f 743 802 774
f 743 774 778
f 744 743 778
f 744 778 784
f 742 743 778
f 742 778 777
f 743 742 777
f 743 777 778
f 741 744 784
f 741 784 785
f 743 746 779
f 743 779 778
f 746 745 799
f 746 799 801
f 746 801 803
f 746 803 780
f 746 780 779
f 804 805 764
f 804 764 763
f 804 763 806
f 804 806 807
f 808 804 807
f 808 807 809
f 810 808 809
f 810 809 811
f 726 730 810
f 726 810 811
f 812 813 814
f 812 814 815
f 812 815 816
f 812 816 817
f 812 817 818
f 819 812 818
f 819 818 820
f 770 764 805
f 770 805 819
f 770 819 820
f 821 822 823
f 821 823 824
f 824 823 825
f 824 825 826
f 827 828 829
f 827 829 822
f 827 822 821
f 827 821 815
f 827 815 814
f 830 831 737
f 830 737 736
f 730 737 831
f 730 831 832
f 730 832 810
f 832 833 828
f 832 828 827
f 832 827 808
f 832 808 810
f 827 814 813
f 827 813 804
f 827 804 808
f 813 812 819
f 813 819 805
f 813 805 804
f 833 832 831
f 833 831 830
f 833 830 834
f 833 834 835
f 829 828 833
f 829 833 835
f 829 835 836
f 837 838 839
f 837 839 840
f 837 840 841
f 837 841 842
f 797 776 775
f 797 775 843
f 795 797 843
f 795 843 841
f 795 841 840
f 793 795 840
f 793 840 839
f 793 839 844
f 845 735 740
f 845 740 793
f 845 793 844
f 823 822 846
f 823 846 847
f 848 825 823
f 848 823 847
f 829 836 839
f 829 839 838
f 845 844 839
f 845 839 836
f 845 836 835
f 845 835 834
f 830 736 735
f 830 735 845
f 830 845 834
f 846 822 829
f 846 829 838
f 846 838 837
f 849 842 841
f 849 841 816
f 849 816 815
f 842 849 850
f 842 850 846
f 842 846 837
f 815 821 850
f 815 850 849
f 847 846 850
f 847 850 851
f 848 847 851
f 848 851 852
f 824 826 852
f 824 852 851
f 850 821 824
f 850 824 851
f 851 847 823
f 851 823 824
f 824 823 847
f 824 847 851
f 826 825 848
f 826 848 852
f 843 775 771
f 843 771 770
f 843 770 820
f 843 820 818
f 843 818 817
f 841 843 817
f 841 817 816
f 853 854 855
f 853 855 769
f 853 769 761
f 853 761 791
f 856 857 853
f 856 853 791
f 856 791 790
f 858 859 856
f 858 856 790
f 858 790 789
f 723 729 860
f 723 860 858
f 723 858 789
f 858 860 861
f 858 861 862
f 858 862 863
f 858 863 859
f 863 864 865
f 863 865 857
f 863 857 856
f 863 856 859
f 865 866 867
f 865 867 854
f 865 854 853
f 865 853 857
f 867 868 855
f 867 855 854
f 861 727 726
f 861 726 811
f 861 811 862
f 811 809 864
f 811 864 863
f 811 863 862
f 809 807 866
f 809 866 865
f 809 865 864
f 807 806 868
f 807 868 867
f 807 867 866
f 729 728 727
f 729 727 861
f 729 861 860
f 855 868 806
f 855 806 763
f 855 763 769
f 767 766 774
f 767 774 802
f 767 802 869
f 786 757 768
f 786 768 767
f 786 767 869
f 869 802 800
f 869 800 870
f 787 786 869
f 787 869 870
f 870 800 798
f 870 798 871
f 788 787 870
f 788 870 871
f 738 732 731
f 738 731 871
f 738 871 798
f 731 725 721
f 731 721 788
f 731 788 871
f 791 761 760
f 791 760 872
f 790 791 872
f 790 872 873
f 789 790 873
f 789 873 874
f 724 723 789
f 724 789 874
f 875 758 757
f 875 757 786
f 876 875 786
f 876 786 787
f 877 876 787
f 877 787 788
f 721 720 877
f 721 877 788
f 720 719 878
f 720 878 877
f 878 879 876
f 878 876 877
f 879 880 875
f 879 875 876
f 880 759 758
f 880 758 875
f 719 724 874
f 719 874 878
f 874 873 879
f 874 879 878
f 873 872 880
f 873 880 879
f 872 760 759
f 872 759 880
f 881 882 774
f 881 774 773
f 776 883 881
f 776 881 773
f 777 778 884
f 777 884 885
f 885 883 776
f 885 776 777
f 778 774 882
f 778 882 884
f 884 882 881
f 884 881 883
f 884 883 885
f 886 887 888
f 886 888 889
f 886 889 890
f 889 891 892
f 889 892 890
f 893 894 886
f 893 886 890
f 893 890 895
f 890 892 896
f 890 896 895
f 897 898 893
f 897 893 895
f 897 895 899
f 895 896 900
f 895 900 899
f 901 902 897
f 901 897 899
f 901 899 903
f 899 900 904
f 899 904 903
f 905 906 901
f 905 901 903
f 905 903 907
f 903 904 908
f 903 908 907
f 909 910 905
f 909 905 907
f 909 907 911
f 907 908 912
f 907 912 911
f 913 914 909
f 913 909 911
f 913 911 915
f 911 912 916
f 911 916 915
f 917 918 913
f 917 913 915
f 917 915 919
f 915 916 920
f 915 920 919
f 921 922 917
f 921 917 919
f 921 919 923
f 919 920 924
f 919 924 923
f 925 926 921
f 925 921 923
f 925 923 927
f 923 924 928
f 923 928 927
f 929 930 925
f 929 925 927
f 929 927 931
f 927 928 932
f 927 932 931
f 933 934 929
f 933 929 931
f 933 931 935
f 931 932 936
f 931 936 935
f 937 938 933
f 937 933 935
f 937 935 939
f 935 936 940
f 935 940 939
f 941 942 937
f 941 937 939
f 941 939 943
f 939 940 944
f 939 944 943
f 945 946 941
f 945 941 943
f 945 943 947
f 943 944 948
f 943 948 947
f 949 950 945
f 949 945 947
f 951 949 947
f 951 947 948
f 952 953 954
f 952 954 955
f 952 955 956
f 957 952 956
f 957 956 958
f 957 958 959
f 960 957 959
f 960 959 961
f 960 961 962
f 963 960 962
f 963 962 964
f 963 964 965
f 966 963 965
f 966 965 967
f 966 967 968
f 969 966 968
f 969 968 970
f 969 970 971
f 972 969 971
f 972 971 973
f 972 973 974
f 975 972 974
f 975 974 976
f 975 976 977
f 978 975 977
f 978 977 979
f 978 979 980
f 981 978 980
f 981 980 982
f 981 982 983
f 984 981 983
f 984 983 985
f 984 985 986
f 987 984 986
f 987 986 988
f 987 988 989
f 990 987 989
f 990 989 991
f 990 991 992
f 993 990 992
f 993 992 994
f 993 994 995
f 996 993 995
f 996 995 997
f 996 997 998
f 996 998 999
f 1000 1001 996
f 1000 996 999
f 892 891 953
f 892 953 952
f 896 892 952
f 896 952 957
f 900 896 957
f 900 957 960
f 904 900 960
f 904 960 963
f 908 904 963
f 908 963 966
f 912 908 966
f 912 966 969
f 916 912 969
f 916 969 972
f 920 916 972
f 920 972 975
f 924 920 975
f 924 975 978
f 928 924 978
f 928 978 981
f 932 928 981
f 932 981 984
f 936 932 984
f 936 984 987
f 940 936 987
f 940 987 990
f 944 940 990
f 944 990 993
f 948 944 993
f 948 993 996
f 1001 951 948
f 1001 948 996
f 1002 1003 1004
f 1002 1004 1005
f 1002 1005 1006
f 1007 1002 1006
f 1007 1006 1008
f 1007 1008 1009
f 1010 1007 1009
f 1010 1009 1011
f 1010 1011 1012
f 1013 1010 1012
f 1013 1012 1014
f 1013 1014 1015
f 1016 1013 1015
f 1016 1015 1017
f 1016 1017 1018
f 1019 1016 1018
f 1019 1018 1020
f 1019 1020 1021
f 1022 1019 1021
f 1022 1021 1023
f 1022 1023 1024
f 1025 1022 1024
f 1025 1024 1026
f 1025 1026 1027
f 1028 1025 1027
f 1028 1027 1029
f 1028 1029 1030
f 1031 1028 1030
f 1031 1030 1032
f 1031 1032 1033
f 1034 1035 1031
f 1034 1031 1033
f 964 962 961
f 964 961 1003
f 964 1003 1002
f 967 965 964
f 967 964 1002
f 967 1002 1007
f 970 968 967
f 970 967 1007
f 970 1007 1010
f 973 971 970
f 973 970 1010
f 973 1010 1013
f 976 974 973
f 976 973 1013
f 976 1013 1016
f 979 977 976
f 979 976 1016
f 979 1016 1019
f 982 980 979
f 982 979 1019
f 982 1019 1022
f 985 983 982
f 985 982 1022
f 985 1022 1025
f 988 986 985
f 988 985 1025
f 988 1025 1028
f 991 989 988
f 991 988 1028
f 991 1028 1031
f 1035 994 992
f 1035 992 991
f 1035 991 1031
f 1036 1037 1038
f 1036 1038 1039
f 1040 1039 1041
f 1040 1041 1042
f 1043 1044 1045
f 1043 1045 1046
f 1043 1046 1047
f 1043 1047 1048
f 1043 1048 1049
f 1043 1049 1050
f 1043 1050 1051
f 1043 1051 1038
f 1043 1038 1039
f 1043 1039 1041
f 1043 1041 1052
f 1039 1038 1051
f 1039 1051 1050
f 1039 1050 1049
f 1039 1049 1048
f 1039 1048 1047
f 1039 1047 1046
f 1039 1046 1045
f 1039 1045 1044
f 1039 1044 1043
f 1039 1043 1052
f 1039 1052 1041
f 1041 1052 1053
f 1041 1053 1054
f 1055 1056 1057
f 1055 1057 1058
f 1055 1058 1059
f 1058 1060 1061
f 1058 1061 1062
f 1058 1062 1059
f 1063 1064 1055
f 1063 1055 1059
f 1065 1063 1059
f 1065 1059 1062
f 1066 1067 1068
f 1066 1068 1069
f 1068 1070 1071
f 1068 1071 1069
f 1072 1073 1071
f 1072 1071 1070
f 1074 1075 1076
f 1074 1076 1077
f 1074 1077 1078
f 1077 1079 1080
f 1077 1080 1081
f 1077 1081 1078
f 1080 1082 1083
f 1080 1083 1084
f 1080 1084 1081
f 1083 1085 1086
f 1083 1086 1087
f 1083 1087 1088
f 1083 1088 1084
f 1087 1089 1090
f 1087 1090 1088
f 1091 1074 1078
f 1091 1078 1092
f 1078 1081 1093
f 1078 1093 1092
f 1081 1084 1094
f 1081 1094 1093
f 1084 1088 1095
f 1084 1095 1094
f 1088 1090 1096
f 1088 1096 1095
f 1097 1091 1092
f 1097 1092 1098
f 1092 1093 1099
f 1092 1099 1098
f 1093 1094 1100
f 1093 1100 1099
f 1094 1095 1101
f 1094 1101 1100
f 1095 1096 1102
f 1095 1102 1101
f 1103 1097 1098
f 1103 1098 1104
f 1098 1099 1105
f 1098 1105 1104
f 1099 1100 1106
f 1099 1106 1105
f 1100 1101 1107
f 1100 1107 1106
f 1101 1102 1108
f 1101 1108 1107
f 53 52 1103
f 53 1103 1104
f 54 53 1104
f 54 1104 1105
f 55 54 1105
f 55 1105 1106
f 56 55 1106
f 56 1106 1107
f 15 56 1107
f 15 1107 1108
f 1074 1091 1097
f 1074 1097 1103
f 1074 1103 52
f 1074 52 57
f 1074 57 1109
f 1074 1109 1075
f 1090 1089 1110
f 1090 1110 1111
f 1090 1111 1112
f 1096 1090 1112
f 1096 1112 1113
f 1096 1113 1114
f 1102 1096 1114
f 1102 1114 1115
f 1102 1115 1116
f 1108 1102 1116
f 1108 1116 1117
f 1108 1117 1118
f 16 15 1108
f 16 1108 1118
f 1119 1120 1121
f 1119 1121 1122
f 1123 1119 1122
f 1123 1122 1124
f 1125 1123 1124
f 1125 1124 1126
f 1127 1125 1126
f 1127 1126 1128
f 1129 1130 1127
f 1129 1127 1128
f 1122 1121 1131
f 1122 1131 1132
f 1124 1122 1132
f 1124 1132 1133
f 1126 1124 1133
f 1126 1133 1134
f 1128 1126 1134
f 1128 1134 1135
f 1136 1129 1128
f 1136 1128 1135
f 1132 1131 1137
f 1132 1137 1138
f 1133 1132 1138
f 1133 1138 1139
f 1134 1133 1139
f 1134 1139 1140
f 1135 1134 1140
f 1135 1140 1141
f 1142 1136 1135
f 1142 1135 1141
f 1138 1137 1143
f 1138 1143 1144
f 1139 1138 1144
f 1139 1144 1145
f 1140 1139 1145
f 1140 1145 1146
f 1141 1140 1146
f 1141 1146 1147
f 1148 1142 1141
f 1148 1141 1147
f 18 17 1144
f 18 1144 1143
f 17 21 1145
f 17 1145 1144
f 21 23 1146
f 21 1146 1145
f 23 25 1147
f 23 1147 1146
f 25 3 1148
f 25 1148 1147
f 58 18 1143
f 58 1143 1137
f 58 1137 1131
f 58 1131 1121
f 58 1121 1120
f 58 1120 1149
f 1150 1151 1152
f 1150 1152 1130
f 1150 1130 1129
f 1153 1154 1150
f 1153 1150 1129
f 1153 1129 1136
f 1155 1156 1153
f 1155 1153 1136
f 1155 1136 1142
f 1157 1158 1155
f 1157 1155 1142
f 1157 1142 1148
f 3 2 1157
f 3 1157 1148
f 1090 1096 1102
f 1090 1102 1108
f 1090 1108 15
f 1090 15 14
f 1090 14 12
f 1090 12 10
f 1090 10 8
f 1090 8 6
f 1090 6 4
f 1090 4 3
f 1090 3 1148
f 1090 1148 1142
f 1090 1142 1136
f 1090 1136 1129
f 1090 1129 1130
f 1090 1130 1159
f 1090 1159 1160
f 1090 1160 1161
f 1090 1161 1162
f 1090 1162 1163
f 1090 1163 1164
f 1090 1164 1165
f 1090 1165 1089
f 1129 1136 1142
f 1129 1142 1148
f 1129 1148 3
f 1129 3 4
f 1129 4 6
f 1129 6 8
f 1129 8 10
f 1129 10 12
f 1129 12 14
f 1129 14 15
f 1129 15 1108
f 1129 1108 1102
f 1129 1102 1096
f 1129 1096 1090
f 1129 1090 1089
f 1129 1089 1165
f 1129 1165 1164
f 1129 1164 1163
f 1129 1163 1162
f 1129 1162 1161
f 1129 1161 1160
f 1129 1160 1159
f 1129 1159 1130
f 1074 1091 1097
f 1074 1097 1103
f 1074 1103 52
f 1074 52 47
f 1074 47 42
f 1074 42 37
f 1074 37 32
f 1074 32 27
f 1074 27 19
f 1074 19 18
f 1074 18 1143
f 1074 1143 1137
f 1074 1137 1131
f 1074 1131 1121
f 1074 1121 1120
f 1074 1120 1166
f 1074 1166 1167
f 1074 1167 1168
f 1074 1168 1169
f 1074 1169 1170
f 1074 1170 1171
f 1074 1171 1172
f 1074 1172 1075
f 1121 1131 1137
f 1121 1137 1143
f 1121 1143 18
f 1121 18 19
f 1121 19 27
f 1121 27 32
f 1121 32 37
f 1121 37 42
f 1121 42 47
f 1121 47 52
f 1121 52 1103
f 1121 1103 1097
f 1121 1097 1091
f 1121 1091 1074
f 1121 1074 1075
f 1121 1075 1172
f 1121 1172 1171
f 1121 1171 1170
f 1121 1170 1169
f 1121 1169 1168
f 1121 1168 1167
f 1121 1167 1166
f 1121 1166 1120
f 1166 1167 1168
f 1166 1168 1169
f 1166 1169 1170
f 1166 1170 1171
f 1166 1171 1172
f 1166 1172 1075
f 1166 1075 1109
f 1166 1109 1149
f 1166 1149 1120
f 57 58 1149
f 57 1149 1109
f 1173 1174 1175
f 1173 1175 1176
f 1173 1176 1177
f 1173 1177 1178
f 1179 1180 1173
f 1179 1173 1178
f 1179 1178 1181
f 1179 1181 1182
f 1183 1184 1185
f 1183 1185 1186
f 1183 1186 1179
f 1183 1179 1182
f 1187 1188 1189
f 1187 1189 1190
f 1187 1190 1191
f 1187 1191 1192
f 1193 1194 1187
f 1193 1187 1192
f 1193 1192 1195
f 1193 1195 1196
f 1176 1175 1193
f 1176 1193 1196
f 1197 1198 1199
f 1197 1199 1200
f 1197 1200 1201
f 1200 1202 1203
f 1200 1203 1204
f 1200 1204 1201
f 1203 1205 1206
f 1203 1206 1204
f 1198 1177 1176
f 1198 1176 1196
f 1198 1196 1195
f 1198 1195 1199
f 1195 1192 1191
f 1195 1191 1202
f 1195 1202 1200
f 1195 1200 1199
f 1191 1190 1205
f 1191 1205 1203
f 1191 1203 1202
f 1207 1208 1209
f 1207 1209 1210
f 1207 1210 1211
f 1210 1212 1213
f 1210 1213 1214
f 1210 1214 1211
f 1212 1215 1216
f 1212 1216 1213
f 1217 1218 1197
f 1217 1197 1201
f 1217 1201 1219
f 1201 1204 1220
f 1201 1220 1219
f 1204 1206 1221
f 1204 1221 1222
f 1204 1222 1223
f 1204 1223 1224
f 1204 1224 1225
f 1204 1225 1220
f 1222 1226 1227
f 1222 1227 1228
f 1222 1228 1229
f 1222 1229 1223
f 1227 1230 1231
f 1227 1231 1232
f 1227 1232 1233
f 1227 1233 1228
f 1231 1067 1066
f 1231 1066 1232
f 1209 1217 1219
f 1209 1219 1210
f 1219 1220 1212
f 1219 1212 1210
f 1220 1225 1215
f 1220 1215 1212
f 1181 1178 1177
f 1181 1177 1198
f 1181 1198 1197
f 1181 1197 1218
f 1183 1182 1181
f 1183 1181 1218
f 1183 1218 1217
f 1183 1217 1209
f 1208 1184 1183
f 1208 1183 1209
f 1234 1235 1236
f 1234 1236 1237
f 1234 1237 1238
f 1237 1239 1240
f 1237 1240 1241
f 1237 1241 1238
f 1240 1242 1243
f 1240 1243 1244
f 1240 1244 1241
f 1243 1057 1056
f 1243 1056 1244
f 1245 1234 1238
f 1245 1238 1246
f 1238 1241 1247
f 1238 1247 1248
f 1238 1248 1246
f 1241 1244 1249
f 1241 1249 1250
f 1241 1250 1247
f 1244 1056 1055
f 1244 1055 1064
f 1244 1064 1249
f 1251 1252 1245
f 1251 1245 1246
f 1251 1246 1253
f 1246 1248 1253
f 1169 1168 1235
f 1169 1235 1234
f 1170 1169 1234
f 1170 1234 1245
f 1171 1170 1245
f 1171 1245 1252
f 1171 1252 1254
f 1172 1171 1254
f 1172 1254 1255
f 1172 1255 1256
f 1076 1075 1172
f 1076 1172 1256
f 1214 1213 1216
f 1214 1216 1257
f 1214 1257 1258
f 1214 1258 1259
f 1207 1211 1214
f 1207 1214 1259
f 1207 1259 1260
f 1207 1260 1261
f 1262 1185 1184
f 1262 1184 1208
f 1262 1208 1207
f 1262 1207 1261
f 1255 1254 1252
f 1255 1252 1263
f 1255 1263 1264
f 1263 1257 1216
f 1263 1216 1265
f 1263 1265 1266
f 1263 1266 1264
f 1079 1077 1076
f 1079 1076 1256
f 1079 1256 1255
f 1079 1255 1264
f 1267 1082 1080
f 1267 1080 1079
f 1267 1079 1264
f 1267 1264 1266
f 1268 1262 1261
f 1268 1261 1260
f 1268 1260 1269
f 1260 1259 1258
f 1260 1258 1270
f 1260 1270 1269
f 1258 1257 1271
f 1258 1271 1272
f 1258 1272 1273
f 1258 1273 1270
f 1274 1275 1276
f 1274 1276 1277
f 1274 1277 1278
f 1277 1279 1280
f 1277 1280 1281
f 1277 1281 1278
f 1279 1282 1283
f 1279 1283 1284
f 1279 1284 1280
f 1282 1285 1286
f 1282 1286 1287
f 1282 1287 1288
f 1282 1288 1283
f 1285 1289 1290
f 1285 1290 1291
f 1285 1291 1286
f 1289 1061 1060
f 1289 1060 1290
f 1276 1268 1269
f 1276 1269 1277
f 1269 1270 1279
f 1269 1279 1277
f 1270 1273 1282
f 1270 1282 1279
f 1273 1272 1292
f 1273 1292 1285
f 1273 1285 1282
f 1292 1293 1294
f 1292 1294 1289
f 1292 1289 1285
f 1294 1065 1062
f 1294 1062 1061
f 1294 1061 1289
f 1276 1275 1174
f 1276 1174 1173
f 1276 1173 1180
f 1268 1276 1180
f 1268 1180 1179
f 1268 1179 1186
f 1185 1262 1268
f 1185 1268 1186
f 1193 1175 1174
f 1193 1174 1275
f 1193 1275 1274
f 1193 1274 1194
f 1274 1278 1281
f 1274 1281 1188
f 1274 1188 1187
f 1274 1187 1194
f 1281 1280 1284
f 1281 1284 1295
f 1281 1295 1296
f 1281 1296 1189
f 1281 1189 1188
f 1284 1283 1288
f 1284 1288 1295
f 1058 1057 1243
f 1058 1243 1242
f 1058 1242 1297
f 1291 1060 1058
f 1291 1058 1297
f 1297 1242 1240
f 1297 1240 1239
f 1297 1239 1298
f 1287 1291 1297
f 1287 1297 1298
f 1298 1239 1237
f 1298 1237 1236
f 1298 1236 1299
f 1296 1295 1287
f 1296 1287 1298
f 1296 1298 1299
f 1235 1300 1299
f 1235 1299 1236
f 1300 1189 1296
f 1300 1296 1299
f 1250 1064 1063
f 1250 1063 1301
f 1063 1065 1293
f 1063 1293 1301
f 1302 1248 1247
f 1302 1247 1250
f 1302 1250 1301
f 1302 1301 1303
f 1301 1293 1304
f 1301 1304 1303
f 1251 1302 1303
f 1251 1303 1305
f 1303 1304 1272
f 1303 1272 1271
f 1303 1271 1305
f 1263 1252 1251
f 1263 1251 1305
f 1257 1263 1305
f 1257 1305 1271
f 1306 1307 1308
f 1306 1308 1309
f 1306 1309 1310
f 1306 1310 1311
f 1312 1313 1314
f 1312 1314 1315
f 1316 1317 1318
f 1316 1318 1319
f 1319 1318 1312
f 1319 1312 1320
f 1318 1321 1313
f 1318 1313 1312
f 1317 1322 1321
f 1317 1321 1318
f 1320 1312 1315
f 1320 1315 1323
f 1324 1325 1326
f 1324 1326 1327
f 1324 1327 1328
f 1324 1328 1329
f 1330 1331 1332
f 1330 1332 1324
f 1330 1324 1329
f 1327 1306 1311
f 1327 1311 1333
f 1327 1333 1334
f 1327 1334 1328
f 1334 1335 1330
f 1334 1330 1329
f 1334 1329 1328
f 1336 1308 1307
f 1336 1307 1326
f 1336 1326 1325
f 1336 1325 1337
f 1325 1324 1332
f 1325 1332 1338
f 1325 1338 1337
f 1307 1306 1327
f 1307 1327 1326
f 1229 1228 1233
f 1229 1233 1339
f 1229 1339 1340
f 1339 1316 1341
f 1339 1341 1342
f 1339 1342 1340
f 1224 1223 1229
f 1224 1229 1340
f 1224 1340 1343
f 1340 1342 1344
f 1340 1344 1345
f 1340 1345 1343
f 1346 1225 1224
f 1346 1224 1343
f 1347 1346 1343
f 1347 1343 1345
f 1336 1337 1338
f 1336 1338 1347
f 1336 1347 1348
f 1336 1348 1349
f 1350 1309 1308
f 1350 1308 1336
f 1350 1336 1349
f 1265 1216 1215
f 1265 1215 1225
f 1265 1225 1346
f 1265 1346 1351
f 1346 1347 1338
f 1346 1338 1352
f 1346 1352 1353
f 1346 1353 1351
f 1267 1266 1265
f 1267 1265 1351
f 1267 1351 1354
f 1351 1353 1355
f 1351 1355 1356
f 1351 1356 1354
f 1085 1083 1082
f 1085 1082 1267
f 1085 1267 1354
f 1357 1086 1085
f 1357 1085 1354
f 1357 1354 1356
f 1358 1230 1227
f 1358 1227 1226
f 1358 1226 1359
f 1360 1361 1323
f 1360 1323 1358
f 1360 1358 1359
f 1359 1226 1222
f 1359 1222 1221
f 1359 1221 1362
f 1363 1364 1360
f 1363 1360 1359
f 1363 1359 1362
f 1206 1365 1362
f 1206 1362 1221
f 1365 1366 1363
f 1365 1363 1362
f 1367 1368 1366
f 1367 1366 1335
f 1367 1335 1334
f 1367 1334 1333
f 1311 1310 1369
f 1311 1369 1367
f 1311 1367 1333
f 1370 1350 1349
f 1370 1349 1348
f 1370 1348 1371
f 1348 1347 1345
f 1348 1345 1344
f 1348 1344 1372
f 1348 1372 1371
f 1344 1342 1341
f 1344 1341 1373
f 1344 1373 1372
f 1341 1316 1319
f 1341 1319 1373
f 1374 1370 1371
f 1374 1371 1375
f 1371 1372 1376
f 1371 1376 1375
f 1372 1373 1377
f 1372 1377 1376
f 1373 1319 1320
f 1373 1320 1377
f 1367 1369 1374
f 1367 1374 1375
f 1367 1375 1368
f 1375 1376 1364
f 1375 1364 1363
f 1375 1363 1366
f 1375 1366 1368
f 1376 1377 1361
f 1376 1361 1360
f 1376 1360 1364
f 1377 1320 1323
f 1377 1323 1361
f 1370 1374 1369
f 1370 1369 1310
f 1370 1310 1309
f 1370 1309 1350
f 1365 1206 1205
f 1365 1205 1190
f 1365 1190 1378
f 1379 1335 1366
f 1379 1366 1365
f 1379 1365 1378
f 1331 1330 1335
f 1331 1335 1379
f 1331 1379 1161
f 1331 1161 1162
f 1352 1338 1332
f 1352 1332 1331
f 1352 1331 1162
f 1352 1162 1163
f 1355 1353 1352
f 1355 1352 1163
f 1355 1163 1164
f 1357 1356 1355
f 1357 1355 1164
f 1357 1164 1165
f 1089 1087 1086
f 1089 1086 1357
f 1089 1357 1165
f 1318 1312 1315
f 1318 1315 1070
f 1318 1070 1071
f 1318 1071 1317
f 1070 1315 1312
f 1070 1312 1318
f 1070 1318 1317
f 1070 1317 1071
f 1067 1231 1230
f 1067 1230 1358
f 1067 1358 1068
f 1358 1323 1315
f 1358 1315 1070
f 1358 1070 1068
f 1233 1232 1066
f 1233 1066 1069
f 1233 1069 1339
f 1069 1071 1317
f 1069 1317 1316
f 1069 1316 1339
f 1314 1072 1070
f 1314 1070 1315
f 1071 1073 1322
f 1071 1322 1317
f 1072 1314 1313
f 1072 1313 1321
f 1072 1321 1322
f 1072 1322 1073
f 1380 1166 1120
f 1380 1120 1119
f 1381 1380 1119
f 1381 1119 1123
f 1382 1381 1123
f 1382 1123 1125
f 1383 1382 1125
f 1383 1125 1127
f 1130 1159 1383
f 1130 1383 1127
f 1384 1385 1167
f 1384 1167 1166
f 1384 1166 1380
f 1386 1387 1384
f 1386 1384 1380
f 1386 1380 1381
f 1388 1389 1386
f 1388 1386 1381
f 1388 1381 1382
f 1390 1391 1392
f 1390 1392 1388
f 1390 1388 1382
f 1390 1382 1383
f 1159 1160 1390
f 1159 1390 1383
f 1389 1388 1392
f 1389 1392 1378
f 1389 1378 1190
f 1392 1391 1379
f 1392 1379 1378
f 1379 1391 1390
f 1379 1390 1160
f 1379 1160 1161
f 1300 1235 1385
f 1300 1385 1384
f 1300 1384 1387
f 1386 1389 1190
f 1386 1190 1189
f 1386 1189 1300
f 1386 1300 1387
f 1168 1167 1385
f 1168 1385 1235
f 1159 1130 1152
f 1159 1152 1393
f 1161 1160 1159
f 1161 1159 1393
f 1161 1393 1394
f 1162 1161 1394
f 1162 1394 1395
f 1163 1162 1395
f 1163 1395 1396
f 1164 1163 1396
f 1164 1396 1397
f 1165 1164 1397
f 1165 1397 1398
f 1110 1089 1165
f 1110 1165 1398
f 1157 2 1
f 1157 1 1399
f 1157 1399 1158
f 1399 1400 1156
f 1399 1156 1155
f 1399 1155 1158
f 1400 1401 1154
f 1400 1154 1153
f 1400 1153 1156
f 1401 1402 1151
f 1401 1151 1150
f 1401 1150 1154
f 1402 1393 1152
f 1402 1152 1151
f 1 5 1403
f 1 1403 1399
f 1403 1404 1400
f 1403 1400 1399
f 1404 1405 1401
f 1404 1401 1400
f 1405 1406 1402
f 1405 1402 1401
f 1406 1394 1393
f 1406 1393 1402
f 5 7 1407
f 5 1407 1403
f 1407 1408 1404
f 1407 1404 1403
f 1408 1409 1405
f 1408 1405 1404
f 1409 1410 1406
f 1409 1406 1405
f 1410 1395 1394
f 1410 1394 1406
f 7 9 1411
f 7 1411 1407
f 1411 1412 1408
f 1411 1408 1407
f 1412 1413 1409
f 1412 1409 1408
f 1413 1414 1410
f 1413 1410 1409
f 1414 1396 1395
f 1414 1395 1410
f 9 11 1415
f 9 1415 1411
f 1415 1416 1412
f 1415 1412 1411
f 1416 1417 1413
f 1416 1413 1412
f 1417 1418 1414
f 1417 1414 1413
f 1418 1397 1396
f 1418 1396 1414
f 11 13 1419
f 11 1419 1415
f 1419 1420 1416
f 1419 1416 1415
f 1420 1421 1417
f 1420 1417 1416
f 1421 1422 1418
f 1421 1418 1417
f 1422 1398 1397
f 1422 1397 1418
f 13 16 1118
f 13 1118 1117
f 13 1117 1419
f 1117 1116 1115
f 1117 1115 1420
f 1117 1420 1419
f 1115 1114 1113
f 1115 1113 1421
f 1115 1421 1420
f 1113 1112 1111
f 1113 1111 1422
f 1113 1422 1421
f 1111 1110 1398
f 1111 1398 1422
f 1039 1038 1423
f 1039 1423 1424
f 1425 1426 1052
f 1425 1052 1041
f 1039 1424 1425
f 1039 1425 1041
f 1043 1052 1426
f 1043 1426 1427
f 1044 1043 1427
f 1044 1427 1428
f 1045 1044 1428
f 1045 1428 1429
f 1046 1045 1429
f 1046 1429 1430
f 1047 1046 1430
f 1047 1430 1431
f 1048 1047 1431
f 1048 1431 1432
f 1049 1048 1432
f 1049 1432 1433
f 1050 1049 1433
f 1050 1433 1434
f 1051 1050 1434
f 1051 1434 1435
f 1423 1038 1051
f 1423 1051 1435
f 1424 1423 1435
f 1424 1435 1434
f 1424 1434 1433
f 1424 1433 1432
f 1424 1432 1431
f 1424 1431 1430
f 1424 1430 1429
f 1424 1429 1428
f 1424 1428 1427
f 1424 1427 1426
f 1424 1426 1425
f 1054 1053 1436
f 1054 1436 1437
f 1054 1437 1438
f 1054 1438 1439
f 1054 1439 1440
f 1054 1440 1441
f 1054 1441 1442
f 1054 1442 1443
f 1054 1443 1444
f 1054 1444 1445
f 1054 1445 1446
f 1447 1448 1449
f 1447 1449 1450
f 1447 1450 1451
f 1447 1451 1452
f 1447 1452 1453
f 1447 1453 1454
f 1447 1454 1455
f 1447 1455 1456
f 1447 1456 1037
f 1447 1037 1036
f 1447 1036 1457
f 1447 1457 1458
f 1459 1460 1461
f 1459 1461 1462
f 1459 1462 1463
f 1459 1463 1464
f 1459 1464 1465
f 1459 1465 1466
f 1459 1466 1467
f 1459 1467 1468
f 1459 1468 1458
f 1459 1458 1457
f 1459 1457 1469
f 1459 1469 1470
f 1459 1470 1446
f 1459 1446 1445
f 1042 1041 1471
f 1042 1471 1472
f 1041 1052 1473
f 1041 1473 1474
f 1041 1474 1475
f 1041 1475 1476
f 1041 1476 1477
f 1041 1477 1478
f 1041 1478 1479
f 1041 1479 1480
f 1041 1480 1481
f 1041 1481 1482
f 1041 1482 1483
f 1041 1483 1484
f 1041 1484 1485
f 1041 1485 1486
f 1041 1486 1487
f 1041 1487 1488
f 1041 1488 1489
f 1041 1489 1490
f 1041 1490 1491
f 1041 1491 1492
f 1041 1492 1493
f 1041 1493 1471
f 1492 1491 1490
f 1492 1490 1489
f 1492 1489 1488
f 1492 1488 1487
f 1492 1487 1486
f 1492 1486 1485
f 1492 1485 1484
f 1492 1484 1483
f 1492 1483 1482
f 1492 1482 1481
f 1492 1481 1480
f 1492 1480 1479
f 1492 1479 1478
f 1492 1478 1477
f 1492 1477 1476
f 1492 1476 1475
f 1492 1475 1474
f 1492 1474 1473
f 1492 1473 1052
f 1492 1052 1041
f 1492 1041 1471
f 1492 1471 1493
f 1036 1039 1494
f 1036 1494 1469
f 1036 1469 1457
f 1041 1039 1494
f 1041 1494 1471
f 1039 1041 1471
f 1039 1471 1494
f 1469 1494 1471
f 1469 1471 1470
f 1494 1495 1472
f 1494 1472 1471
f 1039 1040 1495
f 1039 1495 1494
f 1040 1042 1472
f 1040 1472 1495
f 1494 1496 1497
f 1494 1497 1498
f 1494 1498 1499
f 1494 1499 1500
f 1494 1500 1501
f 1494 1501 1502
f 1494 1502 1503
f 1494 1503 1504
f 1494 1504 1505
f 1494 1505 1493
f 1494 1493 1471
f 1505 1504 1503
f 1505 1503 1502
f 1505 1502 1501
f 1505 1501 1500
f 1505 1500 1499
f 1505 1499 1498
f 1505 1498 1497
f 1505 1497 1496
f 1505 1496 1494
f 1505 1494 1471
f 1505 1471 1493
f 1039 1038 1506
f 1039 1506 1507
f 1039 1507 1508
f 1039 1508 1509
f 1039 1509 1510
f 1039 1510 1511
f 1039 1511 1512
f 1039 1512 1513
f 1039 1513 1514
f 1039 1514 1515
f 1039 1515 1516
f 1039 1516 1517
f 1039 1517 1518
f 1039 1518 1519
f 1039 1519 1520
f 1039 1520 1521
f 1039 1521 1522
f 1039 1522 1523
f 1039 1523 1524
f 1039 1524 1525
f 1039 1525 1496
f 1039 1496 1494
f 1525 1524 1523
f 1525 1523 1522
f 1525 1522 1521
f 1525 1521 1520
f 1525 1520 1519
f 1525 1519 1518
f 1525 1518 1517
f 1525 1517 1516
f 1525 1516 1515
f 1525 1515 1514
f 1525 1514 1513
f 1525 1513 1512
f 1525 1512 1511
f 1525 1511 1510
f 1525 1510 1509
f 1525 1509 1508
f 1525 1508 1507
f 1525 1507 1506
f 1525 1506 1038
f 1525 1038 1039
f 1525 1039 1494
f 1525 1494 1496
f 1506 1038 1037
f 1506 1037 1456
f 1506 1456 1507
f 1456 1455 1509
f 1456 1509 1508
f 1456 1508 1507
f 1455 1454 1511
f 1455 1511 1510
f 1455 1510 1509
f 1454 1453 1513
f 1454 1513 1512
f 1454 1512 1511
f 1453 1452 1515
f 1453 1515 1514
f 1453 1514 1513
f 1452 1451 1517
f 1452 1517 1516
f 1452 1516 1515
f 1451 1450 1519
f 1451 1519 1518
f 1451 1518 1517
f 1450 1449 1521
f 1450 1521 1520
f 1450 1520 1519
f 1449 1448 1523
f 1449 1523 1522
f 1449 1522 1521
f 1448 1447 1496
f 1448 1496 1525
f 1448 1525 1524
f 1448 1524 1523
f 1526 1527 1528
f 1526 1528 1529
f 1530 1531 1526
f 1530 1526 1529
f 1529 1528 1532
f 1529 1532 1533
f 1534 1530 1529
f 1534 1529 1533
f 1533 1532 1535
f 1533 1535 1536
f 1537 1534 1533
f 1537 1533 1536
f 1536 1535 1538
f 1536 1538 1539
f 1540 1541 1537
f 1540 1537 1536
f 1540 1536 1539
f 1539 1538 1542
f 1539 1542 1543
f 1544 1545 1540
f 1544 1540 1539
f 1544 1539 1543
f 1543 1542 1546
f 1543 1546 1547
f 1548 1549 1544
f 1548 1544 1543
f 1548 1543 1547
f 1547 1546 1550
f 1547 1550 1551
f 1552 1553 1548
f 1552 1548 1547
f 1552 1547 1551
f 1551 1550 1554
f 1551 1554 1555
f 1556 1557 1558
f 1556 1558 1552
f 1556 1552 1551
f 1556 1551 1555
f 1555 1554 1559
f 1555 1559 1560
f 1561 1562 1556
f 1561 1556 1555
f 1561 1555 1560
f 1563 1564 1560
f 1563 1560 1559
f 1564 1565 1561
f 1564 1561 1560
f 1528 1527 1566
f 1528 1566 1567
f 1528 1567 1568
f 1532 1528 1568
f 1532 1568 1569
f 1532 1569 1570
f 1535 1532 1570
f 1535 1570 1571
f 1535 1571 1572
f 1538 1535 1572
f 1538 1572 1573
f 1538 1573 1574
f 1542 1538 1574
f 1542 1574 1575
f 1542 1575 1576
f 1546 1542 1576
f 1546 1576 1577
f 1546 1577 1578
f 1550 1546 1578
f 1550 1578 1579
f 1550 1579 1580
f 1554 1550 1580
f 1554 1580 1581
f 1554 1581 1582
f 1559 1554 1582
f 1559 1582 1583
f 1559 1583 1584
f 1585 1563 1559
f 1585 1559 1584
f 1567 1566 1473
f 1567 1473 1052
f 1567 1052 1043
f 1569 1568 1567
f 1569 1567 1043
f 1569 1043 1044
f 1571 1570 1569
f 1571 1569 1044
f 1571 1044 1045
f 1573 1572 1571
f 1573 1571 1045
f 1573 1045 1046
f 1575 1574 1573
f 1575 1573 1046
f 1575 1046 1047
f 1577 1576 1575
f 1577 1575 1047
f 1577 1047 1048
f 1579 1578 1577
f 1579 1577 1048
f 1579 1048 1049
f 1581 1580 1579
f 1581 1579 1049
f 1581 1049 1050
f 1583 1582 1581
f 1583 1581 1050
f 1583 1050 1051
f 1038 1506 1585
f 1038 1585 1584
f 1038 1584 1583
f 1038 1583 1051
f 1586 1587 1588
f 1586 1588 1589
f 1586 1589 1590
f 1591 1592 1586
f 1591 1586 1590
f 1591 1590 1593
f 1594 1595 1591
f 1594 1591 1593
f 1594 1593 1596
f 1597 1598 1594
f 1597 1594 1596
f 1597 1596 1599
f 1600 1601 1597
f 1600 1597 1599
f 1600 1599 1602
f 1603 1604 1600
f 1603 1600 1602
f 1603 1602 1605
f 1606 1607 1603
f 1606 1603 1605
f 1606 1605 1608
f 1609 1610 1606
f 1609 1606 1608
f 1609 1608 1611
f 1612 1613 1609
f 1612 1609 1611
f 1612 1611 1614
f 1615 1616 1612
f 1615 1612 1614
f 1590 1589 1617
f 1590 1617 1618
f 1617 1619 1620
f 1617 1620 1618
f 1593 1590 1618
f 1593 1618 1621
f 1618 1620 1622
f 1618 1622 1621
f 1596 1593 1621
f 1596 1621 1623
f 1621 1622 1624
f 1621 1624 1625
f 1621 1625 1623
f 1599 1596 1623
f 1599 1623 1626
f 1623 1625 1627
f 1623 1627 1628
f 1623 1628 1629
f 1623 1629 1626
f 1602 1599 1626
f 1602 1626 1630
f 1626 1629 1631
f 1626 1631 1632
f 1626 1632 1630
f 1605 1602 1630
f 1605 1630 1633
f 1630 1632 1634
f 1630 1634 1635
f 1630 1635 1636
f 1630 1636 1633
f 1608 1605 1633
f 1608 1633 1637
f 1633 1636 1638
f 1633 1638 1639
f 1633 1639 1637
f 1611 1608 1637
f 1611 1637 1640
f 1637 1639 1641
f 1637 1641 1642
f 1637 1642 1640
f 1614 1611 1640
f 1614 1640 1643
f 1640 1642 1644
f 1640 1644 1645
f 1640 1645 1646
f 1640 1646 1647
f 1640 1647 1643
f 1648 1615 1614
f 1648 1614 1643
f 1649 1648 1643
f 1649 1643 1647
f 1617 1589 1650
f 1617 1650 1651
f 1652 1653 1619
f 1652 1619 1617
f 1652 1617 1651
f 1651 1650 1654
f 1651 1654 1655
f 1656 1657 1652
f 1656 1652 1651
f 1656 1651 1655
f 1655 1654 1658
f 1655 1658 1659
f 1660 1661 1662
f 1660 1662 1656
f 1660 1656 1655
f 1660 1655 1659
f 1659 1658 1663
f 1659 1663 1664
f 1665 1666 1660
f 1665 1660 1659
f 1665 1659 1664
f 1664 1663 1667
f 1664 1667 1668
f 1669 1670 1671
f 1669 1671 1665
f 1669 1665 1664
f 1669 1664 1668
f 1668 1667 1672
f 1668 1672 1673
f 1674 1675 1676
f 1674 1676 1669
f 1674 1669 1668
f 1674 1668 1673
f 1673 1672 1677
f 1673 1677 1678
f 1679 1680 1681
f 1679 1681 1674
f 1679 1674 1673
f 1679 1673 1678
f 1678 1677 1682
f 1678 1682 1683
f 1684 1685 1679
f 1684 1679 1678
f 1684 1678 1683
f 1683 1682 1686
f 1683 1686 1687
f 1688 1689 1684
f 1688 1684 1683
f 1688 1683 1687
f 1527 1526 1687
f 1527 1687 1686
f 1526 1531 1688
f 1526 1688 1687
f 1650 1589 1588
f 1650 1588 1690
f 1650 1690 1691
f 1654 1650 1691
f 1654 1691 1692
f 1654 1692 1693
f 1658 1654 1693
f 1658 1693 1694
f 1658 1694 1695
f 1663 1658 1695
f 1663 1695 1696
f 1663 1696 1697
f 1667 1663 1697
f 1667 1697 1698
f 1667 1698 1699
f 1672 1667 1699
f 1672 1699 1700
f 1672 1700 1701
f 1677 1672 1701
f 1677 1701 1702
f 1677 1702 1703
f 1682 1677 1703
f 1682 1703 1704
f 1682 1704 1705
f 1686 1682 1705
f 1686 1705 1706
f 1686 1706 1707
f 1566 1527 1686
f 1566 1686 1707
f 1708 1615 1648
f 1708 1648 1709
f 1648 1649 1710
f 1648 1710 1711
f 1648 1711 1709
f 1712 1708 1709
f 1712 1709 1713
f 1709 1711 1714
f 1709 1714 1715
f 1709 1715 1713
f 1716 1712 1713
f 1716 1713 1717
f 1713 1715 1718
f 1713 1718 1719
f 1713 1719 1717
f 1720 1716 1717
f 1720 1717 1721
f 1717 1719 1722
f 1717 1722 1723
f 1717 1723 1721
f 1724 1720 1721
f 1724 1721 1725
f 1721 1723 1726
f 1721 1726 1727
f 1721 1727 1725
f 1728 1724 1725
f 1728 1725 1729
f 1725 1727 1730
f 1725 1730 1731
f 1725 1731 1729
f 1732 1728 1729
f 1732 1729 1733
f 1729 1731 1734
f 1729 1734 1735
f 1729 1735 1733
f 1736 1732 1733
f 1736 1733 1737
f 1733 1735 1738
f 1733 1738 1739
f 1733 1739 1737
f 1740 1736 1737
f 1740 1737 1741
f 1737 1739 1742
f 1737 1742 1743
f 1737 1743 1741
f 1564 1563 1740
f 1564 1740 1741
f 1565 1564 1741
f 1565 1741 1743
f 1744 1745 1616
f 1744 1616 1615
f 1744 1615 1708
f 1746 1747 1744
f 1746 1744 1708
f 1746 1708 1712
f 1748 1749 1746
f 1748 1746 1712
f 1748 1712 1716
f 1750 1751 1748
f 1750 1748 1716
f 1750 1716 1720
f 1752 1753 1750
f 1752 1750 1720
f 1752 1720 1724
f 1754 1755 1752
f 1754 1752 1724
f 1754 1724 1728
f 1756 1757 1754
f 1756 1754 1728
f 1756 1728 1732
f 1758 1759 1756
f 1758 1756 1732
f 1758 1732 1736
f 1760 1761 1758
f 1760 1758 1736
f 1760 1736 1740
f 1563 1585 1760
f 1563 1760 1740
f 1760 1585 1506
f 1760 1506 1507
f 1760 1507 1508
f 1760 1508 1761
f 1508 1509 1510
f 1508 1510 1759
f 1508 1759 1758
f 1508 1758 1761
f 1510 1511 1512
f 1510 1512 1757
f 1510 1757 1756
f 1510 1756 1759
f 1512 1513 1514
f 1512 1514 1755
f 1512 1755 1754
f 1512 1754 1757
f 1514 1515 1516
f 1514 1516 1753
f 1514 1753 1752
f 1514 1752 1755
f 1516 1517 1518
f 1516 1518 1751
f 1516 1751 1750
f 1516 1750 1753
f 1518 1519 1520
f 1518 1520 1749
f 1518 1749 1748
f 1518 1748 1751
f 1520 1521 1522
f 1520 1522 1747
f 1520 1747 1746
f 1520 1746 1749
f 1522 1523 1524
f 1522 1524 1745
f 1522 1745 1744
f 1522 1744 1747
f 1524 1525 1616
f 1524 1616 1745
f 1762 1763 1764
f 1762 1764 1765
f 1766 1767 1768
f 1766 1768 1769
f 1766 1769 1770
f 1766 1770 1771
f 1766 1771 1772
f 1773 1774 1775
f 1773 1775 1772
f 1773 1772 1771
f 1773 1771 1776
f 1773 1776 1777
f 1778 1779 1780
f 1778 1780 1769
f 1778 1769 1768
f 1778 1768 1781
f 1778 1781 1782
f 1778 1782 1783
f 1784 1785 1778
f 1784 1778 1783
f 1784 1783 1786
f 1784 1786 1787
f 1784 1787 1788
f 1773 1777 1789
f 1773 1789 1784
f 1773 1784 1788
f 1790 1791 1792
f 1790 1792 1793
f 1794 1795 1793
f 1794 1793 1792
f 1796 1797 1798
f 1796 1798 1799
f 1797 1795 1800
f 1797 1800 1798
f 1801 1802 1803
f 1801 1803 1804
f 1800 1805 1804
f 1800 1804 1803
f 1794 1762 1765
f 1794 1765 1805
f 1791 1790 1806
f 1791 1806 1807
f 1791 1807 1772
f 1791 1772 1775
f 1808 1809 1810
f 1808 1810 1802
f 1808 1802 1801
f 1808 1801 1781
f 1808 1781 1768
f 1807 1811 1812
f 1807 1812 1813
f 1807 1813 1766
f 1807 1766 1772
f 1809 1808 1814
f 1809 1814 1812
f 1809 1812 1811
f 1815 1767 1766
f 1815 1766 1813
f 1808 1768 1767
f 1808 1767 1815
f 1808 1815 1814
f 1816 1800 1795
f 1816 1795 1817
f 1812 1814 1816
f 1812 1816 1817
f 1811 1807 1806
f 1811 1806 1796
f 1811 1796 1799
f 1811 1799 1810
f 1811 1810 1809
f 1818 1815 1813
f 1818 1813 1819
f 1794 1805 1818
f 1794 1818 1819
f 1814 1815 1818
f 1814 1818 1816
f 1805 1800 1816
f 1805 1816 1818
f 1813 1812 1817
f 1813 1817 1819
f 1795 1794 1819
f 1795 1819 1817
f 1819 1817 1816
f 1819 1816 1818
f 1818 1816 1817
f 1818 1817 1819
f 1820 1821 1797
f 1820 1797 1796
f 1822 1823 1824
f 1822 1824 1825
f 1826 1827 1825
f 1826 1825 1824
f 1821 1823 1795
f 1821 1795 1797
f 1822 1763 1762
f 1822 1762 1794
f 1827 1826 1828
f 1827 1828 1829
f 1827 1829 1773
f 1827 1773 1788
f 1827 1788 1787
f 1791 1775 1774
f 1791 1774 1830
f 1829 1831 1832
f 1829 1832 1830
f 1829 1830 1774
f 1829 1774 1773
f 1790 1832 1831
f 1790 1831 1806
f 1790 1793 1833
f 1790 1833 1832
f 1793 1795 1823
f 1793 1823 1833
f 1820 1796 1806
f 1820 1806 1831
f 1820 1831 1829
f 1820 1829 1828
f 1830 1834 1792
f 1830 1792 1791
f 1834 1822 1794
f 1834 1794 1792
f 1830 1832 1833
f 1830 1833 1834
f 1823 1822 1834
f 1823 1834 1833
f 1792 1793 1833
f 1792 1833 1834
f 1834 1833 1793
f 1834 1793 1792
f 1835 1802 1810
f 1835 1810 1836
f 1837 1835 1836
f 1837 1836 1838
f 1837 1838 1783
f 1837 1783 1782
f 1837 1782 1781
f 1837 1781 1801
f 1827 1787 1786
f 1827 1786 1839
f 1838 1840 1841
f 1838 1841 1839
f 1838 1839 1786
f 1838 1786 1783
f 1826 1841 1840
f 1826 1840 1828
f 1823 1842 1843
f 1823 1843 1824
f 1800 1803 1844
f 1800 1844 1842
f 1803 1802 1835
f 1803 1835 1844
f 1843 1841 1826
f 1843 1826 1824
f 1845 1842 1823
f 1845 1823 1821
f 1846 1845 1821
f 1846 1821 1820
f 1799 1798 1845
f 1799 1845 1846
f 1798 1800 1842
f 1798 1842 1845
f 1845 1798 1797
f 1845 1797 1821
f 1821 1797 1798
f 1821 1798 1845
f 1810 1799 1846
f 1810 1846 1836
f 1846 1820 1828
f 1846 1828 1840
f 1846 1840 1838
f 1846 1838 1836
f 1827 1839 1847
f 1827 1847 1825
f 1848 1849 1804
f 1848 1804 1805
f 1849 1837 1801
f 1849 1801 1804
f 1847 1848 1822
f 1847 1822 1825
f 1842 1848 1847
f 1842 1847 1843
f 1839 1841 1843
f 1839 1843 1847
f 1825 1824 1843
f 1825 1843 1847
f 1847 1843 1824
f 1847 1824 1825
f 1848 1842 1844
f 1848 1844 1849
f 1835 1837 1849
f 1835 1849 1844
f 1849 1844 1803
f 1849 1803 1804
f 1804 1803 1844
f 1804 1844 1849
f 1805 1765 1764
f 1805 1764 1848
f 1848 1764 1763
f 1848 1763 1822
f 1850 1851 1852
f 1850 1852 1853
f 1850 1853 1854
f 1850 1854 1855
f 1856 1857 1850
f 1856 1850 1855
f 1856 1855 1858
f 1856 1858 1859
f 1860 1856 1859
f 1861 1852 1851
f 1861 1851 1862
f 1861 1862 1863
f 1861 1863 1864
f 1861 1864 1865
f 1861 1865 1866
f 1864 1867 1868
f 1864 1868 1865
f 1867 1869 1868
f 1870 1871 1872
f 1870 1872 1873
f 1870 1873 1874
f 1875 1876 1870
f 1875 1870 1874
f 1875 1874 1877
f 1875 1877 1878
f 1879 1854 1853
f 1879 1853 1880
f 1879 1880 1875
f 1879 1875 1878
f 1881 1558 1557
f 1881 1557 1882
f 1873 1872 1881
f 1873 1881 1882
f 1873 1882 1883
f 1877 1874 1873
f 1877 1873 1883
f 1877 1883 1884
f 1879 1878 1877
f 1879 1877 1884
f 1879 1884 1885
f 1858 1854 1879
f 1858 1879 1885
f 1882 1557 1556
f 1882 1556 1562
f 1882 1562 1886
f 1883 1882 1886
f 1883 1886 1887
f 1884 1883 1887
f 1884 1887 1888
f 1885 1884 1888
f 1885 1888 1889
f 1890 1891 1860
f 1890 1860 1859
f 1890 1859 1858
f 1890 1858 1885
f 1890 1885 1889
f 1561 1565 1743
f 1561 1743 1742
f 1561 1742 1886
f 1561 1886 1562
f 1742 1739 1738
f 1742 1738 1887
f 1742 1887 1886
f 1738 1735 1734
f 1738 1734 1888
f 1738 1888 1887
f 1734 1731 1730
f 1734 1730 1889
f 1734 1889 1888
f 1730 1727 1726
f 1730 1726 1890
f 1730 1890 1889
f 1892 1541 1540
f 1892 1540 1545
f 1892 1545 1893
f 1894 1892 1893
f 1894 1893 1895
f 1896 1897 1894
f 1896 1894 1895
f 1896 1895 1898
f 1899 1900 1896
f 1899 1896 1898
f 1893 1545 1544
f 1893 1544 1549
f 1893 1549 1901
f 1895 1893 1901
f 1895 1901 1902
f 1898 1895 1902
f 1898 1902 1903
f 1904 1905 1899
f 1904 1899 1898
f 1904 1898 1903
f 1901 1549 1548
f 1901 1548 1553
f 1901 1553 1906
f 1907 1872 1871
f 1907 1871 1902
f 1907 1902 1901
f 1907 1901 1906
f 1871 1870 1876
f 1871 1876 1903
f 1871 1903 1902
f 1876 1908 1904
f 1876 1904 1903
f 1552 1558 1881
f 1552 1881 1907
f 1552 1907 1906
f 1552 1906 1553
f 1904 1908 1875
f 1904 1875 1880
f 1904 1880 1909
f 1904 1909 1905
f 1910 1861 1866
f 1911 1912 1913
f 1914 1915 1916
f 1914 1916 1917
f 1918 1919 1920
f 1918 1920 1914
f 1918 1914 1917
f 1921 1918 1900
f 1897 1916 1915
f 1897 1915 1922
f 1915 1914 1920
f 1915 1920 1923
f 1924 1911 1920
f 1924 1920 1925
f 1926 1909 1927
f 1928 1929 1930
f 1928 1930 1931
f 1928 1931 1932
f 1928 1932 1866
f 1928 1866 1865
f 1928 1865 1933
f 1934 1935 1928
f 1934 1928 1933
f 1934 1933 1936
f 1934 1936 1937
f 1938 1934 1937
f 1939 1938 1937
f 1939 1937 1936
f 1939 1936 1868
f 1939 1868 1940
f 1941 1939 1940
f 1941 1940 1942
f 1941 1942 1943
f 1944 1941 1943
f 1945 1944 1943
f 1945 1943 1942
f 1945 1942 1946
f 1645 1644 1945
f 1645 1945 1946
f 1645 1946 1947
f 1646 1645 1947
f 1948 1949 1930
f 1948 1930 1929
f 1948 1929 1950
f 1951 1952 1948
f 1951 1948 1950
f 1951 1950 1935
f 1951 1935 1953
f 1954 1951 1953
f 1954 1953 1955
f 1954 1955 1956
f 1957 1638 1636
f 1957 1636 1635
f 1957 1635 1954
f 1957 1954 1956
f 1955 1953 1935
f 1955 1935 1934
f 1955 1934 1958
f 1957 1956 1955
f 1957 1955 1958
f 1957 1958 1959
f 1957 1959 1960
f 1961 1641 1639
f 1961 1639 1638
f 1961 1638 1957
f 1961 1957 1960
f 1961 1960 1959
f 1961 1959 1962
f 1644 1642 1641
f 1644 1641 1961
f 1644 1961 1962
f 1963 1931 1930
f 1963 1930 1949
f 1963 1949 1964
f 1963 1964 1965
f 1963 1965 1966
f 1949 1948 1952
f 1949 1952 1967
f 1949 1967 1968
f 1949 1968 1964
f 1952 1951 1969
f 1952 1969 1970
f 1952 1970 1971
f 1952 1971 1967
f 1969 1635 1634
f 1969 1634 1970
f 1972 1862 1851
f 1972 1851 1850
f 1972 1850 1857
f 1972 1857 1973
f 1974 1972 1973
f 1973 1857 1856
f 1973 1856 1860
f 1973 1860 1891
f 1973 1891 1975
f 1976 1974 1973
f 1976 1973 1975
f 1976 1975 1977
f 1978 1942 1940
f 1978 1940 1869
f 1978 1869 1976
f 1978 1976 1977
f 1978 1977 1979
f 1980 1978 1979
f 1890 1726 1723
f 1890 1723 1722
f 1890 1722 1975
f 1890 1975 1891
f 1722 1719 1718
f 1722 1718 1977
f 1722 1977 1975
f 1718 1715 1714
f 1718 1714 1979
f 1718 1979 1977
f 1714 1711 1710
f 1714 1710 1981
f 1714 1981 1980
f 1714 1980 1979
f 1710 1649 1647
f 1710 1647 1646
f 1710 1646 1981
f 1982 1983 1984
f 1982 1984 1985
f 1982 1985 1986
f 1983 1987 1988
f 1983 1988 1984
f 1989 1990 1982
f 1989 1982 1986
f 1991 1992 1993
f 1991 1993 1994
f 1995 1991 1994
f 1995 1994 1996
f 1995 1996 1997
f 1998 1999 1995
f 1998 1995 1997
f 1998 1997 2000
f 1998 2000 2001
f 1998 2001 2002
f 2003 2004 2005
f 2003 2005 2006
f 2003 2006 2007
f 2003 2007 1998
f 2003 1998 2002
f 2008 2009 2010
f 2011 2012 2013
f 2011 2013 1993
f 2011 1993 1992
f 2014 2011 1992
f 2014 1992 1991
f 2014 1991 2015
f 2016 2017 2014
f 2016 2014 2015
f 2016 2015 1995
f 2016 1995 1999
f 2018 2019 2016
f 2018 2016 1999
f 2019 2008 1989
f 2006 2020 2021
f 2006 2021 2007
f 2022 2023 1987
f 2022 1987 1983
f 2022 1983 1982
f 2023 2024 2025
f 2023 2025 1987
f 1990 2026 2027
f 1990 2027 1963
f 1990 1963 1966
f 1990 1966 2022
f 1990 2022 1982
f 2024 2023 2022
f 2024 2022 2028
f 2024 2028 2029
f 2030 2031 2025
f 2030 2025 2024
f 2030 2024 2029
f 2030 2029 2032
f 2030 2032 2033
f 2034 1631 1629
f 2034 1629 1628
f 2034 1628 2035
f 2034 2035 2030
f 2034 2030 2033
f 1966 1965 1964
f 1966 1964 1968
f 1966 1968 2028
f 1966 2028 2022
f 1968 1967 1971
f 1968 1971 2032
f 1968 2032 2029
f 1968 2029 2028
f 1971 1970 2036
f 1971 2036 2034
f 1971 2034 2033
f 1971 2033 2032
f 2036 1634 1632
f 2036 1632 1631
f 2036 1631 2034
f 2037 2038 2039
f 2037 2039 2040
f 2041 2042 2037
f 2041 2037 2040
f 1669 1676 2043
f 1669 2043 2044
f 1669 2044 1670
f 2044 2045 1671
f 2044 1671 1670
f 2044 2043 2042
f 2044 2042 2041
f 2044 2041 2046
f 2044 2046 2045
f 2041 2040 2047
f 2041 2047 2048
f 2041 2048 2046
f 2047 2049 2050
f 2047 2050 2051
f 2047 2051 2048
f 2052 2053 2054
f 2052 2054 1923
f 2052 1923 2055
f 2052 2055 2056
f 2057 2058 2059
f 2057 2059 2052
f 2057 2052 2056
f 1913 2060 2057
f 1913 2057 2056
f 1913 2056 2055
f 2060 2061 2058
f 2060 2058 2057
f 1680 1679 1685
f 1680 1685 2062
f 1680 2062 2063
f 2064 2065 1681
f 2064 1681 1680
f 2064 1680 2063
f 2064 2063 2062
f 2064 2062 2066
f 2064 2066 2067
f 2068 2069 2065
f 2068 2065 2064
f 2068 2064 2067
f 2068 2067 2066
f 2068 2066 2053
f 2068 2053 2070
f 2071 2038 2069
f 2071 2069 2068
f 2071 2068 2070
f 2071 2070 2059
f 2071 2059 2072
f 2047 2039 2071
f 2047 2071 2072
f 2073 2047 2072
f 2073 2072 2059
f 2073 2059 2058
f 2073 2058 2074
f 2073 2074 2075
f 2076 2077 2073
f 2076 2073 2075
f 2077 2078 2049
f 1689 1688 1531
f 1689 1531 1530
f 1689 1530 2079
f 2062 1685 1684
f 2062 1684 1689
f 2062 1689 2079
f 2079 1530 1534
f 2079 1534 2080
f 2081 2062 2079
f 2081 2079 2080
f 2081 2080 2082
f 2066 2081 2082
f 2080 1534 1537
f 2080 1537 2083
f 2082 2080 2083
f 2082 2083 2084
f 2054 2053 2066
f 2054 2066 2082
f 2054 2082 2084
f 2083 1537 1541
f 2083 1541 1892
f 2084 2083 1892
f 2084 1892 1894
f 1897 1922 2054
f 1897 2054 2084
f 1897 2084 1894
f 1675 1674 1681
f 1675 1681 2065
f 1675 2065 2085
f 2043 1676 1675
f 2043 1675 2085
f 2086 2042 2043
f 2086 2043 2085
f 2086 2085 2065
f 2086 2065 2069
f 2038 2086 2069
f 1657 1656 1662
f 1657 1662 2087
f 1657 2087 2013
f 1657 2013 2012
f 1657 2012 2088
f 1657 2088 2089
f 1653 1652 1657
f 1653 1657 2089
f 1653 2089 2090
f 1653 2090 2091
f 1619 1653 2091
f 1619 2091 1620
f 2012 2011 2092
f 2012 2092 2093
f 2012 2093 2094
f 2012 2094 2088
f 2094 2095 2096
f 2094 2096 2090
f 2094 2090 2089
f 2094 2089 2088
f 2096 1622 1620
f 2096 1620 2091
f 2096 2091 2090
f 2092 2017 2097
f 2092 2097 2098
f 2092 2098 2093
f 2098 2099 2100
f 2098 2100 2095
f 2098 2095 2094
f 2098 2094 2093
f 2100 2101 2102
f 2100 2102 1624
f 2100 1624 1622
f 2100 1622 2096
f 2100 2096 2095
f 2017 2016 2103
f 2017 2103 1985
f 2017 1985 1984
f 2017 1984 1988
f 2017 1988 2104
f 2017 2104 2097
f 2104 2105 2099
f 2104 2099 2098
f 2104 2098 2097
f 2105 2101 2100
f 2105 2100 2099
f 2102 2101 2106
f 2102 2106 2107
f 2102 2107 2108
f 2109 1627 1625
f 2109 1625 1624
f 2109 1624 2102
f 2109 2102 2108
f 2110 1988 1987
f 2110 1987 2025
f 2110 2025 2031
f 2110 2031 2107
f 2110 2107 2106
f 2031 2030 2035
f 2031 2035 2109
f 2031 2109 2108
f 2031 2108 2107
f 2035 1628 1627
f 2035 1627 2109
f 2111 2112 2113
f 2111 2113 2114
f 2115 2116 1662
f 2115 1662 1661
f 2115 1661 2117
f 2118 2119 2115
f 2118 2115 2117
f 2118 2117 2120
f 2118 2120 2121
f 2111 2114 2122
f 2111 2122 2118
f 2111 2118 2121
f 1666 1665 1671
f 1666 1671 2045
f 1666 2045 2123
f 2117 1661 1660
f 2117 1660 1666
f 2117 1666 2123
f 2121 2120 2123
f 2121 2123 2045
f 2121 2045 2046
f 2120 2117 2123
f 2111 2121 2046
f 2111 2046 2048
f 2051 2124 2113
f 2051 2113 2111
f 2051 2111 2048
f 2050 2125 2051
f 2126 2127 2003
f 2126 2003 2002
f 2126 2002 2001
f 2128 2124 2129
f 2128 2127 2126
f 2128 2126 2130
f 2128 2130 2131
f 2132 2013 2087
f 2132 2087 2116
f 2132 2116 2119
f 1996 2132 2119
f 1996 2119 2118
f 1996 2118 2122
f 2131 2130 2001
f 2131 2001 1997
f 2131 1997 1996
f 2131 1996 2122
f 2133 2134 2135
f 2133 2135 2136
f 2137 2138 2135
f 2137 2135 2134
f 2137 2134 2139
f 2140 1777 1776
f 2140 1776 2141
f 2142 2143 2139
f 2142 2139 2134
f 2142 2134 2133
f 2142 2133 2140
f 2142 2140 2141
f 2138 2144 2145
f 2138 2145 2146
f 2147 2144 2148
f 2136 2135 2138
f 2136 2138 2146
f 1789 1777 2140
f 1789 2140 2149
f 2140 2133 2136
f 2140 2136 2146
f 2140 2146 2145
f 2140 2145 2150
f 2140 2150 2151
f 2140 2151 2152
f 2140 2152 2149
f 2150 2153 2154
f 2150 2154 2151
f 2155 2154 2153
f 2139 2156 2157
f 2139 2157 2158
f 2139 2158 2137
f 1853 2156 2139
f 1853 2139 2143
f 1853 2143 2159
f 2155 2153 1931
f 2155 1931 2160
f 1852 2157 2156
f 1852 2156 1853
f 2161 2144 2147
f 2144 1910 1932
f 2144 1932 2150
f 1852 1861 2158
f 1852 2158 2157
f 2147 2148 2161
f 1861 1910 2161
f 1861 2161 2148
f 1861 2148 2137
f 1861 2137 2158
f 1931 2153 2150
f 1931 2150 1932
f 2162 2163 2164
f 2162 2164 2165
f 2162 2165 2166
f 2167 2168 2169
f 2167 2169 2170
f 2167 2170 2171
f 2172 2171 2170
f 2173 2172 2170
f 2173 2170 2169
f 2173 2169 2174
f 2173 2174 2175
f 2163 2173 2175
f 2176 2177 2178
f 2176 2178 2179
f 2176 2179 2180
f 2176 2180 2181
f 2176 2181 2182
f 2179 2183 2184
f 2179 2184 2185
f 2164 2186 2187
f 2164 2187 2188
f 2164 2188 2166
f 2164 2166 2165
f 2189 2190 2191
f 2189 2191 2192
f 2189 2192 2193
f 2194 2195 2189
f 2194 2189 2193
f 2196 2197 2188
f 2196 2188 2198
f 2196 2198 2199
f 2199 2198 2200
f 2199 2200 2201
f 2199 2201 2202
f 2203 2197 2196
f 2187 2191 2190
f 2187 2190 2204
f 2187 2204 2201
f 2187 2201 2200
f 2182 2181 2195
f 2182 2195 2194
f 2182 2194 2205
f 2192 2206 2205
f 2192 2205 2194
f 2186 2174 2191
f 2186 2191 2187
f 2185 2184 2180
f 2169 2168 2176
f 2169 2176 2182
f 2169 2182 2205
f 2169 2205 2206
f 1779 1778 1785
f 1779 1785 2207
f 1779 2207 2208
f 2207 2167 2171
f 2207 2171 2172
f 2207 2172 2209
f 2207 2209 2208
f 2210 1780 1779
f 2210 1779 2208
f 2173 2163 2162
f 2173 2162 2211
f 2173 2211 2210
f 2173 2210 2208
f 2173 2208 2209
f 2212 2152 2151
f 2212 2151 2154
f 2212 2154 2155
f 2212 2155 2213
f 2212 2213 2214
f 2212 2214 2215
f 2216 2217 2218
f 2216 2218 2219
f 2216 2219 2220
f 2216 2220 2215
f 2216 2215 2214
f 2213 2216 2214
f 2221 2222 2223
f 2221 2223 2224
f 2221 2224 2220
f 2221 2220 2219
f 2218 2221 2219
f 2225 2226 2227
f 2228 2217 2229
f 2225 2227 2223
f 2225 2223 2222
f 2224 2223 2230
f 2224 2230 2231
f 2224 2231 2178
f 2224 2178 2177
f 2232 2233 2234
f 2183 2179 2178
f 2183 2178 2231
f 2183 2231 2234
f 2183 2234 2233
f 2207 1785 1784
f 2207 1784 2235
f 2212 2215 2220
f 2212 2220 2224
f 2212 2224 2177
f 2212 2177 2176
f 2212 2176 2168
f 2212 2168 2167
f 2212 2167 2207
f 2212 2207 2235
f 1789 2149 2235
f 1789 2235 1784
f 2149 2152 2212
f 2149 2212 2235
f 2236 2237 2238
f 2239 2240 2241
f 2239 2241 2242
f 2239 2242 2243
f 1770 1769 1780
f 1770 1780 2210
f 1770 2210 2244
f 2210 2211 2245
f 2210 2245 2244
f 2141 1776 1771
f 2141 1771 1770
f 2141 1770 2244
f 2142 2141 2244
f 2142 2244 2245
f 2197 2203 2246
f 2197 2246 2247
f 2197 2247 2188
f 2248 2247 2246
f 2238 2249 2250
f 2245 2211 2162
f 2245 2162 2166
f 2245 2166 2188
f 2245 2188 2251
f 2245 2251 2243
f 2245 2243 2242
f 2241 2245 2242
f 2143 2142 2240
f 2143 2240 2239
f 2143 2239 2237
f 2143 2237 2236
f 1919 2251 2248
f 1919 2248 1925
f 2252 2253 2249
f 1926 1927 2250
f 1926 2250 2253
f 2243 2251 1919
f 2243 1919 1921
f 2237 2252 2249
f 1905 2239 2243
f 1905 2243 1921
f 2237 2239 1905
f 2237 1905 1926
f 2237 1926 2252
f 2250 1927 2159
f 2250 2159 2143
f 1924 1925 2248
f 1924 2248 2246
f 2254 1924 2246
f 2254 2246 2203
f 2228 2229 2255
f 2018 2230 2226
f 2018 2226 2009
f 2225 2010 2009
f 2225 2009 2226
f 1990 2218 2217
f 1990 2217 2228
f 1990 2228 2026
f 2222 2221 2218
f 2222 2218 1990
f 2222 1990 2010
f 2222 2010 2225
f 2005 2256 2234
f 2005 2234 2231
f 2005 2231 2020
f 2005 2004 2183
f 2005 2183 2233
f 2256 2233 2232
f 2232 2234 2256
f 2231 2230 2018
f 2231 2018 2020
f 2027 2026 2255
f 2216 2213 1963
f 2216 1963 2027
f 2216 2027 2255
f 2216 2255 2229
f 2160 1963 2213
f 2160 2213 2155
f 2257 2258 2259
f 2257 2259 2189
f 2257 2189 2195
f 2257 2195 2181
f 2254 2203 2196
f 2254 2196 1912
f 2183 2004 2003
f 2183 2003 2184
f 2260 2202 2204
f 2257 2181 2184
f 2257 2184 2003
f 2257 2003 2129
f 2261 2262 2263
f 2261 2263 2189
f 2261 2189 2259
f 2263 2264 2078
f 2263 2078 2077
f 2263 2077 2204
f 2265 2261 2264
f 2265 2264 2262
f 2266 2267 2129
f 2258 2257 2267
f 2258 2267 2266
f 2258 2266 2124
f 2258 2124 2125
f 2078 2259 2258
f 2078 2258 2125
f 2076 2260 2077
f 2061 1912 2196
f 2061 2196 2199
f 2074 2061 2199
f 2074 2199 2202
f 2074 2202 2260
f 2074 2260 2076
f 1474 1473 1566
f 1474 1566 1707
f 1474 1707 1706
f 1474 1706 1475
f 1706 1705 1704
f 1706 1704 1477
f 1706 1477 1476
f 1706 1476 1475
f 1704 1703 1702
f 1704 1702 1479
f 1704 1479 1478
f 1704 1478 1477
f 1702 1701 1700
f 1702 1700 1481
f 1702 1481 1480
f 1702 1480 1479
f 1700 1699 1698
f 1700 1698 1483
f 1700 1483 1482
f 1700 1482 1481
f 1698 1697 1696
f 1698 1696 1485
f 1698 1485 1484
f 1698 1484 1483
f 1696 1695 1694
f 1696 1694 1487
f 1696 1487 1486
f 1696 1486 1485
f 1694 1693 1692
f 1694 1692 1489
f 1694 1489 1488
f 1694 1488 1487
f 1692 1691 1690
f 1692 1690 1491
f 1692 1491 1490
f 1692 1490 1489
f 1690 1588 1492
f 1690 1492 1491
f 1505 1493 1492
f 1505 1492 1588
f 1505 1588 1587
f 1504 1505 1587
f 1504 1587 1586
f 1504 1586 1592
f 1503 1504 1592
f 1503 1592 1591
f 1503 1591 1595
f 1502 1503 1595
f 1502 1595 1594
f 1502 1594 1598
f 1501 1502 1598
f 1501 1598 1597
f 1501 1597 1601
f 1500 1501 1601
f 1500 1601 1600
f 1500 1600 1604
f 1499 1500 1604
f 1499 1604 1603
f 1499 1603 1607
f 1498 1499 1607
f 1498 1607 1606
f 1498 1606 1610
f 1497 1498 1610
f 1497 1610 1609
f 1497 1609 1613
f 1612 1616 1525
f 1612 1525 1496
f 1612 1496 1497
f 1612 1497 1613
f 1460 1459 1493
f 1460 1493 1505
f 1461 1460 1505
f 1461 1505 1504
f 1462 1461 1504
f 1462 1504 1503
f 1463 1462 1503
f 1463 1503 1502
f 1464 1463 1502
f 1464 1502 1501
f 1465 1464 1501
f 1465 1501 1500
f 1466 1465 1500
f 1466 1500 1499
f 1467 1466 1499
f 1467 1499 1498
f 1468 1467 1498
f 1468 1498 1497
f 1496 1447 1458
f 1496 1458 1468
f 1496 1468 1497
f 1471 1041 1054
f 1471 1054 1446
f 1471 1446 1470
f 1053 1052 1473
f 1053 1473 1474
f 1053 1474 1436
f 1474 1475 1476
f 1474 1476 1437
f 1474 1437 1436
f 1476 1477 1478
f 1476 1478 1438
f 1476 1438 1437
f 1478 1479 1480
f 1478 1480 1439
f 1478 1439 1438
f 1480 1481 1482
f 1480 1482 1440
f 1480 1440 1439
f 1482 1483 1484
f 1482 1484 1441
f 1482 1441 1440
f 1484 1485 1486
f 1484 1486 1442
f 1484 1442 1441
f 1486 1487 1488
f 1486 1488 1443
f 1486 1443 1442
f 1488 1489 1490
f 1488 1490 1444
f 1488 1444 1443
f 1490 1491 1492
f 1490 1492 1493
f 1490 1493 1459
f 1490 1459 1445
f 1490 1445 1444
f 2268 2269 2270
f 2268 2270 2271
f 2270 2272 2273
f 2270 2273 2271
f 2272 2274 2275
f 2272 2275 2273
f 2276 2268 2271
f 2276 2271 2277
f 2271 2273 2278
f 2271 2278 2277
f 2273 2275 2279
f 2273 2279 2278
f 2280 2276 2277
f 2280 2277 2281
f 2277 2278 2282
f 2277 2282 2281
f 2278 2279 2283
f 2278 2283 2282
f 2284 2280 2281
f 2284 2281 2285
f 2281 2282 2286
f 2281 2286 2285
f 2282 2283 2287
f 2282 2287 2286
f 2288 2284 2285
f 2288 2285 2289
f 2285 2286 2290
f 2285 2290 2289
f 2286 2287 2291
f 2286 2291 2290
f 2292 2293 2288
f 2292 2288 2289
f 2294 2292 2289
f 2294 2289 2290
f 2295 2294 2290
f 2295 2290 2291
f 2296 2269 2268
f 2296 2268 2276
f 2296 2276 2280
f 2296 2280 2284
f 2296 2284 2288
f 2296 2288 2293
f 2296 2293 2297
f 2275 2274 2298
f 2275 2298 2299
f 2298 2300 2301
f 2298 2301 2299
f 2300 2302 2303
f 2300 2303 2304
f 2300 2304 2305
f 2300 2305 2301
f 2279 2275 2299
f 2279 2299 2306
f 2299 2301 2307
f 2299 2307 2306
f 2301 2305 2308
f 2301 2308 2309
f 2301 2309 2307
f 2283 2279 2306
f 2283 2306 2310
f 2306 2307 2311
f 2306 2311 2310
f 2307 2309 2312
f 2307 2312 2313
f 2307 2313 2311
f 2287 2283 2310
f 2287 2310 2314
f 2310 2311 2315
f 2310 2315 2314
f 2311 2313 2316
f 2311 2316 2317
f 2311 2317 2315
f 2291 2287 2314
f 2291 2314 2318
f 2314 2315 2319
f 2314 2319 2318
f 2315 2317 2320
f 2315 2320 2321
f 2315 2321 2319
f 2322 2295 2291
f 2322 2291 2318
f 2323 2322 2318
f 2323 2318 2319
f 2324 2325 2326
f 2324 2326 2323
f 2324 2323 2319
f 2324 2319 2321
f 2327 2328 2326
f 2327 2326 2325
f 2329 2330 2328
f 2329 2328 2327
f 2308 2305 2304
f 2308 2304 2331
f 2308 2331 2332
f 2308 2332 2333
f 2312 2309 2308
f 2312 2308 2333
f 2312 2333 2334
f 2312 2334 2335
f 2316 2313 2312
f 2316 2312 2335
f 2316 2335 2336
f 2316 2336 2337
f 2320 2317 2316
f 2320 2316 2337
f 2320 2337 2338
f 2320 2338 2339
f 2340 2324 2321
f 2340 2321 2320
f 2340 2320 2339
f 2341 2342 2343
f 2341 2343 2344
f 2341 2344 2345
f 2344 2346 2347
f 2344 2347 2345
f 2346 2348 2349
f 2346 2349 2350
f 2346 2350 2347
f 2351 2352 2341
f 2351 2341 2345
f 2351 2345 2353
f 2345 2347 2354
f 2345 2354 2353
f 2347 2350 2355
f 2347 2355 2356
f 2347 2356 2354
f 2357 2358 2351
f 2357 2351 2353
f 2357 2353 2359
f 2353 2354 2360
f 2353 2360 2359
f 2354 2356 2361
f 2354 2361 2362
f 2354 2362 2360
f 2363 2364 2357
f 2363 2357 2359
f 2363 2359 2365
f 2359 2360 2366
f 2359 2366 2365
f 2360 2362 2367
f 2360 2367 2368
f 2360 2368 2366
f 2369 2370 2371
f 2369 2371 2363
f 2369 2363 2365
f 2369 2365 2372
f 2365 2366 2373
f 2365 2373 2372
f 2366 2368 2374
f 2366 2374 2375
f 2366 2375 2376
f 2366 2376 2373
f 2377 2378 2369
f 2377 2369 2372
f 2379 2377 2372
f 2379 2372 2373
f 2380 2379 2373
f 2380 2373 2376
f 2381 2382 2383
f 2381 2383 2384
f 2302 2381 2384
f 2302 2384 2303
f 2385 2386 2387
f 2385 2387 2388
f 2389 2385 2388
f 2389 2388 2390
f 2391 2389 2390
f 2391 2390 2392
f 2391 2392 2393
f 2391 2393 2394
f 2395 2391 2394
f 2395 2394 2396
f 2395 2396 2397
f 2398 954 953
f 2398 953 2395
f 2398 2395 2397
f 2399 2400 2386
f 2399 2386 2385
f 2401 2399 2385
f 2401 2385 2389
f 2402 2401 2389
f 2402 2389 2391
f 2403 2402 2391
f 2403 2391 2395
f 953 891 2403
f 953 2403 2395
f 2404 2405 2406
f 2404 2406 2407
f 2406 2400 2399
f 2406 2399 2407
f 2408 2404 2407
f 2408 2407 2409
f 2407 2399 2401
f 2407 2401 2409
f 2410 2408 2409
f 2410 2409 2411
f 2409 2401 2402
f 2409 2402 2411
f 2412 2410 2411
f 2412 2411 2413
f 2411 2402 2403
f 2411 2403 2413
f 889 888 2412
f 889 2412 2413
f 891 889 2413
f 891 2413 2403
f 2414 2415 2416
f 2414 2416 2417
f 2418 2414 2417
f 2418 2417 2419
f 2420 2418 2419
f 2420 2419 2421
f 2422 2420 2421
f 2422 2421 2423
f 951 1001 2422
f 951 2422 2423
f 2424 2425 2426
f 2424 2426 2415
f 2424 2415 2414
f 2427 2428 2424
f 2427 2424 2414
f 2427 2414 2418
f 2429 2430 2427
f 2429 2427 2418
f 2429 2418 2420
f 2431 2432 2429
f 2431 2429 2420
f 2431 2420 2422
f 1001 1000 2433
f 1001 2433 2431
f 1001 2431 2422
f 2434 2435 2436
f 2434 2436 2437
f 2417 2416 2434
f 2417 2434 2437
f 2437 2436 2438
f 2437 2438 2439
f 2419 2417 2437
f 2419 2437 2439
f 2439 2438 2440
f 2439 2440 2441
f 2421 2419 2439
f 2421 2439 2441
f 2441 2440 2442
f 2441 2442 2443
f 2423 2421 2441
f 2423 2441 2443
f 950 949 2443
f 950 2443 2442
f 949 951 2423
f 949 2423 2443
f 2406 2405 2444
f 2406 2444 2445
f 2406 2445 2446
f 2447 2400 2406
f 2447 2406 2446
f 2446 2445 2448
f 2446 2448 2449
f 2446 2449 2450
f 2451 2447 2446
f 2451 2446 2450
f 2450 2449 2452
f 2450 2452 2453
f 2450 2453 2454
f 2455 2451 2450
f 2455 2450 2454
f 2454 2453 2456
f 2454 2456 2457
f 2454 2457 2458
f 2459 2455 2454
f 2459 2454 2458
f 2458 2457 2460
f 2458 2460 2461
f 2458 2461 2462
f 2463 2459 2458
f 2463 2458 2462
f 2462 2461 2464
f 2462 2464 2465
f 2462 2465 2466
f 2467 2463 2462
f 2467 2462 2466
f 2466 2465 2468
f 2466 2468 2469
f 2466 2469 2470
f 2471 2467 2466
f 2471 2466 2470
f 2470 2469 2472
f 2470 2472 2473
f 2470 2473 2474
f 2475 2471 2470
f 2475 2470 2474
f 2474 2473 2476
f 2474 2476 2477
f 2474 2477 2478
f 2479 2475 2474
f 2479 2474 2478
f 2478 2477 2480
f 2478 2480 2481
f 2478 2481 2482
f 2483 2479 2478
f 2483 2478 2482
f 2482 2481 2484
f 2482 2484 2485
f 2482 2485 2486
f 2487 2483 2482
f 2487 2482 2486
f 2486 2485 2488
f 2486 2488 2489
f 2486 2489 2490
f 2491 2487 2486
f 2491 2486 2490
f 2490 2489 2492
f 2490 2492 2493
f 2490 2493 2494
f 2495 2491 2490
f 2495 2490 2494
f 2494 2493 2496
f 2494 2496 2497
f 2494 2497 2498
f 2499 2495 2494
f 2499 2494 2498
f 2498 2497 2500
f 2498 2500 2501
f 2498 2501 2502
f 2503 2499 2498
f 2503 2498 2502
f 2435 2434 2502
f 2435 2502 2501
f 2434 2416 2503
f 2434 2503 2502
f 2504 2505 2387
f 2504 2387 2386
f 2504 2386 2506
f 2507 2508 2509
f 2507 2509 2504
f 2507 2504 2506
f 2507 2506 2510
f 2511 2512 2507
f 2511 2507 2510
f 2511 2510 2513
f 2514 2515 2511
f 2514 2511 2513
f 2514 2513 2516
f 2517 2518 2514
f 2517 2514 2516
f 2517 2516 2519
f 2520 2521 2517
f 2520 2517 2519
f 2520 2519 2522
f 2523 2524 2520
f 2523 2520 2522
f 2523 2522 2525
f 2526 2527 2523
f 2526 2523 2525
f 2526 2525 2528
f 2529 2530 2526
f 2529 2526 2528
f 2529 2528 2531
f 2532 2533 2529
f 2532 2529 2531
f 2532 2531 2534
f 2535 2536 2532
f 2535 2532 2534
f 2535 2534 2537
f 2538 2539 2535
f 2538 2535 2537
f 2538 2537 2540
f 2541 2542 2538
f 2541 2538 2540
f 2541 2540 2543
f 2544 2545 2541
f 2544 2541 2543
f 2544 2543 2546
f 2547 2548 2544
f 2547 2544 2546
f 2547 2546 2549
f 2415 2426 2547
f 2415 2547 2549
f 2506 2386 2400
f 2506 2400 2447
f 2510 2506 2447
f 2510 2447 2451
f 2513 2510 2451
f 2513 2451 2455
f 2516 2513 2455
f 2516 2455 2459
f 2519 2516 2459
f 2519 2459 2463
f 2522 2519 2463
f 2522 2463 2467
f 2525 2522 2467
f 2525 2467 2471
f 2528 2525 2471
f 2528 2471 2475
f 2531 2528 2475
f 2531 2475 2479
f 2534 2531 2479
f 2534 2479 2483
f 2537 2534 2483
f 2537 2483 2487
f 2540 2537 2487
f 2540 2487 2491
f 2543 2540 2491
f 2543 2491 2495
f 2546 2543 2495
f 2546 2495 2499
f 2549 2546 2499
f 2549 2499 2503
f 2416 2415 2549
f 2416 2549 2503
f 2550 2551 2552
f 2550 2552 2553
f 2550 2553 2554
f 2555 2556 2550
f 2555 2550 2554
f 2555 2554 2557
f 2558 2559 2555
f 2558 2555 2557
f 2558 2557 2560
f 2561 2562 2558
f 2561 2558 2560
f 2561 2560 2563
f 2564 2565 2561
f 2564 2561 2563
f 2564 2563 2566
f 2567 2568 2564
f 2567 2564 2566
f 2567 2566 2569
f 2570 2571 2567
f 2570 2567 2569
f 2570 2569 2572
f 2573 2574 2570
f 2573 2570 2572
f 2573 2572 2575
f 2576 2577 2573
f 2576 2573 2575
f 2576 2575 2578
f 2579 2580 2576
f 2579 2576 2578
f 2579 2578 2581
f 2582 2583 2579
f 2582 2579 2581
f 2554 2553 2512
f 2554 2512 2511
f 2554 2511 2515
f 2557 2554 2515
f 2557 2515 2514
f 2557 2514 2518
f 2560 2557 2518
f 2560 2518 2517
f 2560 2517 2521
f 2563 2560 2521
f 2563 2521 2520
f 2563 2520 2524
f 2566 2563 2524
f 2566 2524 2523
f 2566 2523 2527
f 2569 2566 2527
f 2569 2527 2526
f 2569 2526 2530
f 2572 2569 2530
f 2572 2530 2529
f 2572 2529 2533
f 2575 2572 2533
f 2575 2533 2532
f 2575 2532 2536
f 2578 2575 2536
f 2578 2536 2535
f 2578 2535 2539
f 2581 2578 2539
f 2581 2539 2538
f 2581 2538 2542
f 2541 2545 2582
f 2541 2582 2581
f 2541 2581 2542
f 2584 2585 2586
f 2584 2586 2587
f 2584 2587 2588
f 2584 2588 2589
f 2584 2589 2590
f 2584 2590 2591
f 2436 2435 2501
f 2436 2501 2500
f 2436 2500 2592
f 2500 2497 2496
f 2500 2496 2593
f 2500 2593 2592
f 2496 2493 2492
f 2496 2492 2594
f 2496 2594 2593
f 2492 2489 2488
f 2492 2488 2595
f 2492 2595 2594
f 2488 2485 2484
f 2488 2484 2596
f 2488 2596 2595
f 2484 2481 2480
f 2484 2480 2597
f 2484 2597 2596
f 2480 2477 2476
f 2480 2476 2598
f 2480 2598 2597
f 2476 2473 2472
f 2476 2472 2599
f 2476 2599 2598
f 2472 2469 2468
f 2472 2468 2600
f 2472 2600 2599
f 2468 2465 2464
f 2468 2464 2601
f 2468 2601 2600
f 2464 2461 2460
f 2464 2460 2602
f 2464 2602 2601
f 2460 2457 2456
f 2460 2456 2603
f 2460 2603 2602
f 2456 2453 2452
f 2456 2452 2604
f 2456 2604 2603
f 2452 2449 2448
f 2452 2448 2605
f 2452 2605 2604
f 2448 2445 2444
f 2448 2444 2606
f 2448 2606 2605
f 2444 2405 2404
f 2444 2404 2606
f 2438 2436 2592
f 2438 2592 2607
f 2592 2593 2608
f 2592 2608 2607
f 2593 2594 2609
f 2593 2609 2608
f 2594 2595 2610
f 2594 2610 2609
f 2595 2596 2611
f 2595 2611 2610
f 2596 2597 2612
f 2596 2612 2611
f 2597 2598 2613
f 2597 2613 2612
f 2598 2599 2614
f 2598 2614 2613
f 2599 2600 2615
f 2599 2615 2614
f 2600 2601 2616
f 2600 2616 2615
f 2601 2602 2617
f 2601 2617 2616
f 2602 2603 2618
f 2602 2618 2617
f 2603 2604 2619
f 2603 2619 2618
f 2604 2605 2620
f 2604 2620 2619
f 2605 2606 2621
f 2605 2621 2620
f 2606 2404 2408
f 2606 2408 2621
f 2440 2438 2607
f 2440 2607 2622
f 2607 2608 2623
f 2607 2623 2622
f 2608 2609 2624
f 2608 2624 2623
f 2609 2610 2625
f 2609 2625 2624
f 2610 2611 2626
f 2610 2626 2625
f 2611 2612 2627
f 2611 2627 2626
f 2612 2613 2628
f 2612 2628 2627
f 2613 2614 2629
f 2613 2629 2628
f 2614 2615 2630
f 2614 2630 2629
f 2615 2616 2631
f 2615 2631 2630
f 2616 2617 2632
f 2616 2632 2631
f 2617 2618 2633
f 2617 2633 2632
f 2618 2619 2634
f 2618 2634 2633
f 2619 2620 2635
f 2619 2635 2634
f 2620 2621 2636
f 2620 2636 2635
f 2621 2408 2410
f 2621 2410 2636
f 2442 2440 2622
f 2442 2622 2637
f 2622 2623 2638
f 2622 2638 2637
f 2623 2624 2639
f 2623 2639 2638
f 2624 2625 2640
f 2624 2640 2639
f 2625 2626 2641
f 2625 2641 2640
f 2626 2627 2642
f 2626 2642 2641
f 2627 2628 2643
f 2627 2643 2642
f 2628 2629 2644
f 2628 2644 2643
f 2629 2630 2645
f 2629 2645 2644
f 2630 2631 2646
f 2630 2646 2645
f 2631 2632 2647
f 2631 2647 2646
f 2632 2633 2648
f 2632 2648 2647
f 2633 2634 2649
f 2633 2649 2648
f 2634 2635 2650
f 2634 2650 2649
f 2635 2636 2651
f 2635 2651 2650
f 2636 2410 2412
f 2636 2412 2651
f 945 950 2442
f 945 2442 2637
f 945 2637 946
f 2637 2638 942
f 2637 942 941
f 2637 941 946
f 2638 2639 938
f 2638 938 937
f 2638 937 942
f 2639 2640 934
f 2639 934 933
f 2639 933 938
f 2640 2641 930
f 2640 930 929
f 2640 929 934
f 2641 2642 926
f 2641 926 925
f 2641 925 930
f 2642 2643 922
f 2642 922 921
f 2642 921 926
f 2643 2644 918
f 2643 918 917
f 2643 917 922
f 2644 2645 914
f 2644 914 913
f 2644 913 918
f 2645 2646 910
f 2645 910 909
f 2645 909 914
f 2646 2647 906
f 2646 906 905
f 2646 905 910
f 2647 2648 902
f 2647 902 901
f 2647 901 906
f 2648 2649 898
f 2648 898 897
f 2648 897 902
f 2649 2650 894
f 2649 894 893
f 2649 893 898
f 2650 2651 887
f 2650 887 886
f 2650 886 894
f 2651 2412 888
f 2651 888 887
f 2652 2512 2553
f 2652 2553 2653
f 2654 2652 2653
f 2654 2653 2655
f 2656 2657 2654
f 2656 2654 2655
f 2656 2655 2658
f 2659 2660 2656
f 2659 2656 2658
f 2659 2658 2661
f 1003 961 2662
f 1003 2662 2659
f 1003 2659 2661
f 2653 2553 2552
f 2653 2552 2663
f 2655 2653 2663
f 2655 2663 2664
f 2658 2655 2664
f 2658 2664 2665
f 2661 2658 2665
f 2661 2665 2666
f 1004 1003 2661
f 1004 2661 2666
f 2667 2582 2545
f 2667 2545 2668
f 2669 2667 2668
f 2669 2668 2670
f 2671 2669 2670
f 2671 2670 2672
f 2673 2671 2672
f 2673 2672 2674
f 994 1035 2673
f 994 2673 2674
f 2675 2583 2582
f 2675 2582 2667
f 2676 2675 2667
f 2676 2667 2669
f 2677 2676 2669
f 2677 2669 2671
f 2678 2677 2671
f 2678 2671 2673
f 1035 1034 2678
f 1035 2678 2673
f 2679 2680 2586
f 2679 2586 2585
f 2681 2682 2683
f 2681 2683 2684
f 2681 2684 2685
f 2685 2679 2585
f 2685 2585 2584
f 2685 2584 2686
f 2685 2686 2681
f 2587 2586 2680
f 2587 2680 2684
f 2587 2684 2683
f 2587 2683 2687
f 2688 2425 2424
f 2688 2424 2428
f 2688 2428 2689
f 2428 2427 2430
f 2428 2430 2690
f 2428 2690 2691
f 2428 2691 2689
f 2430 2429 2432
f 2430 2432 2692
f 2430 2692 2693
f 2430 2693 2690
f 2432 2431 2433
f 2432 2433 2694
f 2432 2694 2695
f 2432 2695 2692
f 2433 1000 999
f 2433 999 998
f 2433 998 2694
f 2696 2697 2698
f 2696 2698 2688
f 2696 2688 2689
f 2691 2687 2696
f 2691 2696 2689
f 2699 2700 2686
f 2699 2686 2693
f 2699 2693 2692
f 2699 2692 2695
f 2694 998 997
f 2694 997 2701
f 2694 2701 2699
f 2694 2699 2695
f 2548 2547 2426
f 2548 2426 2425
f 2548 2425 2688
f 2548 2688 2698
f 2702 2703 2590
f 2702 2590 2589
f 2591 2590 2703
f 2591 2703 2704
f 2591 2704 2705
f 2702 2589 2588
f 2702 2588 2706
f 2702 2706 2707
f 2690 2693 2705
f 2690 2705 2704
f 2690 2704 2707
f 2690 2707 2706
f 2690 2706 2691
f 2706 2588 2587
f 2706 2587 2687
f 2706 2687 2691
f 2584 2591 2705
f 2584 2705 2693
f 2584 2693 2686
f 2708 2709 2710
f 2708 2710 2711
f 2703 2702 2711
f 2703 2711 2710
f 2680 2679 2709
f 2680 2709 2708
f 2685 2684 2712
f 2685 2712 2713
f 2714 2715 2713
f 2714 2713 2712
f 2707 2704 2715
f 2707 2715 2714
f 2709 2708 2712
f 2709 2712 2713
f 2713 2712 2708
f 2713 2708 2709
f 2715 2714 2711
f 2715 2711 2710
f 2710 2711 2714
f 2710 2714 2715
f 2702 2707 2714
f 2702 2714 2711
f 2715 2704 2703
f 2715 2703 2710
f 2714 2712 2708
f 2714 2708 2711
f 2713 2715 2710
f 2713 2710 2709
f 2679 2685 2713
f 2679 2713 2709
f 2712 2684 2680
f 2712 2680 2708
f 2668 2545 2544
f 2668 2544 2548
f 2668 2548 2698
f 2668 2698 2697
f 2670 2668 2697
f 2670 2697 2696
f 2670 2696 2687
f 2670 2687 2683
f 2670 2683 2682
f 2672 2670 2682
f 2672 2682 2681
f 2672 2681 2686
f 2672 2686 2700
f 2674 2672 2700
f 2674 2700 2699
f 2674 2699 2701
f 997 995 994
f 997 994 2674
f 997 2674 2701
f 1002 2673 2671
f 1002 2671 2669
f 1002 2669 2667
f 1002 2667 2582
f 1002 2582 2581
f 1002 2581 2578
f 1002 2578 2575
f 1002 2575 2572
f 1002 2572 2569
f 1002 2569 2566
f 1002 2566 2563
f 1002 2563 2560
f 1002 2560 2557
f 1002 2557 2554
f 1002 2554 2553
f 1002 2553 2653
f 1002 2653 2655
f 1002 2655 2658
f 1002 2658 2661
f 1002 2661 1003
f 1002 1007 1010
f 1002 1010 1013
f 1002 1013 1016
f 1002 1016 1019
f 1002 1019 1022
f 1002 1022 1025
f 1002 1025 1028
f 1002 1028 1031
f 1002 1031 1035
f 1002 1035 2673
f 2554 2667 2669
f 2554 2669 2671
f 2554 2671 2673
f 2554 2673 1035
f 2554 1035 1031
f 2554 1031 1028
f 2554 1028 1025
f 2554 1025 1022
f 2554 1022 1019
f 2554 1019 1016
f 2554 1016 1013
f 2554 1013 1010
f 2554 1010 1007
f 2554 1007 1002
f 2554 1002 1003
f 2554 1003 2661
f 2554 2661 2658
f 2554 2658 2655
f 2554 2655 2653
f 2554 2653 2553
f 2554 2557 2560
f 2554 2560 2563
f 2554 2563 2566
f 2554 2566 2569
f 2554 2569 2572
f 2554 2572 2575
f 2554 2575 2578
f 2554 2578 2581
f 2554 2581 2582
f 2554 2582 2667
f 2579 2583 2675
f 2579 2675 2716
f 2579 2716 2580
f 2716 2717 2577
f 2716 2577 2576
f 2716 2576 2580
f 2717 2718 2574
f 2717 2574 2573
f 2717 2573 2577
f 2718 2719 2571
f 2718 2571 2570
f 2718 2570 2574
f 2719 2720 2568
f 2719 2568 2567
f 2719 2567 2571
f 2720 2721 2565
f 2720 2565 2564
f 2720 2564 2568
f 2721 2722 2562
f 2721 2562 2561
f 2721 2561 2565
f 2722 2723 2559
f 2722 2559 2558
f 2722 2558 2562
f 2723 2724 2556
f 2723 2556 2555
f 2723 2555 2559
f 2724 2725 2551
f 2724 2551 2550
f 2724 2550 2556
f 2725 2663 2552
f 2725 2552 2551
f 2675 2676 2726
f 2675 2726 2716
f 2726 2727 2717
f 2726 2717 2716
f 2727 2728 2718
f 2727 2718 2717
f 2728 2729 2719
f 2728 2719 2718
f 2729 2730 2720
f 2729 2720 2719
f 2730 2731 2721
f 2730 2721 2720
f 2731 2732 2722
f 2731 2722 2721
f 2732 2733 2723
f 2732 2723 2722
f 2733 2734 2724
f 2733 2724 2723
f 2734 2735 2725
f 2734 2725 2724
f 2735 2664 2663
f 2735 2663 2725
f 2676 2677 2736
f 2676 2736 2726
f 2736 2737 2727
f 2736 2727 2726
f 2737 2738 2728
f 2737 2728 2727
f 2738 2739 2729
f 2738 2729 2728
f 2739 2740 2730
f 2739 2730 2729
f 2740 2741 2731
f 2740 2731 2730
f 2741 2742 2732
f 2741 2732 2731
f 2742 2743 2733
f 2742 2733 2732
f 2743 2744 2734
f 2743 2734 2733
f 2744 2745 2735
f 2744 2735 2734
f 2745 2665 2664
f 2745 2664 2735
f 2677 2678 2746
f 2677 2746 2736
f 2746 2747 2737
f 2746 2737 2736
f 2747 2748 2738
f 2747 2738 2737
f 2748 2749 2739
f 2748 2739 2738
f 2749 2750 2740
f 2749 2740 2739
f 2750 2751 2741
f 2750 2741 2740
f 2751 2752 2742
f 2751 2742 2741
f 2752 2753 2743
f 2752 2743 2742
f 2753 2754 2744
f 2753 2744 2743
f 2754 2755 2745
f 2754 2745 2744
f 2755 2666 2665
f 2755 2665 2745
f 2678 1034 1033
f 2678 1033 1032
f 2678 1032 2746
f 1032 1030 1029
f 1032 1029 2747
f 1032 2747 2746
f 1029 1027 1026
f 1029 1026 2748
f 1029 2748 2747
f 1026 1024 1023
f 1026 1023 2749
f 1026 2749 2748
f 1023 1021 1020
f 1023 1020 2750
f 1023 2750 2749
f 1020 1018 1017
f 1020 1017 2751
f 1020 2751 2750
f 1017 1015 1014
f 1017 1014 2752
f 1017 2752 2751
f 1014 1012 1011
f 1014 1011 2753
f 1014 2753 2752
f 1011 1009 1008
f 1011 1008 2754
f 1011 2754 2753
f 1008 1006 1005
f 1008 1005 2755
f 1008 2755 2754
f 1005 1004 2666
f 1005 2666 2755
f 2756 2757 2758
f 2756 2758 2759
f 2657 2656 2660
f 2657 2660 2760
f 2657 2760 2761
f 2760 2762 2763
f 2760 2763 2758
f 2760 2758 2757
f 2760 2757 2761
f 2762 2396 2394
f 2762 2394 2393
f 2762 2393 2763
f 2660 2659 2662
f 2660 2662 2764
f 2660 2764 2760
f 2764 2765 2762
f 2764 2762 2760
f 2765 2398 2397
f 2765 2397 2396
f 2765 2396 2762
f 2662 961 959
f 2662 959 958
f 2662 958 2764
f 958 956 955
f 958 955 2765
f 958 2765 2764
f 955 954 2398
f 955 2398 2765
f 2766 2767 2757
f 2766 2757 2756
f 2508 2507 2512
f 2508 2512 2652
f 2508 2652 2768
f 2509 2508 2768
f 2509 2768 2769
f 2652 2654 2770
f 2652 2770 2768
f 2770 2771 2769
f 2770 2769 2768
f 2654 2657 2761
f 2654 2761 2770
f 2761 2757 2767
f 2761 2767 2771
f 2761 2771 2770
f 2772 2773 2767
f 2772 2767 2766
f 2759 2758 2773
f 2759 2773 2772
f 2759 2772 2766
f 2759 2766 2756
f 2763 2393 2392
f 2763 2392 2774
f 2763 2774 2773
f 2763 2773 2758
f 2505 2504 2509
f 2505 2509 2769
f 2505 2769 2775
f 2388 2387 2505
f 2388 2505 2775
f 2775 2769 2771
f 2775 2771 2776
f 2390 2388 2775
f 2390 2775 2776
f 2767 2773 2774
f 2767 2774 2776
f 2767 2776 2771
f 2774 2392 2390
f 2774 2390 2776
f 2275 2279 2283
f 2275 2283 2287
f 2275 2287 2291
f 2275 2291 2295
f 2275 2295 2777
f 2275 2777 2778
f 2275 2778 2779
f 2275 2779 2780
f 2275 2780 2781
f 2275 2781 2782
f 2275 2782 2783
f 2275 2783 2784
f 2275 2784 2785
f 2275 2785 2786
f 2275 2786 2787
f 2275 2787 2788
f 2275 2788 2789
f 2275 2789 2790
f 2275 2790 2791
f 2275 2791 2792
f 2275 2792 2793
f 2275 2793 2274
f 2291 2287 2283
f 2291 2283 2279
f 2291 2279 2275
f 2291 2275 2274
f 2291 2274 2793
f 2291 2793 2792
f 2291 2792 2791
f 2291 2791 2790
f 2291 2790 2789
f 2291 2789 2788
f 2291 2788 2787
f 2291 2787 2786
f 2291 2786 2785
f 2291 2785 2784
f 2291 2784 2783
f 2291 2783 2782
f 2291 2782 2781
f 2291 2781 2780
f 2291 2780 2779
f 2291 2779 2778
f 2291 2778 2777
f 2291 2777 2295
f 2794 2795 2796
f 2794 2796 2797
f 2794 2797 2798
f 2794 2798 2799
f 2794 2799 2800
f 2794 2800 2269
f 2794 2269 2296
f 2796 2795 2801
f 2796 2801 2802
f 2801 2803 2804
f 2801 2804 2802
f 2803 2788 2789
f 2803 2789 2804
f 2797 2796 2802
f 2797 2802 2805
f 2802 2804 2806
f 2802 2806 2805
f 2804 2789 2790
f 2804 2790 2806
f 2798 2797 2805
f 2798 2805 2807
f 2805 2806 2808
f 2805 2808 2807
f 2806 2790 2791
f 2806 2791 2808
f 2799 2798 2807
f 2799 2807 2809
f 2807 2808 2810
f 2807 2810 2809
f 2808 2791 2792
f 2808 2792 2810
f 2800 2799 2809
f 2800 2809 2811
f 2809 2810 2812
f 2809 2812 2811
f 2810 2792 2793
f 2810 2793 2812
f 2270 2269 2800
f 2270 2800 2811
f 2272 2270 2811
f 2272 2811 2812
f 2274 2272 2812
f 2274 2812 2793
f 2297 2293 2813
f 2297 2813 2814
f 2297 2814 2815
f 2297 2815 2816
f 2297 2816 2817
f 2297 2817 2818
f 2297 2818 2819
f 2820 2818 2817
f 2820 2817 2821
f 2822 2820 2821
f 2822 2821 2823
f 2781 2782 2822
f 2781 2822 2823
f 2821 2817 2816
f 2821 2816 2824
f 2823 2821 2824
f 2823 2824 2825
f 2780 2781 2823
f 2780 2823 2825
f 2824 2816 2815
f 2824 2815 2826
f 2825 2824 2826
f 2825 2826 2827
f 2779 2780 2825
f 2779 2825 2827
f 2826 2815 2814
f 2826 2814 2828
f 2827 2826 2828
f 2827 2828 2829
f 2778 2779 2827
f 2778 2827 2829
f 2828 2814 2813
f 2828 2813 2830
f 2829 2828 2830
f 2829 2830 2831
f 2777 2778 2829
f 2777 2829 2831
f 2293 2292 2830
f 2293 2830 2813
f 2292 2294 2831
f 2292 2831 2830
f 2294 2295 2777
f 2294 2777 2831
f 2819 2818 2832
f 2819 2832 2833
f 2819 2833 2834
f 2819 2834 2835
f 2819 2835 2836
f 2819 2836 2795
f 2819 2795 2794
f 2801 2795 2836
f 2801 2836 2837
f 2803 2801 2837
f 2803 2837 2838
f 2787 2788 2803
f 2787 2803 2838
f 2837 2836 2835
f 2837 2835 2839
f 2838 2837 2839
f 2838 2839 2840
f 2786 2787 2838
f 2786 2838 2840
f 2839 2835 2834
f 2839 2834 2841
f 2840 2839 2841
f 2840 2841 2842
f 2785 2786 2840
f 2785 2840 2842
f 2841 2834 2833
f 2841 2833 2843
f 2842 2841 2843
f 2842 2843 2844
f 2784 2785 2842
f 2784 2842 2844
f 2843 2833 2832
f 2843 2832 2845
f 2844 2843 2845
f 2844 2845 2846
f 2783 2784 2844
f 2783 2844 2846
f 2818 2820 2845
f 2818 2845 2832
f 2820 2822 2846
f 2820 2846 2845
f 2822 2782 2783
f 2822 2783 2846
f 2297 2819 2794
f 2297 2794 2296
f 2847 2848 2849
f 2847 2849 2850
f 2847 2850 2851
f 2850 2852 2853
f 2850 2853 2851
f 2854 2855 2847
f 2854 2847 2851
f 2854 2851 2856
f 2851 2853 2857
f 2851 2857 2856
f 2858 2859 2854
f 2858 2854 2856
f 2858 2856 2860
f 2856 2857 2861
f 2856 2861 2860
f 2862 2863 2858
f 2862 2858 2860
f 2862 2860 2864
f 2860 2861 2865
f 2860 2865 2866
f 2860 2866 2864
f 2370 2369 2378
f 2370 2378 2862
f 2370 2862 2864
f 2867 2371 2370
f 2867 2370 2864
f 2867 2864 2866
f 2867 2866 2865
f 2867 2865 2868
f 2867 2868 2869
f 2867 2869 2870
f 2869 2871 2872
f 2869 2872 2873
f 2869 2873 2870
f 2872 2874 2875
f 2872 2875 2876
f 2872 2876 2873
f 2875 2877 2878
f 2875 2878 2879
f 2875 2879 2876
f 2878 2880 2881
f 2878 2881 2882
f 2878 2882 2883
f 2878 2883 2879
f 2363 2371 2867
f 2363 2867 2870
f 2363 2870 2364
f 2870 2873 2358
f 2870 2358 2357
f 2870 2357 2364
f 2873 2876 2352
f 2873 2352 2351
f 2873 2351 2358
f 2876 2879 2342
f 2876 2342 2341
f 2876 2341 2352
f 2879 2883 2343
f 2879 2343 2342
f 2884 2885 2886
f 2884 2886 2887
f 2884 2887 2888
f 2887 2889 2890
f 2887 2890 2891
f 2887 2891 2888
f 2892 2884 2888
f 2892 2888 2893
f 2888 2891 2894
f 2888 2894 2895
f 2888 2895 2893
f 2896 2892 2893
f 2896 2893 2897
f 2893 2895 2898
f 2893 2898 2899
f 2893 2899 2897
f 2880 2878 2877
f 2880 2877 2896
f 2880 2896 2897
f 2881 2880 2897
f 2881 2897 2899
f 2900 2901 2902
f 2900 2902 2903
f 2900 2903 2904
f 2903 2905 2906
f 2903 2906 2907
f 2903 2907 2904
f 2906 2908 2909
f 2906 2909 2910
f 2906 2910 2907
f 2909 2911 2912
f 2909 2912 2913
f 2909 2913 2910
f 2912 2914 2915
f 2912 2915 2916
f 2912 2916 2913
f 2915 2917 2918
f 2915 2918 2916
f 2849 2900 2904
f 2849 2904 2850
f 2904 2907 2919
f 2904 2919 2920
f 2904 2920 2852
f 2904 2852 2850
f 2907 2910 2921
f 2907 2921 2922
f 2907 2922 2919
f 2910 2913 2923
f 2910 2923 2924
f 2910 2924 2921
f 2913 2916 2886
f 2913 2886 2885
f 2913 2885 2923
f 2916 2918 2889
f 2916 2889 2887
f 2916 2887 2886
f 2925 2926 2927
f 2925 2927 2928
f 2929 2930 2926
f 2929 2926 2925
f 2931 2932 2933
f 2931 2933 2934
f 2931 2934 2935
f 2931 2935 2936
f 2937 2938 2931
f 2937 2931 2936
f 2937 2936 2939
f 2937 2939 2940
f 2941 2942 2937
f 2941 2937 2940
f 2941 2940 2943
f 2941 2943 2944
f 2945 2946 2941
f 2945 2941 2944
f 2945 2944 2947
f 2945 2947 2948
f 2949 2950 2951
f 2949 2951 2945
f 2949 2945 2948
f 2328 2330 2952
f 2328 2952 2953
f 2326 2328 2953
f 2326 2953 2954
f 2955 2782 2781
f 2955 2781 2956
f 2957 2955 2956
f 2957 2956 2958
f 2935 2934 2928
f 2935 2928 2927
f 2935 2927 2957
f 2935 2957 2958
f 2956 2781 2780
f 2956 2780 2959
f 2958 2956 2959
f 2958 2959 2960
f 2939 2936 2935
f 2939 2935 2958
f 2939 2958 2960
f 2959 2780 2779
f 2959 2779 2961
f 2960 2959 2961
f 2960 2961 2962
f 2943 2940 2939
f 2943 2939 2960
f 2943 2960 2962
f 2961 2779 2778
f 2961 2778 2963
f 2962 2961 2963
f 2962 2963 2964
f 2947 2944 2943
f 2947 2943 2962
f 2947 2962 2964
f 2963 2778 2777
f 2963 2777 2965
f 2964 2963 2965
f 2964 2965 2966
f 2949 2948 2947
f 2949 2947 2964
f 2949 2964 2966
f 2295 2322 2965
f 2295 2965 2777
f 2322 2323 2966
f 2322 2966 2965
f 2323 2326 2954
f 2323 2954 2950
f 2323 2950 2949
f 2323 2949 2966
f 2967 2381 2302
f 2967 2302 2968
f 2969 2970 2971
f 2969 2971 2972
f 2970 2973 2974
f 2970 2974 2971
f 2975 2382 2381
f 2975 2381 2967
f 2976 2977 2978
f 2976 2978 2979
f 2976 2979 2980
f 2976 2980 2981
f 2982 2983 2976
f 2982 2976 2981
f 2982 2981 2984
f 2982 2984 2985
f 2986 2987 2982
f 2986 2982 2985
f 2986 2985 2988
f 2986 2988 2989
f 2990 2991 2986
f 2990 2986 2989
f 2990 2989 2992
f 2990 2992 2993
f 2990 2993 2994
f 2995 2996 2997
f 2995 2997 2990
f 2995 2990 2994
f 2789 2788 2998
f 2789 2998 2999
f 2998 3000 3001
f 2998 3001 2999
f 3000 2969 2972
f 3000 2972 2978
f 3000 2978 2977
f 3000 2977 3001
f 2790 2789 2999
f 2790 2999 3002
f 2999 3001 3003
f 2999 3003 3002
f 3001 2977 2976
f 3001 2976 2983
f 3001 2983 3003
f 2791 2790 3002
f 2791 3002 3004
f 3002 3003 3005
f 3002 3005 3004
f 3003 2983 2982
f 3003 2982 2987
f 3003 2987 3005
f 2792 2791 3004
f 2792 3004 3006
f 3004 3005 3007
f 3004 3007 3006
f 3005 2987 2986
f 3005 2986 2991
f 3005 2991 3007
f 2793 2792 3006
f 2793 3006 3008
f 3006 3007 3009
f 3006 3009 3008
f 3007 2991 2990
f 3007 2990 2997
f 3007 2997 3009
f 2298 2274 2793
f 2298 2793 3008
f 2300 2298 3008
f 2300 3008 3009
f 2996 2968 2302
f 2996 2302 2300
f 2996 2300 3009
f 2996 3009 2997
f 2924 2923 2885
f 2924 2885 3010
f 2924 3010 3011
f 2924 3011 3012
f 2922 2921 2924
f 2922 2924 3012
f 2922 3012 3013
f 2922 3013 3014
f 2920 2919 2922
f 2920 2922 3014
f 2920 3014 3015
f 2920 3015 3016
f 3017 2852 2920
f 3017 2920 3016
f 2853 2852 3017
f 2853 3017 3018
f 2857 2853 3018
f 2857 3018 3019
f 2861 2857 3019
f 2861 3019 3020
f 3021 2865 2861
f 3021 2861 3020
f 2950 3022 3023
f 2950 3023 2951
f 3024 3025 3022
f 3024 3022 2950
f 3024 2950 2954
f 2324 3025 3024
f 2324 3024 2325
f 3026 3027 2329
f 3026 2329 2327
f 3024 3026 2327
f 3024 2327 2325
f 2953 2952 3027
f 2953 3027 3026
f 2954 2953 3026
f 2954 3026 3024
f 2328 2953 3026
f 2328 3026 2327
f 2327 3026 2953
f 2327 2953 2328
f 3027 2952 2330
f 3027 2330 2329
f 3025 2324 2340
f 3025 2340 3023
f 3025 3023 3022
f 3028 3029 3030
f 3028 3030 3023
f 3028 3023 2340
f 3028 2340 2339
f 3028 2339 2338
f 3031 3032 2932
f 3031 2932 2931
f 3031 2931 2938
f 3031 2938 3033
f 3018 3017 3031
f 3018 3031 3033
f 3033 2938 2937
f 3033 2937 2942
f 3033 2942 3034
f 3019 3018 3033
f 3019 3033 3034
f 3034 2942 2941
f 3034 2941 2946
f 3034 2946 3035
f 3020 3019 3034
f 3020 3034 3035
f 2945 2951 3023
f 2945 3023 3030
f 2945 3030 3035
f 2945 3035 2946
f 3030 3029 3021
f 3030 3021 3020
f 3030 3020 3035
f 3036 3037 3038
f 3036 3038 2877
f 3036 2877 2875
f 3036 2875 2874
f 3039 3040 3036
f 3039 3036 2874
f 3039 2874 2872
f 3039 2872 2871
f 3041 3042 3039
f 3041 3039 2871
f 3041 2871 2869
f 3041 2869 2868
f 2865 3021 3041
f 2865 3041 2868
f 3043 3044 2331
f 3043 2331 2304
f 3043 2304 3045
f 3042 3041 3021
f 3042 3021 3029
f 3042 3029 3028
f 3042 3028 3046
f 3040 3039 3042
f 3040 3042 3046
f 3040 3046 3047
f 3037 3036 3040
f 3037 3040 3047
f 3037 3047 3048
f 3044 3043 3049
f 3044 3049 3038
f 3044 3038 3037
f 3044 3037 3048
f 2338 2337 2336
f 2338 2336 3046
f 2338 3046 3028
f 2336 2335 2334
f 2336 2334 3047
f 2336 3047 3046
f 2334 2333 2332
f 2334 2332 3048
f 2334 3048 3047
f 2332 2331 3044
f 2332 3044 3048
f 3050 3051 3045
f 3050 3045 2304
f 3050 2304 2303
f 2996 3051 3050
f 2996 3050 2968
f 3050 3052 2967
f 3050 2967 2968
f 3052 3053 2975
f 3052 2975 2967
f 2303 2384 3052
f 2303 3052 3050
f 2384 2383 3053
f 2384 3053 3052
f 2967 3052 2384
f 2967 2384 2381
f 2381 2384 3052
f 2381 3052 2967
f 2382 2975 3053
f 2382 3053 2383
f 3043 3045 3051
f 3043 3051 2996
f 3043 2996 2995
f 2995 2994 2993
f 2995 2993 3054
f 2995 3054 3049
f 2995 3049 3043
f 3055 3010 2885
f 3055 2885 2884
f 3056 3055 2884
f 3056 2884 2892
f 3057 3056 2892
f 3057 2892 2896
f 2877 3038 3057
f 2877 3057 2896
f 3058 3059 3060
f 3058 3060 3010
f 3058 3010 3055
f 3058 3055 3061
f 2984 2981 2980
f 2984 2980 3058
f 2984 3058 3061
f 3061 3055 3056
f 3061 3056 3062
f 2988 2985 2984
f 2988 2984 3061
f 2988 3061 3062
f 3062 3056 3057
f 3062 3057 3063
f 2992 2989 2988
f 2992 2988 3062
f 2992 3062 3063
f 3038 3049 3054
f 3038 3054 3063
f 3038 3063 3057
f 3054 2993 2992
f 3054 2992 3063
f 3064 3065 3066
f 3064 3066 3067
f 3068 2928 2934
f 3068 2934 3069
f 3070 3071 3068
f 3070 3068 3069
f 3070 3069 3072
f 2978 2972 3064
f 2978 3064 3067
f 2978 3067 3073
f 2998 2788 2787
f 2998 2787 3074
f 3000 2998 3074
f 3000 3074 3075
f 3076 3066 3065
f 3076 3065 2969
f 3076 2969 3000
f 3076 3000 3075
f 3074 2787 2786
f 3074 2786 3077
f 3075 3074 3077
f 3075 3077 3078
f 3079 3080 3076
f 3079 3076 3075
f 3079 3075 3078
f 3077 2786 2785
f 3077 2785 3081
f 3078 3077 3081
f 3078 3081 3082
f 3083 3084 3079
f 3083 3079 3078
f 3083 3078 3082
f 3081 2785 2784
f 3081 2784 3085
f 3082 3081 3085
f 3082 3085 3086
f 3087 3088 3083
f 3087 3083 3082
f 3087 3082 3086
f 3085 2784 2783
f 3085 2783 3089
f 3086 3085 3089
f 3086 3089 3090
f 3091 3092 3087
f 3091 3087 3086
f 3091 3086 3090
f 2782 2955 3089
f 2782 3089 2783
f 2955 2957 3090
f 2955 3090 3089
f 2957 2927 3071
f 2957 3071 3070
f 2957 3070 3091
f 2957 3091 3090
f 3070 3072 3093
f 3070 3093 3094
f 3068 3095 2925
f 3068 2925 2928
f 3095 3096 2929
f 3095 2929 2925
f 3093 3072 3069
f 3093 3069 2934
f 3093 2934 2933
f 3097 3093 2933
f 3097 2933 2932
f 3097 2932 3032
f 3071 3098 3095
f 3071 3095 3068
f 3098 3099 3096
f 3098 3096 3095
f 2927 2926 3098
f 2927 3098 3071
f 2926 2930 3099
f 2926 3099 3098
f 3095 2925 2926
f 3095 2926 3098
f 3098 2926 2925
f 3098 2925 3095
f 3099 2930 2929
f 3099 2929 3096
f 3100 3073 3067
f 3100 3067 3066
f 3100 3066 3101
f 3102 3103 3101
f 3102 3101 3066
f 3102 3066 3076
f 3102 3076 3080
f 3104 3105 3102
f 3104 3102 3080
f 3104 3080 3079
f 3104 3079 3084
f 3106 3107 3104
f 3106 3104 3084
f 3106 3084 3083
f 3106 3083 3088
f 3108 3109 3106
f 3108 3106 3088
f 3108 3088 3087
f 3108 3087 3092
f 3091 3070 3094
f 3091 3094 3108
f 3091 3108 3092
f 3109 3108 3094
f 3109 3094 3093
f 3109 3093 3097
f 3109 3097 3110
f 3107 3106 3109
f 3107 3109 3110
f 3107 3110 3111
f 3105 3104 3107
f 3105 3107 3111
f 3105 3111 3112
f 3103 3102 3105
f 3103 3105 3112
f 3103 3112 3113
f 3114 3100 3101
f 3114 3101 3103
f 3114 3103 3113
f 3032 3031 3017
f 3032 3017 3016
f 3032 3016 3015
f 3032 3015 3110
f 3032 3110 3097
f 3015 3014 3013
f 3015 3013 3111
f 3015 3111 3110
f 3013 3012 3011
f 3013 3011 3112
f 3013 3112 3111
f 3011 3010 3060
f 3011 3060 3113
f 3011 3113 3112
f 3060 3059 3114
f 3060 3114 3113
f 2971 2974 3115
f 2971 3115 3116
f 2972 2971 3116
f 2972 3116 3064
f 3100 2979 2978
f 3100 2978 3073
f 3058 2980 2979
f 3058 2979 3100
f 3058 3100 3114
f 3058 3114 3059
f 3116 3115 3117
f 3116 3117 3118
f 3064 3116 3118
f 3064 3118 3065
f 3118 2970 2969
f 3118 2969 3065
f 3117 2973 2970
f 3117 2970 3118
f 2971 2970 3118
f 2971 3118 3116
f 3116 3118 2970
f 3116 2970 2971
f 2974 2973 3117
f 2974 3117 3115
f 3119 2901 2900
f 3119 2900 3120
f 3121 3119 3120
f 3121 3120 3122
f 3123 3124 3121
f 3123 3121 3122
f 3120 2900 2849
f 3120 2849 2848
f 3120 2848 3125
f 3122 3120 3125
f 3122 3125 3126
f 3127 3128 3129
f 3127 3129 3123
f 3127 3123 3122
f 3127 3122 3126
f 3125 2848 2847
f 3125 2847 2855
f 3125 2855 3130
f 3126 3125 3130
f 3126 3130 3131
f 3132 3133 3127
f 3132 3127 3126
f 3132 3126 3131
f 3130 2855 2854
f 3130 2854 2859
f 3130 2859 3134
f 3131 3130 3134
f 3131 3134 3135
f 3136 3137 3132
f 3136 3132 3131
f 3136 3131 3135
f 3134 2859 2858
f 3134 2858 2863
f 3134 2863 3138
f 3135 3134 3138
f 3135 3138 3139
f 3140 3136 3135
f 3140 3135 3139
f 2862 2378 2377
f 2862 2377 3138
f 2862 3138 2863
f 2377 2379 3139
f 2377 3139 3138
f 2379 2380 3140
f 2379 3140 3139
f 2918 2917 3141
f 2918 3141 3142
f 3141 3143 3144
f 3141 3144 3142
f 3143 3145 3146
f 3143 3146 3144
f 2890 2889 2918
f 2890 2918 3142
f 2890 3142 3147
f 3142 3144 3148
f 3142 3148 3147
f 3144 3146 3149
f 3144 3149 3150
f 3144 3150 3148
f 2894 2891 2890
f 2894 2890 3147
f 2894 3147 3151
f 3147 3148 3152
f 3147 3152 3151
f 3148 3150 3153
f 3148 3153 3154
f 3148 3154 3152
f 2898 2895 2894
f 2898 2894 3151
f 2898 3151 3155
f 3151 3152 3156
f 3151 3156 3155
f 3152 3154 3157
f 3152 3157 3158
f 3152 3158 3156
f 2882 2881 2899
f 2882 2899 2898
f 2882 2898 3155
f 2882 3155 3159
f 3155 3156 3160
f 3155 3160 3159
f 3156 3158 3161
f 3156 3161 3162
f 3156 3162 3163
f 3156 3163 3160
f 2344 2343 2883
f 2344 2883 2882
f 2344 2882 3159
f 2346 2344 3159
f 2346 3159 3160
f 3164 2348 2346
f 3164 2346 3160
f 3164 3160 3163
f 3141 2917 2915
f 3141 2915 2914
f 3141 2914 3165
f 3143 3141 3165
f 3143 3165 3166
f 3167 3168 3145
f 3167 3145 3143
f 3167 3143 3166
f 3165 2914 2912
f 3165 2912 2911
f 3165 2911 3169
f 3166 3165 3169
f 3166 3169 3170
f 3171 3172 3167
f 3171 3167 3166
f 3171 3166 3170
f 3169 2911 2909
f 3169 2909 2908
f 3169 2908 3173
f 3170 3169 3173
f 3170 3173 3174
f 3175 3176 3171
f 3175 3171 3170
f 3175 3170 3174
f 3173 2908 2906
f 3173 2906 2905
f 3173 2905 3177
f 3174 3173 3177
f 3174 3177 3178
f 3179 3180 3175
f 3179 3175 3174
f 3179 3174 3178
f 3177 2905 2903
f 3177 2903 2902
f 3177 2902 3181
f 3178 3177 3181
f 3178 3181 3182
f 3183 3184 3179
f 3183 3179 3178
f 3183 3178 3182
f 2901 3119 3181
f 2901 3181 2902
f 3119 3121 3182
f 3119 3182 3181
f 3121 3124 3183
f 3121 3183 3182
f 3185 3186 3187
f 3185 3187 3188
f 3185 3188 3189
f 3185 3189 3190
f 3191 3192 3193
f 3191 3193 3185
f 3191 3185 3190
f 3194 3195 3196
f 3194 3196 3190
f 3194 3190 3189
f 3196 3197 3191
f 3196 3191 3190
f 3183 3124 3123
f 3183 3123 3198
f 3183 3198 3184
f 3198 3199 3180
f 3198 3180 3179
f 3198 3179 3184
f 3199 3200 3176
f 3199 3176 3175
f 3199 3175 3180
f 3200 3201 3172
f 3200 3172 3171
f 3200 3171 3176
f 3201 3202 3168
f 3201 3168 3167
f 3201 3167 3172
f 3202 3146 3145
f 3202 3145 3168
f 3123 3129 3203
f 3123 3203 3198
f 3203 3204 3199
f 3203 3199 3198
f 3204 3205 3200
f 3204 3200 3199
f 3205 3206 3201
f 3205 3201 3200
f 3206 3207 3208
f 3206 3208 3202
f 3206 3202 3201
f 3208 3209 3149
f 3208 3149 3146
f 3208 3146 3202
f 3209 3208 3207
f 3209 3207 3210
f 3209 3210 3211
f 3209 3211 3212
f 3150 3149 3209
f 3150 3209 3212
f 3150 3212 3153
f 3211 3213 3214
f 3211 3214 3215
f 3211 3215 3212
f 3215 3157 3154
f 3215 3154 3153
f 3215 3153 3212
f 3214 3216 3217
f 3214 3217 3218
f 3214 3218 3219
f 3214 3219 3215
f 3219 3161 3158
f 3219 3158 3157
f 3219 3157 3215
f 3218 3220 3221
f 3218 3221 3222
f 3218 3222 3219
f 3222 3162 3161
f 3222 3161 3219
f 3223 3224 3225
f 3223 3225 3226
f 3223 3226 3227
f 3228 3229 3223
f 3228 3223 3227
f 3228 3227 3230
f 3231 3232 3233
f 3231 3233 3228
f 3231 3228 3230
f 3231 3230 3234
f 3220 3218 3217
f 3220 3217 3231
f 3220 3231 3234
f 3213 3211 3210
f 3213 3210 3235
f 3213 3235 3236
f 3216 3214 3213
f 3216 3213 3236
f 3216 3236 3237
f 3232 3231 3217
f 3232 3217 3216
f 3232 3216 3237
f 3226 3238 3239
f 3226 3239 3240
f 3226 3240 3227
f 3240 3241 3230
f 3240 3230 3227
f 3241 3242 3234
f 3241 3234 3230
f 3242 3243 3221
f 3242 3221 3220
f 3242 3220 3234
f 3243 3164 3163
f 3243 3163 3162
f 3243 3162 3222
f 3243 3222 3221
f 3239 2374 2368
f 3239 2368 2367
f 3239 2367 3240
f 2367 2362 2361
f 2367 2361 3241
f 2367 3241 3240
f 2361 2356 2355
f 2361 2355 3242
f 2361 3242 3241
f 2355 2350 2349
f 2355 2349 3243
f 2355 3243 3242
f 2349 2348 3164
f 2349 3164 3243
f 3129 3128 3244
f 3129 3244 3203
f 3244 3245 3246
f 3244 3246 3204
f 3244 3204 3203
f 3246 3247 3248
f 3246 3248 3205
f 3246 3205 3204
f 3248 3249 3235
f 3248 3235 3206
f 3248 3206 3205
f 3235 3210 3207
f 3235 3207 3206
f 3128 3127 3133
f 3128 3133 3250
f 3128 3250 3244
f 3250 3251 3245
f 3250 3245 3244
f 3133 3132 3137
f 3133 3137 3252
f 3133 3252 3250
f 3252 3253 3251
f 3252 3251 3250
f 3137 3136 3254
f 3137 3254 3252
f 3254 3225 3224
f 3254 3224 3253
f 3254 3253 3252
f 3254 3136 3140
f 3254 3140 3255
f 3238 3226 3225
f 3238 3225 3254
f 3238 3254 3255
f 2380 2376 2375
f 2380 2375 3255
f 2380 3255 3140
f 2375 2374 3239
f 2375 3239 3238
f 2375 3238 3255
f 3247 3246 3245
f 3247 3245 3187
f 3247 3187 3186
f 3249 3248 3247
f 3249 3247 3186
f 3249 3186 3185
f 3249 3185 3193
f 3249 3193 3256
f 3235 3249 3256
f 3236 3235 3256
f 3236 3256 3193
f 3236 3193 3192
f 3237 3236 3192
f 3237 3192 3191
f 3237 3191 3197
f 3237 3197 3257
f 3232 3237 3257
f 3195 3194 3258
f 3195 3258 3224
f 3195 3224 3223
f 3195 3223 3229
f 3257 3197 3196
f 3257 3196 3195
f 3257 3195 3229
f 3257 3229 3228
f 3257 3228 3233
f 3232 3257 3233
f 3188 3187 3245
f 3188 3245 3251
f 3258 3194 3189
f 3258 3189 3188
f 3258 3188 3251
f 3258 3251 3253
f 3224 3258 3253
