# BSP v29 exported geometry — dm3
v -984.0 -272.0 0.0
v -984.0 -272.0 32.0
v -984.0 -240.0 32.0
v -984.0 -240.0 0.0
v -984.0 -32.0 256.0
v -984.0 64.0 256.0
v -984.0 64.0 32.0
v -984.0 -32.0 32.0
v -984.0 64.0 -32.0
v -984.0 64.0 -40.0
v -984.0 -32.0 -40.0
v -984.0 96.0 256.0
v -984.0 96.0 32.0
v -984.0 96.0 -16.0
v -984.0 96.0 -32.0
v -984.0 160.0 32.0
v -984.0 160.0 256.0
v -984.0 188.79998779296875 256.0
v -984.0 192.0 256.0
v -984.0 192.0 32.0
v -984.0 192.0 16.0
v -984.0 160.0 16.0
v -984.0 128.0 256.0
v -984.0 128.0 32.0
v -984.0 128.0 0.0
v -984.0 128.0 -16.0
v -984.0 224.0 256.0
v -984.0 256.0 256.0
v -984.0 256.0 64.0
v -984.0 256.0 48.0
v -984.0 224.0 48.0
v -984.0 288.0 256.0
v -984.0 288.0 80.0
v -984.0 288.0 64.0
v -984.0 160.0 0.0
v -984.0 224.0 32.0
v -984.0 320.0 256.0
v -984.0 320.0 96.0
v -984.0 320.0 80.0
v -984.0 544.0 96.0
v -984.0 480.0 96.0
v -984.0 412.79998779296875 256.0
v -984.0 544.0 256.0
v -984.0 617.5999755859375 256.0
v -984.0 755.2000122070312 256.0
v -984.0 771.2000122070312 256.0
v -984.0 771.2000122070312 96.0
v -984.0 755.2000122070312 96.0
v -984.0 704.0 96.0
v -984.0 617.5999755859375 96.0
v 2048.0 -192.0 -144.0
v 2048.0 -192.0 -128.0
v 2048.0 -224.0 -128.0
v 2048.0 -224.0 -144.0
v 2048.0 -128.0 -176.0
v 2048.0 -128.0 -128.0
v 2048.0 -160.0 -128.0
v 2048.0 -160.0 -160.0
v 2048.0 -160.0 -176.0
v 2048.0 64.0 -192.0
v 2048.0 64.0 -176.0
v 2048.0 64.0 -128.0
v 2048.0 -64.0 -128.0
v 2048.0 -128.0 -192.0
v 2048.0 80.0 -176.0
v 2048.0 80.0 -128.0
v 2048.0 -448.0 -48.0
v 2048.0 -384.0 -48.0
v 2048.0 -384.0 40.0
v 2048.0 -384.0 112.0
v 2048.0 -448.0 112.0
v 2048.0 -512.0 112.0
v 2048.0 -512.0 -48.0
v 2048.0 -320.0 40.0
v 2048.0 -352.0 40.0
v 2048.0 -352.0 -64.0
v 2048.0 -352.0 -80.0
v 2048.0 -320.0 -80.0
v 2048.0 -288.0 40.0
v 2048.0 -320.0 -96.0
v 2048.0 -288.0 -96.0
v 2048.0 -384.0 -64.0
v 2048.0 -160.0 40.0
v 2048.0 -192.0 40.0
v 2048.0 -192.0 -160.0
v 2048.0 -256.0 40.0
v 2048.0 -256.0 -112.0
v 2048.0 -256.0 -128.0
v 2048.0 -288.0 -112.0
v 2048.0 -96.0 40.0
v 2048.0 -64.0 40.0
v 2048.0 -160.0 112.0
v 2048.0 -288.0 112.0
v 2048.0 -96.0 80.0
v 2048.0 -96.0 112.0
v 2048.0 80.0 -112.0
v 2048.0 80.0 112.0
v 2048.0 -64.0 112.0
v 2048.0 -64.0 80.0
v 2048.0 160.0 112.0
v 2048.0 128.0 112.0
v 2048.0 128.0 -112.0
v 2048.0 160.0 -112.0
v 2048.0 128.0 -144.0
v 2048.0 160.0 -144.0
v 2048.0 160.0 -128.0
v 2048.0 192.0 -128.0
v 2048.0 192.0 -112.0
v 2048.0 192.0 112.0
v 2048.0 96.0 112.0
v 2048.0 96.0 -112.0
v 2048.0 96.0 -160.0
v 2048.0 128.0 -160.0
v 2048.0 416.0 112.0
v 2048.0 352.0 112.0
v 2048.0 336.0 -112.0
v 2048.0 416.0 -112.0
v 2048.0 560.0 -112.0
v 2048.0 576.0 -112.0
v 2048.0 576.0 40.0
v 2048.0 576.0 112.0
v 880.0 1136.0 -48.0
v 880.0 1136.0 176.0
v 896.0 1136.0 176.0
v 1104.0 1136.0 176.0
v 1104.0 1136.0 -48.0
v 1104.0 1136.0 -288.0
v 960.0 1136.0 -288.0
v 928.0 1136.0 -288.0
v 880.0 1136.0 -288.0
v 1328.0 1136.0 176.0
v 1328.0 1136.0 -48.0
v 1328.0 1136.0 -276.8524475097656
v 1248.0 1136.0 -288.0
v 1184.0 1136.0 -288.0
v 1472.0 1136.0 176.0
v 1472.0 1136.0 -48.0
v 1472.0 1136.0 -204.0
v 1472.0 1136.0 -256.7868957519531
v 1248.0 -960.0 176.0
v 1184.0 -960.0 176.0
v 1024.0 -960.0 176.0
v 1024.0 -960.0 64.0
v 1184.0 -960.0 64.0
v 1248.0 -960.0 64.0
v 1472.0 -960.0 176.0
v 1376.0 -960.0 176.0
v 1408.0 -960.0 64.0
v 1472.0 -960.0 64.0
v 1520.0 -960.0 64.0
v 1520.0 -960.0 136.0
v 1520.0 -960.0 160.0
v 1520.0 -960.0 176.0
v 1392.0 -960.0 48.0
v 1280.0 -960.0 48.0
v 1184.0 -960.0 48.0
v 1168.0 -960.0 48.0
v 1168.0 -960.0 -48.0
v 1184.0 -960.0 -48.0
v 1376.0 -960.0 -48.0
v 1392.0 -960.0 -48.0
v 1520.0 -960.0 -48.0
v 1552.0 -960.0 -48.0
v 1552.0 -960.0 48.0
v 1552.0 -960.0 64.0
v 1552.0 -960.0 136.0
v 1648.0 -960.0 176.0
v 1616.0 -960.0 176.0
v 1616.0 -960.0 32.0
v 1616.0 -960.0 16.0
v 1648.0 -960.0 16.0
v 1584.0 -960.0 176.0
v 1584.0 -960.0 48.0
v 1584.0 -960.0 32.0
v 1680.0 -960.0 136.0
v 1680.0 -960.0 160.0
v 1680.0 -960.0 176.0
v 1648.0 -960.0 0.0
v 1680.0 -960.0 0.0
v 1552.0 -960.0 176.0
v 1552.0 -960.0 160.0
v 1920.0 -960.0 176.0
v 1872.0 -960.0 176.0
v 1872.0 -960.0 160.0
v 1872.0 -960.0 136.0
v 1872.0 -960.0 -48.0
v 1920.0 -960.0 -48.0
v 1840.0 -960.0 136.0
v 1840.0 -960.0 160.0
v 1840.0 -960.0 176.0
v 1744.0 -960.0 176.0
v 1744.0 -960.0 -32.0
v 1744.0 -960.0 -48.0
v 1840.0 -960.0 -48.0
v 1680.0 -960.0 -16.0
v 1712.0 -960.0 -16.0
v 1712.0 -960.0 136.0
v 1712.0 -960.0 176.0
v 1712.0 -960.0 160.0
v 1712.0 -960.0 -32.0
v -368.0 -784.0 384.0
v -368.0 -672.0 384.0
v -368.0 -624.0 384.0
v -376.0 -624.0 384.0
v -376.0 -784.0 384.0
v -368.0 -896.0 384.0
v -384.0 -784.0 384.0
v -384.0 -896.0 384.0
v -368.0 -512.0 384.0
v -384.0 -512.0 384.0
v -384.0 -624.0 384.0
v 432.0 -672.0 400.0
v 432.0 -896.0 400.0
v 432.0 -896.0 384.0
v 432.0 -672.0 384.0
v 432.0 -512.0 384.0
v 432.0 -512.0 400.0
v -368.0 -896.0 400.0
v -368.0 -672.0 400.0
v -368.0 -512.0 400.0
v -144.0 -896.0 400.0
v -240.0 -896.0 400.0
v -256.0 -896.0 384.0
v -240.0 -896.0 384.0
v -144.0 -896.0 384.0
v 80.0 -896.0 400.0
v -16.0 -896.0 400.0
v -16.0 -896.0 384.0
v 80.0 -896.0 384.0
v 304.0 -896.0 400.0
v 208.0 -896.0 400.0
v 128.0 -896.0 384.0
v 304.0 -896.0 384.0
v 352.0 -896.0 384.0
v 320.0 -896.0 400.0
v -144.0 -512.0 384.0
v -192.0 -512.0 384.0
v -240.0 -512.0 384.0
v -256.0 -512.0 384.0
v -240.0 -512.0 400.0
v -144.0 -512.0 400.0
v 80.0 -512.0 384.0
v 64.0 -512.0 384.0
v 32.0 -512.0 384.0
v -16.0 -512.0 400.0
v 80.0 -512.0 400.0
v 304.0 -512.0 384.0
v 96.0 -512.0 384.0
v 208.0 -512.0 400.0
v 304.0 -512.0 400.0
v 320.0 -512.0 400.0
v 320.0 -512.0 384.0
v -240.0 -736.0 496.0
v -240.0 -594.2857055664062 496.0
v -285.71429443359375 -594.2857055664062 496.0
v -285.71429443359375 -672.0 496.0
v -285.71429443359375 -813.7142944335938 496.0
v -240.0 -813.7142944335938 496.0
v -224.0 -672.0 496.0
v -224.0 -594.2857055664062 496.0
v -224.0 -736.0 496.0
v -16.0 -736.0 496.0
v -224.0 -813.7142944335938 496.0
v -192.0 -813.7142944335938 496.0
v -64.0 -813.7142944335938 496.0
v -32.0 -813.7142944335938 496.0
v -16.0 -813.7142944335938 496.0
v 208.0 -736.0 496.0
v 0.0 -736.0 496.0
v 96.0 -813.7142944335938 496.0
v 128.0 -813.7142944335938 496.0
v 208.0 -813.7142944335938 496.0
v 256.0 -813.7142944335938 496.0
v 320.0 -813.7142944335938 496.0
v 320.0 -736.0 496.0
v 288.0 -736.0 496.0
v 224.0 -736.0 496.0
v 320.0 -672.0 496.0
v 288.0 -672.0 496.0
v 349.71429443359375 -813.7142944335938 496.0
v 349.71429443359375 -672.0 496.0
v 0.0 -594.2857055664062 496.0
v -32.0 -594.2857055664062 496.0
v -64.0 -594.2857055664062 496.0
v -192.0 -594.2857055664062 496.0
v 0.0 -672.0 496.0
v 224.0 -594.2857055664062 496.0
v 128.0 -594.2857055664062 496.0
v 96.0 -594.2857055664062 496.0
v 224.0 -672.0 496.0
v 349.71429443359375 -594.2857055664062 496.0
v 320.0 -594.2857055664062 496.0
v 288.0 -594.2857055664062 496.0
v 256.0 -594.2857055664062 496.0
v -240.0 -882.2857055664062 416.0
v -224.0 -854.8571166992188 448.0
v -224.0 -882.2857055664062 416.0
v -192.0 -854.8571166992188 448.0
v -64.0 -882.2857055664062 416.0
v -64.0 -854.8571166992188 448.0
v -192.0 -882.2857055664062 416.0
v -32.0 -854.8571166992188 448.0
v -16.0 -882.2857055664062 416.0
v 96.0 -882.2857055664062 416.0
v 96.0 -854.8571166992188 448.0
v -32.0 -882.2857055664062 416.0
v 128.0 -854.8571166992188 448.0
v 208.0 -882.2857055664062 416.0
v 128.0 -882.2857055664062 416.0
v 320.0 -882.2857055664062 416.0
v 288.0 -882.2857055664062 416.0
v 256.0 -882.2857055664062 416.0
v 256.0 -854.8571166992188 448.0
v 288.0 -854.8571166992188 448.0
v 320.0 -854.8571166992188 448.0
v -240.0 -553.1428833007812 448.0
v -240.0 -525.7142944335938 416.0
v -224.0 -553.1428833007812 448.0
v -224.0 -525.7142944335938 416.0
v -192.0 -553.1428833007812 448.0
v -192.0 -525.7142944335938 416.0
v -64.0 -553.1428833007812 448.0
v -64.0 -525.7142944335938 416.0
v -32.0 -553.1428833007812 448.0
v -16.0 -525.7142944335938 416.0
v -32.0 -525.7142944335938 416.0
v 96.0 -553.1428833007812 448.0
v 96.0 -525.7142944335938 416.0
v 128.0 -553.1428833007812 448.0
v 128.0 -525.7142944335938 416.0
v 208.0 -525.7142944335938 416.0
v 256.0 -525.7142944335938 416.0
v 288.0 -525.7142944335938 416.0
v 320.0 -525.7142944335938 416.0
v 256.0 -553.1428833007812 448.0
v 288.0 -553.1428833007812 448.0
v -224.0 -658.2857055664062 448.0
v -224.0 -777.1428833007812 448.0
v -224.0 -749.7142944335938 416.0
v -224.0 -658.2857055664062 416.0
v -224.0 -736.0 488.0
v -224.0 -672.0 488.0
v 288.0 -658.2857055664062 416.0
v 288.0 -749.7142944335938 416.0
v 288.0 -777.1428833007812 448.0
v 288.0 -658.2857055664062 448.0
v 288.0 -672.0 488.0
v 288.0 -736.0 488.0
v 256.0 -658.2857055664062 448.0
v 256.0 -777.1428833007812 448.0
v 96.0 -658.2857055664062 448.0
v 128.0 -658.2857055664062 448.0
v 128.0 -777.1428833007812 448.0
v 96.0 -777.1428833007812 448.0
v -64.0 -658.2857055664062 448.0
v -32.0 -658.2857055664062 448.0
v -32.0 -777.1428833007812 448.0
v -64.0 -777.1428833007812 448.0
v -192.0 -658.2857055664062 448.0
v -192.0 -777.1428833007812 448.0
v 0.0 -736.0 488.0
v 224.0 -736.0 488.0
v 0.0 -672.0 488.0
v 224.0 -672.0 488.0
v 96.0 -749.7142944335938 416.0
v 96.0 -658.2857055664062 416.0
v 128.0 -658.2857055664062 416.0
v 128.0 -749.7142944335938 416.0
v 256.0 -749.7142944335938 416.0
v 256.0 -658.2857055664062 416.0
v -64.0 -749.7142944335938 416.0
v -64.0 -658.2857055664062 416.0
v -32.0 -658.2857055664062 416.0
v -32.0 -749.7142944335938 416.0
v -192.0 -658.2857055664062 416.0
v -192.0 -749.7142944335938 416.0
v -973.3333129882812 784.0 256.0
v -880.0 896.0 256.0
v -880.0 896.0 96.0
v 1296.0 672.0 -416.0
v 1440.0 672.0 -416.0
v 1440.0 656.0 -416.0
v 1440.0 608.0 -416.0
v 1440.0 448.0 -416.0
v 1296.0 448.0 -416.0
v 1440.0 368.0 -416.0
v 1440.0 224.0 -416.0
v 1296.0 224.0 -416.0
v 1440.0 128.0 -416.0
v 1440.0 112.0 -416.0
v 1296.0 112.0 -416.0
v 1472.0 144.0 -416.0
v 1472.0 336.0 -416.0
v 1472.0 368.0 -416.0
v 1696.0 368.0 -416.0
v 1696.0 144.0 -416.0
v 1696.0 96.0 -416.0
v 1664.0 96.0 -416.0
v 1472.0 96.0 -416.0
v 1472.0 112.0 -416.0
v 1904.0 368.0 -416.0
v 1904.0 320.0 -416.0
v 1904.0 144.0 -416.0
v 1904.0 96.0 -416.0
v 1456.0 112.0 -416.0
v 1440.0 96.0 -416.0
v 1296.0 96.0 -416.0
v 1280.0 592.0 -416.0
v 1280.0 624.0 -416.0
v 1280.0 656.0 -416.0
v 1280.0 672.0 -416.0
v 1280.0 448.0 -416.0
v 1280.0 224.0 -416.0
v 1280.0 368.0 -416.0
v 1280.0 96.0 -416.0
v 1280.0 112.0 -416.0
v 1280.0 128.0 -416.0
v 1264.0 112.0 -416.0
v 1264.0 96.0 -416.0
v 1216.0 96.0 -416.0
v 1040.0 96.0 -416.0
v 1040.0 256.0 -416.0
v 1040.0 288.0 -416.0
v 1264.0 288.0 -416.0
v 1264.0 128.0 -416.0
v 1440.0 0.0 -416.0
v 1280.0 0.0 -416.0
v 1216.0 0.0 -416.0
v 1664.0 0.0 -416.0
v 1536.0 0.0 -416.0
v 1472.0 0.0 -416.0
v 1904.0 80.0 -416.0
v 1904.0 0.0 -416.0
v 1792.0 0.0 -416.0
v 1728.0 0.0 -416.0
v 1680.0 0.0 -416.0
v 1792.0 -64.0 -416.0
v 1904.0 -64.0 -416.0
v 1904.0 -160.0 -416.0
v 1792.0 -160.0 -416.0
v 1728.0 -160.0 -416.0
v 1728.0 -64.0 -416.0
v 1680.0 -64.0 -416.0
v 1680.0 -160.0 -416.0
v 1680.0 -256.0 -416.0
v 1904.0 -256.0 -416.0
v 1904.0 -288.0 -416.0
v 1904.0 -384.0 -416.0
v 1728.0 -384.0 -416.0
v 1664.0 -384.0 -416.0
v 1664.0 -320.0 -416.0
v 1664.0 -256.0 -416.0
v 1904.0 -448.0 -416.0
v 1728.0 -448.0 -416.0
v 1280.0 -64.0 -416.0
v 1472.0 -64.0 -416.0
v 1536.0 -64.0 -416.0
v 1280.0 -112.0 -416.0
v 1504.0 -64.0 -416.0
v 1504.0 -256.0 -416.0
v 1408.0 -256.0 -416.0
v 1344.0 -256.0 -416.0
v 1280.0 -256.0 -416.0
v 1632.0 -256.0 -416.0
v 1632.0 -320.0 -416.0
v 1504.0 -320.0 -416.0
v 1408.0 -320.0 -416.0
v 1280.0 -320.0 -416.0
v 1344.0 -320.0 -416.0
v 1280.0 -448.0 -416.0
v 1280.0 -432.0 -416.0
v 1280.0 -416.0 -416.0
v 1280.0 -336.0 -416.0
v 1504.0 -448.0 -416.0
v 1664.0 -448.0 -416.0
v 1504.0 -512.0 -416.0
v 1408.0 -512.0 -416.0
v 1280.0 -464.59259033203125 -416.0
v 1728.0 -512.0 -416.0
v 1632.0 -512.0 -416.0
v 1904.0 -512.0 -416.0
v 1856.0 -512.0 -416.0
v 1216.0 -112.0 -416.0
v 1216.0 -64.0 -416.0
v 1040.0 -112.0 -416.0
v 1040.0 32.0 -416.0
v 1040.0 -192.0 -416.0
v 1040.0 -336.0 -416.0
v 1056.0 -416.0 -416.0
v 1040.0 -416.0 -416.0
v 1192.0 -432.0 -416.0
v 1056.0 -432.0 -416.0
v 1646.0 1088.0 176.0
v 1696.0 1074.2069091796875 176.0
v 1696.0 1074.2069091796875 -48.0
v 1696.0 1074.2069091796875 -204.0
v 1613.0 1097.1033935546875 -204.0
v 1920.0 1012.413818359375 176.0
v 1920.0 1012.413818359375 -48.0
v 1920.0 1012.413818359375 -204.0
v 1837.0 1035.310302734375 -204.0
v 1837.0 1035.310302734375 -237.0
v 1792.0 1047.72412109375 -237.0
v 1646.0 1088.0 -237.0
v 1613.0 1097.1033935546875 -237.0
v 1920.0 1012.413818359375 -237.0
v 1613.0 1097.1033935546875 -237.13934326171875
v -880.0 880.0 272.0
v -880.0 880.0 256.0
v -960.0 784.0 256.0
v -968.0 774.4000244140625 256.0
v -968.0 774.4000244140625 272.0
v 688.0 1088.0 176.0
v 704.0 1088.0 176.0
v 704.0 1088.0 -48.0
v 688.0 1088.0 -48.0
v 704.0 1088.0 -288.0
v 688.0 1088.0 -288.0
v 592.0 1088.0 16.0
v 592.0 1088.0 128.0
v 672.0 1088.0 128.0
v 672.0 1088.0 112.0
v 672.0 1088.0 0.0
v 592.0 1088.0 0.0
v 560.0 1088.0 128.0
v 560.0 1088.0 16.0
v 512.0 1088.0 16.0
v 448.0 1088.0 16.0
v 448.0 1088.0 112.0
v 448.0 1088.0 128.0
v 712.0 1088.0 176.0
v 896.0 1088.0 176.0
v 1472.0 1088.0 176.0
v 1542.471923828125 1088.0 176.0
v 1613.0 1088.0 -237.0
v 1613.0 1088.0 -237.13934326171875
v 928.0 1088.0 -288.0
v 712.0 1088.0 -288.0
v 960.0 1088.0 -288.0
v 936.0 1088.0 -288.0
v 1184.0 1088.0 -288.0
v 1248.0 1088.0 -288.0
v 1472.0 1088.0 -256.7868957519531
v 1542.471923828125 1088.0 -246.96702575683594
v 1612.4716796875 1049.0626220703125 -288.0
v 1613.0 1048.768798828125 -288.0
v 1792.0 949.2000122070312 -288.0
v 1792.0 949.2000122070312 -320.0
v 1614.0 1048.2125244140625 -320.0
v 1610.9503173828125 1049.908935546875 -320.0
v 1610.9503173828125 1049.908935546875 -288.0
v 1792.0 949.2000122070312 -237.0
v 1920.0 878.0 -237.0
v 1613.0 1048.768798828125 -237.0
v 1610.9503173828125 1049.908935546875 176.0
v 1920.0 878.0 176.0
v 1920.0 878.0 -48.0
v 1613.0 1048.768798828125 -237.13934326171875
v 1613.0 1049.041015625 -288.0
v 1613.0 1048.768798828125 -284.5290222167969
v 1610.9503173828125 1049.908935546875 -237.42495727539062
v 1184.0 1068.0 -320.0
v 1080.3902587890625 1072.3902587890625 -320.0
v 960.0 1077.4915771484375 -288.6271057128906
v 960.0 1077.4915771484375 -288.0
v 1184.0 1068.0 -288.0
v 1408.0 1058.5084228515625 -320.0
v 1248.0 1065.2880859375 -288.0
v 1408.0 1058.5084228515625 -288.0
v 1472.0 1055.796630859375 -288.0
v 1609.43701171875 1049.9730224609375 -288.0
v 1609.43701171875 1049.9730224609375 -320.0
v 960.0 1080.0 -288.0
v 936.0 1080.0 -288.0
v 900.7999877929688 1080.0 -288.0
v 896.0 1080.203369140625 176.0
v 1472.0 1055.796630859375 176.0
v 1609.43701171875 1049.9730224609375 176.0
v 1472.0 1055.796630859375 -256.7868957519531
v 1609.43701171875 1049.9730224609375 -237.63583374023438
v 1613.0 1048.0 -237.13934326171875
v 1613.0 1048.0 -237.0
v 1614.0 1047.4462890625 -237.0
v 1614.0 1047.4462890625 -288.0
v 1613.0 1048.0 -288.0
v 1613.0 1048.0 -274.7274475097656
v 1614.0 1047.4462890625 -268.1897277832031
v 1792.0 948.8794555664062 -237.0
v 1792.0 948.8794555664062 -288.0
v 1614.0 1047.4462890625 176.0
v 1792.0 948.8794555664062 -320.0
v 1610.9698486328125 1049.1241455078125 -288.0
v 1614.0 1047.4462890625 -320.0
v -832.0 800.0 96.0
v -832.0 800.0 -40.0
v -888.0 732.7999877929688 -40.0
v -888.0 732.7999877929688 96.0
v -256.0 -672.0 112.0
v -256.0 -896.0 112.0
v -256.0 -896.0 -40.0
v -256.0 -784.0 -40.0
v -256.0 -752.0 -40.0
v -256.0 -672.0 -40.0
v -256.0 -656.0 -40.0
v -256.0 -624.0 -40.0
v -256.0 -608.0 -40.0
v -256.0 -608.0 112.0
v -256.0 -576.0 112.0
v -256.0 -512.0 112.0
v -256.0 -512.0 128.0
v -256.0 -576.0 128.0
v -256.0 -672.0 128.0
v -256.0 -800.0 128.0
v -256.0 -896.0 128.0
v -256.0 608.0 272.0
v -256.0 480.0 272.0
v -256.0 384.0 272.0
v -256.0 384.0 264.0
v -256.0 480.0 264.0
v -256.0 608.0 264.0
v -256.0 704.0 264.0
v -256.0 704.0 272.0
v -256.0 816.0 0.0
v -256.0 816.0 64.0
v -256.0 800.0 64.0
v -256.0 800.0 0.0
v 576.0 736.0 288.0
v 576.0 800.0 288.0
v 576.0 832.0 288.0
v 576.0 960.0 288.0
v 448.0 960.0 288.0
v 448.0 832.0 288.0
v 448.0 800.0 288.0
v 448.0 736.0 288.0
v 576.0 576.0 288.0
v 448.0 576.0 288.0
v 192.0 -640.0 288.0
v 192.0 -672.0 288.0
v 224.0 -672.0 288.0
v 288.0 -672.0 288.0
v 320.0 -672.0 288.0
v 320.0 -640.0 288.0
v 288.0 -736.0 288.0
v 320.0 -736.0 288.0
v 320.0 -768.0 288.0
v 224.0 -736.0 288.0
v 192.0 -736.0 288.0
v 192.0 -768.0 288.0
v 80.0 -672.0 288.0
v -128.0 -672.0 288.0
v -144.0 -672.0 288.0
v -144.0 -736.0 288.0
v 32.0 -736.0 288.0
v 80.0 -736.0 288.0
v 224.0 -720.0 288.0
v 224.0 -688.0 288.0
v 96.0 -672.0 288.0
v 64.0 -576.0 288.0
v 32.0 -576.0 288.0
v 32.0 -512.0 288.0
v 64.0 -512.0 288.0
v -128.0 -576.0 288.0
v 0.0 -576.0 288.0
v 0.0 -512.0 288.0
v -192.0 -512.0 288.0
v -192.0 -576.0 288.0
v -192.0 -672.0 288.0
v -184.0 -672.0 288.0
v -152.0 -672.0 288.0
v 320.0 -512.0 288.0
v 128.0 -512.0 288.0
v 96.0 -512.0 288.0
v 432.0 -512.0 288.0
v 352.0 -512.0 288.0
v 32.0 -512.0 304.0
v -192.0 -512.0 304.0
v -240.0 -512.0 288.0
v -256.0 -512.0 288.0
v 128.0 -896.0 288.0
v 352.0 -896.0 288.0
v 432.0 -896.0 288.0
v -240.0 -896.0 288.0
v -16.0 -896.0 288.0
v -256.0 -896.0 288.0
v 320.0 -672.0 304.0
v 320.0 -640.0 304.0
v 320.0 -768.0 304.0
v 432.0 -672.0 288.0
v 32.0 -576.0 304.0
v -128.0 -576.0 304.0
v -192.0 -576.0 304.0
v -192.0 -672.0 304.0
v -192.0 -736.0 304.0
v -192.0 -736.0 288.0
v 192.0 -768.0 304.0
v 224.0 -768.0 304.0
v 96.0 -672.0 304.0
v 32.0 -672.0 304.0
v -128.0 -672.0 304.0
v 192.0 -672.0 304.0
v 192.0 -640.0 304.0
v 224.0 -672.0 304.0
v 192.0 -736.0 304.0
v 224.0 -736.0 304.0
v 32.0 -736.0 304.0
v -152.0 -736.0 288.0
v -184.0 -736.0 288.0
v 128.0 -128.0 32.0
v 128.0 -144.0 32.0
v 128.0 -256.0 32.0
v 128.0 -352.0 32.0
v 128.0 -352.0 160.0
v 128.0 -144.0 160.0
v 128.0 -128.0 160.0
v 128.0 96.0 32.0
v 128.0 -64.0 160.0
v 128.0 96.0 160.0
v 128.0 128.0 160.0
v 128.0 288.0 160.0
v 128.0 288.0 32.0
v 128.0 192.0 32.0
v 128.0 128.0 32.0
v 128.0 64.0 -80.0
v 128.0 64.0 -200.0
v 128.0 0.0 -200.0
v 128.0 -128.0 -200.0
v 128.0 -128.0 -96.0
v 128.0 -128.0 -80.0
v 128.0 -256.0 -96.0
v 128.0 -256.0 -80.0
v 128.0 -160.0 -80.0
v 128.0 -832.0 160.0
v 128.0 -832.0 176.0
v 128.0 -896.0 176.0
v 128.0 -896.0 160.0
v 128.0 -832.0 -16.0
v 128.0 -832.0 -8.0
v 128.0 -896.0 -8.0
v 128.0 -896.0 -16.0
v 128.0 -576.0 80.0
v 128.0 -576.0 64.0
v 128.0 -576.0 -40.0
v 128.0 -512.0 -40.0
v 128.0 -512.0 64.0
v 128.0 -512.0 112.0
v 128.0 -576.0 112.0
v 128.0 -576.0 240.0
v 128.0 -576.0 256.0
v 128.0 -512.0 256.0
v 128.0 -512.0 240.0
v 144.0 672.0 128.0
v 144.0 672.0 160.0
v 160.0 688.0 160.0
v 160.0 688.0 128.0
v 160.0 688.0 32.0
v 144.0 672.0 32.0
v 1920.0 -512.0 112.0
v 1696.0 -512.0 112.0
v 1696.0 -512.0 80.0
v 1696.0 -512.0 40.0
v 1696.0 -512.0 -48.0
v 1856.0 -512.0 -48.0
v 1920.0 -512.0 -48.0
v 1664.0 -512.0 40.0
v 1664.0 -512.0 -48.0
v 1632.0 -512.0 -80.0
v 1504.0 -512.0 -80.0
v 1408.0 -512.0 -80.0
v 1408.0 -512.0 -208.0
v 1632.0 -512.0 -208.0
v 1856.0 -512.0 -80.0
v 1728.0 -512.0 -80.0
v 1856.0 -512.0 -208.0
v 1904.0 -512.0 -208.0
v 1904.0 -512.0 -80.0
v 1664.0 -512.0 80.0
v 1664.0 -512.0 112.0
v 1472.0 -512.0 112.0
v 1472.0 -512.0 40.0
v 1472.0 -512.0 -48.0
v 1632.0 -512.0 -48.0
v 1440.0 -512.0 112.0
v 1440.0 -512.0 80.0
v 1440.0 -512.0 40.0
v 1408.0 -512.0 40.0
v 1408.0 -512.0 -48.0
v 1136.0 -512.0 176.0
v 1136.0 -512.0 160.0
v 1128.0 -512.0 160.0
v 1128.0 -512.0 176.0
v 352.0 -512.0 256.0
v 432.0 -512.0 256.0
v 320.0 -512.0 240.0
v 352.0 -512.0 240.0
v 432.0 -512.0 240.0
v 384.0 -512.0 240.0
v 448.0 -512.0 240.0
v 448.0 -512.0 224.0
v 384.0 -512.0 224.0
v 320.0 -512.0 48.0
v 320.0 -512.0 224.0
v 336.0 -512.0 224.0
v 448.0 -512.0 216.0
v 448.0 -512.0 192.0
v 448.0 -512.0 112.0
v 448.0 -512.0 32.0
v 384.0 -512.0 32.0
v 320.0 -512.0 32.0
v 288.0 -512.0 224.0
v 288.0 -512.0 80.0
v 256.0 -512.0 80.0
v 224.0 -512.0 80.0
v 224.0 -512.0 96.0
v 224.0 -512.0 128.0
v 224.0 -512.0 224.0
v 288.0 -512.0 64.0
v 288.0 -512.0 48.0
v 192.0 -512.0 128.0
v 160.0 -512.0 128.0
v 128.0 -512.0 128.0
v 128.0 -512.0 160.0
v 128.0 -512.0 224.0
v 192.0 -512.0 96.0
v 192.0 -512.0 112.0
v 160.0 -512.0 112.0
v 256.0 -512.0 64.0
v 192.0 -416.0 32.0
v 192.0 -416.0 160.0
v 144.0 -368.0 160.0
v 512.0 -512.0 256.0
v 512.0 -440.0 256.0
v 448.0 -440.0 256.0
v 448.0 -512.0 256.0
v 576.0 960.0 256.0
v 448.0 960.0 256.0
v 576.0 576.0 256.0
v 448.0 576.0 256.0
v 448.0 832.0 256.0
v 448.0 800.0 256.0
v 576.0 832.0 256.0
v 576.0 800.0 256.0
v 1920.0 832.0 176.0
v 1920.0 704.0 176.0
v 1920.0 704.0 -48.0
v 1920.0 704.0 -203.42857360839844
v 1920.0 821.5 -237.0
v 1920.0 832.0 -237.0
v 1920.0 656.0 176.0
v 1920.0 624.0 176.0
v 1920.0 592.0 176.0
v 1920.0 592.0 -48.0
v 1920.0 656.0 -204.0
v 1920.0 704.0 -204.0
v 1920.0 592.0 -128.0
v 1920.0 592.0 -204.0
v 1920.0 576.0 40.0
v 1920.0 536.0 80.0
v 1920.0 576.0 80.0
v 1920.0 424.0 80.0
v 1920.0 384.0 80.0
v 1920.0 384.0 112.0
v 1920.0 576.0 112.0
v 1920.0 384.0 40.0
v 1920.0 352.0 112.0
v 1920.0 384.0 -112.0
v 1920.0 336.0 -112.0
v 1920.0 192.0 -112.0
v 1920.0 192.0 112.0
v 1920.0 160.0 -128.0
v 1920.0 128.0 -128.0
v 1920.0 96.0 -128.0
v 1920.0 96.0 -64.0
v 1920.0 96.0 -48.0
v 1920.0 96.0 112.0
v 1920.0 128.0 112.0
v 1920.0 192.0 -128.0
v 1920.0 96.0 -160.0
v 1920.0 128.0 -144.0
v 1920.0 128.0 -160.0
v 1920.0 160.0 -144.0
v 1920.0 -160.0 112.0
v 1920.0 -144.0 112.0
v 1920.0 -144.0 -112.0
v 1920.0 -160.0 -112.0
v 1920.0 -144.0 -176.0
v 1920.0 -160.0 -176.0
v 1920.0 -160.0 -160.0
v 1920.0 80.0 -112.0
v 1920.0 80.0 -64.0
v 1920.0 96.0 -176.0
v 1920.0 80.0 -176.0
v 1920.0 -288.0 -96.0
v 1920.0 -288.0 112.0
v 1920.0 -192.0 112.0
v 1920.0 -192.0 -112.0
v 1920.0 -256.0 -112.0
v 1920.0 -288.0 -112.0
v 1920.0 -192.0 -160.0
v 1920.0 -192.0 -144.0
v 1920.0 -192.0 -128.0
v 1920.0 -224.0 -128.0
v 1920.0 -256.0 -128.0
v 1920.0 -352.0 -64.0
v 1920.0 -352.0 112.0
v 1920.0 -320.0 112.0
v 1920.0 -320.0 -80.0
v 1920.0 -352.0 -80.0
v 1920.0 -320.0 -96.0
v 1920.0 -384.0 -48.0
v 1920.0 -384.0 112.0
v 1920.0 -384.0 -64.0
v 1920.0 64.0 -176.0
v 1920.0 64.0 -192.0
v 1920.0 80.0 -192.0
v 1920.0 -128.0 -192.0
v 1920.0 -128.0 -176.0
v 1920.0 -144.0 -192.0
v 1920.0 -224.0 -144.0
v 2032.0 96.0 -64.0
v 2032.0 96.0 -48.0
v 2032.0 96.0 -160.0
v 2032.0 96.0 -176.0
v 2032.0 96.0 112.0
v 2032.0 96.0 -112.0
v 1968.0 576.0 40.0
v 1968.0 576.0 16.0
v 1968.0 576.0 -112.0
v 1920.0 576.0 -112.0
v 2000.0 576.0 16.0
v 2000.0 576.0 40.0
v 2000.0 576.0 -112.0
v 2000.0 560.0 16.0
v 1968.0 560.0 16.0
v 2000.0 560.0 -112.0
v 1968.0 560.0 -112.0
v 1920.0 560.0 -112.0
v 2016.0 -288.0 96.0
v 1968.0 -288.0 96.0
v 1968.0 -288.0 112.0
v 2016.0 -288.0 112.0
v 2032.0 80.0 -176.0
v 2032.0 64.0 -176.0
v 1968.0 -96.0 112.0
v 2008.0 -96.0 80.0
v 1920.0 -96.0 80.0
v 1920.0 -96.0 112.0
v 2032.0 80.0 112.0
v 1920.0 80.0 112.0
v 1920.0 -64.0 112.0
v 2008.0 -64.0 80.0
v 1920.0 -64.0 80.0
v 2032.0 80.0 -64.0
v 1920.0 80.0 -48.0
v 2032.0 80.0 -48.0
v 2032.0 80.0 -112.0
v 2016.0 -160.0 96.0
v 1968.0 -160.0 96.0
v 1968.0 -160.0 112.0
v 2016.0 -160.0 112.0
v 1968.0 -144.0 112.0
v 1920.0 -96.0 -192.0
v 1920.0 -80.0 -192.0
v 1920.0 -448.0 -48.0
v 1920.0 -448.0 112.0
v 576.0 832.0 176.0
v 576.0 832.0 192.0
v 448.0 832.0 192.0
v 448.0 832.0 176.0
v 512.0 832.0 16.0
v 576.0 832.0 16.0
v 448.0 832.0 16.0
v 1312.0 832.0 -328.0
v 1408.0 832.0 -328.0
v 1408.0 832.0 -336.0
v 1312.0 832.0 -336.0
v 1312.0 832.0 -320.0
v 1408.0 832.0 -320.0
v 448.0 960.0 16.0
v 448.0 960.0 112.0
v 448.0 976.0 112.0
v 448.0 976.0 16.0
v 448.0 960.0 128.0
v 448.0 832.0 216.0
v 880.0 856.0 -320.0
v 880.0 952.0 -320.0
v 896.0 952.0 -320.0
v 896.0 832.0 -320.0
v 880.0 832.0 -320.0
v 960.0 952.0 -320.0
v 960.0 848.3902587890625 -320.0
v 960.0 832.0 -320.0
v 1184.0 848.3902587890625 -320.0
v 1184.0 832.0 -320.0
v 1120.0 832.0 -320.0
v 1248.0 832.0 -320.0
v 1614.0 832.0 -320.0
v 1472.0 832.0 -320.0
v 1440.0 832.0 -320.0
v 1792.0 832.0 -320.0
v 1614.0 1045.0 -237.0
v 1792.0 832.0 -237.0
v 1614.0 832.0 176.0
v 1792.0 832.0 -240.0
v 1248.0 1064.0 -288.0
v 1472.0 1054.8197021484375 -288.0
v 768.0 1080.0 -288.0
v 704.0 1080.0 -288.0
v 688.0 1080.0 -288.0
v 688.0 896.0 -288.0
v 688.0 960.0 -288.0
v 768.0 896.0 -288.0
v 672.0 960.0 -288.0
v 672.0 896.0 -288.0
v 768.0 856.0 -288.0
v 768.0 832.0 -288.0
v 672.0 832.0 -288.0
v 1613.0 1045.0518798828125 -237.13934326171875
v 1472.0 1052.37158203125 -256.7868957519531
v 688.0 960.0 176.0
v 688.0 960.0 -48.0
v 1472.0 832.0 176.0
v 896.0 960.0 176.0
v 896.0 832.0 176.0
v 688.0 832.0 176.0
v 672.0 976.0 128.0
v 672.0 976.0 112.0
v 672.0 960.0 112.0
v 672.0 960.0 0.0
v 672.0 896.0 -224.0
v 672.0 896.0 -128.0
v 672.0 896.0 0.0
v 672.0 960.0 -48.0
v 672.0 960.0 -224.0
v 672.0 832.0 -128.0
v 672.0 960.0 176.0
v 672.0 832.0 176.0
v 672.0 960.0 128.0
v 592.0 832.0 -128.0
v 592.0 896.0 -128.0
v 592.0 832.0 176.0
v 592.0 896.0 176.0
v 592.0 896.0 0.0
v 592.0 896.0 -48.0
v 592.0 832.0 -48.0
v 592.0 960.0 176.0
v 592.0 960.0 128.0
v 592.0 960.0 112.0
v 592.0 960.0 0.0
v 592.0 976.0 0.0
v 592.0 976.0 16.0
v 592.0 976.0 112.0
v 592.0 976.0 128.0
v 576.0 976.0 16.0
v 512.0 976.0 16.0
v 512.0 1040.0 16.0
v 576.0 960.0 16.0
v 576.0 960.0 128.0
v 576.0 960.0 112.0
v 576.0 976.0 112.0
v 576.0 976.0 128.0
v 448.0 976.0 128.0
v 576.0 832.0 216.0
v 1216.0 568.0 216.0
v 1208.0 568.0 216.0
v 1208.0 560.0 216.0
v 1208.0 448.0 216.0
v 1216.0 448.0 216.0
v 1096.0 568.0 216.0
v 1288.0 568.0 216.0
v 1288.0 584.0 216.0
v 1168.0 584.0 216.0
v 1088.0 584.0 216.0
v 1088.0 568.0 216.0
v 1216.0 440.0 216.0
v 1216.0 424.0 216.0
v 1288.0 424.0 216.0
v 1096.0 560.0 216.0
v 1096.0 448.0 216.0
v 1096.0 440.0 216.0
v 1168.0 424.0 216.0
v 1088.0 440.0 216.0
v 1088.0 424.0 216.0
v 968.0 584.0 216.0
v 968.0 424.0 216.0
v 1208.0 448.0 232.0
v 1096.0 448.0 232.0
v 576.0 576.0 216.0
v 576.0 800.0 216.0
v 1096.0 560.0 232.0
v 1208.0 560.0 232.0
v 448.0 576.0 216.0
v 448.0 800.0 216.0
v 512.0 -440.0 216.0
v 448.0 -440.0 216.0
v 512.0 -512.0 216.0
v 576.0 800.0 192.0
v 576.0 656.0 192.0
v 560.0 656.0 192.0
v 552.0 656.0 192.0
v 472.0 656.0 192.0
v 464.0 656.0 192.0
v 448.0 656.0 192.0
v 448.0 800.0 192.0
v 552.0 648.0 192.0
v 560.0 576.0 192.0
v 552.0 576.0 192.0
v 576.0 576.0 192.0
v 472.0 648.0 192.0
v 640.0 176.0 192.0
v 640.0 160.0 192.0
v 640.0 96.0 192.0
v 768.0 96.0 192.0
v 757.3333129882812 117.33333587646484 192.0
v 584.0 160.0 192.0
v 512.0 160.0 192.0
v 512.0 96.0 192.0
v 816.0 0.0 192.0
v 512.0 -64.0 192.0
v 640.0 -64.0 192.0
v 816.0 -64.0 192.0
v 640.0 -224.0 192.0
v 640.0 -240.0 192.0
v 757.3333129882812 -181.3333282470703 192.0
v 512.0 -224.0 192.0
v 584.0 -224.0 192.0
v 464.0 576.0 192.0
v 448.0 576.0 192.0
v 472.0 576.0 192.0
v 512.0 176.0 192.0
v 394.6666564941406 117.33333587646484 192.0
v 336.0 0.0 192.0
v 336.0 -64.0 192.0
v 394.6666564941406 -181.3333282470703 192.0
v 512.0 -240.0 192.0
v 512.0 -440.0 192.0
v 448.0 -440.0 192.0
v 1152.0 608.0 192.0
v 944.0 608.0 192.0
v 1168.0 608.0 192.0
v 1312.0 608.0 192.0
v 944.0 400.0 192.0
v 1152.0 400.0 192.0
v 1168.0 400.0 192.0
v 1312.0 400.0 192.0
v 512.0 -512.0 192.0
v 584.0 352.0 160.0
v 584.0 352.0 32.0
v 584.0 224.0 32.0
v 584.0 224.0 160.0
v 584.0 384.0 160.0
v 584.0 512.0 160.0
v 584.0 528.0 160.0
v 584.0 528.0 32.0
v 584.0 368.0 32.0
v 584.0 368.0 160.0
v 1440.0 656.0 -320.0
v 1440.0 656.0 -304.0
v 1280.0 656.0 -304.0
v 1280.0 656.0 -320.0
v 1248.0 656.0 176.0
v 1216.0 656.0 176.0
v 1216.0 656.0 144.0
v 1216.0 656.0 56.0
v 1216.0 656.0 0.0
v 1248.0 656.0 0.0
v 1024.0 656.0 176.0
v 1024.0 656.0 144.0
v 1024.0 656.0 56.0
v 1024.0 656.0 0.0
v 1120.0 656.0 0.0
v 896.0 656.0 176.0
v 896.0 656.0 0.0
v 896.0 656.0 -48.0
v 896.0 656.0 -224.0
v 1120.0 656.0 -224.0
v 896.0 656.0 -272.0
v 896.0 656.0 -320.0
v 1120.0 656.0 -320.0
v 1248.0 656.0 -48.0
v 1248.0 656.0 -224.0
v 1248.0 656.0 -320.0
v 1248.0 656.0 -272.0
v 768.0 656.0 176.0
v 768.0 656.0 -48.0
v 768.0 656.0 -272.0
v 768.0 656.0 -288.0
v 880.0 656.0 -320.0
v 592.0 656.0 176.0
v 592.0 656.0 -48.0
v 592.0 656.0 -128.0
v 592.0 656.0 -288.0
v 672.0 656.0 -288.0
v 1472.0 656.0 144.0
v 1472.0 656.0 176.0
v 1472.0 672.0 176.0
v 1472.0 672.0 -48.0
v 1472.0 656.0 -48.0
v 1472.0 672.0 -272.0
v 1472.0 656.0 -272.0
v 1472.0 672.0 -320.0
v 1472.0 656.0 -320.0
v 1792.0 704.0 -203.42857360839844
v 1792.0 706.0 -204.0
v 1792.0 821.5 -237.0
v 1792.0 704.0 -204.0
v 1792.0 656.0 -204.0
v 1792.0 656.0 -320.0
v 1614.0 656.0 -320.0
v 592.0 720.0 -128.0
v 592.0 720.0 -288.0
v 1440.0 800.0 -328.0
v 1440.0 768.0 -328.0
v 1440.0 736.0 -328.0
v 1440.0 704.0 -328.0
v 1440.0 672.0 -328.0
v 1440.0 656.0 -328.0
v 1280.0 656.0 -328.0
v 1280.0 672.0 -328.0
v 1280.0 704.0 -328.0
v 1280.0 736.0 -328.0
v 1280.0 768.0 -328.0
v 1280.0 800.0 -328.0
v 1248.0 672.0 176.0
v 1280.0 672.0 176.0
v 1440.0 672.0 176.0
v 896.0 672.0 176.0
v 1248.0 672.0 -48.0
v 1248.0 672.0 -272.0
v 1248.0 672.0 -320.0
v 1440.0 672.0 -320.0
v 1440.0 800.0 -320.0
v 1440.0 672.0 -304.0
v 1440.0 672.0 -48.0
v 1440.0 672.0 -272.0
v 1440.0 672.0 -288.0
v 1280.0 672.0 -48.0
v 1280.0 672.0 -272.0
v 1280.0 672.0 -288.0
v 1280.0 672.0 -304.0
v 1280.0 672.0 -320.0
v 1248.0 800.0 -320.0
v 1280.0 800.0 -320.0
v 672.0 720.0 -288.0
v 672.0 720.0 -128.0
v 1440.0 736.0 -368.0
v 1440.0 736.0 -384.0
v 1280.0 736.0 -384.0
v 1280.0 736.0 -368.0
v 1440.0 768.0 -368.0
v 1440.0 768.0 -352.0
v 1440.0 800.0 -352.0
v 1440.0 800.0 -336.0
v 1280.0 768.0 -352.0
v 1280.0 800.0 -336.0
v 1280.0 800.0 -352.0
v 1280.0 768.0 -368.0
v 1440.0 704.0 -400.0
v 1440.0 704.0 -384.0
v 1440.0 672.0 -400.0
v 1280.0 672.0 -400.0
v 1280.0 704.0 -384.0
v 1280.0 704.0 -400.0
v 1152.0 624.0 176.0
v 1126.857177734375 624.0 176.0
v 928.0 624.0 176.0
v 1328.0 624.0 176.0
v 1472.0 624.0 176.0
v 592.0 368.0 144.0
v 592.0 368.0 160.0
v 592.0 368.0 32.0
v 672.0 368.0 144.0
v 672.0 368.0 160.0
v 768.0 368.0 160.0
v 672.0 368.0 32.0
v 768.0 368.0 32.0
v 1040.0 368.0 32.0
v 1040.0 368.0 112.0
v 1040.0 368.0 160.0
v 1024.0 368.0 160.0
v 800.0 368.0 160.0
v 800.0 368.0 32.0
v 1472.0 368.0 -208.0
v 1472.0 368.0 -184.0
v 1472.0 368.0 -112.0
v 1568.0 368.0 -112.0
v 1664.0 368.0 -112.0
v 1664.0 368.0 -128.0
v 1664.0 368.0 -208.0
v 1568.0 368.0 -88.0
v 1664.0 368.0 -88.0
v 1568.0 368.0 112.0
v 1568.0 368.0 -16.0
v 1472.0 368.0 40.0
v 1472.0 368.0 112.0
v 1824.0 368.0 -128.0
v 1904.0 368.0 -128.0
v 1904.0 368.0 -184.0
v 1904.0 368.0 -208.0
v 1696.0 368.0 -208.0
v 1792.0 368.0 -88.0
v 1824.0 368.0 -88.0
v 1904.0 368.0 112.0
v 1904.0 368.0 40.0
v 1824.0 368.0 -16.0
v 1824.0 368.0 112.0
v 1792.0 368.0 -16.0
v 1696.0 368.0 112.0
v 1792.0 368.0 112.0
v 1440.0 640.0 -320.0
v 1440.0 608.0 -320.0
v 1440.0 608.0 -328.0
v 1440.0 608.0 -336.0
v 1440.0 544.0 112.0
v 1440.0 544.0 160.0
v 1440.0 528.0 160.0
v 1440.0 368.0 160.0
v 1440.0 368.0 112.0
v 1440.0 512.0 32.0
v 1440.0 544.0 32.0
v 1440.0 368.0 32.0
v 1440.0 368.0 -336.0
v 1472.0 592.0 176.0
v 1664.0 592.0 176.0
v 1888.0 592.0 176.0
v 1696.0 592.0 -320.0
v 1664.0 592.0 -320.0
v 1472.0 592.0 -320.0
v 1472.0 624.0 -320.0
v 1614.0 624.0 -320.0
v 1696.0 624.0 -320.0
v 1792.0 624.0 -320.0
v 1792.0 592.0 -320.0
v 1472.0 592.0 -48.0
v 1472.0 592.0 -272.0
v 1472.0 576.0 112.0
v 1472.0 576.0 80.0
v 1472.0 576.0 -112.0
v 1472.0 384.0 -112.0
v 1472.0 384.0 16.0
v 1472.0 384.0 112.0
v 1552.0 576.0 40.0
v 1552.0 576.0 80.0
v 1600.0 576.0 80.0
v 1600.0 576.0 40.0
v 1520.0 576.0 80.0
v 1600.0 576.0 112.0
v 1520.0 576.0 16.0
v 1520.0 576.0 -112.0
v 1552.0 576.0 16.0
v 1632.0 576.0 40.0
v 1744.0 576.0 40.0
v 1776.0 576.0 40.0
v 1776.0 576.0 -112.0
v 1552.0 576.0 -112.0
v 1744.0 576.0 112.0
v 1744.0 576.0 80.0
v 1632.0 576.0 80.0
v 1632.0 576.0 112.0
v 1776.0 576.0 80.0
v 1776.0 576.0 112.0
v 1888.0 576.0 112.0
v 1888.0 576.0 80.0
v 1888.0 576.0 40.0
v 1888.0 576.0 -112.0
v 1664.0 592.0 -48.0
v 1664.0 592.0 -272.0
v 1664.0 592.0 -128.0
v 1792.0 592.0 -204.0
v 1792.0 592.0 -128.0
v 1888.0 592.0 -128.0
v 1888.0 592.0 -48.0
v 1552.0 384.0 -112.0
v 1520.0 384.0 -112.0
v 1520.0 560.0 -112.0
v 1552.0 560.0 -112.0
v 1776.0 384.0 -112.0
v 1568.0 384.0 -112.0
v 1888.0 384.0 -112.0
v 1824.0 384.0 -112.0
v 1792.0 384.0 -112.0
v 1888.0 536.0 80.0
v 1888.0 384.0 80.0
v 1888.0 424.0 80.0
v 1888.0 384.0 112.0
v 1888.0 384.0 40.0
v 1776.0 384.0 112.0
v 1824.0 384.0 112.0
v 1664.0 384.0 112.0
v 1744.0 384.0 112.0
v 1632.0 384.0 112.0
v 1600.0 384.0 112.0
v 1824.0 384.0 -88.0
v 1824.0 384.0 -16.0
v 1568.0 384.0 -88.0
v 1568.0 384.0 -16.0
v 1568.0 384.0 16.0
v 1664.0 384.0 -16.0
v 1664.0 384.0 16.0
v 1632.0 384.0 16.0
v 1600.0 384.0 16.0
v 1600.0 384.0 40.0
v 1600.0 384.0 80.0
v 1632.0 384.0 40.0
v 1632.0 384.0 80.0
v 1744.0 384.0 -16.0
v 1776.0 384.0 -16.0
v 1776.0 384.0 40.0
v 1744.0 384.0 40.0
v 1792.0 384.0 -88.0
v 1744.0 384.0 80.0
v 1776.0 384.0 80.0
v 1792.0 384.0 -16.0
v 1632.0 536.0 80.0
v 1632.0 424.0 80.0
v 1776.0 424.0 80.0
v 1776.0 536.0 80.0
v 1744.0 536.0 80.0
v 1744.0 424.0 80.0
v 1552.0 560.0 16.0
v 1520.0 560.0 16.0
v 1600.0 424.0 80.0
v 1600.0 536.0 80.0
v 800.0 512.0 32.0
v 800.0 512.0 160.0
v 800.0 528.0 160.0
v 800.0 528.0 32.0
v 800.0 384.0 160.0
v 800.0 384.0 32.0
v 800.0 384.0 176.0
v 800.0 512.0 176.0
v 1120.0 624.0 32.0
v 1040.0 624.0 32.0
v 896.0 624.0 32.0
v 896.0 640.0 32.0
v 1024.0 640.0 32.0
v 1120.0 640.0 32.0
v 1216.0 640.0 32.0
v 1344.0 640.0 32.0
v 1344.0 624.0 32.0
v 1296.0 624.0 32.0
v 1264.0 624.0 32.0
v 1360.0 576.0 32.0
v 1360.0 624.0 32.0
v 1360.0 512.0 32.0
v 1296.0 576.0 32.0
v 1296.0 400.0 32.0
v 1296.0 512.0 32.0
v 1296.0 368.0 32.0
v 832.0 528.0 32.0
v 1040.0 528.0 32.0
v 1040.0 400.0 32.0
v 1264.0 400.0 32.0
v 1264.0 368.0 32.0
v 886.8571166992188 624.0 32.0
v 1126.857177734375 624.0 160.0
v 1120.0 624.0 160.0
v 902.8571166992188 624.0 160.0
v 902.8571166992188 624.0 176.0
v 912.0 624.0 176.0
v 1344.0 624.0 176.0
v 1344.0 624.0 160.0
v 1360.0 624.0 160.0
v 886.8571166992188 624.0 160.0
v 896.0 624.0 160.0
v 896.0 640.0 160.0
v 1344.0 640.0 160.0
v 1120.0 640.0 160.0
v 1024.0 640.0 160.0
v 1216.0 640.0 160.0
v 1024.0 640.0 56.0
v 1024.0 640.0 144.0
v 1216.0 640.0 144.0
v 1216.0 640.0 56.0
v 832.0 528.0 160.0
v 848.0 528.0 160.0
v 848.0 512.0 160.0
v 1024.0 384.0 160.0
v 1056.0 368.0 160.0
v 1056.0 384.0 160.0
v 1424.0 544.0 160.0
v 1424.0 368.0 160.0
v 1424.0 544.0 176.0
v 1424.0 400.0 176.0
v 1424.0 368.0 176.0
v 1344.0 400.0 176.0
v 1344.0 368.0 176.0
v 1328.0 400.0 176.0
v 1328.0 384.0 176.0
v 1328.0 368.0 176.0
v 1280.0 384.0 176.0
v 1152.0 384.0 176.0
v 1056.0 384.0 176.0
v 1056.0 368.0 176.0
v 1280.0 368.0 176.0
v 912.0 512.0 176.0
v 912.0 384.0 176.0
v 928.0 384.0 176.0
v 848.0 528.0 176.0
v 848.0 512.0 176.0
v 1024.0 384.0 176.0
v 1296.0 576.0 36.0
v 1296.0 512.0 36.0
v 1360.0 512.0 36.0
v 1360.0 576.0 36.0
v 1280.0 368.0 -336.0
v 1280.0 592.0 -336.0
v 1280.0 608.0 -336.0
v 1280.0 624.0 -336.0
v 1280.0 608.0 -328.0
v 1280.0 624.0 -328.0
v 1280.0 640.0 -320.0
v 1280.0 608.0 -320.0
v 768.0 528.0 32.0
v 768.0 528.0 160.0
v 768.0 512.0 160.0
v 768.0 512.0 32.0
v 768.0 384.0 160.0
v 768.0 512.0 176.0
v 768.0 384.0 176.0
v 768.0 384.0 32.0
v 600.0 512.0 160.0
v 600.0 384.0 160.0
v 600.0 384.0 176.0
v 600.0 512.0 176.0
v 1040.0 256.0 40.0
v 1040.0 160.0 40.0
v 1040.0 160.0 80.0
v 1040.0 160.0 112.0
v 1040.0 256.0 112.0
v 1040.0 256.0 -80.0
v 1040.0 288.0 112.0
v 1040.0 288.0 -80.0
v 1040.0 96.0 32.0
v 1040.0 96.0 40.0
v 1040.0 128.0 40.0
v 1040.0 96.0 -80.0
v 1040.0 128.0 112.0
v 1040.0 128.0 80.0
v 1040.0 -64.0 40.0
v 1040.0 -64.0 80.0
v 1040.0 -64.0 112.0
v 1040.0 -416.0 -208.0
v 1040.0 -352.0 -208.0
v 1040.0 -192.0 -208.0
v 1040.0 -112.0 -208.0
v 1040.0 -80.0 -208.0
v 1040.0 16.0 -208.0
v 1040.0 32.0 -208.0
v 1040.0 48.0 -208.0
v 1040.0 96.0 -208.0
v 1040.0 256.0 -208.0
v 1040.0 288.0 -208.0
v 1040.0 288.0 -112.0
v 1040.0 48.0 32.0
v 1040.0 -96.0 32.0
v 1040.0 -96.0 40.0
v 1040.0 -112.0 112.0
v 1040.0 -96.0 112.0
v 1040.0 -96.0 80.0
v 1040.0 -112.0 32.0
v 1040.0 48.0 -80.0
v 1040.0 -112.0 -80.0
v 1040.0 -304.0 -80.0
v 1040.0 -304.0 40.0
v 1040.0 -304.0 112.0
v 1040.0 -320.0 80.0
v 1040.0 -320.0 112.0
v 1040.0 -320.0 40.0
v 1040.0 -352.0 -112.0
v 1040.0 -352.0 -80.0
v 1040.0 -352.0 40.0
v 1040.0 -416.0 112.0
v 1040.0 -352.0 112.0
v 1040.0 -352.0 80.0
v 1040.0 -416.0 -112.0
v 1192.0 -432.0 -208.0
v 1280.0 -464.59259033203125 -208.0
v 1280.0 -448.0 -208.0
v 1280.0 -432.0 -208.0
v 1280.0 -416.0 -208.0
v 1072.0 -432.0 -208.0
v 1056.0 -432.0 -208.0
v 1056.0 -416.0 -208.0
v 1048.0 -112.0 -208.0
v 1280.0 -112.0 -208.0
v 1280.0 -320.0 -208.0
v 1048.0 -96.0 -208.0
v 1048.0 -80.0 -208.0
v 1048.0 16.0 -208.0
v 1048.0 32.0 -208.0
v 1048.0 48.0 -208.0
v 1048.0 96.0 -208.0
v 1216.0 -80.0 -208.0
v 1216.0 -64.0 -208.0
v 1216.0 0.0 -208.0
v 1216.0 16.0 -208.0
v 1272.0 -96.0 -208.0
v 1280.0 -96.0 -208.0
v 1904.0 -448.0 -208.0
v 1728.0 -448.0 -208.0
v 1664.0 -448.0 -208.0
v 1344.0 -320.0 -208.0
v 1408.0 -320.0 -208.0
v 1664.0 -320.0 -208.0
v 1664.0 -384.0 -208.0
v 1664.0 -256.0 -208.0
v 1408.0 -256.0 -208.0
v 1344.0 -256.0 -208.0
v 1344.0 -96.0 -208.0
v 1496.0 -96.0 -208.0
v 1664.0 -96.0 -208.0
v 1440.0 -64.0 -208.0
v 1280.0 -64.0 -208.0
v 1272.0 -80.0 -208.0
v 1440.0 -80.0 -208.0
v 1496.0 -80.0 -208.0
v 1680.0 -80.0 -208.0
v 1680.0 -64.0 -208.0
v 1536.0 -64.0 -208.0
v 1472.0 -64.0 -208.0
v 1680.0 0.0 -208.0
v 1664.0 0.0 -208.0
v 1536.0 0.0 -208.0
v 1472.0 0.0 -208.0
v 1440.0 0.0 -208.0
v 1280.0 0.0 -208.0
v 1904.0 -384.0 -208.0
v 1728.0 -384.0 -208.0
v 1846.0 -96.0 -208.0
v 1904.0 -142.39999389648438 -208.0
v 1904.0 -96.0 -208.0
v 1792.0 -64.0 -208.0
v 1792.0 -80.0 -208.0
v 1904.0 -80.0 -208.0
v 1904.0 -64.0 -208.0
v 1904.0 0.0 -208.0
v 1792.0 0.0 -208.0
v 1720.0 -80.0 -208.0
v 1728.0 -80.0 -208.0
v 1728.0 -64.0 -208.0
v 1728.0 0.0 -208.0
v 1272.0 32.0 -208.0
v 1272.0 16.0 -208.0
v 1496.0 32.0 -208.0
v 1440.0 16.0 -208.0
v 1496.0 16.0 -208.0
v 1720.0 32.0 -208.0
v 1664.0 32.0 -208.0
v 1664.0 16.0 -208.0
v 1720.0 16.0 -208.0
v 1904.0 16.0 -208.0
v 1904.0 32.0 -208.0
v 1846.0 32.0 -208.0
v 1904.0 78.4000015258789 -208.0
v 1904.0 80.0 -208.0
v 1904.0 96.0 -208.0
v 1472.0 96.0 -208.0
v 1264.0 96.0 -208.0
v 1904.0 -320.0 -208.0
v 1904.0 -288.0 -208.0
v 1904.0 -144.0 -208.0
v 1720.0 -96.0 -208.0
v 1906.0 -144.0 -208.0
v 1906.0 80.0 -208.0
v 1264.0 288.0 -208.0
v 1264.0 160.0 -208.0
v 1264.0 128.0 -208.0
v 1264.0 112.0 -208.0
v 1280.0 112.0 -208.0
v 1440.0 112.0 -208.0
v 1456.0 112.0 -208.0
v 1472.0 112.0 -208.0
v 1904.0 128.0 -208.0
v 1904.0 160.0 -208.0
v 1904.0 320.0 -208.0
v 1472.0 336.0 -208.0
v 1472.0 160.0 -208.0
v 1472.0 128.0 -208.0
v 1664.0 -96.0 176.0
v 1440.0 -96.0 176.0
v 1440.0 -320.0 176.0
v 1664.0 -320.0 176.0
v 1104.0 320.0 176.0
v 1280.0 320.0 176.0
v 1328.0 320.0 176.0
v 1424.0 320.0 176.0
v 1192.0 -432.0 112.0
v 1204.0 -444.0 112.0
v 1216.0 -432.0 112.0
v 1280.0 -432.0 112.0
v 1144.0 -504.0 112.0
v 1152.0 -512.0 112.0
v 1280.0 -512.0 112.0
v 1072.0 -432.0 112.0
v 1280.0 -416.0 112.0
v 1056.0 -416.0 112.0
v 1056.0 -432.0 112.0
v 1280.0 -352.0 112.0
v 1112.0 -352.0 112.0
v 1904.0 -448.0 112.0
v 1696.0 -448.0 112.0
v 1336.0 -352.0 112.0
v 1408.0 -512.0 112.0
v 1408.0 -440.0 112.0
v 1408.0 -352.0 112.0
v 1664.0 -440.0 112.0
v 1664.0 -352.0 112.0
v 1440.0 -352.0 112.0
v 1440.0 -440.0 112.0
v 1264.0 -96.0 112.0
v 1112.0 -96.0 112.0
v 1080.0 -320.0 112.0
v 1112.0 -320.0 112.0
v 1264.0 -320.0 112.0
v 1304.0 -320.0 112.0
v 1408.0 -320.0 112.0
v 1408.0 -96.0 112.0
v 1304.0 -96.0 112.0
v 1392.0 96.0 112.0
v 1264.0 96.0 112.0
v 1168.0 96.0 112.0
v 1168.0 -64.0 112.0
v 1392.0 -64.0 112.0
v 1616.0 96.0 112.0
v 1472.0 96.0 112.0
v 1616.0 -64.0 112.0
v 1664.0 -64.0 112.0
v 1664.0 96.0 112.0
v 1904.0 -384.0 112.0
v 1904.0 -368.0 112.0
v 1904.0 -352.0 112.0
v 1696.0 -352.0 112.0
v 1696.0 -440.0 112.0
v 1696.0 -224.0 112.0
v 1696.0 -320.0 112.0
v 1904.0 -320.0 112.0
v 1904.0 -224.0 112.0
v 1904.0 -144.0 112.0
v 1904.0 -96.0 112.0
v 1696.0 -96.0 112.0
v 1696.0 -192.0 112.0
v 1904.0 -192.0 112.0
v 1906.0 80.0 112.0
v 1904.0 80.0 112.0
v 1904.0 -64.0 112.0
v 1906.0 -144.0 112.0
v 1088.0 176.0 112.0
v 1088.0 240.0 112.0
v 1088.0 288.0 112.0
v 1088.0 160.0 112.0
v 1136.0 128.0 112.0
v 1112.0 128.0 112.0
v 1112.0 -64.0 112.0
v 1136.0 -64.0 112.0
v 1264.0 112.0 112.0
v 1264.0 128.0 112.0
v 1168.0 128.0 112.0
v 1216.0 160.0 112.0
v 1216.0 176.0 112.0
v 1264.0 160.0 112.0
v 1264.0 240.0 112.0
v 1216.0 240.0 112.0
v 1264.0 288.0 112.0
v 1472.0 112.0 112.0
v 1456.0 112.0 112.0
v 1440.0 112.0 112.0
v 1280.0 112.0 112.0
v 1440.0 128.0 112.0
v 1440.0 160.0 112.0
v 1440.0 192.0 112.0
v 1440.0 224.0 112.0
v 1440.0 256.0 112.0
v 1440.0 288.0 112.0
v 1280.0 288.0 112.0
v 1280.0 256.0 112.0
v 1280.0 192.0 112.0
v 1280.0 160.0 112.0
v 1280.0 128.0 112.0
v 1440.0 304.0 112.0
v 1280.0 304.0 112.0
v 1664.0 128.0 112.0
v 1472.0 128.0 112.0
v 1600.0 176.0 112.0
v 1600.0 240.0 112.0
v 1600.0 272.0 112.0
v 1472.0 272.0 112.0
v 1472.0 160.0 112.0
v 1600.0 160.0 112.0
v 1696.0 160.0 112.0
v 1792.0 160.0 112.0
v 1792.0 176.0 112.0
v 1904.0 96.0 112.0
v 1904.0 128.0 112.0
v 1696.0 128.0 112.0
v 1696.0 80.0 112.0
v 1696.0 -64.0 112.0
v 1904.0 160.0 112.0
v 1904.0 240.0 112.0
v 1824.0 240.0 112.0
v 1792.0 240.0 112.0
v 1824.0 272.0 112.0
v 1696.0 272.0 112.0
v 1904.0 272.0 112.0
v 1472.0 304.0 112.0
v 1696.0 304.0 112.0
v 1904.0 304.0 112.0
v 1664.0 -96.0 112.0
v 1440.0 -96.0 112.0
v 1440.0 304.0 160.0
v 1104.0 320.0 160.0
v 1104.0 304.0 160.0
v 1120.0 304.0 160.0
v 1328.0 320.0 160.0
v 1280.0 304.0 160.0
v 1328.0 304.0 160.0
v 1424.0 304.0 160.0
v 1424.0 320.0 160.0
v 1104.0 304.0 112.0
v 1440.0 -320.0 112.0
v 1664.0 -320.0 112.0
v 1152.0 -512.0 80.0
v 1144.0 -504.0 -48.0
v 1152.0 -512.0 -48.0
v 1472.0 160.0 80.0
v 1512.0 160.0 80.0
v 1664.0 160.0 80.0
v 1696.0 160.0 80.0
v 1864.0 160.0 80.0
v 1904.0 160.0 80.0
v 1904.0 160.0 40.0
v 1472.0 160.0 40.0
v 1440.0 160.0 -32.0
v 1440.0 160.0 -48.0
v 1280.0 160.0 -48.0
v 1280.0 160.0 -32.0
v 1080.0 160.0 80.0
v 1224.0 160.0 80.0
v 1264.0 160.0 80.0
v 1264.0 160.0 40.0
v 1472.0 272.0 40.0
v 1472.0 304.0 40.0
v 1472.0 160.0 -184.0
v 1472.0 304.0 80.0
v 1472.0 272.0 80.0
v 1904.0 304.0 80.0
v 1904.0 304.0 40.0
v 1904.0 272.0 40.0
v 1904.0 160.0 -184.0
v 1904.0 272.0 80.0
v 1736.0 304.0 80.0
v 1696.0 304.0 80.0
v 1512.0 304.0 80.0
v 1512.0 272.0 80.0
v 1696.0 272.0 80.0
v 1736.0 272.0 80.0
v 1864.0 272.0 80.0
v 1864.0 304.0 80.0
v 1600.0 176.0 96.0
v 1600.0 240.0 96.0
v 1792.0 240.0 96.0
v 1792.0 176.0 96.0
v 1440.0 224.0 0.0
v 1440.0 192.0 -16.0
v 1440.0 224.0 -16.0
v 1440.0 288.0 32.0
v 1440.0 256.0 16.0
v 1440.0 288.0 16.0
v 1440.0 256.0 0.0
v 1440.0 192.0 -32.0
v 1296.0 288.0 32.0
v 1280.0 288.0 16.0
v 1280.0 288.0 32.0
v 1264.0 288.0 40.0
v 1264.0 288.0 -112.0
v 1264.0 288.0 -184.0
v 1296.0 304.0 32.0
v 1264.0 304.0 32.0
v 1104.0 304.0 32.0
v 1280.0 304.0 32.0
v 1216.0 240.0 96.0
v 1216.0 176.0 96.0
v 1280.0 256.0 80.0
v 1280.0 224.0 80.0
v 1280.0 192.0 80.0
v 1280.0 256.0 16.0
v 1280.0 192.0 -16.0
v 1280.0 192.0 -32.0
v 1280.0 256.0 0.0
v 1280.0 224.0 0.0
v 1280.0 224.0 -16.0
v 1264.0 160.0 -184.0
v 1088.0 240.0 96.0
v 1088.0 176.0 96.0
v 1192.0 -432.0 -48.0
v 1202.0 -442.0 -48.0
v 1204.0 -444.0 -48.0
v 1080.0 -64.0 80.0
v 1080.0 -96.0 80.0
v 1080.0 128.0 80.0
v 1048.0 32.0 -192.0
v 1048.0 32.0 -80.0
v 1048.0 48.0 -80.0
v 1048.0 -96.0 -80.0
v 1048.0 -80.0 -80.0
v 1048.0 -80.0 -112.0
v 1048.0 -80.0 -192.0
v 1048.0 -96.0 -192.0
v 1048.0 -112.0 -80.0
v 1048.0 16.0 -112.0
v 1048.0 16.0 -80.0
v 1048.0 16.0 -192.0
v 1264.0 128.0 40.0
v 1224.0 128.0 80.0
v 1264.0 128.0 80.0
v 1136.0 128.0 80.0
v 1168.0 128.0 80.0
v 1512.0 128.0 80.0
v 1472.0 128.0 40.0
v 1472.0 128.0 80.0
v 1664.0 128.0 80.0
v 1904.0 128.0 40.0
v 1864.0 128.0 80.0
v 1904.0 128.0 80.0
v 1696.0 128.0 80.0
v 1472.0 128.0 -48.0
v 1472.0 128.0 -184.0
v 1904.0 128.0 -184.0
v 1440.0 128.0 -48.0
v 1280.0 128.0 -48.0
v 1264.0 128.0 -48.0
v 1264.0 128.0 -184.0
v 1280.0 -464.59259033203125 -80.0
v 1206.5946044921875 -437.4053955078125 -80.0
v 1192.0 -432.0 -80.0
v 1192.0 -432.0 -112.0
v 1440.0 -472.0 80.0
v 1408.0 -472.0 80.0
v 1696.0 -472.0 80.0
v 1664.0 -472.0 80.0
v 1344.0 -320.0 -80.0
v 1408.0 -320.0 -80.0
v 1440.0 -320.0 80.0
v 1528.0 -320.0 80.0
v 1664.0 -320.0 80.0
v 1080.0 -320.0 80.0
v 1304.0 -320.0 80.0
v 1408.0 -320.0 80.0
v 1864.0 -320.0 80.0
v 1904.0 -320.0 40.0
v 1904.0 -320.0 80.0
v 1696.0 -320.0 80.0
v 1752.0 -320.0 80.0
v 1664.0 -96.0 80.0
v 1664.0 80.0 80.0
v 1664.0 -64.0 80.0
v 1696.0 -96.0 80.0
v 1846.0 -96.0 -192.0
v 1664.0 -96.0 -192.0
v 1906.0 80.0 -112.0
v 1904.0 80.0 -112.0
v 1906.0 80.0 -192.0
v 1696.0 80.0 80.0
v 1904.0 96.0 40.0
v 1904.0 96.0 -112.0
v 1904.0 96.0 -184.0
v 1696.0 -64.0 80.0
v 1904.0 16.0 -192.0
v 1904.0 -80.0 -192.0
v 1888.0 -80.0 -192.0
v 1664.0 -80.0 -192.0
v 1664.0 16.0 -192.0
v 1846.0 32.0 -192.0
v 1904.0 32.0 -192.0
v 1664.0 32.0 -192.0
v 1904.0 78.4000015258789 -192.0
v 1888.0 -96.0 -192.0
v 1696.0 -192.0 80.0
v 1696.0 -224.0 80.0
v 1904.0 -144.0 40.0
v 1904.0 -144.0 -112.0
v 1906.0 -144.0 -112.0
v 1904.0 -144.0 -128.0
v 1906.0 -144.0 -192.0
v 1904.0 -320.0 -128.0
v 1904.0 -224.0 40.0
v 1904.0 -224.0 80.0
v 1904.0 -192.0 80.0
v 1904.0 -192.0 40.0
v 1904.0 -320.0 -48.0
v 1864.0 -224.0 80.0
v 1864.0 -192.0 80.0
v 1456.0 -320.0 -48.0
v 1456.0 -312.0 -48.0
v 1464.0 -320.0 -48.0
v 1280.0 -312.0 -48.0
v 1440.0 -312.0 -48.0
v 1448.0 -320.0 -48.0
v 1280.0 -320.0 -48.0
v 1264.0 -96.0 -48.0
v 1264.0 112.0 -48.0
v 1280.0 112.0 -48.0
v 1280.0 -96.0 -48.0
v 1280.0 -112.0 -48.0
v 1264.0 -112.0 -48.0
v 1264.0 -320.0 -48.0
v 1440.0 112.0 -48.0
v 1440.0 -96.0 -48.0
v 1440.0 -112.0 -48.0
v 1456.0 112.0 -48.0
v 1456.0 -88.0 -48.0
v 1456.0 -112.0 -48.0
v 1528.0 -96.0 80.0
v 1440.0 -96.0 80.0
v 1304.0 -96.0 80.0
v 1408.0 -96.0 80.0
v 1136.0 -64.0 80.0
v 1168.0 -64.0 80.0
v 1304.0 -64.0 80.0
v 1392.0 -64.0 80.0
v 1528.0 -64.0 80.0
v 1616.0 -64.0 80.0
v 1472.0 112.0 40.0
v 1472.0 112.0 -48.0
v 1264.0 112.0 -80.0
v 1280.0 112.0 -80.0
v 1344.0 112.0 -80.0
v 1440.0 112.0 -80.0
v 1456.0 112.0 -80.0
v 1456.0 -88.0 -80.0
v 1440.0 -112.0 -80.0
v 1456.0 -112.0 -80.0
v 1440.0 -256.0 -80.0
v 1440.0 -312.0 -80.0
v 1448.0 -320.0 -80.0
v 1456.0 -320.0 -80.0
v 1456.0 -312.0 -80.0
v 1280.0 -112.0 -80.0
v 1344.0 -112.0 -80.0
v 1280.0 -320.0 -80.0
v 1344.0 -256.0 -80.0
v 1408.0 -256.0 -80.0
v 1264.0 -96.0 -80.0
v 1264.0 -112.0 -80.0
v 1264.0 -320.0 -80.0
v 1440.0 -320.0 -80.0
v 1464.0 -320.0 -80.0
v 1272.0 -96.0 -192.0
v 1496.0 -96.0 -192.0
v 1272.0 32.0 -192.0
v 1496.0 32.0 -192.0
v 1272.0 -80.0 -192.0
v 1496.0 -80.0 -192.0
v 1272.0 16.0 -192.0
v 1496.0 16.0 -192.0
v 1280.0 -368.0 -48.0
v 1276.0 -368.0 -48.0
v 1264.0 -368.0 -48.0
v 1264.0 -360.0 -48.0
v 1736.0 -448.0 -48.0
v 1632.0 -448.0 -48.0
v 1576.0 -448.0 -48.0
v 1512.0 -384.0 -48.0
v 1528.0 -384.0 -48.0
v 1736.0 -384.0 -48.0
v 1856.0 -448.0 -48.0
v 1904.0 -384.0 -48.0
v 1512.0 -368.0 -48.0
v 1736.0 -368.0 -48.0
v 1904.0 -368.0 -48.0
v 1504.0 -376.0 -48.0
v 1504.0 -448.0 -48.0
v 1408.0 -448.0 -48.0
v 1280.0 -448.0 -48.0
v 1280.0 -464.59259033203125 -48.0
v 1264.0 -380.0 -48.0
v 1209.5135498046875 -438.4864807128906 -48.0
v 1206.5946044921875 -437.4053955078125 -48.0
v 1904.0 -352.0 40.0
v 1904.0 -368.0 40.0
v 1904.0 -352.0 80.0
v 1336.0 -352.0 80.0
v 1304.0 -352.0 80.0
v 1112.0 -352.0 80.0
v 1408.0 -352.0 80.0
v 1664.0 -352.0 80.0
v 1528.0 -352.0 80.0
v 1440.0 -352.0 80.0
v 1864.0 -352.0 80.0
v 1752.0 -352.0 80.0
v 1696.0 -352.0 80.0
v 1904.0 -368.0 -80.0
v 1904.0 -368.0 -128.0
v 1904.0 -384.0 -80.0
v 1904.0 -448.0 -80.0
v 1904.0 -448.0 -128.0
v 1280.0 -448.0 -80.0
v 1280.0 -384.0 -80.0
v 1280.0 -368.0 -80.0
v 1276.0 -368.0 -80.0
v 1264.0 -380.0 -80.0
v 1264.0 -368.0 -80.0
v 1264.0 -360.0 -80.0
v 1504.0 -448.0 -80.0
v 1728.0 -448.0 -80.0
v 1664.0 -448.0 -80.0
v 1504.0 -384.0 -80.0
v 1664.0 -384.0 -80.0
v 1528.0 -384.0 -80.0
v 1512.0 -384.0 -80.0
v 1512.0 -368.0 -80.0
v 1736.0 -384.0 -80.0
v 1728.0 -384.0 -80.0
v 1736.0 -368.0 -80.0
v 1408.0 -512.0 80.0
v 1280.0 -512.0 -48.0
v 1272.0 -512.0 -48.0
v 1040.0 -80.0 -192.0
v 1040.0 -80.0 -112.0
v 1040.0 16.0 -112.0
v 1040.0 16.0 -192.0
v 1072.0 -432.0 -112.0
v 1080.0 -352.0 80.0
v 1056.0 -416.0 -112.0
v 1056.0 -432.0 -112.0
v 1280.0 128.0 -336.0
v 1280.0 112.0 -336.0
v 1440.0 112.0 -320.0
v 1440.0 112.0 -336.0
v 1280.0 112.0 -320.0
v 1440.0 128.0 -336.0
v 720.0 -416.0 32.0
v 720.0 -416.0 160.0
v 704.0 -416.0 160.0
v 704.0 -416.0 48.0
v 704.0 -416.0 32.0
v 960.0 -416.0 160.0
v 816.0 -416.0 160.0
v 816.0 -416.0 32.0
v 960.0 -416.0 32.0
v 592.0 -416.0 32.0
v 592.0 -416.0 48.0
v 896.0 352.0 32.0
v 808.0 352.0 32.0
v 672.0 352.0 32.0
v 672.0 352.0 144.0
v 672.0 352.0 160.0
v 808.0 352.0 160.0
v 896.0 352.0 160.0
v 912.0 352.0 160.0
v 960.0 352.0 160.0
v 960.0 352.0 32.0
v 592.0 352.0 144.0
v 592.0 352.0 160.0
v 592.0 352.0 32.0
v 768.0 -192.0 0.0
v 768.0 -176.0 0.0
v 757.3333129882812 -181.3333282470703 0.0
v 640.0 -240.0 0.0
v 640.0 -256.0 0.0
v 816.0 -96.0 0.0
v 816.0 -64.0 0.0
v 768.0 -160.0 0.0
v 816.0 -192.0 0.0
v 864.0 -192.0 0.0
v 832.0 -192.0 0.0
v 808.0 -256.0 0.0
v 864.0 -256.0 0.0
v 912.0 -256.0 0.0
v 912.0 -192.0 0.0
v 584.0 -256.0 0.0
v 640.0 -224.0 0.0
v 584.0 -224.0 0.0
v 816.0 -288.0 0.0
v 808.0 -288.0 0.0
v 592.0 -288.0 0.0
v 592.0 -320.0 0.0
v 808.0 -320.0 0.0
v 816.0 -320.0 0.0
v 832.0 -320.0 0.0
v 912.0 -320.0 0.0
v 912.0 -304.0 0.0
v 912.0 -288.0 0.0
v 584.0 -288.0 0.0
v 584.0 -320.0 0.0
v 944.0 -320.0 0.0
v 1008.0 -320.0 0.0
v 1008.0 -304.0 0.0
v 1024.0 -288.0 0.0
v 1024.0 -256.0 0.0
v 1024.0 -304.0 0.0
v 1024.0 -80.0 0.0
v 1024.0 96.0 0.0
v 1008.0 96.0 0.0
v 912.0 96.0 0.0
v 912.0 -96.0 0.0
v 912.0 -128.0 0.0
v 1024.0 -128.0 0.0
v 584.0 160.0 0.0
v 640.0 160.0 0.0
v 640.0 176.0 0.0
v 640.0 192.0 0.0
v 584.0 192.0 0.0
v 752.0 128.0 0.0
v 768.0 128.0 0.0
v 736.0 128.0 0.0
v 757.3333129882812 117.33333587646484 0.0
v 816.0 0.0 0.0
v 816.0 32.0 0.0
v 816.0 128.0 0.0
v 808.0 256.0 0.0
v 584.0 256.0 0.0
v 584.0 224.0 0.0
v 808.0 192.0 0.0
v 864.0 192.0 0.0
v 912.0 192.0 0.0
v 912.0 256.0 0.0
v 832.0 256.0 0.0
v 832.0 128.0 0.0
v 864.0 128.0 0.0
v 912.0 128.0 0.0
v 832.0 96.0 0.0
v 832.0 -16.0 0.0
v 832.0 -48.0 0.0
v 832.0 -96.0 0.0
v 1008.0 240.0 0.0
v 1008.0 256.0 0.0
v 944.0 256.0 0.0
v 1024.0 144.0 0.0
v 1024.0 240.0 0.0
v 1024.0 -128.0 160.0
v 1024.0 -192.0 160.0
v 1024.0 -288.0 160.0
v 1024.0 -352.0 160.0
v 1024.0 -352.0 32.0
v 1024.0 -288.0 32.0
v 1024.0 -128.0 32.0
v 1024.0 96.0 160.0
v 1024.0 0.0 160.0
v 1024.0 -64.0 160.0
v 1024.0 -96.0 32.0
v 1024.0 96.0 32.0
v 1024.0 128.0 32.0
v 1024.0 224.0 32.0
v 1024.0 288.0 32.0
v 1024.0 288.0 160.0
v 1024.0 224.0 160.0
v 592.0 -288.0 160.0
v 640.0 -288.0 160.0
v 640.0 -288.0 32.0
v 592.0 -288.0 32.0
v 640.0 224.0 32.0
v 640.0 224.0 160.0
v 912.0 224.0 160.0
v 808.0 224.0 160.0
v 816.0 224.0 160.0
v 808.0 224.0 32.0
v 864.0 224.0 32.0
v 640.0 -256.0 160.0
v 640.0 -240.0 160.0
v 640.0 -240.0 32.0
v 640.0 -256.0 32.0
v 640.0 192.0 160.0
v 640.0 192.0 32.0
v 640.0 176.0 32.0
v 640.0 176.0 160.0
v 757.3333129882812 -181.3333282470703 32.0
v 768.0 -176.0 32.0
v 768.0 -192.0 32.0
v 768.0 -160.0 32.0
v 816.0 -64.0 32.0
v 832.0 -64.0 32.0
v 864.0 -64.0 32.0
v 912.0 -64.0 32.0
v 912.0 -96.0 32.0
v 912.0 -192.0 32.0
v 864.0 -192.0 32.0
v 864.0 -288.0 32.0
v 816.0 -288.0 32.0
v 912.0 -288.0 32.0
v 864.0 0.0 32.0
v 912.0 0.0 32.0
v 752.0 128.0 32.0
v 736.0 128.0 32.0
v 768.0 128.0 32.0
v 757.3333129882812 117.33333587646484 32.0
v 832.0 0.0 32.0
v 816.0 0.0 32.0
v 864.0 128.0 32.0
v 912.0 128.0 32.0
v 832.0 -64.0 160.0
v 864.0 -64.0 160.0
v 816.0 -64.0 160.0
v 816.0 0.0 160.0
v 832.0 0.0 160.0
v 816.0 32.0 160.0
v 912.0 0.0 160.0
v 912.0 128.0 160.0
v 864.0 128.0 160.0
v 864.0 0.0 160.0
v 912.0 -64.0 160.0
v 816.0 128.0 160.0
v 757.3333129882812 117.33333587646484 160.0
v 768.0 112.0 160.0
v 768.0 128.0 160.0
v 768.0 96.0 160.0
v 912.0 -192.0 160.0
v 864.0 -192.0 160.0
v 768.0 -192.0 160.0
v 864.0 -288.0 160.0
v 752.0 -192.0 160.0
v 736.0 -192.0 160.0
v 757.3333129882812 -181.3333282470703 160.0
v 592.0 -352.0 160.0
v 592.0 -416.0 160.0
v 640.0 -352.0 160.0
v 816.0 -352.0 160.0
v 864.0 -352.0 160.0
v 584.0 -320.0 -224.0
v 808.0 -320.0 -224.0
v 832.0 -320.0 -224.0
v 832.0 -320.0 -208.0
v 912.0 -320.0 -80.0
v 912.0 -320.0 -208.0
v 944.0 -320.0 -80.0
v 944.0 -320.0 -208.0
v 1008.0 -320.0 -208.0
v 808.0 256.0 -224.0
v 584.0 256.0 -224.0
v 832.0 256.0 -208.0
v 832.0 256.0 -224.0
v 816.0 256.0 -224.0
v 912.0 256.0 -80.0
v 912.0 256.0 -208.0
v 944.0 256.0 -80.0
v 1008.0 256.0 -208.0
v 944.0 256.0 -208.0
v 832.0 -192.0 -224.0
v 832.0 -192.0 -208.0
v 832.0 -48.0 -48.0
v 832.0 -48.0 -176.0
v 832.0 -48.0 -208.0
v 832.0 -16.0 -176.0
v 832.0 96.0 -176.0
v 832.0 96.0 -208.0
v 832.0 32.0 -208.0
v 832.0 -16.0 -48.0
v 832.0 128.0 -224.0
v 832.0 128.0 -208.0
v 944.0 -304.0 -80.0
v 944.0 -304.0 -208.0
v 944.0 240.0 -208.0
v 944.0 240.0 -80.0
v 1024.0 240.0 -80.0
v 1024.0 240.0 -208.0
v 1008.0 240.0 -208.0
v 1016.0 96.0 -208.0
v 1008.0 96.0 -208.0
v 944.0 96.0 -208.0
v 1024.0 96.0 -208.0
v 1024.0 64.0 -208.0
v 1016.0 48.0 -208.0
v 1016.0 16.0 -208.0
v 1016.0 -80.0 -208.0
v 1016.0 -112.0 -208.0
v 1008.0 -112.0 -208.0
v 944.0 16.0 -208.0
v 1008.0 -128.0 -208.0
v 944.0 -128.0 -208.0
v 1008.0 -304.0 -208.0
v 944.0 -208.0 -208.0
v 1024.0 -128.0 -208.0
v 1024.0 -304.0 -208.0
v 1024.0 -304.0 -80.0
v 1016.0 48.0 -80.0
v 1024.0 64.0 -80.0
v 1024.0 -80.0 -80.0
v 1024.0 -128.0 -80.0
v 1016.0 -112.0 -80.0
v 1024.0 144.0 -80.0
v 1016.0 48.0 -112.0
v 1016.0 -80.0 -112.0
v 1016.0 16.0 -112.0
v 1016.0 -112.0 -112.0
v 1016.0 16.0 -192.0
v 1016.0 -80.0 -192.0
v 912.0 -304.0 -80.0
v 912.0 240.0 -80.0
v 912.0 240.0 -208.0
v 912.0 -304.0 -208.0
v 912.0 32.0 -208.0
v 912.0 16.0 -208.0
v 912.0 -208.0 -208.0
v 912.0 -192.0 -208.0
v 816.0 -192.0 -224.0
v 816.0 -128.0 -224.0
v 816.0 32.0 -224.0
v 816.0 96.0 -224.0
v 816.0 128.0 -224.0
v 824.0 -48.0 -176.0
v 824.0 -16.0 -176.0
v 824.0 -16.0 -48.0
v 824.0 -48.0 -48.0
v 608.0 -64.0 -192.0
v 584.0 -64.0 -192.0
v 584.0 0.0 -192.0
v 608.0 0.0 -192.0
v 704.0 96.0 -224.0
v 584.0 96.0 -224.0
v 584.0 -160.0 -224.0
v 704.0 -160.0 -224.0
v 704.0 -192.0 -224.0
v 584.0 -192.0 -224.0
v 704.0 -128.0 -224.0
v 808.0 -192.0 -224.0
v 672.0 -128.0 -213.3333282470703
v 704.0 -448.0 176.0
v 704.0 -432.0 176.0
v 592.0 -432.0 176.0
v 592.0 -448.0 176.0
v 592.0 -512.0 176.0
v 704.0 -512.0 176.0
v 592.0 -432.0 48.0
v 704.0 -432.0 48.0
v 704.0 -448.0 48.0
v 592.0 -448.0 48.0
v 704.0 -448.0 64.0
v 592.0 -448.0 64.0
v 704.0 -432.0 160.0
v 592.0 -432.0 160.0
v 704.0 -512.0 64.0
v 592.0 -512.0 64.0
v 528.0 -416.0 32.0
v 528.0 -416.0 128.0
v 512.0 -416.0 128.0
v 512.0 -416.0 112.0
v 512.0 -416.0 32.0
v 528.0 -416.0 160.0
v 560.0 -416.0 32.0
v 560.0 -416.0 160.0
v 448.0 -416.0 128.0
v 512.0 -416.0 160.0
v 432.0 -416.0 160.0
v 432.0 -416.0 128.0
v 448.0 -416.0 112.0
v 256.0 -416.0 32.0
v 432.0 -416.0 32.0
v 320.0 -416.0 160.0
v 448.0 -416.0 32.0
v 464.0 688.0 160.0
v 568.0 688.0 160.0
v 568.0 688.0 32.0
v 512.0 688.0 32.0
v 448.0 688.0 32.0
v 384.0 688.0 32.0
v 384.0 688.0 144.0
v 384.0 688.0 160.0
v 368.0 688.0 32.0
v 352.0 688.0 32.0
v 352.0 688.0 128.0
v 352.0 688.0 144.0
v 256.0 688.0 144.0
v 256.0 688.0 160.0
v 352.0 688.0 160.0
v 256.0 688.0 128.0
v 224.0 688.0 128.0
v 224.0 688.0 144.0
v 224.0 688.0 160.0
v 320.0 -320.0 -224.0
v 320.0 -160.0 -224.0
v 456.0 -160.0 -224.0
v 512.0 -160.0 -224.0
v 512.0 -192.0 -224.0
v 512.0 -320.0 -224.0
v 336.0 0.0 -224.0
v 456.0 0.0 -224.0
v 456.0 -64.0 -224.0
v 336.0 -64.0 -224.0
v 320.0 -64.0 -224.0
v 320.0 0.0 -224.0
v 320.0 -144.0 -224.0
v 320.0 -96.0 -224.0
v 336.0 -80.0 -224.0
v 456.0 -80.0 -224.0
v 456.0 -128.0 -224.0
v 336.0 16.0 -224.0
v 456.0 16.0 -224.0
v 320.0 256.0 -224.0
v 456.0 256.0 -224.0
v 456.0 96.0 -224.0
v 320.0 32.0 -224.0
v 544.0 -320.0 -224.0
v 544.0 256.0 -224.0
v 352.0 352.0 32.0
v 192.0 352.0 32.0
v 192.0 352.0 160.0
v 320.0 352.0 160.0
v 336.0 352.0 160.0
v 432.0 352.0 160.0
v 432.0 352.0 32.0
v 448.0 352.0 160.0
v 448.0 352.0 32.0
v 512.0 352.0 160.0
v 528.0 352.0 160.0
v 528.0 352.0 152.0
v 496.0 352.0 152.0
v 496.0 352.0 160.0
v 144.0 528.0 128.0
v 144.0 528.0 160.0
v 160.0 512.0 160.0
v 144.0 528.0 32.0
v 160.0 512.0 32.0
v 568.0 656.0 160.0
v 568.0 624.0 160.0
v 568.0 624.0 144.0
v 568.0 624.0 32.0
v 568.0 576.0 160.0
v 568.0 576.0 144.0
v 568.0 544.0 144.0
v 568.0 544.0 160.0
v 568.0 528.0 160.0
v 568.0 528.0 144.0
v 568.0 528.0 32.0
v 568.0 448.0 160.0
v 568.0 448.0 144.0
v 568.0 448.0 32.0
v 568.0 464.0 32.0
v 568.0 416.0 144.0
v 568.0 416.0 160.0
v 568.0 384.0 160.0
v 568.0 352.0 160.0
v 568.0 352.0 144.0
v 568.0 352.0 32.0
v 320.0 477.8666687011719 160.0
v 320.0 496.0 160.0
v 256.0 496.0 160.0
v 252.0 496.0 160.0
v 224.0 512.0 160.0
v 192.0 512.0 160.0
v 224.0 503.4666748046875 160.0
v 320.0 576.0 160.0
v 288.0 576.0 160.0
v 256.0 576.0 160.0
v 288.0 608.0 160.0
v 256.0 608.0 160.0
v 496.0 384.0 160.0
v 496.0 416.0 160.0
v 448.0 416.0 160.0
v 448.0 368.0 160.0
v 352.0 469.3333435058594 160.0
v 352.0 608.0 160.0
v 320.0 608.0 160.0
v 472.0 648.0 160.0
v 472.0 656.0 160.0
v 464.0 656.0 160.0
v 464.0 576.0 160.0
v 472.0 576.0 160.0
v 384.0 576.0 160.0
v 528.0 384.0 160.0
v 384.0 544.0 160.0
v 384.0 460.79998779296875 160.0
v 432.0 448.0 160.0
v 552.0 648.0 160.0
v 552.0 656.0 160.0
v 560.0 656.0 160.0
v 560.0 576.0 160.0
v 552.0 576.0 160.0
v 416.0 452.26666259765625 32.0
v 384.0 460.79998779296875 32.0
v 320.0 477.8666687011719 32.0
v 252.0 496.0 32.0
v 192.0 512.0 32.0
v 368.0 512.0 32.0
v 416.0 512.0 32.0
v 448.0 512.0 32.0
v 448.0 464.0 32.0
v 448.0 448.0 32.0
v 432.0 448.0 32.0
v 512.0 464.0 32.0
v 512.0 352.0 32.0
v 448.0 368.0 32.0
v 384.0 576.0 144.0
v 384.0 544.0 144.0
v 384.0 460.79998779296875 144.0
v 448.0 448.0 144.0
v 432.0 448.0 144.0
v 448.0 416.0 144.0
v 448.0 368.0 144.0
v 528.0 384.0 152.0
v 496.0 384.0 152.0
v 320.0 608.0 152.0
v 320.0 576.0 152.0
v 352.0 469.3333435058594 144.0
v 320.0 477.8666687011719 144.0
v 256.0 496.0 144.0
v 252.0 496.0 144.0
v 288.0 608.0 152.0
v 288.0 576.0 152.0
v 192.0 512.0 144.0
v 224.0 503.4666748046875 144.0
v 128.0 528.0 128.0
v 128.0 528.0 32.0
v 128.0 656.0 128.0
v 128.0 656.0 32.0
v 512.0 -256.0 0.0
v 384.0 -192.0 0.0
v 384.0 -288.0 0.0
v 512.0 -288.0 0.0
v 416.0 -192.0 0.0
v 394.6666564941406 -181.3333282470703 0.0
v 400.0 -192.0 0.0
v 512.0 -240.0 0.0
v 320.0 -64.0 0.0
v 320.0 -144.0 0.0
v 320.0 -288.0 0.0
v 336.0 -64.0 0.0
v 384.0 112.0 0.0
v 384.0 96.0 0.0
v 394.6666564941406 117.33333587646484 0.0
v 384.0 128.0 0.0
v 336.0 32.0 0.0
v 320.0 0.0 0.0
v 336.0 0.0 0.0
v 512.0 176.0 0.0
v 512.0 192.0 0.0
v 512.0 256.0 0.0
v 384.0 256.0 0.0
v 320.0 256.0 0.0
v 320.0 224.0 0.0
v 320.0 32.0 0.0
v 512.0 -224.0 0.0
v 544.0 -320.0 0.0
v 560.0 -320.0 0.0
v 560.0 -288.0 0.0
v 320.0 -320.0 0.0
v 568.0 224.0 0.0
v 568.0 256.0 0.0
v 568.0 192.0 0.0
v 512.0 160.0 0.0
v 544.0 256.0 0.0
v 512.0 -240.0 160.0
v 512.0 -240.0 32.0
v 512.0 192.0 32.0
v 512.0 224.0 32.0
v 512.0 224.0 160.0
v 512.0 192.0 160.0
v 512.0 176.0 160.0
v 512.0 176.0 32.0
v 512.0 -256.0 160.0
v 512.0 -288.0 160.0
v 512.0 -288.0 32.0
v 512.0 -256.0 32.0
v 568.0 224.0 160.0
v 568.0 224.0 32.0
v 560.0 -288.0 32.0
v 560.0 -288.0 160.0
v 480.0 -416.0 32.0
v 256.0 -352.0 32.0
v 256.0 -288.0 32.0
v 416.0 -288.0 32.0
v 480.0 -288.0 32.0
v 448.0 192.0 32.0
v 352.0 192.0 32.0
v 352.0 128.0 32.0
v 384.0 128.0 32.0
v 352.0 96.0 32.0
v 288.0 96.0 32.0
v 368.0 96.0 32.0
v 394.6666564941406 117.33333587646484 32.0
v 384.0 112.0 32.0
v 384.0 96.0 32.0
v 336.0 0.0 32.0
v 320.0 0.0 32.0
v 288.0 0.0 32.0
v 320.0 -64.0 32.0
v 360.0 -144.0 32.0
v 320.0 -144.0 32.0
v 288.0 -144.0 32.0
v 288.0 -64.0 32.0
v 336.0 -64.0 32.0
v 394.6666564941406 -181.3333282470703 32.0
v 400.0 -192.0 32.0
v 384.0 -192.0 32.0
v 320.0 -192.0 32.0
v 416.0 -192.0 32.0
v 416.0 -256.0 32.0
v 320.0 -256.0 32.0
v 192.0 -288.0 32.0
v 192.0 -256.0 32.0
v 192.0 -352.0 32.0
v 320.0 -64.0 160.0
v 336.0 -64.0 160.0
v 288.0 -64.0 160.0
v 336.0 0.0 160.0
v 384.0 192.0 160.0
v 336.0 192.0 160.0
v 384.0 128.0 160.0
v 394.6666564941406 117.33333587646484 160.0
v 416.0 128.0 160.0
v 400.0 128.0 160.0
v 368.0 96.0 160.0
v 336.0 32.0 160.0
v 336.0 96.0 160.0
v 320.0 192.0 160.0
v 320.0 0.0 160.0
v 320.0 128.0 160.0
v 320.0 96.0 160.0
v 288.0 96.0 160.0
v 288.0 0.0 160.0
v 320.0 -192.0 160.0
v 320.0 -144.0 160.0
v 288.0 -144.0 160.0
v 320.0 -368.0 160.0
v 384.0 -192.0 160.0
v 394.6666564941406 -181.3333282470703 160.0
v 384.0 -176.0 160.0
v 360.0 -144.0 160.0
v 384.0 -160.0 160.0
v 256.0 -352.0 36.0
v 256.0 -288.0 36.0
v 192.0 -288.0 36.0
v 192.0 -352.0 36.0
v 320.0 256.0 -112.0
v 336.0 -64.0 -128.0
v 336.0 -80.0 -112.0
v 336.0 -64.0 -112.0
v 336.0 0.0 -128.0
v 336.0 0.0 -112.0
v 336.0 16.0 -112.0
v 552.0 -64.0 -192.0
v 552.0 0.0 -192.0
v 488.0 -128.0 -213.3333282470703
v 304.0 -64.0 -200.0
v 304.0 -64.0 -128.0
v 304.0 -80.0 -128.0
v 304.0 -80.0 -200.0
v 304.0 0.0 -200.0
v 304.0 0.0 -208.0
v 304.0 -64.0 -208.0
v 304.0 16.0 -200.0
v 304.0 16.0 -128.0
v 304.0 0.0 -128.0
v 304.0 -80.0 -112.0
v 304.0 -80.0 -80.0
v 304.0 -128.0 -80.0
v 304.0 -128.0 -200.0
v 304.0 64.0 -80.0
v 304.0 16.0 -80.0
v 304.0 16.0 -112.0
v 304.0 64.0 -200.0
v 320.0 -64.0 -208.0
v 320.0 -64.0 -128.0
v 320.0 -64.0 -112.0
v 320.0 0.0 -128.0
v 320.0 0.0 -208.0
v 320.0 0.0 -112.0
v 320.0 32.0 -112.0
v 320.0 224.0 -112.0
v 320.0 -96.0 -112.0
v 320.0 -144.0 -112.0
v 256.0 64.0 -80.0
v 128.0 -256.0 -200.0
v 256.0 -256.0 -200.0
v 256.0 -256.0 -80.0
v 256.0 0.0 -200.0
v 256.0 -128.0 -200.0
v 256.0 -224.0 -200.0
v 128.0 -224.0 -200.0
v 256.0 -128.0 -80.0
v 256.0 -160.0 -80.0
v 448.0 -432.0 32.0
v 512.0 -432.0 32.0
v 512.0 -440.0 32.0
v 512.0 -512.0 32.0
v 448.0 -440.0 112.0
v 448.0 -432.0 112.0
v 448.0 -440.0 128.0
v 512.0 -440.0 128.0
v 512.0 -440.0 112.0
v 512.0 -432.0 112.0
v 592.0 -592.0 64.0
v 592.0 -704.0 64.0
v 592.0 -704.0 176.0
v 592.0 -592.0 176.0
v 1920.0 -736.0 176.0
v 1920.0 -800.0 176.0
v 1920.0 -832.0 -48.0
v 1920.0 -736.0 -48.0
v 1920.0 -592.0 -48.0
v 1920.0 -576.0 -48.0
v 1920.0 -576.0 176.0
v 960.0 -896.0 176.0
v 960.0 -848.0 176.0
v 960.0 -704.0 176.0
v 944.0 -704.0 176.0
v 816.0 -704.0 176.0
v 768.0 -704.0 176.0
v 1096.0 -808.0 176.0
v 1056.0 -848.0 176.0
v 1104.0 -848.0 176.0
v 1120.0 -832.0 176.0
v 1128.0 -824.0 176.0
v 1152.0 -848.0 176.0
v 1104.0 -800.0 176.0
v 1200.0 -704.0 176.0
v 1168.0 -704.0 176.0
v 1216.0 -832.0 176.0
v 1216.0 -688.0 176.0
v 1184.0 -848.0 176.0
v 1216.0 -848.0 176.0
v 1216.0 -600.0 176.0
v 1248.0 -832.0 176.0
v 1280.0 -832.0 176.0
v 1280.0 -672.0 176.0
v 1280.0 -664.0 176.0
v 816.0 -592.0 176.0
v 704.0 -592.0 176.0
v 704.0 -704.0 176.0
v 956.0 -668.0 176.0
v 880.0 -592.0 176.0
v 968.0 -680.0 176.0
v 1132.0 -516.0 176.0
v 1128.0 -520.0 176.0
v 984.0 -664.0 176.0
v 1168.0 -552.0 176.0
v 704.0 -576.0 176.0
v 992.0 -928.0 176.0
v 1376.0 -848.0 176.0
v 1344.0 -848.0 176.0
v 1248.0 -848.0 176.0
v 1344.0 -832.0 176.0
v 1376.0 -832.0 176.0
v 1520.0 -906.6666870117188 176.0
v 1520.0 -832.0 176.0
v 1472.0 -672.0 176.0
v 1520.0 -704.0 176.0
v 1520.0 -672.0 176.0
v 1520.0 -576.0 176.0
v 1472.0 -576.0 176.0
v 1680.0 -736.0 176.0
v 1680.0 -576.0 176.0
v 1552.0 -576.0 176.0
v 1552.0 -736.0 176.0
v 1552.0 -800.0 176.0
v 1680.0 -800.0 176.0
v 1840.0 -736.0 176.0
v 1840.0 -576.0 176.0
v 1712.0 -576.0 176.0
v 1712.0 -736.0 176.0
v 1712.0 -800.0 176.0
v 1840.0 -800.0 176.0
v 1872.0 -576.0 176.0
v 1872.0 -736.0 176.0
v 1872.0 -800.0 176.0
v 1168.0 -944.0 -48.0
v 1184.0 -944.0 -48.0
v 1184.0 -864.0 -48.0
v 1168.0 -864.0 -48.0
v 1168.0 -848.0 -48.0
v 1184.0 -848.0 -48.0
v 1232.0 -832.0 -48.0
v 1136.0 -832.0 -48.0
v 1008.0 -704.0 -48.0
v 1168.0 -704.0 -48.0
v 1232.0 -704.0 -48.0
v 1280.0 -704.0 -48.0
v 1280.0 -832.0 -48.0
v 1264.0 -656.0 -48.0
v 1168.0 -656.0 -48.0
v 1168.0 -624.0 -48.0
v 1248.0 -624.0 -48.0
v 1280.0 -624.0 -48.0
v 1280.0 -640.0 -48.0
v 1280.0 -672.0 -48.0
v 984.0 -664.0 -48.0
v 1024.0 -624.0 -48.0
v 976.0 -672.0 -48.0
v 1072.0 -576.0 -48.0
v 1184.0 -576.0 -48.0
v 1248.0 -576.0 -48.0
v 1280.0 -576.0 -48.0
v 1136.0 -528.0 -48.0
v 1128.0 -520.0 -48.0
v 1376.0 -848.0 -48.0
v 1376.0 -912.0 -48.0
v 1392.0 -912.0 -48.0
v 1392.0 -832.0 -48.0
v 1520.0 -832.0 -48.0
v 1520.0 -848.0 -48.0
v 1472.0 -672.0 -48.0
v 1520.0 -672.0 -48.0
v 1376.0 -832.0 -48.0
v 1536.0 -848.0 -48.0
v 1552.0 -864.0 -48.0
v 1536.0 -672.0 -48.0
v 1536.0 -832.0 -48.0
v 1552.0 -672.0 -48.0
v 1632.0 -672.0 -48.0
v 1664.0 -672.0 -48.0
v 1680.0 -672.0 -48.0
v 1680.0 -832.0 -48.0
v 1648.0 -832.0 -48.0
v 1616.0 -832.0 -48.0
v 1584.0 -832.0 -48.0
v 1552.0 -832.0 -48.0
v 1408.0 -528.0 -48.0
v 1288.0 -648.0 -48.0
v 1520.0 -592.0 -48.0
v 1552.0 -592.0 -48.0
v 1472.0 -576.0 -48.0
v 1520.0 -576.0 -48.0
v 1632.0 -576.0 -48.0
v 1632.0 -592.0 -48.0
v 1552.0 -576.0 -48.0
v 1664.0 -592.0 -48.0
v 1664.0 -576.0 -48.0
v 1680.0 -576.0 -48.0
v 1680.0 -592.0 -48.0
v 1744.0 -832.0 -48.0
v 1728.0 -592.0 -48.0
v 1760.0 -592.0 -48.0
v 1840.0 -592.0 -48.0
v 1872.0 -592.0 -48.0
v 1712.0 -832.0 -48.0
v 1728.0 -576.0 -48.0
v 1760.0 -576.0 -48.0
v 1840.0 -576.0 -48.0
v 1872.0 -576.0 -48.0
v 1552.0 -576.0 136.0
v 1552.0 -608.0 160.0
v 1552.0 -576.0 160.0
v 1552.0 -736.0 160.0
v 1552.0 -896.0 160.0
v 1552.0 -928.0 160.0
v 1552.0 -672.0 160.0
v 1552.0 -592.0 80.0
v 1552.0 -576.0 80.0
v 1552.0 -832.0 48.0
v 1552.0 -848.0 48.0
v 1552.0 -848.0 64.0
v 1552.0 -832.0 64.0
v 1552.0 -864.0 48.0
v 1840.0 -576.0 136.0
v 1840.0 -576.0 160.0
v 1840.0 -608.0 160.0
v 1840.0 -928.0 160.0
v 1840.0 -832.0 160.0
v 1840.0 -736.0 160.0
v 1840.0 -576.0 80.0
v 1840.0 -592.0 80.0
v 1872.0 -576.0 80.0
v 1872.0 -576.0 136.0
v 1872.0 -576.0 160.0
v 1872.0 -592.0 80.0
v 1872.0 -736.0 160.0
v 1872.0 -608.0 160.0
v 1872.0 -832.0 160.0
v 1872.0 -928.0 160.0
v 1760.0 -576.0 80.0
v 1728.0 -576.0 80.0
v 1712.0 -576.0 80.0
v 1712.0 -576.0 136.0
v 1712.0 -576.0 160.0
v 1680.0 -576.0 80.0
v 1680.0 -576.0 136.0
v 1664.0 -576.0 80.0
v 1680.0 -576.0 160.0
v 1632.0 -576.0 80.0
v 1680.0 -608.0 160.0
v 1680.0 -832.0 0.0
v 1680.0 -832.0 -16.0
v 1680.0 -928.0 160.0
v 1680.0 -832.0 160.0
v 1680.0 -736.0 160.0
v 1760.0 -592.0 80.0
v 1728.0 -592.0 80.0
v 1712.0 -608.0 160.0
v 1712.0 -736.0 160.0
v 1712.0 -832.0 160.0
v 1712.0 -928.0 160.0
v 1744.0 -832.0 -32.0
v 1712.0 -832.0 -32.0
v 1712.0 -832.0 -16.0
v 1616.0 -832.0 16.0
v 1616.0 -832.0 32.0
v 1584.0 -832.0 32.0
v 1648.0 -832.0 0.0
v 1648.0 -832.0 16.0
v 1584.0 -832.0 48.0
v 1664.0 -592.0 80.0
v 1632.0 -592.0 80.0
v 704.0 -576.0 64.0
v 704.0 -592.0 64.0
v 768.0 -704.0 64.0
v 856.0 -792.0 64.0
v 960.0 -896.0 64.0
v 992.0 -928.0 64.0
v 1520.0 -928.0 160.0
v 976.0 -672.0 48.0
v 976.0 -672.0 64.0
v 984.0 -664.0 64.0
v 968.0 -680.0 64.0
v 1132.0 -516.0 160.0
v 1132.0 -516.0 112.0
v 1128.0 -520.0 112.0
v 1128.0 -520.0 80.0
v 1280.0 -672.0 112.0
v 1280.0 -664.0 112.0
v 1408.0 -528.0 112.0
v 1520.0 -608.0 160.0
v 1520.0 -576.0 160.0
v 1520.0 -672.0 160.0
v 1520.0 -576.0 136.0
v 1520.0 -576.0 80.0
v 1520.0 -592.0 80.0
v 1280.0 -640.0 112.0
v 1288.0 -648.0 112.0
v 1280.0 -640.0 80.0
v 1264.0 -656.0 112.0
v 1264.0 -656.0 80.0
v 1136.0 -528.0 80.0
v 944.0 -704.0 64.0
v 960.0 -704.0 64.0
v 960.0 -848.0 64.0
v 1136.0 -848.0 64.0
v 1120.0 -832.0 64.0
v 1128.0 -824.0 64.0
v 1136.0 -832.0 64.0
v 992.0 -704.0 64.0
v 1096.0 -808.0 64.0
v 1216.0 -832.0 64.0
v 1216.0 -848.0 64.0
v 1184.0 -848.0 64.0
v 1104.0 -800.0 64.0
v 1344.0 -832.0 64.0
v 1344.0 -848.0 64.0
v 1248.0 -848.0 64.0
v 1248.0 -832.0 64.0
v 1408.0 -848.0 64.0
v 1376.0 -848.0 64.0
v 1376.0 -832.0 64.0
v 1520.0 -896.0 160.0
v 1520.0 -704.0 160.0
v 1360.0 -832.0 64.0
v 1536.0 -832.0 48.0
v 1136.0 -832.0 48.0
v 1360.0 -832.0 48.0
v 1376.0 -832.0 48.0
v 1392.0 -832.0 48.0
v 1392.0 -912.0 48.0
v 1392.0 -848.0 48.0
v 1536.0 -848.0 48.0
v 1168.0 -864.0 48.0
v 1168.0 -848.0 48.0
v 1168.0 -928.0 -32.0
v 1168.0 -928.0 32.0
v 1168.0 -880.0 32.0
v 1168.0 -880.0 -32.0
v 1168.0 -944.0 48.0
v 1184.0 -848.0 48.0
v 1280.0 -848.0 48.0
v 1376.0 -848.0 48.0
v 1184.0 -944.0 -32.0
v 1184.0 -928.0 -32.0
v 1184.0 -880.0 -32.0
v 1184.0 -864.0 -32.0
v 1184.0 -928.0 48.0
v 1184.0 -928.0 32.0
v 1184.0 -944.0 48.0
v 1184.0 -880.0 32.0
v 1184.0 -880.0 48.0
v 1184.0 -864.0 48.0
v 1376.0 -912.0 48.0
v 1280.0 -912.0 48.0
v 1180.0 -928.0 32.0
v 1180.0 -928.0 -32.0
v 1172.0 -928.0 32.0
v 1172.0 -928.0 -32.0
v 1172.0 -880.0 32.0
v 1172.0 -880.0 -32.0
v 1180.0 -880.0 32.0
v 1180.0 -880.0 -32.0
v 880.0 -592.0 64.0
v 928.0 -704.0 64.0
v 928.0 -640.0 64.0
v 704.0 -640.0 64.0
v 956.0 -668.0 64.0
v 704.0 -704.0 64.0
v 448.0 -672.0 240.0
v 448.0 -736.0 240.0
v 448.0 -896.0 240.0
v 448.0 -896.0 256.0
v 448.0 -736.0 256.0
v 448.0 -672.0 256.0
v 448.0 -608.0 32.0
v 448.0 -736.0 32.0
v 448.0 -832.0 32.0
v 448.0 -832.0 24.0
v 448.0 -832.0 -40.0
v 448.0 -800.0 -40.0
v 448.0 -608.0 -40.0
v 448.0 -576.0 -40.0
v 448.0 -576.0 32.0
v 448.0 -896.0 32.0
v 448.0 -896.0 24.0
v 512.0 -896.0 256.0
v 512.0 -896.0 32.0
v 512.0 -672.0 32.0
v 512.0 -736.0 32.0
v 512.0 -736.0 256.0
v 512.0 -672.0 256.0
v 128.0 -896.0 256.0
v 160.0 -896.0 256.0
v 192.0 -896.0 256.0
v 352.0 -896.0 256.0
v 432.0 -896.0 256.0
v 224.0 -896.0 240.0
v 256.0 -896.0 240.0
v 384.0 -896.0 240.0
v 432.0 -896.0 240.0
v 192.0 -896.0 240.0
v 192.0 -896.0 208.0
v 160.0 -896.0 192.0
v 192.0 -896.0 192.0
v 160.0 -896.0 176.0
v 384.0 -896.0 224.0
v 384.0 -896.0 24.0
v 256.0 -896.0 224.0
v 224.0 -896.0 224.0
v 224.0 -896.0 208.0
v 320.0 -896.0 224.0
v 320.0 -896.0 16.0
v 384.0 -896.0 16.0
v 288.0 -896.0 224.0
v 256.0 -896.0 208.0
v 256.0 -896.0 8.0
v 320.0 -896.0 8.0
v 192.0 -896.0 176.0
v 192.0 -896.0 0.0
v 256.0 -896.0 0.0
v 128.0 -896.0 144.0
v 128.0 -896.0 112.0
v 192.0 -896.0 -8.0
v 320.0 -736.0 -40.0
v 320.0 -624.0 -40.0
v 320.0 -576.0 -40.0
v 384.0 -576.0 -40.0
v 320.0 -800.0 -40.0
v 384.0 -832.0 -40.0
v 320.0 -832.0 -40.0
v 224.0 -672.0 -40.0
v 128.0 -672.0 -40.0
v 128.0 -624.0 -40.0
v 288.0 -624.0 -40.0
v 288.0 -672.0 -40.0
v 288.0 -736.0 -40.0
v 128.0 -608.0 -40.0
v 256.0 -576.0 -40.0
v 288.0 -576.0 -40.0
v 224.0 -736.0 -40.0
v 256.0 -832.0 -40.0
v 224.0 -832.0 -40.0
v 192.0 -832.0 -40.0
v 128.0 -832.0 -40.0
v 384.0 -608.0 224.0
v 384.0 -672.0 224.0
v 384.0 -832.0 224.0
v 384.0 -832.0 240.0
v 384.0 -672.0 240.0
v 384.0 -608.0 240.0
v 384.0 -832.0 16.0
v 384.0 -832.0 24.0
v 384.0 -576.0 32.0
v 432.0 -672.0 240.0
v 432.0 -736.0 240.0
v 432.0 -672.0 256.0
v 256.0 -832.0 240.0
v 256.0 -832.0 224.0
v 288.0 -832.0 224.0
v 320.0 -832.0 224.0
v 320.0 -832.0 240.0
v 320.0 -832.0 8.0
v 320.0 -832.0 16.0
v 224.0 -832.0 224.0
v 224.0 -832.0 208.0
v 224.0 -832.0 192.0
v 192.0 -832.0 192.0
v 192.0 -832.0 176.0
v 192.0 -832.0 208.0
v 160.0 -832.0 176.0
v 160.0 -832.0 160.0
v 160.0 -832.0 192.0
v 128.0 -832.0 144.0
v 192.0 -832.0 -8.0
v 256.0 -832.0 0.0
v 192.0 -832.0 0.0
v 256.0 -832.0 8.0
v 288.0 -576.0 64.0
v 256.0 -576.0 64.0
v 232.0 -720.0 64.0
v 224.0 -720.0 64.0
v 224.0 -688.0 64.0
v 232.0 -688.0 64.0
v 288.0 -720.0 64.0
v 280.0 -720.0 64.0
v 280.0 -688.0 64.0
v 288.0 -688.0 64.0
v 288.0 -672.0 64.0
v 288.0 -672.0 128.0
v 256.0 -672.0 128.0
v 224.0 -672.0 89.5999984741211
v 224.0 -672.0 64.0
v 288.0 -672.0 166.39999389648438
v 368.0 -672.0 224.0
v 336.0 -672.0 224.0
v 320.0 -576.0 224.0
v 320.0 -576.0 240.0
v 320.0 -672.0 240.0
v 320.0 -672.0 224.0
v 160.0 -576.0 128.0
v 128.0 -576.0 128.0
v 128.0 -576.0 224.0
v 256.0 -576.0 80.0
v 160.0 -576.0 80.0
v 160.0 -576.0 112.0
v 192.0 -576.0 112.0
v 192.0 -576.0 96.0
v 192.0 -576.0 80.0
v 224.0 -576.0 96.0
v 224.0 -576.0 80.0
v 224.0 -720.0 192.0
v 224.0 -688.0 192.0
v 224.0 -736.0 128.0
v 224.0 -736.0 64.0
v 288.0 -720.0 128.0
v 288.0 -736.0 64.0
v 288.0 -736.0 128.0
v 288.0 -688.0 128.0
v 288.0 -736.0 166.39999389648438
v 336.0 -832.0 224.0
v 336.0 -736.0 224.0
v 368.0 -736.0 224.0
v 368.0 -832.0 224.0
v 256.0 -736.0 128.0
v 232.0 -720.0 192.0
v 232.0 -688.0 192.0
v 280.0 -720.0 128.0
v 280.0 -688.0 128.0
v 288.0 -576.0 48.0
v 320.0 -576.0 32.0
v 320.0 -576.0 48.0
v 128.0 672.0 32.0
v 128.0 672.0 128.0
v -224.0 -128.0 -16.0
v -224.0 -128.0 24.0
v -128.0 -128.0 24.0
v -128.0 -128.0 -16.0
v -128.0 -128.0 -64.0
v -128.0 -128.0 -80.0
v -128.0 -128.0 -200.0
v -224.0 -128.0 -200.0
v 112.0 -128.0 -200.0
v 112.0 -128.0 -96.0
v -112.0 -128.0 -200.0
v -112.0 -128.0 -80.0
v 112.0 -128.0 -80.0
v 96.0 -128.0 -200.0
v -112.0 -128.0 -64.0
v -112.0 -128.0 -16.0
v 112.0 -128.0 -16.0
v -144.0 896.0 256.0
v -144.0 896.0 96.0
v -176.0 896.0 96.0
v -232.0 896.0 96.0
v -256.0 896.0 96.0
v -256.0 896.0 256.0
v -32.0 432.0 256.0
v -256.0 208.0 256.0
v -256.0 192.0 256.0
v -232.0 216.0 256.0
v -176.0 272.0 256.0
v -120.0 328.0 256.0
v -64.0 384.0 256.0
v -32.0 416.0 256.0
v 64.0 512.0 256.0
v 80.0 528.0 256.0
v 64.0 528.0 256.0
v 104.0 528.0 256.0
v 96.0 512.0 256.0
v 104.0 512.0 256.0
v -144.0 880.0 256.0
v -128.0 880.0 256.0
v -256.0 880.0 256.0
v 64.0 688.0 256.0
v 64.0 672.0 256.0
v 104.0 672.0 256.0
v 104.0 688.0 256.0
v 120.0 688.0 256.0
v 112.0 688.0 256.0
v 112.0 512.0 256.0
v 120.0 512.0 256.0
v 32.0 720.0 256.0
v 8.0 744.0 256.0
v -16.0 768.0 256.0
v -40.0 792.0 256.0
v -64.0 816.0 256.0
v -144.0 880.0 272.0
v -256.0 880.0 272.0
v 104.0 672.0 272.0
v 104.0 528.0 272.0
v -80.0 384.0 272.0
v -192.0 384.0 272.0
v -256.0 256.0 272.0
v -256.0 208.0 272.0
v 64.0 672.0 272.0
v 64.0 528.0 272.0
v 32.0 704.0 272.0
v -32.0 704.0 272.0
v -192.0 704.0 272.0
v -192.0 608.0 272.0
v -192.0 480.0 272.0
v 16.0 480.0 272.0
v 32.0 496.0 272.0
v -32.0 432.0 272.0
v -32.0 768.0 272.0
v -192.0 704.0 264.0
v -192.0 384.0 264.0
v -192.0 608.0 264.0
v -192.0 480.0 264.0
v -232.0 288.0 -40.0
v -232.0 216.0 -40.0
v -256.0 192.0 -40.0
v -256.0 288.0 -40.0
v -232.0 352.0 -40.0
v -256.0 352.0 -40.0
v -232.0 800.0 -40.0
v -232.0 736.0 -40.0
v -256.0 736.0 -40.0
v -256.0 800.0 -40.0
v -232.0 672.0 -40.0
v -256.0 672.0 -40.0
v -256.0 480.0 -40.0
v -232.0 664.0 -40.0
v -232.0 448.0 -40.0
v -256.0 448.0 -40.0
v -232.0 440.0 -40.0
v -232.0 440.0 -32.0
v -232.0 352.0 -32.0
v -232.0 216.0 -32.0
v -232.0 664.0 -32.0
v -232.0 576.0 -32.0
v -232.0 800.0 -32.0
v -192.0 800.0 -32.0
v -176.0 784.0 -32.0
v -176.0 720.0 -32.0
v -176.0 576.0 -32.0
v -176.0 496.0 -32.0
v -176.0 352.0 -32.0
v -176.0 272.0 -32.0
v -176.0 496.0 -16.0
v -176.0 336.0 -16.0
v -176.0 272.0 -16.0
v -176.0 720.0 -16.0
v -176.0 560.0 -16.0
v -176.0 784.0 -16.0
v -120.0 728.0 -16.0
v -120.0 560.0 -16.0
v -120.0 552.0 -16.0
v -120.0 336.0 -16.0
v -120.0 328.0 -16.0
v 112.0 672.0 128.0
v 112.0 680.0 128.0
v 112.0 680.0 160.0
v 112.0 528.0 160.0
v 112.0 528.0 128.0
v 112.0 672.0 32.0
v 112.0 680.0 32.0
v 112.0 560.0 16.0
v 112.0 608.0 16.0
v 112.0 640.0 16.0
v 112.0 680.0 16.0
v 112.0 528.0 32.0
v 112.0 528.0 16.0
v 112.0 688.0 160.0
v 120.0 688.0 160.0
v 120.0 512.0 160.0
v 112.0 512.0 160.0
v 104.0 688.0 160.0
v 104.0 688.0 16.0
v 96.0 512.0 160.0
v 96.0 512.0 16.0
v -40.0 792.0 80.0
v -16.0 768.0 64.0
v -40.0 792.0 64.0
v 8.0 744.0 48.0
v 32.0 720.0 32.0
v 8.0 744.0 32.0
v 64.0 688.0 16.0
v 32.0 720.0 16.0
v -16.0 768.0 48.0
v -64.0 816.0 96.0
v -64.0 816.0 80.0
v -176.0 272.0 32.0
v -120.0 328.0 32.0
v -120.0 328.0 0.0
v -64.0 384.0 32.0
v -64.0 384.0 0.0
v -64.0 384.0 16.0
v 64.0 512.0 160.0
v 64.0 512.0 16.0
v -176.0 800.0 96.0
v -80.0 800.0 96.0
v -136.0 744.0 96.0
v -176.0 784.0 96.0
v -64.0 672.0 48.0
v -88.0 696.0 48.0
v -88.0 696.0 64.0
v -112.0 720.0 64.0
v -112.0 720.0 80.0
v -136.0 744.0 80.0
v -176.0 784.0 80.0
v -176.0 784.0 64.0
v -120.0 728.0 48.0
v -176.0 784.0 48.0
v -64.0 608.0 16.0
v -64.0 504.0 0.0
v -64.0 608.0 0.0
v -64.0 672.0 0.0
v -64.0 672.0 16.0
v -40.0 648.0 32.0
v -64.0 672.0 32.0
v 0.0 608.0 16.0
v 64.0 608.0 16.0
v -40.0 648.0 16.0
v 0.0 688.0 16.0
v -120.0 552.0 0.0
v -120.0 504.0 0.0
v -120.0 728.0 0.0
v -232.0 800.0 96.0
v -192.0 800.0 96.0
v -232.0 216.0 32.0
v -256.0 800.0 96.0
v -256.0 192.0 32.0
v -224.0 -384.0 -152.0
v -128.0 -384.0 -152.0
v -128.0 -384.0 -136.0
v -224.0 -384.0 -136.0
v -128.0 -384.0 0.0
v -224.0 -384.0 0.0
v -224.0 -384.0 16.0
v -128.0 -384.0 16.0
v -224.0 -384.0 112.0
v -128.0 -384.0 112.0
v -96.0 -384.0 112.0
v -64.0 -384.0 112.0
v -64.0 -384.0 -88.0
v -64.0 -384.0 -104.0
v -96.0 -384.0 -104.0
v -32.0 -384.0 112.0
v 0.0 -384.0 112.0
v 0.0 -384.0 -56.0
v 0.0 -384.0 -72.0
v -32.0 -384.0 -72.0
v -128.0 -384.0 -16.0
v -96.0 -384.0 -120.0
v -128.0 -384.0 -120.0
v -32.0 -384.0 -88.0
v 96.0 -384.0 112.0
v 96.0 -384.0 -56.0
v -128.0 -352.0 -16.0
v -128.0 -320.0 -16.0
v -128.0 -288.0 -16.0
v -128.0 -256.0 -16.0
v -128.0 -368.0 24.0
v -128.0 -368.0 16.0
v -128.0 -368.0 0.0
v -128.0 -368.0 -16.0
v -128.0 -256.0 -64.0
v -128.0 -256.0 -200.0
v -128.0 -256.0 -80.0
v -128.0 -288.0 -184.0
v -128.0 -288.0 -200.0
v -128.0 -352.0 -152.0
v -128.0 -352.0 -168.0
v -128.0 -320.0 -168.0
v -128.0 -320.0 -184.0
v -112.0 -256.0 -16.0
v -64.0 -256.0 -16.0
v 112.0 -256.0 -16.0
v 96.0 -256.0 -200.0
v -64.0 -256.0 -200.0
v 112.0 -256.0 -96.0
v 112.0 -256.0 -80.0
v -64.0 -256.0 -80.0
v -64.0 -256.0 -96.0
v -112.0 -256.0 -64.0
v -112.0 -256.0 -80.0
v -224.0 -368.0 24.0
v -224.0 -320.0 -168.0
v -224.0 -320.0 -16.0
v -224.0 -288.0 -16.0
v -224.0 -288.0 -184.0
v -224.0 -320.0 -184.0
v -224.0 -352.0 -152.0
v -224.0 -352.0 -16.0
v -224.0 -352.0 -168.0
v -224.0 -384.0 -112.0
v -224.0 -384.0 -16.0
v -224.0 -368.0 -16.0
v -224.0 -288.0 -200.0
v -224.0 -368.0 0.0
v -224.0 -368.0 16.0
v -224.0 -480.0 -112.0
v -224.0 -480.0 -136.0
v -128.0 -480.0 -136.0
v -128.0 -480.0 -120.0
v -128.0 -480.0 -104.0
v -128.0 -480.0 -40.0
v -224.0 -480.0 -40.0
v -96.0 -480.0 -120.0
v -96.0 -480.0 -104.0
v -64.0 -480.0 -104.0
v -64.0 -480.0 -88.0
v -64.0 -480.0 -40.0
v -64.0 -480.0 112.0
v -224.0 -480.0 112.0
v 0.0 -480.0 -56.0
v 96.0 -480.0 -56.0
v 96.0 -480.0 -40.0
v 0.0 -480.0 -40.0
v 0.0 -480.0 64.0
v 0.0 -480.0 112.0
v -32.0 -480.0 112.0
v -32.0 -480.0 -72.0
v 0.0 -480.0 -72.0
v -32.0 -480.0 -88.0
v 96.0 -480.0 64.0
v 96.0 -480.0 112.0
v -240.0 -512.0 160.0
v -240.0 -512.0 128.0
v -32.0 -512.0 -40.0
v -256.0 -512.0 -40.0
v -256.0 -512.0 64.0
v -240.0 -512.0 112.0
v -32.0 -512.0 112.0
v -16.0 -512.0 112.0
v 0.0 -512.0 112.0
v 0.0 -512.0 64.0
v 0.0 -512.0 -40.0
v 96.0 -512.0 64.0
v 96.0 -512.0 -40.0
v -16.0 -512.0 128.0
v -192.0 -512.0 160.0
v -16.0 -512.0 160.0
v 32.0 -512.0 160.0
v 32.0 -512.0 272.0
v 96.0 -512.0 272.0
v 64.0 -512.0 272.0
v 96.0 -512.0 256.0
v -256.0 -896.0 160.0
v -240.0 -896.0 128.0
v -240.0 -896.0 160.0
v 0.0 -896.0 -40.0
v 0.0 -896.0 -24.0
v 0.0 -896.0 -16.0
v 0.0 -896.0 112.0
v -224.0 -896.0 112.0
v -224.0 -896.0 -40.0
v 64.0 -896.0 -24.0
v 64.0 -896.0 -16.0
v 64.0 -896.0 112.0
v -16.0 -896.0 160.0
v -192.0 -896.0 128.0
v -16.0 -896.0 128.0
v 32.0 -896.0 128.0
v 64.0 -896.0 128.0
v 64.0 -896.0 144.0
v 64.0 -896.0 160.0
v 96.0 -896.0 144.0
v 96.0 -896.0 160.0
v -64.0 -624.0 -40.0
v 0.0 -624.0 -40.0
v 0.0 -672.0 -40.0
v -64.0 -672.0 -40.0
v 64.0 -832.0 -40.0
v 0.0 -832.0 -40.0
v -64.0 -608.0 -40.0
v -32.0 -608.0 -40.0
v -224.0 -608.0 -40.0
v -224.0 -672.0 -40.0
v -224.0 -736.0 -40.0
v 64.0 -576.0 256.0
v 96.0 -576.0 240.0
v 64.0 -576.0 272.0
v 96.0 -576.0 256.0
v 96.0 -576.0 272.0
v 32.0 -576.0 112.0
v -16.0 -576.0 112.0
v -192.0 -576.0 112.0
v -192.0 -576.0 128.0
v -16.0 -576.0 128.0
v 32.0 -576.0 128.0
v -240.0 -576.0 128.0
v -240.0 -576.0 112.0
v -224.0 -576.0 112.0
v 64.0 -832.0 128.0
v 64.0 -832.0 144.0
v 64.0 -832.0 -24.0
v 64.0 -832.0 -16.0
v 64.0 -832.0 112.0
v 96.0 -832.0 128.0
v 96.0 -832.0 144.0
v 96.0 -832.0 160.0
v -240.0 -608.0 112.0
v -192.0 -832.0 112.0
v -192.0 -736.0 112.0
v -224.0 -736.0 112.0
v -224.0 -832.0 112.0
v 0.0 -832.0 112.0
v 32.0 -832.0 112.0
v -224.0 -608.0 112.0
v -224.0 -672.0 112.0
v -192.0 -672.0 112.0
v -192.0 -832.0 128.0
v -192.0 -800.0 128.0
v -192.0 -736.0 128.0
v -192.0 -672.0 128.0
v -192.0 -672.0 160.0
v -192.0 -736.0 160.0
v -152.0 -736.0 224.0
v -184.0 -736.0 224.0
v -184.0 -736.0 192.0
v -184.0 -736.0 160.0
v -152.0 -736.0 160.0
v -152.0 -736.0 192.0
v -144.0 -736.0 160.0
v -144.0 -736.0 112.0
v -144.0 -672.0 160.0
v -144.0 -672.0 112.0
v -152.0 -672.0 160.0
v -184.0 -672.0 160.0
v -184.0 -672.0 224.0
v -152.0 -672.0 224.0
v -184.0 -672.0 192.0
v -152.0 -672.0 192.0
v -152.0 -728.0 224.0
v -152.0 -728.0 192.0
v -184.0 -728.0 192.0
v -184.0 -728.0 224.0
v -152.0 -680.0 192.0
v -184.0 -680.0 192.0
v -184.0 -680.0 224.0
v -152.0 -680.0 224.0
v 32.0 -832.0 128.0
v -240.0 -800.0 128.0
v -240.0 -832.0 128.0
v -144.0 -736.0 108.0
v -224.0 -736.0 48.0
v -144.0 -672.0 108.0
v -192.0 -672.0 72.0
v -224.0 -672.0 48.0
v 0.0 -832.0 -24.0
v -800.0 -48.0 48.0
v -800.0 -48.0 64.0
v -968.0 -48.0 64.0
v -968.0 -48.0 48.0
v -800.0 -48.0 256.0
v -800.0 -48.0 272.0
v -968.0 -48.0 272.0
v -968.0 -48.0 256.0
v -528.0 896.0 96.0
v -608.0 896.0 96.0
v -752.0 896.0 96.0
v -752.0 896.0 256.0
v -541.3333129882812 896.0 256.0
v -528.0 896.0 256.0
v -304.0 896.0 96.0
v -384.0 896.0 96.0
v -317.33331298828125 896.0 256.0
v -304.0 896.0 256.0
v -765.3333129882812 880.0 256.0
v -541.3333129882812 880.0 256.0
v -317.33331298828125 880.0 256.0
v -968.0 412.79998779296875 256.0
v -968.0 636.7999877929688 256.0
v -968.0 188.79998779296875 256.0
v -968.0 400.0 256.0
v -968.0 176.0 256.0
v -576.0 208.0 256.0
v -800.0 208.0 256.0
v -800.0 192.0 256.0
v -784.0 192.0 256.0
v -768.0 192.0 256.0
v -624.0 192.0 256.0
v -576.0 192.0 256.0
v -352.0 208.0 256.0
v -432.0 192.0 256.0
v -352.0 192.0 256.0
v -672.0 112.0 256.0
v -688.0 112.0 256.0
v -688.0 80.0 256.0
v -688.0 56.0 256.0
v -672.0 56.0 256.0
v -672.0 136.0 256.0
v -720.0 136.0 256.0
v -720.0 112.0 256.0
v -720.0 80.0 256.0
v -768.0 136.0 256.0
v -768.0 128.0 256.0
v -768.0 64.0 256.0
v -768.0 56.0 256.0
v -720.0 56.0 256.0
v -784.0 64.0 256.0
v -784.0 128.0 256.0
v -784.0 176.0 256.0
v -800.0 176.0 256.0
v -784.0 -32.0 256.0
v -765.3333129882812 880.0 272.0
v -608.0 880.0 272.0
v -541.3333129882812 880.0 272.0
v -384.0 880.0 272.0
v -317.33331298828125 880.0 272.0
v -968.0 64.0 272.0
v -968.0 176.0 272.0
v -968.0 288.0 272.0
v -968.0 400.0 272.0
v -968.0 512.0 272.0
v -968.0 576.0 272.0
v -968.0 636.7999877929688 272.0
v -832.0 800.0 272.0
v -832.0 704.0 272.0
v -768.0 704.0 272.0
v -640.0 704.0 272.0
v -608.0 704.0 272.0
v -576.0 704.0 272.0
v -448.0 704.0 272.0
v -384.0 704.0 272.0
v -384.0 544.0 272.0
v -384.0 480.0 272.0
v -384.0 320.0 272.0
v -384.0 256.0 272.0
v -384.0 208.0 272.0
v -352.0 208.0 272.0
v -448.0 544.0 272.0
v -576.0 544.0 272.0
v -576.0 480.0 272.0
v -448.0 480.0 272.0
v -576.0 352.0 272.0
v -560.0 352.0 272.0
v -448.0 352.0 272.0
v -952.0 656.0 272.0
v -832.0 576.0 272.0
v -888.0 512.0 272.0
v -832.0 512.0 272.0
v -832.0 544.0 272.0
v -640.0 544.0 272.0
v -768.0 544.0 272.0
v -768.0 480.0 272.0
v -640.0 480.0 272.0
v -768.0 320.0 272.0
v -640.0 320.0 272.0
v -448.0 320.0 272.0
v -448.0 256.0 272.0
v -576.0 208.0 272.0
v -560.0 256.0 272.0
v -624.0 256.0 272.0
v -624.0 208.0 272.0
v -560.0 320.0 272.0
v -576.0 320.0 272.0
v -624.0 320.0 272.0
v -768.0 288.0 272.0
v -768.0 208.0 272.0
v -888.0 320.0 272.0
v -832.0 320.0 272.0
v -800.0 288.0 272.0
v -888.0 288.0 272.0
v -800.0 208.0 272.0
v -800.0 176.0 272.0
v -800.0 64.0 272.0
v -384.0 320.0 264.0
v -448.0 320.0 264.0
v -576.0 320.0 264.0
v -640.0 320.0 264.0
v -768.0 320.0 264.0
v -832.0 320.0 264.0
v -640.0 480.0 264.0
v -640.0 544.0 264.0
v -640.0 704.0 264.0
v -576.0 704.0 264.0
v -448.0 704.0 264.0
v -384.0 704.0 264.0
v -448.0 480.0 264.0
v -448.0 544.0 264.0
v -384.0 544.0 264.0
v -384.0 480.0 264.0
v -576.0 544.0 264.0
v -576.0 480.0 264.0
v -832.0 704.0 264.0
v -768.0 704.0 264.0
v -832.0 480.0 264.0
v -832.0 544.0 264.0
v -768.0 544.0 264.0
v -768.0 480.0 264.0
v -288.0 800.0 64.0
v -288.0 800.0 96.0
v -384.0 800.0 96.0
v -288.0 800.0 0.0
v -288.0 800.0 -40.0
v -384.0 800.0 -40.0
v -448.0 800.0 -40.0
v -448.0 800.0 96.0
v -448.0 800.0 160.0
v -512.0 800.0 160.0
v -512.0 800.0 96.0
v -608.0 800.0 96.0
v -608.0 800.0 160.0
v -672.0 800.0 160.0
v -672.0 800.0 96.0
v -512.0 800.0 -40.0
v -528.0 800.0 -40.0
v -608.0 800.0 -40.0
v -608.0 800.0 32.0
v -672.0 800.0 -40.0
v -672.0 800.0 32.0
v -704.0 800.0 -40.0
v -288.0 816.0 0.0
v -288.0 816.0 64.0
v -888.0 64.0 -40.0
v -888.0 64.0 -32.0
v -888.0 96.0 -32.0
v -888.0 96.0 -40.0
v -888.0 96.0 -16.0
v -888.0 128.0 -16.0
v -888.0 128.0 -40.0
v -888.0 160.0 -40.0
v -888.0 160.0 0.0
v -888.0 160.0 16.0
v -888.0 192.0 16.0
v -888.0 192.0 -40.0
v -888.0 224.0 -40.0
v -888.0 224.0 32.0
v -888.0 224.0 48.0
v -888.0 256.0 48.0
v -888.0 256.0 -40.0
v -888.0 208.0 -40.0
v -888.0 192.0 32.0
v -888.0 128.0 0.0
v -888.0 288.0 80.0
v -888.0 288.0 160.0
v -888.0 256.0 160.0
v -888.0 256.0 96.0
v -888.0 256.0 64.0
v -888.0 288.0 64.0
v -888.0 320.0 -40.0
v -888.0 320.0 80.0
v -888.0 320.0 96.0
v -888.0 448.0 96.0
v -888.0 448.0 -40.0
v -888.0 320.0 160.0
v -888.0 448.0 160.0
v -888.0 480.0 96.0
v -888.0 512.0 96.0
v -888.0 512.0 160.0
v -888.0 704.0 96.0
v -888.0 576.0 -40.0
v -888.0 512.0 -40.0
v -304.0 672.0 -40.0
v -320.0 672.0 -40.0
v -320.0 736.0 -40.0
v -384.0 736.0 -40.0
v -304.0 288.0 -40.0
v -304.0 352.0 -40.0
v -432.0 192.0 -40.0
v -432.0 288.0 -40.0
v -448.0 672.0 -40.0
v -448.0 736.0 -40.0
v -384.0 672.0 -40.0
v -384.0 608.0 -40.0
v -384.0 576.0 -40.0
v -448.0 576.0 -40.0
v -384.0 544.0 -40.0
v -448.0 544.0 -40.0
v -608.0 736.0 -40.0
v -528.0 672.0 -40.0
v -528.0 640.0 -40.0
v -528.0 576.0 -40.0
v -608.0 576.0 -40.0
v -528.0 416.0 -40.0
v -528.0 352.0 -40.0
v -560.0 352.0 -40.0
v -608.0 352.0 -40.0
v -608.0 448.0 -40.0
v -512.0 736.0 -40.0
v -512.0 672.0 -40.0
v -672.0 736.0 -40.0
v -304.0 544.0 -40.0
v -304.0 608.0 -40.0
v -304.0 480.0 -40.0
v -368.0 672.0 -40.0
v -368.0 608.0 -40.0
v -320.0 608.0 -40.0
v -320.0 544.0 -40.0
v -368.0 544.0 -40.0
v -368.0 480.0 -40.0
v -384.0 480.0 -40.0
v -448.0 480.0 -40.0
v -464.0 640.0 -40.0
v -464.0 672.0 -40.0
v -448.0 448.0 -40.0
v -464.0 448.0 -40.0
v -448.0 416.0 -40.0
v -464.0 416.0 -40.0
v -640.0 512.0 -40.0
v -640.0 576.0 -40.0
v -624.0 448.0 -40.0
v -640.0 448.0 -40.0
v -672.0 576.0 -40.0
v -704.0 576.0 -40.0
v -704.0 512.0 -40.0
v -768.0 512.0 -40.0
v -832.0 512.0 -40.0
v -320.0 480.0 -40.0
v -320.0 352.0 -40.0
v -384.0 352.0 -40.0
v -448.0 352.0 -40.0
v -496.0 352.0 -40.0
v -624.0 352.0 -40.0
v -496.0 288.0 -40.0
v -560.0 288.0 -40.0
v -496.0 192.0 -40.0
v -624.0 192.0 -40.0
v -624.0 224.0 -40.0
v -624.0 288.0 -40.0
v -704.0 320.0 -40.0
v -704.0 352.0 -40.0
v -704.0 448.0 -40.0
v -704.0 224.0 -40.0
v -704.0 192.0 -40.0
v -832.0 320.0 -40.0
v -832.0 448.0 -40.0
v -768.0 448.0 -40.0
v -768.0 320.0 -40.0
v -768.0 288.0 -40.0
v -832.0 288.0 -40.0
v -768.0 256.0 -40.0
v -832.0 256.0 -40.0
v -784.0 208.0 -40.0
v -768.0 208.0 -40.0
v -768.0 192.0 -40.0
v -784.0 192.0 -40.0
v -784.0 176.0 -40.0
v -784.0 96.0 -40.0
v -784.0 -16.0 -40.0
v -888.0 -16.0 -40.0
v -784.0 -32.0 -40.0
v -800.0 -48.0 -40.0
v -816.0 -48.0 -40.0
v -888.0 -48.0 -40.0
v -432.0 192.0 152.0
v -432.0 192.0 120.0
v -432.0 192.0 32.0
v -480.0 192.0 152.0
v -624.0 192.0 160.0
v -624.0 192.0 152.0
v -496.0 192.0 120.0
v -704.0 192.0 120.0
v -768.0 192.0 160.0
v -704.0 192.0 160.0
v -704.0 192.0 152.0
v -784.0 192.0 144.0
v -784.0 192.0 32.0
v -768.0 192.0 32.0
v -304.0 288.0 96.0
v -304.0 352.0 96.0
v -304.0 544.0 96.0
v -304.0 480.0 96.0
v -304.0 608.0 160.0
v -304.0 672.0 160.0
v -448.0 704.0 160.0
v -448.0 736.0 160.0
v -384.0 736.0 160.0
v -320.0 736.0 160.0
v -320.0 704.0 160.0
v -512.0 704.0 160.0
v -512.0 736.0 160.0
v -608.0 736.0 160.0
v -608.0 576.0 160.0
v -640.0 576.0 160.0
v -672.0 576.0 160.0
v -672.0 672.0 160.0
v -672.0 736.0 160.0
v -320.0 672.0 160.0
v -368.0 672.0 160.0
v -512.0 672.0 160.0
v -320.0 608.0 160.0
v -368.0 608.0 160.0
v -384.0 544.0 160.0
v -384.0 608.0 160.0
v -320.0 544.0 160.0
v -832.0 736.0 160.0
v -768.0 736.0 160.0
v -768.0 672.0 160.0
v -768.0 576.0 160.0
v -832.0 576.0 160.0
v -704.0 576.0 160.0
v -704.0 512.0 160.0
v -768.0 512.0 160.0
v -832.0 512.0 160.0
v -320.0 480.0 160.0
v -320.0 352.0 160.0
v -384.0 352.0 160.0
v -384.0 480.0 160.0
v -560.0 288.0 160.0
v -624.0 288.0 160.0
v -624.0 352.0 160.0
v -560.0 352.0 160.0
v -768.0 256.0 160.0
v -768.0 288.0 160.0
v -768.0 320.0 160.0
v -768.0 448.0 160.0
v -704.0 448.0 160.0
v -704.0 352.0 160.0
v -704.0 320.0 160.0
v -704.0 256.0 160.0
v -704.0 224.0 160.0
v -768.0 224.0 160.0
v -832.0 448.0 160.0
v -832.0 288.0 160.0
v -832.0 320.0 160.0
v -448.0 736.0 96.0
v -384.0 736.0 96.0
v -608.0 736.0 32.0
v -672.0 736.0 32.0
v -768.0 736.0 96.0
v -672.0 736.0 96.0
v -832.0 736.0 96.0
v -768.0 512.0 96.0
v -768.0 448.0 96.0
v -768.0 320.0 96.0
v -768.0 256.0 96.0
v -768.0 672.0 96.0
v -768.0 576.0 96.0
v -320.0 352.0 96.0
v -384.0 352.0 96.0
v -496.0 352.0 96.0
v -528.0 640.0 32.0
v -528.0 672.0 32.0
v -528.0 672.0 96.0
v -528.0 512.0 96.0
v -528.0 512.0 32.0
v -528.0 448.0 32.0
v -528.0 416.0 32.0
v -528.0 448.0 96.0
v -528.0 416.0 96.0
v -368.0 672.0 96.0
v -384.0 672.0 96.0
v -448.0 672.0 96.0
v -464.0 672.0 96.0
v -512.0 672.0 96.0
v -464.0 672.0 32.0
v -464.0 416.0 32.0
v -464.0 416.0 96.0
v -464.0 448.0 96.0
v -464.0 480.0 96.0
v -464.0 480.0 32.0
v -464.0 544.0 32.0
v -464.0 640.0 32.0
v -464.0 544.0 96.0
v -384.0 544.0 32.0
v -368.0 544.0 32.0
v -384.0 544.0 96.0
v -320.0 544.0 96.0
v -368.0 544.0 96.0
v -368.0 480.0 32.0
v -384.0 480.0 32.0
v -384.0 480.0 96.0
v -320.0 480.0 96.0
v -368.0 480.0 96.0
v -640.0 448.0 32.0
v -640.0 448.0 96.0
v -704.0 448.0 96.0
v -640.0 512.0 32.0
v -640.0 512.0 96.0
v -704.0 512.0 96.0
v -640.0 576.0 96.0
v -672.0 576.0 96.0
v -704.0 576.0 96.0
v -672.0 672.0 96.0
v -704.0 320.0 120.0
v -704.0 256.0 120.0
v -704.0 256.0 152.0
v -432.0 288.0 96.0
v -432.0 288.0 120.0
v -496.0 288.0 120.0
v -496.0 288.0 96.0
v -432.0 256.0 120.0
v -432.0 256.0 152.0
v -496.0 256.0 120.0
v -480.0 256.0 152.0
v -496.0 256.0 152.0
v -832.0 448.0 96.0
v -832.0 512.0 96.0
v -832.0 576.0 96.0
v -832.0 320.0 96.0
v -832.0 256.0 96.0
v -768.0 64.0 232.0
v -768.0 64.0 160.0
v -768.0 56.0 160.0
v -768.0 128.0 232.0
v -768.0 128.0 160.0
v -768.0 136.0 160.0
v -672.0 136.0 160.0
v -672.0 56.0 160.0
v -720.0 112.0 248.0
v -688.0 112.0 248.0
v -688.0 80.0 248.0
v -720.0 80.0 248.0
v -784.0 -32.0 112.0
v -784.0 -32.0 144.0
v -784.0 -32.0 232.0
v -800.0 -48.0 32.0
v -784.0 -32.0 32.0
v -816.0 128.0 144.0
v -816.0 128.0 160.0
v -816.0 64.0 160.0
v -816.0 64.0 144.0
v -784.0 96.0 144.0
v -784.0 128.0 144.0
v -784.0 64.0 144.0
v -784.0 64.0 232.0
v -784.0 64.0 160.0
v -784.0 128.0 160.0
v -784.0 128.0 232.0
v -784.0 176.0 232.0
v -784.0 176.0 144.0
v -784.0 96.0 96.0
v -784.0 96.0 112.0
v -784.0 64.0 112.0
v -784.0 128.0 96.0
v -784.0 176.0 96.0
v -912.0 704.0 96.0
v -968.0 -48.0 -40.0
v -968.0 -48.0 32.0
v -376.0 -784.0 160.0
v -384.0 -784.0 160.0
v -376.0 -784.0 104.0
v -384.0 -784.0 104.0
v -384.0 -752.0 80.0
v -384.0 -656.0 80.0
v -384.0 -656.0 96.0
v -384.0 -752.0 96.0
v -384.0 -608.0 104.0
v -384.0 -512.0 104.0
v -384.0 -512.0 64.0
v -384.0 -512.0 -40.0
v -384.0 -608.0 -40.0
v -384.0 -512.0 288.0
v -384.0 -512.0 160.0
v -384.0 -624.0 160.0
v -384.0 -624.0 104.0
v -368.0 -752.0 -40.0
v -368.0 -784.0 -40.0
v -384.0 -752.0 -40.0
v -384.0 -656.0 -40.0
v -368.0 -656.0 -40.0
v -368.0 -624.0 -40.0
v -376.0 -624.0 160.0
v -376.0 -624.0 104.0
v -368.0 -624.0 104.0
v -368.0 -656.0 104.0
v -368.0 -752.0 104.0
v -368.0 -784.0 104.0
v -368.0 -656.0 80.0
v -368.0 -752.0 80.0
v -480.0 -768.0 80.0
v -696.0 -768.0 80.0
v -704.0 -768.0 80.0
v -704.0 -768.0 -40.0
v -480.0 -768.0 -40.0
v -400.0 -768.0 -40.0
v -400.0 -768.0 80.0
v -472.0 -768.0 80.0
v -976.0 -96.0 80.0
v -976.0 -96.0 -40.0
v -976.0 -176.0 -40.0
v -976.0 -240.0 -40.0
v -976.0 -240.0 0.0
v -976.0 -240.0 32.0
v -976.0 -240.0 80.0
v -976.0 -272.0 32.0
v -976.0 -272.0 80.0
v -976.0 -320.0 80.0
v -976.0 -312.0 80.0
v -976.0 -272.0 0.0
v -976.0 -272.0 -40.0
v -976.0 -320.0 -40.0
v -800.0 -64.0 256.0
v -968.0 -64.0 256.0
v -704.0 -720.0 -40.0
v -704.0 -656.0 -40.0
v -576.0 -656.0 -40.0
v -480.0 -656.0 -40.0
v -392.0 -760.0 -40.0
v -400.0 -640.0 -40.0
v -576.0 -640.0 -40.0
v -968.0 -176.0 -40.0
v -816.0 -176.0 -40.0
v -800.0 -176.0 -40.0
v -800.0 -312.0 -40.0
v -800.0 -320.0 -40.0
v -792.0 -176.0 -40.0
v -792.0 -192.0 -40.0
v -792.0 -312.0 -40.0
v -968.0 -96.0 -40.0
v -816.0 -96.0 -40.0
v -800.0 -96.0 -40.0
v -792.0 -96.0 -40.0
v -704.0 -432.0 -40.0
v -704.0 -320.0 -40.0
v -576.0 -320.0 -40.0
v -576.0 -400.0 -40.0
v -576.0 -496.0 -40.0
v -576.0 -544.0 -40.0
v -704.0 -544.0 -40.0
v -576.0 -312.0 -40.0
v -752.0 -320.0 -40.0
v -496.0 -400.0 -40.0
v -496.0 -416.0 -40.0
v -496.0 -480.0 -40.0
v -496.0 -496.0 -40.0
v -656.0 -192.0 -40.0
v -624.0 -192.0 -40.0
v -576.0 -192.0 -40.0
v -392.0 -760.0 80.0
v -392.0 -760.0 96.0
v -744.0 -312.0 80.0
v -696.0 -312.0 80.0
v -584.0 -312.0 80.0
v -584.0 -312.0 96.0
v -784.0 -312.0 96.0
v -784.0 -312.0 80.0
v -968.0 -312.0 80.0
v -800.0 -312.0 80.0
v -800.0 -312.0 96.0
v -968.0 -312.0 96.0
v -800.0 -64.0 64.0
v -800.0 -96.0 96.0
v -800.0 -96.0 80.0
v -800.0 -96.0 64.0
v -800.0 -88.0 64.0
v -800.0 -88.0 96.0
v -800.0 -200.0 80.0
v -800.0 -96.0 48.0
v -576.0 -192.0 80.0
v -576.0 -200.0 80.0
v -576.0 -312.0 80.0
v -576.0 -312.0 64.0
v -584.0 -200.0 96.0
v -584.0 -200.0 80.0
v -784.0 -200.0 80.0
v -784.0 -200.0 96.0
v -792.0 -96.0 80.0
v -792.0 -192.0 80.0
v -792.0 -192.0 32.0
v -624.0 -192.0 80.0
v -792.0 -200.0 80.0
v -624.0 -184.0 0.0
v -624.0 -184.0 32.0
v -624.0 -192.0 32.0
v -624.0 -192.0 0.0
v -656.0 -184.0 32.0
v -656.0 -192.0 32.0
v -656.0 -184.0 0.0
v -656.0 -192.0 0.0
v -968.0 -64.0 64.0
v -968.0 -96.0 48.0
v -968.0 -96.0 64.0
v -968.0 -96.0 80.0
v -968.0 -96.0 96.0
v -968.0 -88.0 96.0
v -968.0 -88.0 64.0
v -472.0 -656.0 96.0
v -584.0 -656.0 96.0
v -696.0 -656.0 96.0
v -696.0 -760.0 96.0
v -472.0 -760.0 96.0
v -392.0 -648.0 96.0
v -584.0 -648.0 96.0
v -584.0 -424.0 96.0
v -584.0 -328.0 96.0
v -696.0 -328.0 96.0
v -696.0 -536.0 96.0
v -696.0 -552.0 96.0
v -584.0 -552.0 96.0
v -496.0 -416.0 96.0
v -496.0 -400.0 96.0
v -560.0 -400.0 96.0
v -560.0 -496.0 96.0
v -496.0 -496.0 96.0
v -696.0 -536.0 80.0
v -696.0 -544.0 80.0
v -696.0 -760.0 80.0
v -696.0 -328.0 80.0
v -472.0 -760.0 80.0
v -584.0 -648.0 80.0
v -584.0 -496.0 80.0
v -584.0 -424.0 80.0
v -584.0 -328.0 80.0
v -496.0 -496.0 64.0
v -560.0 -496.0 64.0
v -576.0 -496.0 64.0
v -496.0 -496.0 88.0
v -576.0 -400.0 64.0
v -576.0 -496.0 80.0
v -560.0 -400.0 64.0
v -496.0 -400.0 64.0
v -512.0 -472.0 80.0
v -512.0 -480.0 80.0
v -512.0 -480.0 -24.0
v -512.0 -472.0 -24.0
v -512.0 -480.0 88.0
v -512.0 -424.0 80.0
v -512.0 -424.0 88.0
v -512.0 -416.0 88.0
v -512.0 -424.0 -24.0
v -512.0 -416.0 -24.0
v -512.0 -480.0 -32.0
v -512.0 -416.0 -32.0
v -496.0 -416.0 -32.0
v -496.0 -416.0 88.0
v -496.0 -480.0 88.0
v -496.0 -480.0 -32.0
v -504.0 -472.0 -24.0
v -504.0 -424.0 -24.0
v -496.0 -424.0 -24.0
v -496.0 -472.0 -24.0
v -496.0 -424.0 80.0
v -504.0 -424.0 80.0
v -504.0 -472.0 80.0
v -496.0 -472.0 80.0
v -584.0 -320.0 80.0
v -392.0 -648.0 80.0
v -400.0 -640.0 80.0
v -576.0 -640.0 80.0
v -576.0 -648.0 80.0
v -696.0 -320.0 80.0
v -752.0 -320.0 80.0
v -968.0 -320.0 80.0
v -704.0 -320.0 80.0
v -744.0 -320.0 80.0
v -704.0 -432.0 80.0
v -704.0 -544.0 80.0
v -704.0 -656.0 80.0
v -704.0 -688.0 80.0
v -704.0 -720.0 80.0
v -712.0 -720.0 32.0
v -712.0 -720.0 0.0
v -704.0 -720.0 0.0
v -704.0 -720.0 32.0
v -704.0 -656.0 0.0
v -704.0 -688.0 32.0
v -704.0 -688.0 0.0
v -712.0 -688.0 0.0
v -712.0 -688.0 32.0
v -288.0 -896.0 -40.0
v -320.0 -896.0 -40.0
v -384.0 -896.0 -40.0
v -384.0 -800.0 -40.0
v -384.0 -896.0 160.0
v -384.0 -800.0 104.0
v -384.0 -896.0 104.0
v -384.0 -896.0 128.0
v -320.0 -896.0 128.0
v -320.0 -904.0 128.0
v -288.0 -904.0 128.0
v -288.0 -896.0 128.0
v -320.0 -904.0 0.0
v -320.0 -896.0 0.0
v -288.0 -896.0 0.0
v -288.0 -904.0 0.0
v -832.0 896.0 96.0
v -866.6666870117188 896.0 96.0
v -866.6666870117188 896.0 256.0
v -832.0 880.0 272.0
v -968.0 656.0 272.0
v -968.0 784.0 256.0
v 656.0 704.0 -144.0
v 656.0 720.0 -144.0
v 592.0 720.0 -144.0
v 592.0 704.0 -144.0
v 592.0 656.0 -144.0
v 640.0 656.0 -144.0
v 640.0 672.0 -144.0
v 592.0 672.0 -144.0
v 656.0 656.0 -144.0
v 640.0 704.0 -144.0
v 656.0 720.0 -128.0
v 656.0 656.0 -128.0
v 592.0 656.0 -128.0
v 592.0 720.0 -128.0
v 592.0 704.0 -284.0
v 592.0 720.0 -284.0
v 656.0 720.0 -284.0
v 656.0 704.0 -284.0
v 640.0 656.0 -284.0
v 592.0 656.0 -284.0
v 592.0 672.0 -284.0
v 640.0 672.0 -284.0
v 656.0 656.0 -284.0
v 640.0 704.0 -284.0
v 656.0 656.0 -292.0
v 592.0 656.0 -292.0
v 656.0 720.0 -292.0
v 592.0 720.0 -292.0
v 656.0 880.0 -16.0
v 656.0 896.0 -16.0
v 592.0 896.0 -16.0
v 592.0 880.0 -16.0
v 592.0 832.0 -16.0
v 640.0 832.0 -16.0
v 640.0 848.0 -16.0
v 592.0 848.0 -16.0
v 656.0 832.0 -16.0
v 640.0 880.0 -16.0
v 656.0 896.0 0.0
v 592.0 896.0 0.0
v 656.0 832.0 0.0
v 592.0 832.0 0.0
v 592.0 848.0 -128.0
v 640.0 848.0 -128.0
v 640.0 880.0 -128.0
v 592.0 880.0 -128.0
v 448.0 832.0 176.0
v 464.0 832.0 176.0
v 464.0 896.0 176.0
v 448.0 896.0 176.0
v 560.0 832.0 176.0
v 576.0 832.0 176.0
v 576.0 880.0 176.0
v 560.0 880.0 176.0
v 576.0 896.0 176.0
v 464.0 880.0 176.0
v 448.0 896.0 192.0
v 448.0 832.0 192.0
v 576.0 896.0 192.0
v 576.0 832.0 192.0
v 464.0 832.0 16.0
v 560.0 832.0 16.0
v 560.0 880.0 16.0
v 464.0 880.0 16.0
v 1168.0 -880.0 -16.0
v 1192.0 -880.0 -16.0
v 1192.0 -880.0 16.0
v 1168.0 -880.0 16.0
v 1192.0 -928.0 -16.0
v 1168.0 -928.0 -16.0
v 1168.0 -928.0 16.0
v 1192.0 -928.0 16.0
v -520.0 -472.0 0.0
v -496.0 -472.0 0.0
v -496.0 -424.0 0.0
v -520.0 -424.0 0.0
v -496.0 -424.0 48.0
v -520.0 -424.0 48.0
v -496.0 -472.0 48.0
v -520.0 -472.0 48.0
v 1984.0 -1344.0 128.0
v 1920.0 -1344.0 128.0
v 1920.0 -1280.0 128.0
v 1984.0 -1280.0 128.0
v 1920.0 -1280.0 64.0
v 1984.0 -1280.0 64.0
v 1920.0 -1344.0 64.0
v 1984.0 -1344.0 64.0
f 1 2 3
f 1 3 4
f 5 6 7
f 5 7 8
f 7 9 10
f 7 10 11
f 7 11 8
f 6 12 13
f 6 13 7
f 13 14 15
f 13 15 9
f 13 9 7
f 16 17 18
f 16 18 19
f 16 19 20
f 16 20 21
f 16 21 22
f 12 23 24
f 12 24 13
f 24 25 26
f 24 26 14
f 24 14 13
f 27 28 29
f 27 29 30
f 27 30 31
f 28 32 33
f 28 33 34
f 28 34 29
f 23 17 16
f 23 16 24
f 16 22 35
f 16 35 25
f 16 25 24
f 19 27 31
f 19 31 36
f 19 36 20
f 32 37 38
f 32 38 39
f 32 39 33
f 40 41 38
f 40 38 37
f 40 37 42
f 40 42 43
f 44 45 46
f 44 46 47
f 44 47 48
f 44 48 49
f 44 49 50
f 44 50 40
f 44 40 43
f 51 52 53
f 51 53 54
f 55 56 57
f 55 57 58
f 55 58 59
f 60 61 62
f 60 62 63
f 60 63 56
f 60 56 55
f 60 55 64
f 62 61 65
f 62 65 66
f 67 68 69
f 67 69 70
f 67 70 71
f 67 71 72
f 67 72 73
f 74 75 76
f 74 76 77
f 74 77 78
f 79 74 78
f 79 78 80
f 79 80 81
f 75 69 68
f 75 68 82
f 75 82 76
f 57 83 84
f 57 84 52
f 57 52 51
f 57 51 85
f 57 85 58
f 84 86 87
f 84 87 88
f 84 88 53
f 84 53 52
f 87 86 79
f 87 79 81
f 87 81 89
f 90 83 57
f 90 57 56
f 90 56 63
f 90 63 91
f 92 93 70
f 92 70 69
f 92 69 75
f 92 75 74
f 92 74 79
f 92 79 86
f 92 86 84
f 92 84 83
f 90 94 95
f 90 95 92
f 90 92 83
f 96 97 98
f 96 98 99
f 96 99 91
f 96 91 63
f 96 63 62
f 96 62 66
f 100 101 102
f 100 102 103
f 102 104 105
f 102 105 106
f 102 106 103
f 107 108 109
f 107 109 100
f 107 100 103
f 107 103 106
f 101 110 111
f 101 111 102
f 111 112 113
f 111 113 104
f 111 104 102
f 114 115 109
f 114 109 108
f 114 108 116
f 114 116 117
f 118 119 120
f 118 120 121
f 118 121 114
f 118 114 117
f 122 123 124
f 122 124 125
f 122 125 126
f 127 128 129
f 127 129 130
f 127 130 122
f 127 122 126
f 126 125 131
f 126 131 132
f 133 134 135
f 133 135 127
f 133 127 126
f 133 126 132
f 136 137 132
f 136 132 131
f 137 138 139
f 137 139 133
f 137 133 132
f 140 141 142
f 140 142 143
f 140 143 144
f 140 144 145
f 146 147 140
f 146 140 145
f 146 145 148
f 146 148 149
f 150 151 152
f 150 152 153
f 150 153 146
f 150 146 149
f 154 155 156
f 154 156 157
f 154 157 158
f 154 158 159
f 154 159 160
f 154 160 161
f 162 163 164
f 162 164 154
f 162 154 161
f 151 150 165
f 151 165 166
f 167 168 169
f 167 169 170
f 167 170 171
f 168 172 173
f 168 173 174
f 168 174 169
f 175 176 177
f 175 177 167
f 175 167 171
f 175 171 178
f 175 178 179
f 172 180 181
f 172 181 166
f 172 166 165
f 172 165 164
f 172 164 173
f 182 183 184
f 182 184 185
f 182 185 186
f 182 186 187
f 188 189 190
f 188 190 191
f 188 191 192
f 188 192 193
f 188 193 194
f 175 179 195
f 175 195 196
f 175 196 197
f 188 194 186
f 188 186 185
f 191 198 199
f 191 199 197
f 191 197 196
f 191 196 200
f 191 200 192
f 201 202 203
f 201 203 204
f 201 204 205
f 206 201 205
f 206 205 207
f 206 207 208
f 204 203 209
f 204 209 210
f 204 210 211
f 212 213 214
f 212 214 215
f 216 217 212
f 216 212 215
f 202 201 206
f 202 206 218
f 202 218 219
f 220 209 203
f 220 203 202
f 220 202 219
f 221 222 218
f 221 218 206
f 221 206 223
f 221 223 224
f 221 224 225
f 226 227 221
f 226 221 225
f 226 225 228
f 226 228 229
f 230 231 226
f 230 226 229
f 230 229 232
f 230 232 233
f 234 214 213
f 234 213 235
f 234 235 230
f 234 230 233
f 236 237 238
f 236 238 239
f 236 239 209
f 236 209 220
f 236 220 240
f 236 240 241
f 242 243 244
f 242 244 236
f 242 236 241
f 242 241 245
f 242 245 246
f 247 248 242
f 247 242 246
f 247 246 249
f 247 249 250
f 251 217 216
f 251 216 252
f 251 252 247
f 251 247 250
f 253 254 255
f 253 255 256
f 253 256 257
f 253 257 258
f 259 260 254
f 259 254 253
f 259 253 261
f 262 261 253
f 262 253 258
f 262 258 263
f 262 263 264
f 262 264 265
f 262 265 266
f 262 266 267
f 268 269 262
f 268 262 267
f 268 267 270
f 268 270 271
f 268 271 272
f 273 274 275
f 273 275 276
f 273 276 277
f 273 277 268
f 273 268 272
f 275 278 279
f 275 279 276
f 275 274 280
f 275 280 281
f 275 281 278
f 282 283 284
f 282 284 285
f 282 285 260
f 282 260 259
f 282 259 286
f 287 288 289
f 287 289 282
f 287 282 286
f 287 286 290
f 279 278 281
f 279 281 291
f 279 291 292
f 279 292 293
f 279 293 294
f 279 294 287
f 279 287 290
f 218 222 295
f 218 295 258
f 218 258 257
f 296 263 258
f 296 258 295
f 296 295 297
f 296 298 264
f 296 264 263
f 299 300 265
f 299 265 264
f 299 264 298
f 299 298 301
f 300 302 266
f 300 266 265
f 303 304 305
f 303 305 270
f 303 270 267
f 303 267 266
f 303 266 302
f 303 302 306
f 305 307 271
f 305 271 270
f 303 306 299
f 303 299 301
f 303 301 297
f 303 297 295
f 303 295 222
f 303 222 221
f 303 221 227
f 308 309 304
f 308 304 303
f 308 303 227
f 308 227 226
f 308 226 231
f 230 235 310
f 230 310 311
f 230 311 312
f 230 312 308
f 230 308 231
f 308 312 313
f 308 313 273
f 308 273 272
f 308 272 271
f 308 271 307
f 308 307 309
f 314 311 310
f 314 310 315
f 314 315 274
f 314 274 273
f 314 273 313
f 213 280 274
f 213 274 315
f 213 315 310
f 213 310 235
f 219 218 257
f 219 257 256
f 255 220 219
f 255 219 256
f 220 255 254
f 220 254 316
f 220 316 317
f 220 317 240
f 318 319 317
f 318 317 316
f 318 316 254
f 318 254 260
f 318 260 285
f 318 285 320
f 321 320 285
f 321 285 284
f 321 284 322
f 321 322 323
f 324 322 284
f 324 284 283
f 325 326 324
f 325 324 283
f 325 283 282
f 325 282 289
f 325 289 327
f 325 327 328
f 329 327 289
f 329 289 288
f 241 240 317
f 241 317 319
f 241 319 321
f 241 321 323
f 241 323 326
f 241 326 325
f 241 325 245
f 325 328 330
f 325 330 331
f 325 331 249
f 325 249 246
f 325 246 245
f 331 332 333
f 331 333 334
f 331 334 251
f 331 251 250
f 331 250 249
f 331 330 329
f 331 329 288
f 331 288 287
f 331 287 294
f 331 294 335
f 331 335 332
f 336 293 292
f 336 292 334
f 336 334 333
f 336 335 294
f 336 294 293
f 217 251 334
f 217 334 292
f 217 292 291
f 337 338 296
f 337 296 297
f 337 297 339
f 337 339 340
f 319 318 337
f 319 337 340
f 341 342 259
f 341 259 261
f 343 344 311
f 343 311 314
f 343 314 345
f 343 345 346
f 336 333 343
f 336 343 346
f 347 348 276
f 347 276 279
f 281 280 213
f 281 213 212
f 217 291 281
f 217 281 212
f 349 335 336
f 349 336 346
f 349 346 345
f 349 345 350
f 345 314 313
f 345 313 350
f 351 327 329
f 351 329 352
f 351 352 353
f 351 353 354
f 353 307 305
f 353 305 354
f 355 322 324
f 355 324 356
f 355 356 357
f 355 357 358
f 357 302 300
f 357 300 358
f 337 318 320
f 337 320 359
f 337 359 360
f 337 360 338
f 360 298 296
f 360 296 338
f 361 341 261
f 361 261 262
f 361 262 269
f 362 361 269
f 362 269 268
f 362 268 277
f 276 348 362
f 276 362 277
f 286 259 342
f 286 342 363
f 290 286 363
f 290 363 364
f 347 279 290
f 347 290 364
f 363 342 341
f 363 341 361
f 364 363 361
f 364 361 362
f 348 347 364
f 348 364 362
f 351 354 305
f 351 305 304
f 351 304 365
f 351 365 366
f 328 327 351
f 328 351 366
f 367 368 309
f 367 309 307
f 367 307 353
f 367 353 352
f 329 330 367
f 329 367 352
f 349 350 313
f 349 313 312
f 349 312 369
f 349 369 370
f 332 335 349
f 332 349 370
f 343 333 332
f 343 332 370
f 343 370 369
f 343 369 344
f 369 312 311
f 369 311 344
f 367 330 328
f 367 328 366
f 367 366 365
f 367 365 368
f 365 304 309
f 365 309 368
f 355 358 300
f 355 300 299
f 355 299 371
f 355 371 372
f 323 322 355
f 323 355 372
f 373 374 306
f 373 306 302
f 373 302 357
f 373 357 356
f 324 326 373
f 324 373 356
f 373 326 323
f 373 323 372
f 373 372 371
f 373 371 374
f 371 299 306
f 371 306 374
f 375 376 301
f 375 301 298
f 375 298 360
f 375 360 359
f 320 321 375
f 320 375 359
f 375 321 319
f 375 319 340
f 375 340 339
f 375 339 376
f 339 297 301
f 339 301 376
f 377 378 379
f 377 379 47
f 377 47 46
f 380 381 382
f 380 382 383
f 380 383 384
f 380 384 385
f 384 386 387
f 384 387 388
f 384 388 385
f 387 389 390
f 387 390 391
f 387 391 388
f 392 393 394
f 392 394 395
f 392 395 396
f 397 398 399
f 397 399 400
f 397 400 392
f 397 392 396
f 401 402 403
f 401 403 396
f 401 396 395
f 403 404 397
f 403 397 396
f 390 405 400
f 390 400 399
f 390 399 406
f 390 406 407
f 390 407 391
f 408 409 410
f 408 410 411
f 408 411 380
f 408 380 385
f 408 385 412
f 385 388 413
f 385 413 414
f 385 414 412
f 388 391 407
f 388 407 415
f 388 415 416
f 388 416 417
f 388 417 413
f 418 416 415
f 418 415 419
f 420 421 422
f 420 422 423
f 420 423 424
f 420 424 425
f 420 425 418
f 420 418 419
f 426 427 428
f 426 428 420
f 426 420 419
f 426 419 415
f 426 415 407
f 426 407 406
f 429 430 431
f 429 431 426
f 429 426 406
f 429 406 399
f 429 399 398
f 397 404 432
f 397 432 433
f 397 433 434
f 397 434 435
f 397 435 436
f 397 436 429
f 397 429 398
f 437 434 433
f 437 433 438
f 437 438 439
f 437 439 440
f 437 440 441
f 437 441 442
f 443 436 435
f 443 435 442
f 443 442 441
f 443 441 444
f 445 444 441
f 445 441 440
f 445 440 439
f 445 439 446
f 445 446 447
f 445 447 448
f 445 448 449
f 445 449 450
f 445 450 451
f 445 451 452
f 448 453 454
f 448 454 449
f 455 427 426
f 455 426 431
f 455 431 456
f 457 430 429
f 457 429 436
f 457 436 443
f 458 455 456
f 458 456 459
f 458 459 460
f 458 460 461
f 458 461 462
f 458 462 463
f 459 457 443
f 459 443 444
f 459 444 445
f 459 445 452
f 459 452 464
f 459 464 460
f 465 466 467
f 465 467 461
f 465 461 460
f 465 460 464
f 452 451 465
f 452 465 464
f 468 463 462
f 468 462 469
f 470 471 472
f 470 472 473
f 470 473 468
f 470 468 469
f 470 469 467
f 470 467 466
f 470 466 474
f 466 465 451
f 466 451 450
f 466 450 475
f 466 475 474
f 476 477 478
f 476 478 470
f 476 470 474
f 479 480 476
f 479 476 474
f 479 474 475
f 479 475 454
f 453 481 482
f 453 482 479
f 453 479 454
f 455 458 483
f 455 483 484
f 420 428 484
f 420 484 483
f 420 483 485
f 420 485 486
f 420 486 421
f 487 485 483
f 487 483 458
f 487 458 463
f 487 463 468
f 487 468 473
f 487 473 488
f 473 472 489
f 473 489 490
f 473 490 488
f 472 471 491
f 472 491 492
f 472 492 489
f 471 470 478
f 471 478 491
f 137 136 493
f 137 493 494
f 137 494 495
f 496 497 138
f 496 138 137
f 496 137 495
f 498 499 495
f 498 495 494
f 499 500 501
f 499 501 496
f 499 496 495
f 502 503 504
f 502 504 505
f 502 505 497
f 502 497 496
f 502 496 501
f 500 506 502
f 500 502 501
f 139 138 497
f 139 497 505
f 139 505 507
f 508 509 510
f 508 510 511
f 508 511 512
f 513 514 515
f 513 515 516
f 515 517 518
f 515 518 516
f 519 520 521
f 519 521 522
f 519 522 523
f 519 523 524
f 525 520 519
f 525 519 526
f 525 526 527
f 525 527 528
f 525 528 529
f 525 529 530
f 531 532 124
f 531 124 123
f 531 123 514
f 533 136 131
f 533 131 125
f 533 125 124
f 533 124 532
f 534 493 136
f 534 136 533
f 507 505 535
f 507 535 536
f 535 505 504
f 537 538 517
f 537 517 130
f 537 130 129
f 128 539 540
f 128 540 537
f 128 537 129
f 541 539 128
f 541 128 127
f 541 127 135
f 134 542 541
f 134 541 135
f 543 542 134
f 543 134 133
f 543 133 139
f 507 536 544
f 507 544 543
f 507 543 139
f 514 123 122
f 514 122 515
f 122 130 517
f 122 517 515
f 545 546 547
f 545 547 548
f 545 548 549
f 545 549 550
f 545 550 551
f 552 503 502
f 552 502 506
f 552 506 553
f 503 552 554
f 503 554 535
f 503 535 504
f 498 494 493
f 498 493 534
f 498 534 555
f 498 555 556
f 498 556 557
f 498 557 499
f 557 553 506
f 557 506 500
f 557 500 499
f 535 554 558
f 535 558 536
f 559 560 546
f 546 545 559
f 560 559 545
f 536 558 561
f 536 561 544
f 562 563 564
f 562 564 565
f 562 565 566
f 567 562 566
f 567 566 568
f 567 568 569
f 570 571 551
f 570 551 550
f 570 550 572
f 570 572 567
f 570 567 569
f 566 565 573
f 566 573 539
f 566 539 541
f 542 568 566
f 542 566 541
f 574 575 538
f 574 538 537
f 574 537 540
f 539 573 574
f 539 574 540
f 576 532 531
f 577 533 532
f 577 532 576
f 534 533 577
f 534 577 578
f 534 578 555
f 568 542 543
f 568 543 579
f 543 544 561
f 543 561 580
f 543 580 579
f 573 565 564
f 574 573 564
f 574 564 575
f 581 582 583
f 584 585 586
f 584 586 587
f 588 589 584
f 588 584 587
f 588 587 583
f 588 552 553
f 552 588 583
f 552 583 582
f 552 582 554
f 590 556 555
f 590 555 578
f 591 548 547
f 591 547 589
f 545 551 571
f 545 571 592
f 584 589 547
f 584 547 546
f 584 546 585
f 560 586 585
f 560 585 546
f 554 582 581
f 554 581 558
f 558 581 580
f 558 580 561
f 586 560 545
f 586 545 592
f 549 593 572
f 549 572 550
f 549 548 591
f 549 591 593
f 594 595 596
f 594 596 597
f 598 599 600
f 598 600 601
f 598 601 602
f 598 602 603
f 604 605 606
f 604 606 607
f 604 607 598
f 604 598 603
f 608 609 610
f 608 610 611
f 612 613 614
f 612 614 599
f 612 599 598
f 607 608 611
f 607 611 612
f 607 612 598
f 615 616 617
f 615 617 618
f 615 618 619
f 615 619 620
f 621 622 615
f 621 615 620
f 623 624 625
f 623 625 626
f 627 628 629
f 627 629 630
f 627 630 631
f 627 631 632
f 627 632 633
f 627 633 634
f 635 627 634
f 635 634 636
f 637 638 639
f 637 639 640
f 637 640 641
f 637 641 642
f 641 640 643
f 641 643 644
f 645 644 643
f 645 643 646
f 645 646 647
f 645 647 648
f 649 650 651
f 649 651 652
f 649 652 653
f 649 653 654
f 647 646 655
f 647 655 656
f 647 656 639
f 647 639 638
f 647 638 657
f 647 657 649
f 647 649 654
f 658 659 660
f 658 660 661
f 662 663 664
f 662 664 665
f 662 665 666
f 666 667 668
f 666 668 669
f 666 669 651
f 666 651 650
f 666 650 662
f 670 671 672
f 670 672 248
f 670 248 247
f 670 247 252
f 216 673 674
f 216 674 670
f 216 670 252
f 236 244 675
f 236 675 676
f 236 676 237
f 675 244 243
f 675 243 661
f 675 661 660
f 243 242 248
f 243 248 672
f 243 672 661
f 238 237 676
f 238 676 665
f 238 665 677
f 239 238 677
f 239 677 678
f 234 233 232
f 234 232 679
f 234 679 680
f 681 214 234
f 681 234 680
f 228 225 224
f 228 224 682
f 228 682 683
f 679 232 229
f 679 229 228
f 679 228 683
f 682 224 223
f 682 223 684
f 685 686 642
f 685 642 641
f 685 641 644
f 685 644 645
f 685 645 687
f 215 214 681
f 215 681 688
f 673 216 215
f 673 215 688
f 689 659 663
f 689 663 662
f 689 662 690
f 660 659 689
f 660 689 675
f 666 665 676
f 666 676 691
f 675 689 690
f 675 690 691
f 675 691 676
f 667 666 691
f 667 691 692
f 667 692 693
f 667 693 694
f 648 695 696
f 648 696 687
f 648 687 645
f 697 698 699
f 697 699 650
f 697 650 649
f 697 649 657
f 638 700 697
f 638 697 657
f 638 637 701
f 638 701 700
f 701 637 642
f 701 642 686
f 686 685 702
f 686 702 700
f 686 700 701
f 662 650 699
f 662 699 690
f 691 690 699
f 691 699 692
f 696 695 703
f 696 703 704
f 705 693 692
f 705 692 699
f 705 699 698
f 697 700 702
f 697 702 704
f 697 704 703
f 697 703 705
f 697 705 698
f 687 696 704
f 687 704 702
f 687 702 685
f 648 647 703
f 648 703 695
f 653 652 706
f 653 706 707
f 653 707 694
f 653 694 693
f 653 693 705
f 703 647 654
f 703 654 653
f 703 653 705
f 708 709 710
f 708 710 711
f 708 711 712
f 708 712 713
f 708 713 714
f 715 708 714
f 715 714 716
f 715 716 717
f 718 719 720
f 718 720 721
f 718 721 722
f 718 722 715
f 718 715 717
f 723 724 725
f 723 725 726
f 723 726 727
f 723 727 728
f 727 729 730
f 727 730 731
f 727 731 728
f 732 733 734
f 732 734 735
f 736 737 738
f 736 738 739
f 740 741 742
f 740 742 743
f 740 743 744
f 740 744 745
f 740 745 746
f 747 748 749
f 747 749 750
f 751 752 753
f 751 753 754
f 751 754 755
f 751 755 756
f 757 758 759
f 757 759 760
f 757 760 761
f 757 761 762
f 757 762 763
f 73 72 757
f 73 757 763
f 761 760 764
f 761 764 765
f 766 767 768
f 766 768 769
f 766 769 770
f 771 772 766
f 771 766 770
f 771 770 773
f 774 775 771
f 774 771 773
f 770 769 477
f 770 477 476
f 770 476 480
f 773 770 480
f 773 480 479
f 773 479 482
f 481 774 773
f 481 773 482
f 764 776 777
f 764 777 778
f 764 778 779
f 764 779 780
f 764 780 781
f 764 781 765
f 778 782 783
f 778 783 784
f 778 784 779
f 784 785 786
f 784 786 780
f 784 780 779
f 787 788 789
f 787 789 790
f 791 749 671
f 791 671 670
f 791 670 674
f 673 792 791
f 673 791 674
f 793 750 749
f 793 749 791
f 793 791 794
f 791 792 795
f 791 795 796
f 791 796 794
f 795 797 798
f 795 798 799
f 795 799 796
f 800 801 802
f 800 802 799
f 800 799 798
f 800 798 803
f 800 803 804
f 800 804 805
f 800 805 806
f 800 806 807
f 800 807 808
f 809 810 811
f 809 811 812
f 809 812 813
f 809 813 814
f 809 814 815
f 816 810 809
f 816 809 801
f 816 801 800
f 816 800 817
f 815 814 818
f 815 818 819
f 815 819 820
f 815 820 821
f 815 821 822
f 823 824 818
f 823 818 814
f 823 814 813
f 825 819 818
f 825 818 824
f 826 811 810
f 826 810 816
f 827 828 829
f 827 829 712
f 827 712 711
f 830 831 832
f 830 832 833
f 630 834 835
f 630 835 631
f 836 635 636
f 836 636 837
f 632 631 835
f 632 835 838
f 839 837 636
f 839 636 634
f 839 634 633
f 632 838 839
f 632 839 633
f 834 630 629
f 834 629 840
f 628 627 635
f 628 635 836
f 628 836 841
f 840 629 628
f 840 628 841
f 556 842 843
f 556 843 844
f 556 844 557
f 844 845 846
f 844 846 847
f 844 847 553
f 844 553 557
f 844 843 848
f 844 848 849
f 844 849 850
f 844 850 851
f 852 853 845
f 852 845 844
f 852 844 851
f 852 851 854
f 852 854 855
f 856 857 858
f 858 857 859
f 858 859 860
f 858 860 861
f 858 861 862
f 859 863 860
f 864 861 860
f 864 860 863
f 864 863 865
f 864 865 866
f 864 866 867
f 864 867 868
f 869 870 871
f 869 871 872
f 869 872 873
f 869 873 874
f 869 874 875
f 869 875 868
f 869 868 867
f 869 867 876
f 877 871 870
f 877 870 878
f 877 878 879
f 878 870 869
f 878 869 880
f 881 882 883
f 881 883 884
f 883 885 886
f 883 886 887
f 883 887 884
f 888 889 872
f 888 872 871
f 888 871 877
f 888 877 890
f 888 890 891
f 892 893 894
f 892 894 895
f 892 895 896
f 892 896 897
f 894 881 884
f 894 884 895
f 884 887 898
f 884 898 899
f 884 899 900
f 884 900 895
f 895 900 901
f 895 901 902
f 895 902 896
f 903 904 905
f 903 905 906
f 903 906 907
f 906 905 893
f 906 893 892
f 906 892 908
f 909 910 904
f 909 904 903
f 909 903 911
f 891 912 913
f 891 913 914
f 915 916 885
f 915 885 917
f 918 901 900
f 918 900 899
f 872 919 920
f 872 920 873
f 890 877 921
f 890 921 922
f 873 920 923
f 873 923 874
f 111 110 923
f 111 923 920
f 111 920 919
f 111 919 924
f 921 112 111
f 921 111 924
f 856 925 926
f 856 926 927
f 856 927 928
f 929 930 120
f 929 120 119
f 929 119 931
f 930 929 926
f 930 926 925
f 930 925 856
f 930 856 858
f 930 858 862
f 930 862 121
f 930 121 120
f 932 933 926
f 932 926 929
f 114 121 862
f 114 862 861
f 114 861 864
f 114 864 115
f 864 868 875
f 864 875 101
f 864 101 100
f 864 100 109
f 864 109 115
f 875 874 923
f 875 923 110
f 875 110 101
f 876 867 108
f 876 108 107
f 934 935 933
f 934 933 932
f 931 934 932
f 931 932 929
f 934 931 119
f 934 119 118
f 936 928 927
f 936 927 935
f 935 927 926
f 935 926 933
f 865 936 935
f 865 935 934
f 865 934 118
f 865 118 117
f 865 117 116
f 865 116 866
f 116 108 867
f 116 867 866
f 106 869 876
f 106 876 107
f 879 878 104
f 879 104 113
f 880 869 106
f 880 106 105
f 104 878 880
f 104 880 105
f 113 112 921
f 113 921 877
f 113 877 879
f 89 81 892
f 89 892 897
f 937 938 939
f 937 939 940
f 59 886 885
f 59 885 916
f 59 916 55
f 891 890 922
f 891 922 941
f 891 941 942
f 891 942 912
f 941 65 61
f 941 61 942
f 943 95 94
f 943 94 944
f 943 944 945
f 943 945 946
f 90 944 94
f 98 97 947
f 98 947 948
f 98 948 949
f 950 91 99
f 950 99 98
f 950 98 949
f 950 949 951
f 952 889 953
f 952 953 954
f 948 947 954
f 948 954 953
f 952 954 947
f 952 947 97
f 952 97 96
f 952 96 955
f 96 66 65
f 96 65 941
f 96 941 955
f 889 952 919
f 889 919 872
f 921 924 919
f 921 919 952
f 921 952 955
f 921 955 941
f 921 941 922
f 944 950 951
f 944 951 945
f 944 90 91
f 944 91 950
f 89 897 896
f 89 896 87
f 938 937 956
f 938 956 957
f 938 957 958
f 938 958 939
f 957 956 959
f 957 959 958
f 95 943 960
f 95 960 958
f 95 958 959
f 95 959 92
f 956 937 940
f 956 940 959
f 92 959 940
f 92 940 93
f 958 960 882
f 958 882 881
f 958 881 894
f 958 894 893
f 958 893 939
f 943 946 882
f 943 882 960
f 85 51 899
f 85 899 898
f 59 58 887
f 59 887 886
f 85 898 887
f 85 887 58
f 54 53 901
f 54 901 918
f 54 918 899
f 54 899 51
f 88 87 896
f 88 896 902
f 88 902 901
f 88 901 53
f 913 912 942
f 913 942 61
f 913 61 60
f 64 55 916
f 64 916 915
f 64 915 961
f 64 961 962
f 64 962 913
f 64 913 60
f 67 73 763
f 67 763 963
f 68 67 963
f 68 963 909
f 72 71 964
f 72 964 757
f 940 939 893
f 940 893 905
f 940 905 904
f 940 904 910
f 940 910 964
f 940 964 71
f 940 71 70
f 940 70 93
f 80 78 906
f 80 906 908
f 80 908 892
f 80 892 81
f 77 76 903
f 77 903 907
f 77 907 906
f 77 906 78
f 82 68 909
f 82 909 911
f 82 911 903
f 82 903 76
f 965 966 967
f 965 967 968
f 969 970 965
f 969 965 968
f 969 968 971
f 972 973 974
f 972 974 975
f 976 977 973
f 976 973 972
f 978 979 980
f 978 980 981
f 835 982 979
f 835 979 978
f 835 978 971
f 835 971 968
f 835 968 967
f 835 967 983
f 835 983 838
f 984 985 986
f 984 986 987
f 984 987 988
f 987 986 989
f 987 989 990
f 987 990 991
f 990 989 563
f 990 563 562
f 990 562 992
f 993 994 991
f 993 991 990
f 993 990 992
f 977 976 995
f 977 995 993
f 977 993 992
f 977 992 562
f 977 562 567
f 593 996 997
f 593 997 998
f 593 998 977
f 593 977 567
f 593 567 572
f 591 999 996
f 591 996 593
f 587 1000 583
f 1001 588 553
f 1001 553 847
f 1002 842 556
f 1002 556 590
f 1003 999 591
f 1003 591 589
f 1003 589 588
f 1003 588 1001
f 570 569 568
f 570 568 1004
f 570 1004 1005
f 571 570 1005
f 571 1005 592
f 575 1006 1007
f 575 1007 517
f 575 517 538
f 518 517 1007
f 518 1007 1008
f 1009 1010 1008
f 1009 1008 1007
f 1009 1007 1006
f 1009 1006 1011
f 1012 1010 1009
f 1012 1009 1013
f 1009 1011 1014
f 1009 1014 1015
f 1009 1015 1016
f 1009 1016 1013
f 1000 1017 581
f 1000 581 583
f 1018 1004 568
f 1018 568 579
f 581 1017 1018
f 581 1018 579
f 581 579 580
f 1019 513 516
f 1019 516 1020
f 516 518 1008
f 516 1008 1010
f 516 1010 1020
f 577 1021 1002
f 577 1002 590
f 577 590 578
f 1021 577 576
f 1021 576 1022
f 1021 1022 1023
f 1022 576 531
f 1022 531 514
f 1022 514 513
f 1022 513 1019
f 1022 1019 1024
f 1022 1024 1023
f 522 521 1025
f 522 1025 1026
f 1026 1027 1028
f 1026 1028 523
f 1026 523 522
f 1029 1030 1031
f 1029 1031 1028
f 1029 1028 1032
f 1029 1032 1033
f 1012 1013 1029
f 1012 1029 1033
f 1034 1030 1029
f 1034 1029 1013
f 1034 1013 1016
f 1019 1035 1036
f 1019 1036 1024
f 1028 1027 1037
f 1028 1037 1035
f 1028 1035 1019
f 1028 1019 1020
f 1028 1020 1032
f 1020 1010 1012
f 1020 1012 1033
f 1020 1033 1032
f 1038 1039 1030
f 1038 1030 1034
f 1040 1041 1042
f 1040 1042 1043
f 1040 1043 1044
f 1043 1039 1038
f 1043 1038 1044
f 1041 1045 1046
f 1041 1046 1047
f 1041 1047 1048
f 1041 1048 1042
f 524 1049 1050
f 524 1050 519
f 1050 1049 1048
f 1050 1048 1047
f 1050 1047 1051
f 1028 1031 1042
f 1028 1042 1048
f 1028 1048 1049
f 1028 1049 524
f 1028 524 523
f 1047 1027 1026
f 1047 1026 1051
f 1037 1046 1045
f 1037 1045 1035
f 1027 1047 1046
f 1027 1046 1037
f 1051 1026 1025
f 1051 1025 1052
f 1025 521 520
f 1025 520 1052
f 1035 1045 1041
f 1035 1041 1040
f 1035 1040 1036
f 1039 1043 1042
f 1039 1042 1031
f 1039 1031 1030
f 526 519 1050
f 526 1050 1053
f 526 1053 1054
f 526 1054 1055
f 1054 1053 1056
f 1054 1056 970
f 1054 970 969
f 1055 1054 969
f 1055 969 971
f 1055 971 978
f 1055 978 981
f 1057 1058 979
f 1057 979 982
f 834 1057 982
f 834 982 835
f 1059 1060 1061
f 1059 1061 980
f 1051 1052 1060
f 1051 1060 1059
f 1051 1059 1053
f 1051 1053 1050
f 520 525 1061
f 520 1061 1060
f 520 1060 1052
f 1053 1059 1058
f 1053 1058 1056
f 1058 1059 980
f 1058 980 979
f 1062 966 965
f 1062 965 970
f 1062 970 1056
f 1062 1056 1058
f 1062 1058 1057
f 1062 1057 834
f 1062 834 840
f 1005 1004 1018
f 1017 586 592
f 1017 592 1005
f 1017 1005 1018
f 1017 1000 587
f 1017 587 586
f 564 989 986
f 564 986 985
f 564 985 1006
f 564 1006 575
f 1011 1006 985
f 1011 985 984
f 1011 984 1014
f 984 988 1015
f 984 1015 1014
f 563 989 564
f 1063 1064 1065
f 1063 1065 1066
f 1063 1066 1067
f 1068 1064 1063
f 1068 1063 1069
f 1068 1069 1070
f 1068 1070 1071
f 1068 1071 1072
f 1068 1072 1073
f 1069 1063 1067
f 1069 1067 1074
f 1069 1074 1075
f 1069 1075 1076
f 1068 1077 1065
f 1068 1065 1064
f 1074 1067 1066
f 1074 1066 1078
f 1074 1078 1079
f 1080 1075 1074
f 1080 1074 1079
f 1080 1079 1081
f 1080 1081 1082
f 1082 1081 1073
f 1082 1073 1072
f 1082 1072 1083
f 1082 1083 1084
f 1078 1077 1068
f 1078 1068 1073
f 1078 1073 1081
f 1078 1081 1079
f 1078 1066 1085
f 1078 1085 1086
f 841 836 1087
f 841 1087 1088
f 1062 840 841
f 1062 841 1088
f 1065 1077 1089
f 1065 1089 1090
f 1077 1078 1086
f 1077 1086 1089
f 1066 1065 1090
f 1066 1090 1085
f 1089 1086 1085
f 1089 1085 1090
f 1087 836 837
f 1087 837 1091
f 1092 1091 837
f 1092 837 839
f 838 983 1092
f 838 1092 839
f 832 831 1093
f 832 1093 1094
f 798 797 833
f 798 833 832
f 798 832 1094
f 798 1094 803
f 1093 831 830
f 1093 830 1095
f 966 1096 1097
f 966 1097 1098
f 966 1098 1099
f 966 1099 1100
f 966 1100 1101
f 966 1101 1102
f 966 1102 1103
f 966 1103 967
f 1104 1099 1098
f 1104 1098 1105
f 1104 1105 1106
f 1098 1097 1107
f 1098 1107 1105
f 1099 1104 1108
f 1099 1108 1100
f 1109 1110 1111
f 1109 1111 1112
f 1109 1112 1113
f 1110 1114 1115
f 1110 1115 1116
f 1110 1116 1111
f 1117 1112 1111
f 1117 1111 1116
f 1117 1116 1118
f 1117 1118 1119
f 1117 1119 1120
f 1121 1122 1123
f 1121 1123 1120
f 1121 1120 1119
f 1119 1118 1124
f 1119 1124 1125
f 1119 1125 1121
f 1102 1101 1126
f 1102 1126 1127
f 1101 1100 1108
f 1101 1108 1128
f 1101 1128 1126
f 1124 1118 1116
f 1124 1116 1115
f 1124 1115 1129
f 1124 1129 1130
f 1124 1130 1131
f 1124 1131 1132
f 1124 1132 1133
f 1124 1133 1134
f 1093 1135 1136
f 1093 1136 1094
f 1088 1087 1107
f 1088 1107 1097
f 1088 1097 1096
f 966 1062 1088
f 966 1088 1096
f 1137 1138 1083
f 1137 1083 1072
f 1137 1072 1071
f 1137 1071 1139
f 1071 1070 1140
f 1071 1140 1139
f 1084 1083 1138
f 1084 1138 1141
f 1080 1082 1084
f 1080 1084 1141
f 1080 1141 1142
f 1080 1142 1143
f 1144 1076 1075
f 1144 1075 1080
f 1144 1080 1143
f 1140 1070 1069
f 1140 1069 1076
f 1140 1076 1144
f 1126 1128 1106
f 1126 1106 1105
f 1126 1105 1107
f 1126 1107 1087
f 1126 1087 1091
f 1126 1091 1127
f 1103 1102 1127
f 1103 1127 1091
f 1103 1091 1092
f 983 967 1103
f 983 1103 1092
f 1094 1136 804
f 1094 804 803
f 1135 1093 1095
f 1135 1095 1145
f 1146 1147 1148
f 1146 1148 1149
f 1150 1151 1152
f 1150 1152 1153
f 1150 1153 1154
f 1150 1154 1155
f 1156 1157 1158
f 1156 1158 1159
f 1160 1161 1162
f 1160 1162 1163
f 1160 1163 1164
f 1160 1164 1165
f 1161 1166 1167
f 1161 1167 1162
f 1163 1168 1169
f 1163 1169 1170
f 1163 1170 1164
f 1168 1167 1166
f 1168 1166 1171
f 1168 1171 1172
f 1168 1172 1169
f 1170 1169 1172
f 1170 1172 1173
f 1170 1173 1174
f 1170 1174 1175
f 1174 1176 1177
f 1174 1177 1178
f 1174 1178 1175
f 1179 1165 1164
f 1179 1164 1170
f 1179 1170 1175
f 1179 1175 1180
f 1175 1178 1181
f 1175 1181 1182
f 1175 1182 1180
f 1172 1171 1183
f 1172 1183 1184
f 1172 1184 1173
f 1184 1185 1176
f 1184 1176 1174
f 1184 1174 1173
f 1185 1186 1187
f 1185 1187 1177
f 1185 1177 1176
f 1183 1188 1189
f 1183 1189 1184
f 1189 1190 1191
f 1189 1191 1192
f 1189 1192 1186
f 1189 1186 1185
f 1189 1185 1184
f 1193 1194 1195
f 1193 1195 1196
f 1193 1196 1197
f 1196 1198 1199
f 1196 1199 1197
f 1198 1200 1201
f 1198 1201 1199
f 845 1202 1203
f 845 1203 1204
f 845 1204 846
f 846 1204 1001
f 846 1001 847
f 1002 1021 1195
f 1002 1195 1194
f 1002 1194 848
f 1002 848 843
f 1002 843 842
f 1003 1001 1204
f 999 1003 1204
f 999 1204 1203
f 999 1203 1205
f 999 1205 1206
f 999 1206 1207
f 1203 1202 1205
f 1205 1202 845
f 1205 845 853
f 1205 853 852
f 1205 852 1206
f 1201 1200 997
f 1201 997 996
f 1201 996 1208
f 999 1207 1208
f 999 1208 996
f 1188 1040 1044
f 1188 1044 1189
f 1044 1038 1209
f 1044 1209 1190
f 1044 1190 1189
f 1191 1190 1209
f 1191 1209 1210
f 972 973 1211
f 972 1211 1212
f 972 1212 1213
f 972 1213 1214
f 972 1214 1215
f 972 1215 1216
f 972 1216 1217
f 972 1217 1218
f 972 1218 1219
f 972 1219 1220
f 972 1220 1221
f 972 1221 1222
f 1216 1215 1214
f 1216 1214 1213
f 1216 1213 1212
f 1216 1212 1211
f 1216 1211 973
f 1216 973 972
f 1216 972 1222
f 1216 1222 1221
f 1216 1221 1220
f 1216 1220 1219
f 1216 1219 1218
f 1216 1218 1217
f 1223 1224 1225
f 1223 1225 1195
f 1223 1195 1021
f 1223 1021 1023
f 1223 1023 1226
f 1166 1161 1160
f 1166 1160 1223
f 1166 1223 1226
f 1166 1226 1171
f 1024 1036 1040
f 1024 1040 1188
f 1024 1188 1183
f 1024 1183 1171
f 1024 1171 1226
f 1024 1226 1023
f 1223 1160 1165
f 1223 1165 1179
f 1223 1179 1227
f 1179 1180 1182
f 1179 1182 1228
f 1179 1228 1227
f 1182 1181 1229
f 1182 1229 1228
f 1230 1215 1214
f 1230 1214 1213
f 1230 1213 1212
f 1230 1212 1211
f 1230 1211 1231
f 1215 1230 1232
f 1215 1232 1157
f 1215 1157 1156
f 1215 1156 1216
f 997 1200 1230
f 997 1230 1231
f 997 1231 998
f 1195 1225 1233
f 1195 1233 1196
f 1233 1234 1198
f 1233 1198 1196
f 1234 1235 1232
f 1234 1232 1230
f 1234 1230 1200
f 1234 1200 1198
f 1233 1225 1224
f 1233 1224 1236
f 1235 1234 1233
f 1235 1233 1236
f 1235 1236 1237
f 1235 1237 1238
f 1232 1235 1238
f 1232 1238 1239
f 1224 1223 1227
f 1224 1227 1236
f 1227 1228 1237
f 1227 1237 1236
f 1228 1229 1240
f 1228 1240 1239
f 1228 1239 1238
f 1228 1238 1237
f 1241 1242 1240
f 1241 1240 1229
f 976 1242 1241
f 976 1241 995
f 1231 977 998
f 1242 1222 1221
f 1242 1221 1220
f 1242 1220 1219
f 1242 1219 1218
f 1242 1218 1240
f 976 972 1222
f 976 1222 1242
f 973 977 1231
f 973 1231 1211
f 1217 1159 1158
f 1217 1158 1239
f 1217 1239 1240
f 1217 1240 1218
f 1157 1232 1239
f 1157 1239 1158
f 1243 1244 1034
f 1243 1034 1016
f 1015 1186 1192
f 1015 1192 1243
f 1015 1243 1016
f 1178 1177 987
f 1178 987 991
f 1178 991 994
f 993 995 1241
f 993 1241 1229
f 993 1229 1181
f 993 1181 1178
f 993 1178 994
f 987 1177 1187
f 987 1187 988
f 988 1187 1186
f 988 1186 1015
f 1244 1209 1038
f 1244 1038 1034
f 1192 1191 1210
f 1192 1210 1243
f 1210 1209 1244
f 1210 1244 1243
f 1245 1246 1247
f 1245 1247 1248
f 1249 1250 1212
f 1249 1212 1213
f 1249 1213 1245
f 1251 1252 1211
f 1251 1211 1212
f 1251 1212 1250
f 1253 1221 1222
f 1253 1222 1254
f 1253 1254 1255
f 1248 1220 1221
f 1248 1221 1253
f 1248 1253 1256
f 1250 1249 1256
f 1250 1256 1253
f 1252 1251 1255
f 1252 1255 1254
f 975 974 1252
f 975 1252 1254
f 972 975 1254
f 972 1254 1222
f 974 973 1211
f 974 1211 1252
f 1251 1250 1253
f 1251 1253 1255
f 1249 1245 1248
f 1249 1248 1256
f 1257 1258 1214
f 1257 1214 1215
f 1257 1215 1259
f 1246 1245 1213
f 1246 1213 1214
f 1246 1214 1258
f 381 1259 1215
f 381 1215 1216
f 381 1216 382
f 1217 1218 1260
f 1217 1260 411
f 1217 411 410
f 1261 1219 1220
f 1261 1220 1248
f 1261 1248 1247
f 1218 1219 1261
f 1218 1261 1262
f 1218 1262 1260
f 1246 1258 1261
f 1246 1261 1247
f 1259 381 380
f 1259 380 411
f 1259 411 1260
f 1258 1257 1262
f 1258 1262 1261
f 1257 1259 1260
f 1257 1260 1262
f 1263 1264 1265
f 1263 1265 1138
f 1263 1138 1137
f 1266 1263 1137
f 1266 1137 1139
f 1266 1139 1140
f 1194 1193 1267
f 1194 1267 849
f 1194 849 848
f 1268 1269 1155
f 1268 1155 1154
f 1268 1154 1270
f 1268 1271 1272
f 1268 1272 1269
f 1273 1272 1271
f 1273 1271 1274
f 1273 1274 1275
f 1276 1277 1278
f 1276 1278 1279
f 1276 1279 1280
f 1276 1280 1281
f 1282 1283 1284
f 1282 1284 1285
f 1282 1285 1286
f 1282 1286 1287
f 1282 1287 1288
f 1285 1289 1290
f 1285 1290 1286
f 1291 1292 1289
f 1291 1289 1285
f 1291 1285 1284
f 1291 1284 1293
f 1291 1293 1294
f 1295 1296 1297
f 1295 1297 1298
f 1295 1298 1299
f 1295 1299 1288
f 1295 1288 1287
f 395 394 1282
f 395 1282 1288
f 395 1288 1299
f 1298 401 395
f 1298 395 1299
f 1286 1290 1300
f 1286 1300 1301
f 1286 1301 1295
f 1286 1295 1287
f 1302 1303 1296
f 1302 1296 1295
f 1302 1295 1301
f 1302 1301 1304
f 1302 1304 1305
f 1306 1292 1291
f 1306 1291 1307
f 1306 1307 1308
f 1305 1304 1306
f 1305 1306 1308
f 1216 1156 1309
f 1216 1309 1310
f 1216 1310 1311
f 382 1216 1311
f 382 1311 1312
f 382 1312 383
f 1313 1314 1315
f 1313 1315 1316
f 1313 1316 1317
f 1318 1319 1313
f 1318 1313 1317
f 1318 1317 1320
f 384 383 1312
f 384 1312 1321
f 384 1321 386
f 1267 1322 1323
f 1267 1323 1324
f 1267 1324 850
f 1267 850 849
f 1325 1326 1327
f 1325 1327 1328
f 1325 1328 1329
f 1325 1329 1330
f 1331 1332 1325
f 1331 1325 1330
f 1329 1328 1201
f 1329 1201 1208
f 1207 1331 1330
f 1207 1330 1329
f 1207 1329 1208
f 1193 1197 1333
f 1193 1333 1322
f 1193 1322 1267
f 1197 1199 1334
f 1197 1334 1333
f 1199 1201 1328
f 1199 1328 1327
f 1199 1327 1334
f 1335 1336 1337
f 1335 1337 1338
f 1335 1338 1339
f 1335 1339 1340
f 1341 1342 1343
f 1341 1343 1344
f 1342 1345 1336
f 1342 1336 1335
f 1342 1335 1346
f 1342 1346 1343
f 1336 1345 1347
f 1336 1347 1348
f 1336 1348 1337
f 1345 1342 1341
f 1345 1341 1349
f 1345 1349 1347
f 1344 1350 1351
f 1344 1351 1352
f 1344 1352 1353
f 1344 1353 1354
f 1344 1354 1349
f 1344 1349 1341
f 1355 1356 1351
f 1355 1351 1350
f 1355 1350 1357
f 1355 1357 1358
f 1352 1359 1360
f 1352 1360 1361
f 1352 1361 1362
f 1352 1362 1363
f 1352 1363 1364
f 1352 1364 1353
f 1363 856 928
f 1363 928 1364
f 1323 1322 1333
f 1323 1333 1365
f 1333 1334 1366
f 1333 1366 1367
f 1333 1367 1365
f 1334 1327 1326
f 1334 1326 1366
f 1368 1369 1367
f 1368 1367 1366
f 1368 1366 1326
f 1368 1326 1325
f 1368 1325 1332
f 855 854 1370
f 855 1370 1369
f 855 1369 1368
f 1324 1323 1365
f 1324 1365 1371
f 1365 1367 1369
f 1365 1369 1370
f 1365 1370 1371
f 851 850 1324
f 851 1324 1371
f 854 851 1371
f 854 1371 1370
f 852 855 1368
f 852 1368 1206
f 1206 1368 1332
f 1206 1332 1331
f 1206 1331 1207
f 1372 1373 1374
f 1372 1374 1375
f 1374 1373 1338
f 1374 1338 1337
f 1374 1337 1348
f 1376 1377 1372
f 1376 1372 1375
f 1376 1375 1354
f 1376 1354 1353
f 1364 928 936
f 1364 936 865
f 1364 865 1378
f 1364 1378 1379
f 1364 1379 1380
f 1364 1380 1376
f 1364 1376 1353
f 1381 1363 1362
f 1382 1383 1381
f 1382 1381 1362
f 1382 1362 1361
f 1382 1361 1384
f 1385 1383 1382
f 859 857 1381
f 859 1381 1383
f 863 1385 1378
f 863 1378 865
f 1383 1385 863
f 1383 863 859
f 857 856 1363
f 857 1363 1381
f 1386 1387 1384
f 1386 1384 1361
f 1386 1361 1360
f 1388 1389 1355
f 1388 1355 1358
f 1388 1358 1390
f 1340 1391 1346
f 1340 1346 1335
f 1392 1393 1304
f 1392 1304 1301
f 1385 1382 1384
f 1385 1384 1387
f 1385 1387 1393
f 1385 1393 1392
f 1385 1392 1379
f 1385 1379 1378
f 1373 1372 1377
f 1373 1377 1394
f 1373 1394 1395
f 1373 1395 1396
f 1373 1396 1339
f 1373 1339 1338
f 1397 1398 1399
f 1397 1399 1400
f 1397 1400 1396
f 1397 1396 1395
f 1340 1339 1396
f 1340 1396 1400
f 1340 1400 1401
f 1340 1401 1402
f 1340 1402 1391
f 1399 1403 1401
f 1399 1401 1400
f 1388 1390 1404
f 1388 1404 1403
f 1388 1403 1399
f 1388 1399 1398
f 1405 1406 1407
f 1405 1407 1408
f 1409 1394 1377
f 1409 1377 1376
f 1409 1376 1380
f 1379 1392 1409
f 1379 1409 1380
f 1408 1410 1389
f 1408 1389 1388
f 1408 1388 1398
f 1408 1398 1397
f 1408 1397 1405
f 1387 1386 1411
f 1387 1411 1407
f 1387 1407 1406
f 1387 1406 1412
f 1387 1412 1393
f 1357 1413 1414
f 1357 1414 1404
f 1357 1404 1390
f 1357 1390 1358
f 1350 1413 1357
f 1414 1403 1404
f 1415 1416 1417
f 1415 1417 1418
f 1410 1418 1417
f 1410 1417 1356
f 1410 1356 1355
f 1410 1355 1389
f 1359 1416 1415
f 1359 1415 1411
f 1359 1411 1386
f 1359 1386 1360
f 1417 1351 1356
f 1408 1418 1410
f 1352 1416 1359
f 1415 1407 1411
f 1416 1352 1351
f 1416 1351 1417
f 1418 1408 1407
f 1418 1407 1415
f 1419 1420 1347
f 1419 1347 1349
f 1401 1421 1402
f 1402 1421 1422
f 1402 1422 1343
f 1402 1343 1346
f 1402 1346 1391
f 1422 1344 1343
f 1414 1413 1422
f 1414 1422 1421
f 1413 1350 1344
f 1413 1344 1422
f 1421 1401 1403
f 1421 1403 1414
f 1375 1374 1420
f 1375 1420 1419
f 1354 1375 1419
f 1354 1419 1349
f 1374 1348 1347
f 1374 1347 1420
f 1289 1292 1395
f 1289 1395 1394
f 1300 1290 1289
f 1300 1289 1394
f 1300 1394 1409
f 1392 1301 1300
f 1392 1300 1409
f 1412 1406 1405
f 1412 1405 1397
f 1412 1397 1395
f 1412 1395 1292
f 1412 1292 1306
f 1304 1393 1412
f 1304 1412 1306
f 1423 1424 1425
f 1423 1425 1426
f 1281 1280 1427
f 1281 1427 1428
f 1424 1427 1429
f 1424 1429 1430
f 1431 1432 1433
f 1431 1433 1434
f 1431 1434 1435
f 1431 1435 1436
f 1437 1438 1439
f 1437 1439 1440
f 1437 1440 1441
f 1437 1441 1431
f 1437 1431 1436
f 1442 1443 1319
f 1442 1319 1318
f 1442 1318 1444
f 1445 1440 1439
f 1445 1439 1443
f 1445 1443 1442
f 1446 1447 1444
f 1446 1444 1318
f 1446 1318 1320
f 1446 1320 1448
f 1449 1450 1451
f 1449 1451 1276
f 1449 1276 1281
f 1449 1281 1428
f 1449 1428 1423
f 1449 1423 1426
f 1451 1450 1432
f 1451 1432 1431
f 1451 1431 1441
f 1451 1441 1452
f 1276 1451 1452
f 1276 1452 1453
f 1441 1440 1445
f 1441 1445 1447
f 1441 1447 1446
f 1441 1446 1452
f 1446 1448 1453
f 1446 1453 1452
f 1433 1432 1450
f 1433 1450 1449
f 1433 1449 1454
f 1455 1456 1457
f 1455 1457 1458
f 1455 1458 1459
f 1455 1459 1265
f 1455 1265 1264
f 1263 1266 1460
f 1263 1460 1461
f 1263 1461 1455
f 1263 1455 1264
f 1443 1439 1461
f 1443 1461 1462
f 1433 1454 1463
f 1433 1463 1464
f 1434 1433 1464
f 1434 1464 1465
f 1439 1438 1466
f 1439 1466 1461
f 1467 1468 1465
f 1467 1465 1464
f 1467 1464 1457
f 1467 1457 1456
f 1455 1461 1466
f 1455 1466 1469
f 1455 1469 1467
f 1455 1467 1456
f 1470 1471 1167
f 1470 1167 1168
f 1163 1162 1472
f 1163 1472 1473
f 1466 1438 1437
f 1466 1437 1473
f 1466 1473 1472
f 1466 1472 1469
f 1470 1168 1163
f 1470 1163 1473
f 1167 1471 1472
f 1167 1472 1162
f 1467 1469 1472
f 1467 1472 1471
f 1467 1471 1468
f 1436 1435 1470
f 1436 1470 1473
f 1436 1473 1437
f 1465 1468 1471
f 1465 1471 1470
f 1465 1470 1435
f 1465 1435 1434
f 1457 1464 1463
f 1457 1463 1474
f 1457 1474 1475
f 1474 1425 1424
f 1474 1424 1476
f 1474 1476 1475
f 1477 1427 1280
f 1477 1280 1279
f 1278 1478 1479
f 1278 1479 1477
f 1278 1477 1279
f 1315 1480 1481
f 1315 1481 1316
f 1480 1315 1314
f 1480 1314 1462
f 1480 1462 1461
f 1480 1482 1483
f 1480 1483 1484
f 1480 1484 1481
f 1483 1482 1460
f 1483 1460 1485
f 1486 1484 1483
f 1486 1483 1485
f 1485 1460 1266
f 1485 1266 1487
f 1488 1489 1486
f 1488 1486 1485
f 1488 1485 1487
f 1490 1491 1492
f 1490 1492 1493
f 1490 1493 1494
f 1489 1488 1490
f 1489 1490 1494
f 1459 1495 1496
f 1459 1496 1497
f 1459 1497 1265
f 1495 1459 1458
f 1495 1458 1498
f 1495 1498 1499
f 1496 1495 1499
f 1496 1499 1430
f 1496 1430 1429
f 1138 1265 1497
f 1138 1497 1141
f 1142 1141 1497
f 1142 1497 1500
f 1142 1500 1492
f 1142 1492 1491
f 1490 1488 1144
f 1490 1144 1143
f 1490 1143 1142
f 1490 1142 1491
f 1488 1487 1266
f 1488 1266 1140
f 1488 1140 1144
f 1492 1479 1478
f 1492 1478 1493
f 1461 1460 1482
f 1461 1482 1480
f 1499 1476 1424
f 1499 1424 1430
f 1475 1476 1499
f 1475 1499 1498
f 1458 1457 1475
f 1458 1475 1498
f 1500 1497 1496
f 1500 1496 1429
f 1500 1429 1427
f 1500 1427 1477
f 1479 1492 1500
f 1479 1500 1477
f 1445 1501 1502
f 1445 1502 1447
f 1447 1502 1503
f 1447 1503 1444
f 1444 1503 1504
f 1444 1504 1442
f 1462 1314 1313
f 1462 1313 1319
f 1462 1319 1443
f 1442 1504 1501
f 1442 1501 1445
f 1503 1502 1501
f 1503 1501 1504
f 1474 1449 1426
f 1474 1426 1425
f 1463 1454 1449
f 1463 1449 1474
f 408 412 414
f 408 414 1505
f 408 1505 1506
f 1507 1508 409
f 1507 409 408
f 1507 408 1506
f 1507 1509 1510
f 1507 1510 1508
f 1508 1510 1217
f 1508 1217 410
f 1508 410 409
f 1511 1159 1217
f 1511 1217 1510
f 1511 1510 1509
f 1511 1509 1512
f 1312 1311 1509
f 1312 1509 1507
f 1311 1310 1512
f 1311 1512 1509
f 1216 1311 1509
f 1216 1509 1510
f 1216 1510 1217
f 1311 1216 1217
f 1311 1217 1510
f 1311 1510 1509
f 1310 1309 1511
f 1310 1511 1512
f 1309 1156 1159
f 1309 1159 1511
f 1321 1312 1507
f 1321 1507 1506
f 1321 1506 1505
f 1513 1514 1515
f 1513 1515 1516
f 1517 1515 1518
f 1517 1518 1519
f 1520 1517 1273
f 1520 1273 1275
f 1516 1515 1424
f 1516 1424 1423
f 1428 1427 1517
f 1428 1517 1520
f 1427 1424 1515
f 1427 1515 1517
f 1428 1520 1516
f 1428 1516 1423
f 1514 1513 1153
f 1514 1153 1152
f 1521 1515 1514
f 1521 1514 1152
f 1521 1152 1151
f 1269 1272 1273
f 1269 1273 1517
f 1269 1517 1522
f 1269 1522 1150
f 1269 1150 1155
f 1150 1522 1521
f 1150 1521 1151
f 1521 1522 1523
f 1521 1523 1524
f 1517 1519 1523
f 1517 1523 1522
f 1518 1515 1521
f 1518 1521 1524
f 1519 1518 1524
f 1519 1524 1523
f 1516 1520 1275
f 1516 1275 1274
f 1516 1274 1270
f 1516 1270 1154
f 1516 1154 1153
f 1516 1153 1513
f 1525 1526 1527
f 1525 1527 1528
f 1525 1528 1529
f 1530 1525 1529
f 1530 1529 1531
f 1530 1531 1532
f 1533 1534 1535
f 1533 1535 1526
f 1533 1526 1525
f 1533 1525 1530
f 1533 1530 1536
f 1537 1538 1535
f 1537 1535 1534
f 1537 1534 1539
f 1537 1539 1540
f 1537 1540 1541
f 487 488 490
f 487 490 1542
f 487 1542 1543
f 487 1543 1544
f 486 485 487
f 486 487 1544
f 486 1544 1545
f 486 1545 1546
f 486 1546 1547
f 486 1547 1548
f 422 421 486
f 422 486 1548
f 422 1548 1549
f 422 1549 1550
f 422 1550 1551
f 1552 423 422
f 1552 422 1551
f 1530 1532 1553
f 1530 1553 1552
f 1530 1552 1551
f 1530 1551 1550
f 1530 1550 1536
f 1539 1534 1533
f 1539 1533 1554
f 1539 1554 1555
f 1539 1555 1556
f 1557 1558 1559
f 1557 1559 1556
f 1557 1556 1555
f 1557 1555 1560
f 1561 1554 1533
f 1561 1533 1536
f 1561 1536 1550
f 1561 1550 1549
f 1560 1555 1554
f 1560 1554 1561
f 1560 1561 1562
f 1560 1562 1563
f 1560 1563 1564
f 1560 1564 1565
f 1560 1565 1557
f 1566 1567 1565
f 1566 1565 1564
f 1566 1564 1568
f 1569 1570 1563
f 1569 1563 1562
f 1569 1562 1545
f 1569 1545 1544
f 1569 1544 1543
f 1568 1564 1563
f 1568 1563 1570
f 1568 1570 1571
f 1572 1573 1574
f 1572 1574 1571
f 1572 1571 1570
f 1572 1570 1569
f 1572 1569 1575
f 1569 1543 1542
f 1569 1542 1575
f 1576 1577 1578
f 1576 1578 1579
f 1576 1579 1578
f 1576 1578 1577
f 1580 1579 1576
f 1580 1576 1581
f 1580 1581 1582
f 1580 1582 1583
f 1581 1576 1579
f 1581 1579 1580
f 1581 1580 1583
f 1581 1583 1582
f 1543 1544 1545
f 1543 1545 1584
f 1543 1584 1585
f 1543 1585 1586
f 1543 1586 1580
f 1543 1580 1583
f 1543 1583 1542
f 1586 1585 1584
f 1586 1584 1545
f 1586 1545 1544
f 1586 1544 1543
f 1586 1543 1542
f 1586 1542 1583
f 1586 1583 1580
f 1587 1588 1546
f 1587 1546 1545
f 1587 1545 1584
f 1548 1547 1589
f 1548 1589 1590
f 1548 1590 1591
f 1548 1591 1549
f 1591 1549 1550
f 1591 1550 1592
f 1550 1549 1591
f 1550 1591 1592
f 1588 1593 1594
f 1588 1594 1595
f 1588 1595 1596
f 1588 1596 1589
f 1588 1589 1547
f 1588 1547 1546
f 1597 1598 1585
f 1597 1585 1584
f 1597 1584 1587
f 1585 1598 1597
f 1585 1597 1587
f 1585 1587 1584
f 770 773 774
f 770 774 1599
f 770 1599 1600
f 770 1600 1601
f 770 1601 1578
f 770 1578 1577
f 770 1577 769
f 1601 1600 1599
f 1601 1599 774
f 1601 774 773
f 1601 773 770
f 1601 770 769
f 1601 769 1577
f 1601 1577 1578
f 1602 1603 1604
f 1602 1604 1605
f 1602 1605 1601
f 1602 1601 1578
f 1602 1578 1579
f 1602 1579 1580
f 1602 1580 1586
f 1601 1605 1604
f 1601 1604 1603
f 1601 1603 1602
f 1601 1602 1586
f 1601 1586 1580
f 1601 1580 1579
f 1601 1579 1578
f 1606 1604 1603
f 1606 1603 1607
f 1604 1606 1607
f 1604 1607 1603
f 1608 1609 1598
f 1608 1598 1585
f 1608 1585 1586
f 1608 1586 1602
f 1585 1598 1609
f 1585 1609 1608
f 1585 1608 1602
f 1585 1602 1586
f 1610 1611 1606
f 1610 1606 1607
f 1610 1607 1608
f 1610 1608 1609
f 1607 1606 1611
f 1607 1611 1610
f 1607 1610 1609
f 1607 1609 1608
f 1612 1613 1594
f 1612 1594 1593
f 1612 1593 1614
f 1612 1614 1615
f 1616 1617 1618
f 1616 1618 1619
f 1616 1619 1620
f 1616 1620 1612
f 1616 1612 1615
f 1618 1621 1622
f 1618 1622 1623
f 1618 1623 1619
f 1612 1620 1624
f 1612 1624 1625
f 1612 1625 1626
f 1612 1626 1613
f 1599 1627 1628
f 1599 1628 1600
f 1627 1599 1600
f 1627 1600 1628
f 1629 1630 1631
f 1632 1633 1634
f 1632 1634 1635
f 1632 1635 1636
f 1632 1636 1637
f 1618 1617 1638
f 1618 1638 1639
f 1618 1639 1640
f 1618 1640 1641
f 1618 1641 1621
f 1642 1590 1589
f 1642 1589 1596
f 1642 1596 1643
f 1644 1642 1643
f 1644 1643 1645
f 1644 1645 1646
f 1647 1648 1644
f 1647 1644 1646
f 1647 1646 1649
f 1647 1649 1650
f 1651 1652 1653
f 1651 1653 1647
f 1651 1647 1650
f 1642 1644 1648
f 1642 1648 1647
f 1642 1647 1653
f 1642 1653 1654
f 1642 1654 1655
f 1642 1655 1656
f 1642 1656 1657
f 1642 1657 1658
f 1642 1658 1592
f 1642 1592 1591
f 1642 1591 1590
f 1658 1657 1656
f 1658 1656 1655
f 1658 1655 1654
f 1658 1654 1653
f 1658 1653 1647
f 1658 1647 1648
f 1658 1648 1644
f 1658 1644 1642
f 1658 1642 1590
f 1658 1590 1591
f 1658 1591 1592
f 1628 1627 1659
f 1628 1659 1660
f 1628 1660 1661
f 1628 1661 1630
f 1628 1630 1629
f 1628 1629 1662
f 1628 1662 1611
f 1628 1611 1606
f 1628 1606 1604
f 1628 1604 1605
f 1662 1629 1630
f 1662 1630 1661
f 1662 1661 1660
f 1662 1660 1659
f 1662 1659 1627
f 1662 1627 1628
f 1662 1628 1605
f 1662 1605 1604
f 1662 1604 1606
f 1662 1606 1611
f 1614 1593 1588
f 1614 1588 1587
f 1614 1587 1597
f 1616 1615 1614
f 1616 1614 1597
f 1616 1597 1598
f 1616 1598 1609
f 1616 1609 1610
f 1638 1617 1616
f 1638 1616 1610
f 1638 1610 1611
f 1638 1611 1662
f 1629 1631 1634
f 1629 1634 1633
f 1629 1633 1639
f 1629 1639 1638
f 1629 1638 1662
f 1645 1643 1596
f 1645 1596 1595
f 1645 1595 1626
f 1645 1626 1625
f 1649 1646 1645
f 1649 1645 1625
f 1649 1625 1624
f 1649 1624 1623
f 1649 1623 1622
f 1621 1641 1637
f 1621 1637 1636
f 1621 1636 1651
f 1621 1651 1650
f 1621 1650 1649
f 1621 1649 1622
f 1639 1633 1632
f 1639 1632 1640
f 1654 1653 1652
f 1663 1661 1630
f 1654 1655 1664
f 1592 1550 1551
f 1592 1551 1552
f 1592 1552 1665
f 1592 1665 1666
f 1592 1666 1667
f 1592 1667 1668
f 1592 1668 1658
f 1552 1551 1550
f 1552 1550 1592
f 1552 1592 1658
f 1552 1658 1668
f 1552 1668 1667
f 1552 1667 1666
f 1552 1666 1665
f 1669 1670 1671
f 1669 1671 1672
f 1669 1672 1657
f 1669 1657 1658
f 1669 1658 1668
f 1657 1672 1671
f 1657 1671 1670
f 1657 1670 1669
f 1657 1669 1668
f 1657 1668 1658
f 1656 1673 1674
f 1656 1674 1675
f 1656 1675 1298
f 1656 1298 1299
f 1656 1299 1288
f 1656 1288 1282
f 1656 1282 1676
f 1656 1676 1677
f 1656 1677 1678
f 1656 1678 1672
f 1656 1672 1657
f 1288 1299 1298
f 1288 1298 1675
f 1288 1675 1674
f 1288 1674 1673
f 1288 1673 1656
f 1288 1656 1657
f 1288 1657 1672
f 1288 1672 1678
f 1288 1678 1677
f 1288 1677 1676
f 1288 1676 1282
f 1679 1680 1681
f 1679 1681 1682
f 1494 1493 1683
f 1494 1683 1684
f 1685 1686 1484
f 1685 1484 1486
f 1685 1486 1489
f 1685 1489 1494
f 1685 1494 1684
f 1687 1688 1689
f 1690 1689 1688
f 1690 1688 1691
f 1690 1691 1692
f 1690 1692 1693
f 1694 1687 1689
f 1694 1689 1690
f 1694 1690 1695
f 1694 1695 1696
f 1694 1696 1697
f 1696 1695 1698
f 1696 1698 1699
f 1696 1699 1573
f 1696 1573 1572
f 964 1700 1701
f 964 1701 758
f 964 758 757
f 1702 1698 1695
f 1702 1695 1690
f 1702 1690 1693
f 1702 1693 1703
f 1702 1703 1704
f 1702 1704 1705
f 1706 1707 1708
f 1706 1708 1709
f 1706 1709 782
f 1706 782 778
f 1706 778 777
f 1710 1711 1558
f 1710 1558 1557
f 1710 1557 1565
f 1710 1565 1567
f 1710 1567 1712
f 1710 1712 1713
f 1710 1713 1714
f 1715 1716 1717
f 1715 1717 1718
f 1715 1718 1710
f 1715 1710 1714
f 1719 1720 1721
f 1719 1721 1722
f 1719 1722 1723
f 1724 1725 1719
f 1724 1719 1723
f 1724 1723 1726
f 1727 1728 1724
f 1727 1724 1726
f 1700 1729 1730
f 1700 1730 1731
f 1700 1731 1732
f 1700 1732 1733
f 1700 1733 1701
f 1734 1735 1736
f 1734 1736 1737
f 964 910 1729
f 964 1729 1700
f 1738 1739 1740
f 1738 1740 1741
f 1738 1741 1742
f 948 1743 1744
f 948 1744 1745
f 948 1745 949
f 946 1739 1738
f 946 1738 1746
f 946 1746 882
f 1747 1748 1749
f 1747 1749 1531
f 1747 1531 1529
f 1747 1529 1528
f 1747 1528 1750
f 1751 1752 1537
f 1751 1537 1541
f 1751 1541 1753
f 1751 1753 1754
f 1720 1755 1756
f 1720 1756 1757
f 1720 1757 1721
f 1758 1759 1747
f 1758 1747 1750
f 1760 1761 1762
f 1760 1762 1759
f 1760 1759 1758
f 1749 1748 1762
f 1749 1762 1761
f 1749 1761 1763
f 1719 1725 1764
f 1719 1764 1765
f 1719 1765 1766
f 1719 1766 1767
f 1719 1767 1755
f 1719 1755 1720
f 1766 1768 1769
f 1766 1769 1770
f 1766 1770 1771
f 1766 1771 1772
f 1766 1772 1773
f 1766 1773 1774
f 1766 1774 1775
f 1766 1775 1776
f 1766 1776 1777
f 1766 1777 1778
f 1766 1778 1767
f 1773 1779 1780
f 1773 1780 1774
f 1724 1728 1781
f 1724 1781 1782
f 1724 1782 1764
f 1724 1764 1725
f 1783 1784 1785
f 1783 1785 1786
f 1783 1786 1787
f 1783 1787 1788
f 1789 1790 1791
f 1789 1791 1783
f 1789 1783 1788
f 1744 1792 1793
f 1744 1793 1794
f 1744 1794 1795
f 1744 1795 1796
f 1744 1796 1745
f 1797 1798 1799
f 1797 1799 1800
f 1797 1800 1791
f 1797 1791 1790
f 1801 1802 1785
f 1801 1785 1784
f 1801 1784 1800
f 1801 1800 1799
f 1798 1803 1801
f 1798 1801 1799
f 1307 1291 1294
f 1307 1294 1804
f 1307 1804 1805
f 1806 1302 1305
f 1806 1305 1308
f 1806 1308 1307
f 1806 1307 1805
f 1807 1808 1680
f 1807 1680 1679
f 1316 1809 1779
f 1316 1779 1317
f 1810 1478 1278
f 1810 1278 1811
f 1810 1811 1812
f 1813 1810 1812
f 1813 1812 1814
f 1813 1814 1815
f 1816 1817 1813
f 1816 1813 1815
f 1481 1817 1816
f 1481 1816 1809
f 1481 1809 1316
f 1484 1686 1817
f 1484 1817 1481
f 1685 1684 1683
f 1685 1683 1810
f 1685 1810 1813
f 1817 1686 1685
f 1817 1685 1813
f 1493 1478 1810
f 1493 1810 1683
f 1814 1812 1811
f 1814 1811 1818
f 1814 1818 1780
f 1779 1809 1816
f 1779 1816 1815
f 1779 1815 1814
f 1779 1814 1780
f 1278 1277 1818
f 1278 1818 1811
f 1819 1820 1682
f 1819 1682 1681
f 1680 1808 1819
f 1680 1819 1681
f 1807 1679 1682
f 1807 1682 1820
f 1821 1692 1691
f 1821 1691 1822
f 1821 1822 1823
f 1789 1788 1787
f 1789 1787 1824
f 1789 1824 1825
f 1789 1825 1826
f 1789 1826 1827
f 1828 1829 1797
f 1828 1797 1790
f 1828 1790 1789
f 1828 1789 1827
f 1828 1830 1829
f 1831 1825 1824
f 1832 1833 1834
f 1832 1834 1835
f 1836 1837 1838
f 1836 1838 1760
f 1836 1760 1758
f 1836 1758 1750
f 1836 1750 1528
f 1836 1528 1527
f 1837 1839 1838
f 1526 1836 1527
f 1831 1840 1841
f 1831 1841 1293
f 1831 1293 1284
f 1831 1284 1283
f 1831 1283 1842
f 1283 1282 1676
f 1283 1676 1677
f 1283 1677 1842
f 1293 1841 1843
f 1293 1843 1804
f 1293 1804 1294
f 1844 1840 1831
f 1844 1831 1824
f 1844 1824 1787
f 1844 1787 1786
f 1302 1806 1845
f 1302 1845 1846
f 1302 1846 1303
f 1296 1303 1846
f 1296 1846 1847
f 1296 1847 1830
f 1296 1830 1848
f 1296 1848 1297
f 1848 1674 1675
f 1848 1675 1298
f 1848 1298 1297
f 1849 1803 1798
f 1849 1798 1797
f 1849 1797 1829
f 1849 1829 1830
f 1849 1830 1847
f 1850 1851 1852
f 1850 1852 1853
f 1850 1853 1854
f 1850 1854 1855
f 1856 1857 1850
f 1856 1850 1855
f 1854 1853 1844
f 1854 1844 1786
f 1854 1786 1785
f 1854 1785 1802
f 1801 1803 1849
f 1801 1849 1856
f 1801 1856 1855
f 1801 1855 1854
f 1801 1854 1802
f 1805 1804 1843
f 1805 1843 1852
f 1805 1852 1851
f 1850 1857 1845
f 1850 1845 1806
f 1850 1806 1805
f 1850 1805 1851
f 1858 1859 1784
f 1858 1784 1783
f 1860 1861 1791
f 1860 1791 1800
f 1860 1800 1784
f 1860 1784 1859
f 1791 1861 1858
f 1791 1858 1783
f 1861 1860 1859
f 1861 1859 1858
f 1853 1840 1844
f 1847 1856 1849
f 1841 1852 1843
f 1857 1846 1845
f 1852 1841 1840
f 1852 1840 1853
f 1856 1847 1846
f 1856 1846 1857
f 1862 1771 1770
f 1862 1770 1863
f 1862 1863 1864
f 1865 1773 1772
f 1865 1772 1866
f 1865 1866 1867
f 1866 1772 1771
f 1866 1771 1862
f 1866 1862 1868
f 1863 1770 1769
f 1863 1769 1832
f 1863 1832 1869
f 1317 1779 1773
f 1317 1773 1865
f 1317 1865 1320
f 1870 1865 1867
f 1870 1867 1871
f 1870 1871 1872
f 1532 1531 1749
f 1532 1749 1763
f 1532 1763 1873
f 1532 1873 1874
f 1532 1874 1553
f 1874 1875 1665
f 1874 1665 1552
f 1874 1552 1553
f 1320 1865 1870
f 1320 1870 1876
f 1320 1876 1448
f 1276 1453 1877
f 1276 1877 1878
f 1453 1448 1876
f 1453 1876 1879
f 1453 1879 1877
f 1870 1872 1879
f 1870 1879 1876
f 1774 1780 1879
f 1774 1879 1872
f 1818 1878 1877
f 1818 1877 1879
f 1818 1879 1780
f 1277 1276 1878
f 1277 1878 1818
f 1880 1881 1759
f 1880 1759 1762
f 1775 1882 1883
f 1775 1883 1884
f 1775 1884 1776
f 1882 1775 1774
f 1882 1774 1872
f 1882 1872 1871
f 1882 1871 1885
f 1777 1776 1884
f 1777 1884 1886
f 1777 1886 1887
f 1777 1887 1835
f 1882 1885 1888
f 1882 1888 1889
f 1882 1889 1883
f 1883 1889 1890
f 1883 1890 1886
f 1883 1886 1884
f 1867 1866 1885
f 1867 1885 1871
f 1862 1864 1890
f 1862 1890 1889
f 1866 1868 1888
f 1866 1888 1885
f 1868 1862 1889
f 1868 1889 1888
f 1863 1869 1887
f 1863 1887 1886
f 1864 1863 1886
f 1864 1886 1890
f 1869 1832 1835
f 1869 1835 1887
f 1763 1761 1760
f 1763 1760 1838
f 1763 1838 1839
f 1763 1839 1873
f 1874 1873 1839
f 1874 1839 1891
f 1874 1891 1875
f 1891 1666 1665
f 1891 1665 1875
f 1881 1880 1892
f 1881 1892 1893
f 1893 1892 1748
f 1893 1748 1747
f 1892 1880 1762
f 1892 1762 1748
f 1759 1881 1893
f 1759 1893 1747
f 1688 1687 1894
f 1688 1894 1895
f 1688 1895 1896
f 1897 1539 1556
f 1897 1556 1898
f 1836 1526 1535
f 1836 1535 1899
f 1900 1901 1902
f 1900 1902 1591
f 1900 1591 1590
f 1903 1904 1905
f 1903 1905 1906
f 1903 1906 1907
f 1908 1903 1907
f 1908 1907 1587
f 1908 1587 1584
f 1909 1910 1901
f 1909 1901 1900
f 1909 1900 1911
f 1909 1905 1904
f 1909 1904 1910
f 1912 1913 1914
f 1751 1915 1899
f 1751 1899 1752
f 1914 1913 1916
f 1914 1916 1757
f 1914 1757 1756
f 1917 1918 1919
f 1781 1920 1917
f 1781 1917 1919
f 1781 1919 1782
f 1921 1922 1923
f 1793 1923 1922
f 1793 1922 1924
f 1793 1924 1794
f 1925 1918 1831
f 1925 1831 1842
f 1925 1842 1926
f 1842 1677 1678
f 1842 1678 1926
f 1830 1921 1927
f 1830 1927 1848
f 1927 1673 1674
f 1927 1674 1848
f 1825 1917 1920
f 1825 1920 1826
f 1827 1826 1920
f 1827 1920 1924
f 1922 1828 1827
f 1922 1827 1924
f 1825 1831 1918
f 1825 1918 1917
f 1922 1921 1830
f 1922 1830 1828
f 1832 1769 1768
f 1832 1768 1928
f 1832 1928 1833
f 1778 1777 1835
f 1778 1835 1834
f 1778 1834 1929
f 1834 1833 1928
f 1834 1928 1929
f 1915 1916 1913
f 1915 1913 1837
f 1915 1837 1836
f 1915 1836 1899
f 1839 1912 1930
f 1839 1930 1931
f 1839 1931 1891
f 1931 1667 1666
f 1931 1666 1891
f 1913 1912 1839
f 1913 1839 1837
f 1577 769 768
f 1577 768 1932
f 1577 1932 1933
f 1577 1933 1934
f 1577 1934 1935
f 1577 1935 1576
f 1936 1937 785
f 1936 785 784
f 760 1938 1939
f 760 1939 764
f 1602 1940 1941
f 1602 1941 1603
f 1942 1943 1944
f 1942 1944 1820
f 1942 1820 1819
f 1715 1714 1713
f 1715 1713 1945
f 1715 1945 1946
f 1947 1716 1715
f 1947 1715 1946
f 1948 1949 1950
f 1951 1952 1948
f 1951 1948 1950
f 1951 1950 1736
f 1951 1736 1735
f 1953 1807 1820
f 1953 1820 1944
f 1954 1920 1781
f 1954 1781 1728
f 1954 1728 1727
f 1954 1727 1955
f 945 1956 1740
f 945 1740 1739
f 945 1739 946
f 1957 1629 1662
f 1957 1662 1611
f 1957 1611 1958
f 1744 1743 1959
f 1744 1959 1960
f 1959 1961 1664
f 1959 1664 1655
f 1959 1655 1960
f 1743 948 953
f 1743 953 889
f 1743 889 888
f 1743 888 1959
f 888 891 914
f 888 914 1961
f 888 1961 1959
f 1794 1924 1962
f 1794 1962 1795
f 1963 1792 1744
f 1963 1744 1960
f 1963 1960 1964
f 1960 1655 1656
f 1960 1656 1965
f 1960 1965 1964
f 1923 1793 1792
f 1923 1792 1963
f 1923 1963 1921
f 1921 1963 1964
f 1921 1964 1965
f 1921 1965 1927
f 1965 1656 1673
f 1965 1673 1927
f 1920 1954 1962
f 1920 1962 1924
f 951 1966 1956
f 951 1956 945
f 1954 1955 1953
f 1954 1953 1956
f 1954 1956 1966
f 1954 1966 1962
f 1962 1966 1796
f 1962 1796 1795
f 949 1745 1796
f 949 1796 1966
f 949 1966 951
f 1967 1968 1969
f 1967 1969 1970
f 1967 1970 1971
f 1972 1973 1967
f 1972 1967 1971
f 1972 1971 1974
f 1972 1975 1973
f 1976 1957 1958
f 1976 1958 1970
f 1976 1970 1969
f 1968 962 961
f 1968 961 1976
f 1968 1976 1969
f 1967 1973 1975
f 1967 1975 1961
f 1967 1961 914
f 1967 914 913
f 1967 913 962
f 1967 962 1968
f 1647 1653 1972
f 1647 1972 1974
f 1647 1974 1648
f 1654 1664 1961
f 1654 1961 1975
f 1654 1975 1972
f 1654 1972 1653
f 1740 1956 1977
f 1740 1977 1741
f 1978 1951 1735
f 1978 1735 1734
f 1746 1738 1979
f 1746 1979 1980
f 1746 1980 1981
f 1980 1982 1661
f 1980 1661 1663
f 1980 1663 1983
f 1980 1983 1981
f 882 1746 1981
f 882 1981 883
f 1981 1983 917
f 1981 917 885
f 1981 885 883
f 1976 961 915
f 1976 915 917
f 1976 917 1983
f 1976 1983 1957
f 1983 1663 1630
f 1983 1630 1629
f 1983 1629 1957
f 1660 1661 1982
f 1660 1982 1984
f 1660 1984 1659
f 1950 1949 1985
f 1950 1985 1986
f 1950 1986 1737
f 1950 1737 1736
f 1979 1738 1742
f 1979 1742 1987
f 1979 1987 1988
f 1982 1980 1979
f 1982 1979 1988
f 1982 1988 1985
f 1982 1985 1949
f 1982 1949 1989
f 1982 1989 1984
f 1978 1990 1991
f 1978 1991 1977
f 1986 1990 1978
f 1986 1978 1734
f 1986 1734 1737
f 1977 1991 1987
f 1977 1987 1742
f 1977 1742 1741
f 1985 1990 1986
f 1991 1988 1987
f 1990 1985 1988
f 1990 1988 1991
f 1953 1944 1951
f 1953 1951 1978
f 1953 1978 1977
f 1953 1977 1956
f 1992 1993 1994
f 1995 1996 1997
f 1995 1997 1998
f 1999 2000 2001
f 1999 2001 2002
f 1999 2002 2003
f 1999 2003 2004
f 2003 1995 1998
f 2003 1998 2005
f 2003 2005 2004
f 1928 2006 2007
f 1928 2007 2002
f 1928 2002 2001
f 1928 2001 1929
f 2007 2008 1996
f 2007 1996 1995
f 2007 1995 2003
f 2007 2003 2002
f 2007 2006 2009
f 2007 2009 2010
f 2007 2010 2011
f 2007 2011 2008
f 2011 1993 1992
f 2011 1992 1997
f 2011 1997 1996
f 2011 1996 2008
f 1953 2012 2013
f 1953 2013 1808
f 1953 1808 1807
f 2014 1898 1711
f 2014 1711 1710
f 2014 1710 1718
f 1717 2015 2014
f 1717 2014 1718
f 1897 2016 1754
f 1897 1754 1753
f 1723 1722 2017
f 1723 2017 2018
f 1723 2018 2019
f 1726 1723 2019
f 1726 2019 2020
f 1726 2020 2021
f 1955 1727 1726
f 1955 1726 2021
f 1768 1766 2006
f 1768 2006 1928
f 2022 1918 1925
f 2022 1925 2023
f 1919 1918 2022
f 1919 2022 1764
f 1919 1764 1782
f 1766 1765 2009
f 1766 2009 2006
f 1765 1764 2022
f 1765 2022 2023
f 1765 2023 2009
f 1912 1914 1756
f 1912 1756 1755
f 1912 1755 2000
f 1912 2000 1930
f 1755 1767 2001
f 1755 2001 2000
f 1767 1778 1929
f 1767 1929 2001
f 1721 1757 1916
f 1721 1916 2017
f 1721 2017 1722
f 1915 1751 1754
f 1915 1754 2016
f 1916 1915 2016
f 1916 2016 2017
f 2018 2017 2016
f 2018 2016 1897
f 2018 1897 1898
f 2018 1898 2014
f 2020 2019 2018
f 2020 2018 2014
f 2020 2014 2015
f 2020 2015 2013
f 2020 2013 2012
f 1953 1955 2021
f 1953 2021 2020
f 1953 2020 2012
f 2015 1717 1716
f 2015 1716 1947
f 1808 2013 1942
f 1808 1942 1819
f 2013 2015 1947
f 2013 1947 1942
f 1668 2024 2025
f 1668 2025 1669
f 2026 2027 1670
f 2026 1670 1669
f 2026 1669 2025
f 2027 2028 1671
f 2027 1671 1670
f 2023 1672 1671
f 2023 1671 2028
f 2023 2028 2009
f 2000 2024 1668
f 2000 1668 1667
f 2000 1667 1931
f 2000 1931 1930
f 1925 1926 1678
f 1925 1678 1672
f 1925 1672 2023
f 2029 2028 2027
f 2029 2027 2030
f 2029 2030 2031
f 2030 2032 2033
f 2030 2033 2034
f 2030 2034 2035
f 2030 2035 2036
f 2030 2036 2031
f 2026 2025 2037
f 2026 2037 2038
f 2037 2039 1940
f 2037 1940 2040
f 2037 2040 2038
f 2027 2026 2038
f 2027 2038 2030
f 2038 2040 2041
f 2038 2041 2032
f 2038 2032 2030
f 2025 2024 2042
f 2025 2042 2043
f 2025 2043 2037
f 2043 2044 2039
f 2043 2039 2037
f 2033 2045 2034
f 1941 2045 2033
f 1941 2033 2032
f 1941 2032 2041
f 2036 2035 2046
f 2029 2031 2036
f 2029 2036 1993
f 2029 1993 2011
f 2029 2011 2010
f 2009 2028 2029
f 2009 2029 2010
f 1993 2036 2046
f 1993 2046 1994
f 1999 2004 2005
f 1999 2005 2044
f 1999 2044 2043
f 1999 2043 2042
f 2024 2000 1999
f 2024 1999 2042
f 1597 1587 1907
f 1597 1907 2047
f 1610 1609 1598
f 1610 1598 1597
f 1610 1597 2047
f 1610 2047 2048
f 1611 1610 2048
f 1611 2048 1958
f 2049 1900 1590
f 2049 1590 1642
f 2050 2049 1642
f 2050 1642 1644
f 1974 2050 1644
f 1974 1644 1648
f 2047 1907 1906
f 2047 1906 2051
f 2048 2047 2051
f 2048 2051 2052
f 1958 2048 2052
f 1958 2052 1970
f 2053 1911 1900
f 2053 1900 2049
f 2054 2053 2049
f 2054 2049 2050
f 1971 2054 2050
f 1971 2050 1974
f 2051 1906 1911
f 2051 1911 2053
f 2052 2051 2053
f 2052 2053 2054
f 1970 2052 2054
f 1970 2054 1971
f 1940 1602 1608
f 1940 1608 2040
f 1603 1941 2041
f 1603 2041 1607
f 1607 2041 2040
f 1607 2040 1608
f 1998 2055 2056
f 1998 2056 2057
f 1998 2057 2058
f 1998 2058 2005
f 2059 2060 2061
f 2059 2061 2062
f 2059 2062 2063
f 2059 2063 2064
f 963 2065 2059
f 963 2059 2064
f 963 2064 2066
f 963 2066 909
f 2064 2063 2067
f 2064 2067 2068
f 2069 2066 2064
f 2069 2064 2068
f 1997 2070 2071
f 1997 2071 2072
f 1997 2072 2073
f 1997 2073 2055
f 1997 2055 1998
f 2070 2062 2061
f 2070 2061 2071
f 2070 1997 1992
f 2070 1992 1994
f 2070 1994 2067
f 2070 2067 2063
f 2070 2063 2062
f 781 780 786
f 781 786 2072
f 781 2072 2071
f 781 2071 2061
f 781 2061 2060
f 762 761 765
f 762 765 781
f 762 781 2060
f 762 2060 2059
f 762 2059 2065
f 763 762 2065
f 763 2065 963
f 2073 2072 786
f 2073 786 2074
f 2075 2056 2055
f 2075 2055 2076
f 2075 2076 2077
f 2055 2073 2074
f 2055 2074 2076
f 2056 2075 2057
f 2058 2057 2075
f 2058 2075 2077
f 2058 2077 1894
f 1949 2078 2079
f 1949 2079 2069
f 1949 2069 1989
f 2079 1730 1729
f 2079 1729 2066
f 2079 2066 2069
f 2079 2078 2080
f 2079 2080 1731
f 2079 1731 1730
f 2066 1729 910
f 2066 910 909
f 2081 2082 2083
f 2081 2083 1699
f 2081 1699 1698
f 2081 1698 1702
f 1705 2084 2081
f 1705 2081 1702
f 2085 2086 2087
f 2085 2087 1708
f 2085 1708 1707
f 2078 2088 2080
f 2080 2088 2089
f 2080 2089 2090
f 2080 2090 1732
f 2080 1732 1731
f 1946 1945 2083
f 1946 2083 2082
f 1943 1942 1947
f 1943 1947 1946
f 1943 1946 2082
f 1943 2082 2081
f 1943 2081 2084
f 1943 2084 2087
f 1943 2087 2086
f 1952 1951 1944
f 1952 1944 1943
f 1952 1943 2086
f 1952 2086 2085
f 1952 2085 2090
f 1952 2090 2089
f 2088 1948 1952
f 2088 1952 2089
f 2088 2078 1949
f 2088 1949 1948
f 1708 2087 1936
f 1708 1936 1709
f 2085 1707 1706
f 2085 1706 1939
f 1732 2090 1938
f 1732 1938 1733
f 2090 2085 1939
f 2090 1939 1938
f 2084 1705 1704
f 2084 1704 1937
f 2087 2084 1937
f 2087 1937 1936
f 2069 2091 2092
f 2069 2092 1984
f 2069 1984 1989
f 2092 2091 2093
f 2092 2093 2094
f 2092 2094 2095
f 1984 2092 2095
f 1984 2095 1599
f 1984 1599 1627
f 1984 1627 1659
f 775 774 1599
f 775 1599 2095
f 775 2095 2094
f 2096 2097 2098
f 2096 2098 2099
f 2096 2099 2100
f 2096 2100 1933
f 2096 1933 1932
f 2100 2099 2101
f 2100 2101 2102
f 2100 2102 1934
f 2100 1934 1933
f 2103 2096 1932
f 2103 1932 768
f 2103 768 767
f 2104 2105 2103
f 2104 2103 767
f 2104 767 766
f 2104 766 772
f 771 775 2094
f 771 2094 2104
f 771 2104 772
f 2106 2097 2096
f 2106 2096 2103
f 2105 2107 2108
f 2105 2108 2109
f 2105 2109 2106
f 2105 2106 2103
f 2098 2097 2106
f 2098 2106 2109
f 2098 2109 2034
f 2098 2034 2045
f 2098 2045 1941
f 2098 1941 1940
f 2098 1940 2039
f 2109 2108 2110
f 2109 2110 2046
f 2109 2046 2035
f 2109 2035 2034
f 2094 2093 2111
f 2094 2111 2112
f 2094 2112 2104
f 2113 2110 2108
f 2113 2108 2107
f 2113 2107 2112
f 2113 2112 2111
f 2093 2091 2113
f 2093 2113 2111
f 2044 2102 2101
f 2044 2101 2099
f 2044 2099 2098
f 2044 2098 2039
f 2005 2058 2102
f 2005 2102 2044
f 2068 2067 2110
f 2068 2110 2113
f 2091 2069 2068
f 2091 2068 2113
f 2046 2110 2067
f 2046 2067 1994
f 2102 2058 1894
f 2102 1894 1934
f 1605 2107 2105
f 1605 2105 1601
f 2104 2112 1628
f 2104 1628 1600
f 1601 2105 2104
f 1601 2104 1600
f 1628 2112 2107
f 1628 2107 1605
f 1706 777 776
f 1706 776 1939
f 764 1939 776
f 1938 759 758
f 1938 758 1701
f 1938 1701 1733
f 1938 760 759
f 1936 783 782
f 1936 782 1709
f 1936 784 783
f 1704 1703 2114
f 1704 2114 1937
f 785 1937 2114
f 786 2115 2074
f 2076 1896 1895
f 2076 1895 2077
f 2074 2115 2116
f 2074 2116 1896
f 2074 1896 2076
f 2077 1895 1894
f 1562 1908 1584
f 1562 1584 1545
f 1902 1561 1549
f 1902 1549 1591
f 1901 1910 1904
f 1901 1904 1903
f 1901 1903 1908
f 1901 1908 1562
f 1901 1562 1561
f 1901 1561 1902
f 2117 1906 1905
f 2117 1905 2118
f 2119 1909 1911
f 2119 1911 2120
f 1906 2117 2120
f 1906 2120 1911
f 1905 1909 2119
f 1905 2119 2118
f 1898 1559 1558
f 1898 1558 1711
f 1898 1556 1559
f 1539 1897 1540
f 1540 1897 1753
f 1540 1753 1541
f 1899 1538 1537
f 1899 1537 1752
f 1899 1535 1538
f 1713 1712 1945
f 1935 1934 1894
f 1935 1894 1687
f 1935 1687 1694
f 1935 1694 2121
f 1581 1576 1935
f 1581 1935 2121
f 1945 2122 2083
f 2083 2122 1574
f 2083 1574 1573
f 2083 1573 1699
f 1712 1567 1566
f 1712 1566 1945
f 2122 1571 1574
f 1568 1945 1566
f 1945 1568 1571
f 1945 1571 2122
f 2116 1823 1822
f 2116 1822 1896
f 1691 1688 1896
f 1691 1896 1822
f 2123 1696 1572
f 2123 1572 1575
f 1542 1583 2123
f 1542 2123 1575
f 1697 1696 2123
f 1697 2123 2124
f 2123 1583 1582
f 2123 1582 2124
f 2121 1694 1697
f 2121 1697 2124
f 1582 1581 2121
f 1582 2121 2124
f 456 431 1624
f 456 1624 1620
f 393 392 400
f 393 400 1672
f 393 1672 1678
f 393 1678 1677
f 393 1677 1676
f 1282 394 393
f 1282 393 1676
f 475 450 1605
f 475 1605 1601
f 434 437 1632
f 434 1632 1637
f 404 1656 1655
f 404 1655 432
f 1660 1659 1627
f 1660 1627 1599
f 1660 1599 774
f 1660 774 481
f 1660 481 453
f 1660 453 448
f 1660 448 447
f 1635 1634 1631
f 1635 1631 1630
f 1635 1630 1661
f 1635 1661 1660
f 1635 1660 447
f 1635 447 446
f 1635 446 439
f 1635 439 438
f 433 432 1655
f 433 1655 1654
f 433 1654 1652
f 433 1652 1651
f 433 1651 1636
f 433 1636 1635
f 433 1635 438
f 1675 1674 1673
f 1675 1673 1656
f 1675 1656 404
f 1675 404 403
f 1675 403 402
f 401 1298 1675
f 401 1675 402
f 437 442 1640
f 437 1640 1632
f 435 434 1637
f 435 1637 1641
f 442 435 1641
f 442 1641 1640
f 449 1628 1605
f 449 1605 450
f 454 475 1601
f 454 1601 1600
f 449 454 1600
f 449 1600 1628
f 457 459 456
f 457 456 1620
f 457 1620 1619
f 431 430 1623
f 431 1623 1624
f 430 457 1619
f 430 1619 1623
f 455 484 1594
f 455 1594 1613
f 414 413 417
f 414 417 2125
f 414 2125 1505
f 416 2126 2125
f 416 2125 417
f 427 455 1613
f 427 1613 1626
f 2127 2128 2126
f 2127 2126 2129
f 2128 2127 1670
f 2128 1670 1671
f 2128 1671 405
f 2128 405 390
f 1671 1672 400
f 1671 400 405
f 1670 2127 2129
f 1670 2129 1669
f 389 2130 2128
f 389 2128 390
f 1321 2130 389
f 1321 389 387
f 1321 387 386
f 2130 1321 1505
f 2130 1505 2125
f 2128 2130 2125
f 2128 2125 2126
f 1668 1669 2129
f 1668 2129 2126
f 1668 2126 416
f 1668 416 418
f 1667 1668 418
f 1667 418 425
f 1665 1666 1667
f 1665 1667 425
f 1665 425 424
f 1552 1665 424
f 1552 424 423
f 484 428 1595
f 484 1595 1594
f 428 427 1626
f 428 1626 1595
f 467 469 1602
f 467 1602 1603
f 1602 469 462
f 1602 462 1608
f 462 461 1607
f 462 1607 1608
f 467 1603 1607
f 467 1607 461
f 492 1582 1583
f 492 1583 489
f 491 1576 1581
f 491 1581 1582
f 491 1582 492
f 478 477 769
f 478 769 1577
f 478 1577 1576
f 478 1576 491
f 489 1583 1542
f 489 1542 490
f 2131 2132 2133
f 2131 2133 2134
f 2131 2134 2135
f 2136 2137 2132
f 2136 2132 2131
f 2136 2131 2138
f 2136 2138 2139
f 2140 2135 2134
f 2140 2134 2141
f 2142 2143 2144
f 2142 2144 2145
f 2142 2145 2146
f 2142 2146 2147
f 2142 2147 2148
f 2149 2150 2151
f 2149 2151 2142
f 2149 2142 2148
f 2145 2152 2153
f 2145 2153 2146
f 2152 2154 1147
f 2152 1147 1146
f 2152 1146 2153
f 2144 2154 1270
f 2144 1270 1274
f 2152 2145 1271
f 2152 1271 1268
f 1270 2154 2152
f 1270 2152 1268
f 1274 1271 2145
f 1274 2145 2144
f 2155 2156 2157
f 2155 2157 2158
f 2155 2158 2159
f 2156 2155 2160
f 2156 2160 2161
f 2156 2161 2162
f 2160 2155 2163
f 2164 2165 2163
f 2164 2163 2155
f 2164 2155 2159
f 2164 2159 2166
f 2164 2166 2167
f 2168 2169 2164
f 2168 2164 2167
f 2156 2162 2157
f 2170 2159 2158
f 2170 2158 2171
f 2170 2171 2172
f 2173 2174 2175
f 2173 2175 2176
f 2173 2176 2177
f 2173 2177 2178
f 2179 2180 2181
f 2179 2181 2182
f 2179 2182 2173
f 2179 2173 2178
f 2176 2175 2183
f 2176 2183 2184
f 2180 2185 2186
f 2180 2186 2187
f 2180 2187 2181
f 2166 2159 2170
f 2166 2170 2183
f 2166 2183 2175
f 2166 2175 2174
f 2173 2182 2188
f 2173 2188 2189
f 2173 2189 2168
f 2173 2168 2167
f 2173 2167 2166
f 2173 2166 2174
f 2182 2181 2187
f 2182 2187 2190
f 2182 2190 2188
f 2191 2192 2193
f 2191 2193 2194
f 2191 2194 2195
f 2191 2195 2196
f 2191 2196 2197
f 2196 2169 2168
f 2196 2168 2189
f 2196 2189 2197
f 2198 2199 2200
f 2198 2200 2201
f 2198 2201 2202
f 2203 2204 2201
f 2203 2201 2200
f 2203 2200 2205
f 2204 2203 2206
f 2204 2206 2207
f 2204 2207 2208
f 2209 2204 2208
f 2203 2205 2206
f 2210 2211 2212
f 2210 2212 2202
f 2210 2202 2201
f 2210 2201 2213
f 2214 2215 2216
f 2214 2216 2217
f 2214 2217 2210
f 2214 2210 2213
f 2214 2213 2201
f 2214 2201 2204
f 2214 2204 2209
f 2214 2209 2218
f 2214 2218 2219
f 2220 2215 2214
f 2220 2214 2219
f 2194 2220 2219
f 2194 2219 2218
f 2194 2218 2221
f 2194 2221 2222
f 2194 2222 2223
f 2194 2223 2224
f 2194 2224 2195
f 2224 2165 2164
f 2224 2164 2169
f 2224 2169 2196
f 2224 2196 2195
f 2225 2226 2227
f 2225 2227 2216
f 2225 2216 2215
f 2225 2215 2220
f 2225 2220 2194
f 2225 2194 2193
f 2193 2192 2228
f 2193 2228 2229
f 2193 2229 2225
f 2230 2231 2232
f 2230 2232 2233
f 2230 2233 2234
f 2230 2234 2235
f 2230 2235 2236
f 2237 2238 2239
f 2237 2239 2230
f 2237 2230 2236
f 2237 2236 2240
f 2237 2240 2241
f 2242 2243 2244
f 2242 2244 2245
f 2242 2245 2246
f 2242 2246 2237
f 2242 2237 2241
f 2245 2244 2151
f 2245 2151 2150
f 2234 2233 2136
f 2234 2136 2139
f 2247 2248 2249
f 2247 2249 2250
f 2251 2252 1149
f 2251 1149 1148
f 2245 2150 2149
f 2245 2149 2253
f 2245 2253 2246
f 2147 2146 2153
f 2147 2153 1146
f 2147 1146 1149
f 2147 1149 2252
f 2147 2252 2254
f 2255 2253 2149
f 2255 2149 2148
f 2255 2148 2147
f 2255 2147 2254
f 2256 2251 1148
f 2256 1148 1147
f 2256 1147 2154
f 2256 2154 2144
f 2256 2144 2143
f 2244 2243 2257
f 2244 2257 2256
f 2244 2256 2143
f 2244 2143 2142
f 2244 2142 2151
f 2258 2259 2260
f 2258 2260 2261
f 2258 2261 2249
f 2258 2249 2248
f 2171 2158 2260
f 2171 2260 2259
f 2171 2259 1122
f 2171 1122 1121
f 2262 2252 2251
f 2262 2251 2263
f 2262 2263 2264
f 2262 2264 2265
f 1110 1109 2265
f 1110 2265 2264
f 1110 2264 2200
f 1110 2200 2199
f 2266 2267 2268
f 2266 2268 2261
f 2266 2261 2260
f 2268 2267 2269
f 2268 2269 2270
f 2268 2270 2271
f 2266 2269 2267
f 2272 2273 2274
f 2272 2274 2275
f 2272 2275 2276
f 2272 2276 2268
f 2272 2268 2271
f 2261 2268 2276
f 2261 2276 2277
f 2261 2277 2278
f 2261 2278 2249
f 2276 2275 2279
f 2276 2279 2277
f 2272 2280 2281
f 2272 2281 2273
f 2282 2283 2264
f 2282 2264 2263
f 2282 2263 2284
f 2285 2282 2284
f 2285 2284 2286
f 2285 2286 2287
f 2284 2288 2289
f 2284 2289 2281
f 2284 2281 2280
f 2284 2280 2286
f 2285 2283 2282
f 2288 2284 2263
f 2288 2263 2251
f 2288 2251 2256
f 2288 2256 2257
f 2243 2242 2289
f 2243 2289 2288
f 2243 2288 2257
f 2273 2281 2289
f 2273 2289 2242
f 2273 2242 2241
f 2273 2241 2240
f 2273 2240 2274
f 2240 2236 2235
f 2240 2235 2279
f 2240 2279 2275
f 2240 2275 2274
f 2290 2291 2272
f 2290 2272 2271
f 2290 2271 2270
f 2290 2270 2292
f 2293 1117 1120
f 2293 1120 2292
f 2293 2292 2270
f 2293 2270 2287
f 2293 2294 2295
f 2296 2297 2298
f 2296 2298 2299
f 2296 2299 2291
f 2296 2291 2300
f 2298 2301 2295
f 2298 2295 2294
f 2298 2294 2299
f 2298 2297 2253
f 2298 2253 2255
f 2298 2255 2301
f 2253 2297 2296
f 2253 2296 2238
f 2253 2238 2237
f 2253 2237 2246
f 2296 2300 2239
f 2296 2239 2238
f 2294 2293 2287
f 2294 2287 2286
f 2294 2286 2280
f 2294 2280 2299
f 2280 2272 2291
f 2280 2291 2299
f 2302 2303 2304
f 2302 2304 2262
f 2302 2262 2265
f 2304 2303 2305
f 2304 2305 2293
f 2304 2293 2295
f 2302 2305 2303
f 2301 2304 2295
f 2255 2254 2252
f 2255 2252 2262
f 2255 2262 2304
f 2255 2304 2301
f 2265 1109 1113
f 2265 1113 2302
f 2305 2302 1113
f 2305 1113 1112
f 2305 1112 1117
f 2305 1117 2293
f 2300 2306 2231
f 2300 2231 2230
f 2300 2230 2239
f 2307 2308 2258
f 2307 2258 2248
f 2307 2248 2309
f 2232 2231 2306
f 2232 2306 2307
f 2232 2307 2309
f 2307 2306 2300
f 2307 2300 2291
f 2307 2291 2290
f 2307 2290 2308
f 2308 2310 2311
f 2308 2311 2259
f 2308 2259 2258
f 2312 2311 2310
f 2312 2310 2308
f 2312 2308 2290
f 2312 2290 2292
f 1122 2259 2311
f 1122 2311 2312
f 1122 2312 1123
f 2292 1120 1123
f 2292 1123 2312
f 2270 2161 2207
f 2270 2207 2287
f 2205 2200 2264
f 2205 2264 2283
f 2205 2283 2285
f 2205 2285 2206
f 2260 2158 2157
f 2260 2157 2266
f 2206 2285 2287
f 2206 2287 2207
f 2269 2266 2157
f 2269 2157 2162
f 2269 2162 2161
f 2269 2161 2270
f 1114 1110 2199
f 1114 2199 2198
f 2172 2171 1121
f 2172 1121 1125
f 2313 2247 2250
f 2313 2250 2140
f 2313 2140 2141
f 2313 2141 2314
f 2309 2248 2315
f 2309 2315 2316
f 2309 2316 2317
f 2233 2232 2309
f 2233 2309 2317
f 2248 2247 2313
f 2248 2313 2315
f 2316 2315 2313
f 2316 2313 2314
f 2316 2314 2133
f 2316 2133 2132
f 2316 2132 2137
f 2136 2233 2317
f 2136 2317 2316
f 2136 2316 2137
f 2250 2249 2278
f 2250 2278 2138
f 2250 2138 2131
f 2250 2131 2135
f 2250 2135 2140
f 2278 2277 2279
f 2278 2279 2235
f 2278 2235 2234
f 2278 2234 2139
f 2278 2139 2138
f 2177 2176 2184
f 2177 2184 2318
f 2177 2318 2319
f 2320 2321 2179
f 2320 2179 2178
f 2320 2178 2177
f 2320 2177 2319
f 2322 2180 2179
f 2322 2179 2321
f 2322 2321 2323
f 2186 2185 2324
f 2186 2324 2325
f 2186 2325 2326
f 2185 2180 2322
f 2185 2322 2324
f 2327 2328 2211
f 2327 2211 2210
f 2217 2329 2330
f 2217 2330 2331
f 2217 2331 2327
f 2217 2327 2210
f 2329 2217 2216
f 2329 2216 2332
f 2329 2332 2333
f 2334 2227 2226
f 2334 2226 2335
f 2334 2335 2336
f 2216 2227 2334
f 2216 2334 2332
f 2320 2337 2338
f 2320 2338 2321
f 2224 2223 2339
f 2224 2339 2340
f 2224 2340 2341
f 2224 2341 2338
f 2224 2338 2165
f 2342 2343 2344
f 2342 2344 2345
f 2342 2345 2341
f 2342 2341 2340
f 2346 2222 2221
f 2346 2221 2343
f 2346 2343 2342
f 2222 2346 2339
f 2222 2339 2223
f 2347 2330 2329
f 2347 2329 2348
f 2343 2221 2218
f 2343 2218 2348
f 2343 2348 2344
f 2324 2349 2350
f 2324 2350 2325
f 2336 2351 2352
f 2336 2352 2334
f 2225 2229 2353
f 2225 2353 2354
f 2225 2354 2355
f 2351 2336 2335
f 2351 2335 2355
f 2226 2225 2355
f 2226 2355 2335
f 2356 2357 2358
f 2356 2358 2351
f 2356 2351 2355
f 2356 2355 2354
f 2356 2354 2359
f 2360 2361 2356
f 2360 2356 2359
f 2357 2356 2361
f 2357 2361 2362
f 2357 2362 2363
f 2357 2363 2364
f 2357 2364 2365
f 2366 2358 2357
f 2366 2357 2365
f 2366 2365 2367
f 2366 2367 2368
f 2367 2369 2326
f 2367 2326 2325
f 2367 2325 2350
f 2367 2350 2370
f 2367 2370 2368
f 2369 2367 2365
f 2369 2365 2364
f 2369 2364 2371
f 2369 2371 2372
f 2373 2190 2187
f 2373 2187 2369
f 2373 2369 2372
f 2374 2375 2376
f 2374 2376 2377
f 2374 2377 2378
f 2191 2197 2189
f 2191 2189 2188
f 2191 2188 2190
f 2191 2190 2373
f 2191 2373 2377
f 2191 2377 2376
f 2228 2192 2191
f 2228 2191 2376
f 2228 2376 2375
f 2228 2375 2379
f 2353 2229 2228
f 2353 2228 2379
f 2375 2374 2380
f 2375 2380 2361
f 2375 2361 2360
f 2381 2382 2380
f 2381 2380 2374
f 2381 2374 2378
f 2381 2378 2383
f 2382 2384 2362
f 2382 2362 2361
f 2382 2361 2380
f 2385 2363 2362
f 2385 2362 2384
f 2383 2364 2363
f 2383 2363 2385
f 2383 2385 2381
f 2381 2385 2117
f 2381 2117 2118
f 2384 2382 2119
f 2384 2119 2120
f 2117 2385 2384
f 2117 2384 2120
f 2119 2382 2381
f 2119 2381 2118
f 2377 2373 2372
f 2377 2372 2371
f 2383 2378 2377
f 2383 2377 2371
f 2383 2371 2364
f 2359 2354 2353
f 2359 2353 2379
f 2359 2379 2375
f 2359 2375 2360
f 2187 2186 2326
f 2187 2326 2369
f 2386 2349 2324
f 2386 2324 2322
f 2352 2387 2332
f 2352 2332 2334
f 2388 2333 2332
f 2388 2332 2387
f 2323 2389 2386
f 2323 2386 2322
f 2351 2388 2387
f 2351 2387 2352
f 2349 2386 2389
f 2349 2389 2350
f 2390 2388 2351
f 2390 2351 2358
f 2390 2358 2366
f 2390 2366 2391
f 2366 2368 2370
f 2366 2370 2392
f 2366 2392 2393
f 2366 2393 2391
f 2370 2350 2389
f 2370 2389 2392
f 2344 2348 2329
f 2344 2329 2333
f 2344 2333 2388
f 2344 2388 2390
f 2344 2390 2345
f 2390 2391 2393
f 2390 2393 2338
f 2390 2338 2341
f 2390 2341 2345
f 2393 2392 2389
f 2393 2389 2323
f 2393 2323 2321
f 2393 2321 2338
f 2338 2337 2394
f 2338 2394 2163
f 2338 2163 2165
f 2208 2207 2161
f 2208 2161 2160
f 2208 2160 2163
f 2208 2163 2394
f 2208 2394 2395
f 2208 2395 2396
f 2397 2398 2209
f 2397 2209 2208
f 2397 2208 2396
f 2348 2218 2209
f 2348 2209 2398
f 2348 2398 2347
f 2330 2347 2398
f 2330 2398 2331
f 2340 2399 2400
f 2340 2400 2342
f 2346 2401 2402
f 2346 2402 2339
f 2400 2401 2346
f 2400 2346 2342
f 2402 2399 2340
f 2402 2340 2339
f 2399 2402 2401
f 2399 2401 2400
f 2403 2404 2405
f 2403 2405 2406
f 2327 2331 2398
f 2327 2398 2397
f 2327 2397 2407
f 2327 2407 2408
f 2327 2408 2328
f 2409 2410 2411
f 2409 2411 2412
f 2413 2407 2397
f 2413 2397 2396
f 2413 2396 2395
f 2394 2414 2411
f 2394 2411 2410
f 2394 2410 2413
f 2394 2413 2395
f 2415 2403 2406
f 2415 2406 2407
f 2415 2407 2413
f 2410 2415 2413
f 2407 2406 2405
f 2407 2405 2408
f 2404 2403 2415
f 2404 2415 2410
f 2404 2410 2409
f 2319 2318 2412
f 2319 2412 2411
f 2319 2411 2414
f 2394 2337 2320
f 2394 2320 2319
f 2394 2319 2414
f 2416 2417 2418
f 2416 2418 2419
f 2416 2419 2420
f 2416 2420 2421
f 2422 2141 2134
f 2422 2134 2423
f 2422 2423 2424
f 2422 2424 2425
f 2425 2424 2426
f 2425 2426 2427
f 2134 2133 2428
f 2134 2428 2423
f 2423 2428 2417
f 2423 2417 2416
f 2423 2416 2426
f 2423 2426 2424
f 2422 2429 2314
f 2422 2314 2141
f 2425 2427 2419
f 2425 2419 2418
f 2425 2418 2429
f 2425 2429 2422
f 2429 2428 2133
f 2429 2133 2314
f 2428 2429 2418
f 2428 2418 2417
f 2426 2416 2421
f 2426 2421 2430
f 2419 2427 2431
f 2419 2431 2420
f 2427 2426 2430
f 2427 2430 2431
f 2432 2433 2434
f 2432 2434 2435
f 2432 2435 2436
f 2437 2433 2432
f 2437 2432 2438
f 2437 2438 2439
f 2440 2434 2433
f 2440 2433 2437
f 2440 2437 2441
f 2440 2441 2442
f 2440 2442 2443
f 2444 2435 2434
f 2444 2434 2440
f 2445 2446 2443
f 2445 2443 2442
f 2445 2442 2447
f 2445 2447 828
f 2445 828 827
f 2448 2444 2440
f 2448 2440 2443
f 2448 2443 2446
f 2449 2450 2451
f 2449 2451 2452
f 2449 2452 2453
f 2449 2453 2454
f 2449 2454 2455
f 2449 2455 2456
f 2455 2454 2457
f 2455 2457 2458
f 2455 2458 2459
f 2455 2459 2460
f 2461 2462 2463
f 2461 2463 2460
f 2461 2460 2459
f 2461 2459 2464
f 2461 2464 2465
f 2461 2465 2466
f 753 2467 2466
f 753 2466 2465
f 753 2465 754
f 2465 2464 2459
f 2465 2459 2458
f 2465 2458 755
f 2465 755 754
f 2468 2469 2470
f 2468 2470 2471
f 2468 2471 2472
f 2468 2472 2473
f 2474 2475 2476
f 2474 2476 2477
f 2474 2477 2478
f 2474 2478 2479
f 2480 2481 2482
f 2480 2482 2483
f 2480 2483 2484
f 2480 2484 2470
f 2480 2470 2469
f 2477 2476 2483
f 2477 2483 2482
f 2485 2486 2475
f 2485 2475 2474
f 2487 2488 2489
f 2487 2489 2486
f 2487 2486 2485
f 2487 2485 2490
f 2318 2491 2473
f 2318 2473 2472
f 2318 2472 2412
f 2471 2409 2412
f 2471 2412 2472
f 2408 2489 2488
f 2408 2488 2492
f 2408 2492 2328
f 2493 2494 2495
f 2493 2495 2496
f 2493 2496 2497
f 2493 2497 2498
f 2493 2498 2499
f 2499 2498 2500
f 2499 2500 2501
f 2502 2503 2504
f 2502 2504 2505
f 2502 2505 2506
f 752 751 2507
f 752 2507 2508
f 2509 2508 2507
f 2509 2507 2510
f 2509 2510 2511
f 2451 2450 2512
f 2451 2512 2513
f 2451 2513 2514
f 2451 2514 2515
f 2513 2516 2517
f 2513 2517 2514
f 2518 2519 2520
f 2518 2520 2521
f 2515 2514 2517
f 2515 2517 2518
f 2515 2518 2521
f 2515 2521 2522
f 2521 2520 2523
f 2521 2523 2524
f 2521 2524 2525
f 2521 2525 2526
f 2521 2526 2522
f 2527 2528 2529
f 2527 2529 2530
f 2527 2530 2531
f 2525 2524 2527
f 2525 2527 2531
f 2525 2531 2532
f 2533 2534 2535
f 2533 2535 2536
f 2537 2538 2539
f 2534 2540 2541
f 2534 2541 2542
f 2534 2542 2535
f 2541 2543 2544
f 2541 2544 2542
f 2545 2546 2547
f 2545 2547 2548
f 2545 2548 2500
f 2545 2500 2506
f 2540 2534 2533
f 2540 2533 2549
f 2540 2549 2550
f 2540 2550 2551
f 2467 753 752
f 2467 752 2508
f 2467 2508 2509
f 2467 2509 2538
f 2467 2538 2537
f 2462 2544 2543
f 2462 2543 2551
f 2462 2551 2550
f 2462 2550 2463
f 2552 2553 2554
f 2552 2554 2555
f 2552 2555 2556
f 2554 2449 2456
f 2554 2456 2557
f 2554 2557 2555
f 2558 2529 2528
f 2558 2528 2546
f 2558 2546 2545
f 2523 2520 2519
f 2523 2519 2559
f 2523 2559 2560
f 2523 2560 2561
f 2529 2558 2503
f 2529 2503 2530
f 2562 2563 2553
f 2562 2553 2552
f 2553 2563 2564
f 2553 2564 2512
f 2553 2512 2450
f 2553 2450 2449
f 2553 2449 2554
f 2513 2512 2564
f 2513 2564 2565
f 2513 2565 2516
f 2564 2563 2562
f 2564 2562 2566
f 2564 2566 2565
f 1108 2552 2556
f 1108 2556 1128
f 2562 1104 1106
f 2562 1106 2566
f 2566 1106 1128
f 2566 1128 2556
f 1104 2562 2552
f 1104 2552 1108
f 2567 2568 2569
f 2567 2569 2570
f 2567 2570 2571
f 2567 2571 2572
f 2567 2572 2573
f 2574 2575 2576
f 2574 2576 2577
f 2574 2577 2567
f 2574 2567 2573
f 2574 2453 2452
f 2574 2452 2578
f 2574 2578 2575
f 2578 2579 2501
f 2578 2501 2580
f 2578 2580 2576
f 2578 2576 2575
f 756 755 2458
f 756 2458 2457
f 756 2457 2572
f 756 2572 2571
f 756 2571 2511
f 756 2511 2510
f 2457 2454 2453
f 2457 2453 2574
f 2457 2574 2573
f 2457 2573 2572
f 2452 2451 2515
f 2452 2515 2522
f 2452 2522 2526
f 2452 2526 2578
f 2526 2525 2532
f 2526 2532 2579
f 2526 2579 2578
f 2456 2455 2581
f 2456 2581 2557
f 2582 2583 2560
f 2582 2560 2559
f 2519 2518 2582
f 2519 2582 2559
f 2517 2516 2565
f 2517 2565 2566
f 2517 2566 2556
f 2517 2556 2555
f 2517 2555 2557
f 2517 2557 2581
f 2518 2517 2581
f 2518 2581 2582
f 2576 2584 2585
f 2576 2585 2577
f 2584 2524 2523
f 2584 2523 2561
f 2584 2561 2585
f 2567 2577 2585
f 2567 2585 2561
f 2567 2561 2560
f 2567 2560 2583
f 2567 2583 2568
f 2547 2586 2587
f 2547 2587 2548
f 2500 2548 2587
f 2500 2587 2580
f 2500 2580 2501
f 2580 2587 2586
f 2580 2586 2584
f 2580 2584 2576
f 2527 2524 2584
f 2527 2584 2586
f 2588 2558 2545
f 2588 2545 2589
f 2546 2528 2527
f 2546 2527 2586
f 2546 2586 2547
f 2505 2589 2545
f 2505 2545 2506
f 2588 2504 2503
f 2588 2503 2558
f 2504 2588 2589
f 2504 2589 2505
f 2590 2591 2540
f 2590 2540 2551
f 2582 2581 2455
f 2582 2455 2460
f 2582 2460 2592
f 2582 2592 2583
f 2460 2463 2550
f 2460 2550 2549
f 2460 2549 2592
f 2592 2549 2533
f 2592 2533 2593
f 2568 2583 2592
f 2568 2592 2593
f 2568 2593 2569
f 2594 2595 2536
f 2594 2536 2535
f 2542 2544 2462
f 2542 2462 2461
f 2542 2461 2594
f 2542 2594 2535
f 2596 2590 2551
f 2596 2551 2543
f 2597 2591 2590
f 2597 2590 2596
f 2591 2597 2541
f 2591 2541 2540
f 2597 2596 2543
f 2597 2543 2541
f 2539 2538 2598
f 2539 2598 2599
f 2599 2598 2571
f 2599 2571 2570
f 2599 2570 2595
f 2461 2466 2599
f 2461 2599 2595
f 2461 2595 2594
f 2466 2467 2537
f 2466 2537 2539
f 2466 2539 2599
f 2598 2538 2509
f 2598 2509 2511
f 2598 2511 2571
f 2593 2533 2536
f 2593 2536 2595
f 2593 2595 2570
f 2593 2570 2569
f 2510 2507 2600
f 2510 2600 2601
f 751 2602 2600
f 751 2600 2507
f 756 2510 2601
f 756 2601 2603
f 720 719 2495
f 720 2495 2494
f 2604 2605 2606
f 2604 2606 2607
f 2608 2609 2610
f 2611 2608 2610
f 2611 2610 2605
f 2611 2605 2604
f 2612 2613 2614
f 2612 2614 2606
f 2612 2606 2605
f 2609 2615 2612
f 2609 2612 2605
f 2609 2605 2610
f 2616 2617 2618
f 2617 2616 2619
f 2617 2619 2620
f 2617 2620 2621
f 2617 2621 2622
f 2619 2616 2618
f 2619 2618 2623
f 2619 2623 2624
f 2619 2624 2625
f 2619 2625 2626
f 2619 2626 2627
f 2619 2627 2628
f 2619 2628 2629
f 2619 2629 2620
f 2629 2621 2620
f 2630 2611 2604
f 2630 2604 2170
f 2630 2170 2172
f 2631 2632 2633
f 2631 2633 2607
f 2631 2607 2606
f 2631 2606 2614
f 2631 2614 2634
f 2183 2633 2632
f 2183 2632 2184
f 2170 2604 2607
f 2170 2607 2633
f 2170 2633 2183
f 2635 2212 2211
f 2635 2211 2636
f 2635 2637 2202
f 2635 2202 2212
f 2637 2624 2623
f 2637 2623 2638
f 2637 2638 2198
f 2637 2198 2202
f 2624 2637 2635
f 2624 2635 2636
f 2624 2636 2639
f 2624 2639 2625
f 2640 2641 2611
f 2640 2611 2630
f 2640 2630 1124
f 2640 1124 1134
f 2642 2643 2644
f 2642 2644 2645
f 2642 2645 2646
f 2642 2646 2647
f 2638 2623 2647
f 2638 2647 2646
f 2638 2646 1129
f 2638 1129 1115
f 2648 2649 2650
f 2648 2650 2651
f 2648 2651 2641
f 2648 2641 2640
f 1115 1114 2198
f 1115 2198 2638
f 2644 2652 2530
f 2644 2530 2503
f 2644 2503 2502
f 2652 2644 2643
f 2652 2643 2653
f 2532 2653 2643
f 2532 2643 2579
f 2531 2530 2652
f 2531 2652 2653
f 2531 2653 2532
f 1124 2630 2172
f 1124 2172 1125
f 2654 2438 2432
f 2654 2432 2436
f 2654 2436 2650
f 2650 2649 2655
f 2650 2655 2654
f 2655 2649 2441
f 2655 2441 2437
f 2655 2437 2439
f 2654 2655 2439
f 2654 2439 2438
f 2656 2448 2446
f 2656 2446 2445
f 2656 2445 2657
f 2656 2657 2658
f 2656 2658 2659
f 2656 2659 2660
f 2436 2656 2660
f 2436 2660 2650
f 2579 2643 2642
f 2579 2642 2661
f 2579 2661 2501
f 2662 721 720
f 2662 720 2494
f 2662 2494 2493
f 2499 2501 2661
f 2499 2661 2662
f 2499 2662 2493
f 2663 722 721
f 2663 721 2662
f 2661 2642 2664
f 2661 2664 2663
f 2661 2663 2662
f 2665 2666 715
f 2665 715 722
f 2665 722 2663
f 2664 2667 2665
f 2664 2665 2663
f 2668 2669 2664
f 2668 2664 2642
f 2668 2642 2647
f 2667 2664 2669
f 2667 2669 2670
f 2667 2670 2671
f 2667 2671 2672
f 2668 2670 2669
f 2665 2667 2672
f 2665 2672 2673
f 2665 2673 2666
f 2674 2675 2676
f 2674 2676 2677
f 2674 2677 2678
f 2675 2674 2679
f 2675 2679 2680
f 2675 2680 2681
f 2675 2681 2682
f 2673 2678 2677
f 2673 2677 709
f 2673 709 708
f 2673 708 715
f 2673 715 2666
f 2676 2675 2682
f 2676 2682 2683
f 2680 2684 2681
f 2681 2684 2641
f 2681 2641 2651
f 2681 2651 2682
f 2683 2682 2651
f 2683 2651 2685
f 2683 2685 2686
f 2659 2658 2687
f 2659 2687 2688
f 2659 2688 2686
f 2659 2686 2685
f 2651 2650 2660
f 2651 2660 2659
f 2651 2659 2685
f 709 2677 2676
f 709 2676 2683
f 709 2683 2686
f 709 2686 2688
f 709 2688 710
f 710 2688 2687
f 710 2687 2689
f 710 2689 827
f 710 827 711
f 2445 827 2689
f 2445 2689 2657
f 2690 2691 2679
f 2690 2679 2674
f 2690 2674 2678
f 2690 2678 2692
f 2691 1132 1131
f 2691 1131 2693
f 2691 2693 2671
f 2691 2671 2679
f 2694 2645 2644
f 2694 2644 2502
f 2694 2502 2506
f 2694 2506 2500
f 2694 2500 2498
f 2694 2498 2497
f 2694 2497 2695
f 2696 2645 2694
f 2697 2698 2699
f 2697 2699 2696
f 2697 2696 2700
f 2697 2700 2701
f 2697 2701 2693
f 2699 2698 2646
f 2699 2646 2645
f 2699 2645 2696
f 2696 2694 2695
f 2696 2695 2702
f 2696 2702 2700
f 2701 2700 2702
f 1129 2646 2698
f 1129 2698 2697
f 1129 2697 1130
f 1130 2697 2693
f 1130 2693 1131
f 2497 2496 2703
f 2497 2703 2695
f 2701 2704 2693
f 2695 2703 2705
f 2695 2705 2706
f 2695 2706 2702
f 2703 2496 2495
f 2703 2495 719
f 2703 719 718
f 2703 718 2705
f 718 717 2707
f 718 2707 2706
f 718 2706 2705
f 2704 2701 2702
f 2704 2702 2706
f 2704 2706 2707
f 2704 2707 2708
f 2692 2708 2707
f 2692 2707 717
f 2692 717 716
f 2672 2671 2693
f 2672 2693 2704
f 2672 2704 2708
f 2672 2708 2673
f 2678 2673 2708
f 2678 2708 2692
f 2709 2710 2711
f 2709 2711 713
f 2709 713 712
f 2709 712 829
f 2709 829 2712
f 829 828 2447
f 829 2447 2712
f 2649 2648 2713
f 2649 2713 2709
f 2649 2709 2712
f 2649 2712 2447
f 2649 2447 2442
f 2649 2442 2441
f 2714 2715 2713
f 2714 2713 2648
f 2714 2648 2640
f 2713 2716 2710
f 2713 2710 2709
f 2714 2717 2715
f 714 713 2711
f 714 2711 2692
f 714 2692 716
f 2691 2690 2716
f 2691 2716 2713
f 2691 2713 2715
f 2691 2715 2717
f 2710 2716 2690
f 2710 2690 2692
f 2710 2692 2711
f 2640 1134 1133
f 2640 1133 2714
f 1132 2691 2717
f 1132 2717 2714
f 1132 2714 1133
f 2657 2718 2719
f 2657 2719 2658
f 2658 2719 2720
f 2658 2720 2687
f 2689 2721 2718
f 2689 2718 2657
f 2687 2720 2721
f 2687 2721 2689
f 2718 2721 2720
f 2718 2720 2719
f 2671 2622 2615
f 2671 2615 2679
f 2679 2615 2609
f 2679 2609 2680
f 2670 2668 2618
f 2670 2618 2617
f 2670 2617 2622
f 2670 2622 2671
f 2608 2611 2641
f 2608 2641 2684
f 2608 2684 2680
f 2608 2680 2609
f 2647 2623 2618
f 2647 2618 2668
f 2492 2488 2487
f 2492 2487 2722
f 2492 2722 2627
f 2492 2627 2626
f 2492 2626 2625
f 2492 2625 2639
f 2328 2492 2639
f 2328 2639 2636
f 2328 2636 2211
f 2631 2634 2468
f 2631 2468 2473
f 2631 2473 2491
f 2184 2632 2631
f 2184 2631 2491
f 2184 2491 2318
f 2723 2477 2482
f 2723 2482 2724
f 2723 2724 2725
f 2726 2723 2725
f 2726 2725 2727
f 2485 2474 2726
f 2485 2726 2727
f 2485 2727 2728
f 2622 2727 2725
f 2622 2725 2615
f 2404 2729 2730
f 2404 2730 2405
f 2730 2729 2731
f 2730 2731 2484
f 2730 2484 2483
f 2730 2483 2476
f 2730 2476 2475
f 2730 2475 2486
f 2730 2486 2489
f 2731 2470 2484
f 2405 2730 2489
f 2405 2489 2408
f 2731 2729 2404
f 2731 2404 2409
f 2731 2409 2471
f 2731 2471 2470
f 2732 2733 2734
f 2732 2734 2735
f 2732 2736 2737
f 2732 2737 2738
f 2739 2740 2741
f 2739 2741 2736
f 2734 2742 2743
f 2734 2743 2744
f 2734 2744 2745
f 2734 2745 2735
f 2746 2747 2748
f 2746 2748 2740
f 2746 2740 2739
f 2746 2739 2749
f 2748 2747 2743
f 2748 2743 2742
f 2742 2734 2733
f 2742 2733 2741
f 2742 2741 2740
f 2742 2740 2748
f 2750 2751 2733
f 2750 2733 2732
f 2750 2732 2738
f 2750 2478 2477
f 2750 2477 2723
f 2750 2723 2751
f 2725 2752 2612
f 2725 2612 2615
f 2737 2736 2741
f 2737 2741 2753
f 2737 2753 2754
f 2474 2479 2754
f 2474 2754 2753
f 2474 2753 2726
f 2755 2727 2622
f 2755 2622 2621
f 2756 2728 2727
f 2756 2727 2755
f 2757 2756 2755
f 2757 2755 2621
f 2757 2621 2629
f 2757 2629 2628
f 2627 2722 2757
f 2627 2757 2628
f 2757 2722 2487
f 2757 2487 2490
f 2757 2490 2756
f 2490 2485 2728
f 2490 2728 2756
f 2751 2723 2726
f 2751 2726 2753
f 2751 2753 2741
f 2751 2741 2733
f 2738 2737 2754
f 2738 2754 2750
f 2479 2478 2750
f 2479 2750 2754
f 2612 2752 2758
f 2612 2758 2759
f 2612 2759 2613
f 2758 2481 2480
f 2758 2480 2759
f 2634 2614 2613
f 2634 2613 2759
f 2634 2759 2480
f 2634 2480 2469
f 2634 2469 2468
f 2724 2758 2752
f 2724 2752 2725
f 2482 2481 2758
f 2482 2758 2724
f 723 2760 2746
f 723 2746 2749
f 723 2749 724
f 729 2761 2762
f 729 2762 2763
f 729 2763 730
f 726 725 2764
f 726 2764 2765
f 726 2765 2766
f 726 2766 2767
f 2766 2762 2761
f 2766 2761 2767
f 2764 2736 2732
f 2764 2732 2735
f 2764 2735 2745
f 2764 2745 2765
f 2764 725 724
f 2764 724 2749
f 2764 2749 2739
f 2764 2739 2736
f 2766 2765 2768
f 2766 2768 2769
f 2766 2769 2763
f 2766 2763 2762
f 2744 2768 2765
f 2744 2765 2745
f 2760 2768 2744
f 2760 2744 2743
f 2760 2743 2747
f 2760 2747 2746
f 2768 2760 723
f 2768 723 728
f 2768 728 731
f 2768 731 2769
f 731 730 2763
f 731 2763 2769
f 2770 2448 2656
f 2770 2656 2436
f 2770 2436 2771
f 2770 2771 2772
f 2770 2772 2773
f 2770 2773 806
f 806 805 2774
f 806 2774 2775
f 806 2775 2770
f 2770 2775 2444
f 2770 2444 2448
f 1136 2776 2774
f 1136 2774 805
f 1136 805 804
f 1135 2777 2776
f 1135 2776 1136
f 2778 2774 2776
f 2778 2776 2777
f 2779 2435 2444
f 2779 2444 2775
f 2779 2775 2774
f 2779 2774 2778
f 2771 2779 2778
f 2771 2778 2772
f 2436 2435 2779
f 2436 2779 2771
f 2772 2778 2777
f 2772 2777 1135
f 2772 1135 1145
f 2772 1145 2773
f 2431 2780 2781
f 2431 2781 2782
f 2431 2782 2783
f 2431 2783 2420
f 2784 2785 182
f 2784 182 187
f 2784 187 2786
f 2784 2786 2787
f 2788 2789 2790
f 2788 2790 2784
f 2788 2784 2787
f 2791 2792 2793
f 2791 2793 2794
f 2791 2794 2795
f 2791 2795 2796
f 2797 2798 2799
f 2797 2799 2800
f 2801 2800 2799
f 2801 2799 2802
f 2797 2803 2804
f 2797 2804 2805
f 2797 2805 2793
f 2797 2793 2792
f 2797 2792 2798
f 2806 2807 2804
f 2806 2804 2803
f 2806 2803 2801
f 2806 2801 2802
f 2806 2802 2808
f 2806 2808 2809
f 2810 2807 2806
f 2810 2806 2811
f 2810 2811 2812
f 2810 2812 2813
f 2810 2813 2814
f 2815 2816 2783
f 2815 2783 2782
f 2815 2782 2817
f 2815 2817 2796
f 2815 2796 2795
f 2818 2819 2815
f 2818 2815 2795
f 2818 2795 2794
f 2818 2794 2820
f 787 790 2821
f 2821 2822 2823
f 2821 2823 2820
f 2821 2820 2794
f 2821 2794 2793
f 2821 2793 2805
f 2821 2805 2824
f 2805 2804 2807
f 2805 2807 2810
f 2805 2810 2824
f 2420 2783 2816
f 2420 2816 2825
f 2420 2825 2421
f 2808 2802 2799
f 2808 2799 2798
f 2808 2798 2792
f 2808 2792 2791
f 2808 2791 2826
f 2808 2826 142
f 2808 142 141
f 140 147 2827
f 140 2827 2828
f 140 2828 2829
f 140 2829 2809
f 140 2809 2808
f 140 2808 141
f 2828 2830 2812
f 2828 2812 2811
f 2828 2811 2829
f 2831 2827 147
f 2831 147 146
f 2831 146 153
f 2831 153 2832
f 2831 2832 2833
f 2834 2813 2812
f 2834 2812 2830
f 2834 2830 2831
f 2834 2831 2833
f 2834 2833 2835
f 2834 2835 2836
f 2836 2837 2838
f 2836 2838 2834
f 2839 2840 2841
f 2839 2841 2842
f 2839 2842 2843
f 2839 2843 2844
f 2843 180 172
f 2843 172 168
f 2843 168 167
f 2843 167 177
f 2843 177 2844
f 2845 2846 2847
f 2845 2847 2848
f 2845 2848 2849
f 2845 2849 2850
f 2849 198 191
f 2849 191 190
f 2849 190 2850
f 2784 2790 2851
f 2784 2851 2852
f 2784 2852 2853
f 2784 2853 2785
f 2853 183 182
f 2853 182 2785
f 159 158 2854
f 159 2854 2855
f 2856 2857 2858
f 2856 2858 2859
f 2860 2861 2862
f 2860 2862 2863
f 2860 2863 2864
f 2865 2866 2860
f 2865 2860 2864
f 2867 2868 2869
f 2867 2869 2870
f 2867 2870 2871
f 2867 2871 2872
f 2864 2863 2868
f 2864 2868 2867
f 2864 2867 2873
f 2864 2873 2865
f 2874 2875 2869
f 2874 2869 2868
f 2874 2868 2863
f 2874 2863 2862
f 2874 2862 2876
f 2877 2878 2879
f 2877 2879 2870
f 2877 2870 2869
f 2877 2869 2875
f 2879 2880 2871
f 2879 2871 2870
f 1823 2116 2115
f 1823 2115 2880
f 1823 2880 2879
f 1823 2879 2878
f 1823 2878 2881
f 2877 2882 2881
f 2877 2881 2878
f 2883 2884 160
f 2883 160 159
f 2883 159 2855
f 2883 2855 2856
f 2883 2856 2859
f 161 160 2884
f 161 2884 2885
f 161 2885 2886
f 161 2886 2887
f 161 2887 2888
f 161 2888 162
f 2889 2890 2887
f 2889 2887 2886
f 2889 2886 2891
f 2889 2891 2866
f 2889 2866 2865
f 2889 2865 2873
f 2892 2893 163
f 2892 163 162
f 2892 162 2888
f 2887 2890 2894
f 2887 2894 2895
f 2887 2895 2892
f 2887 2892 2888
f 2896 2897 2898
f 2896 2898 2899
f 2896 2899 2900
f 2896 2900 2901
f 2896 2901 2902
f 2896 2902 2903
f 2896 2903 2904
f 2896 2904 2895
f 2896 2895 2894
f 786 2905 2906
f 786 2906 2872
f 786 2872 2871
f 786 2871 2880
f 786 2880 2115
f 2894 2890 2907
f 2894 2907 2908
f 2894 2908 2896
f 2909 2910 2907
f 2909 2907 2890
f 2909 2890 2889
f 2911 2912 2897
f 2911 2897 2896
f 2911 2896 2908
f 2911 2908 2913
f 2897 2912 2914
f 2897 2914 2898
f 2898 2914 2915
f 2898 2915 2916
f 2898 2916 2917
f 2898 2917 2899
f 2918 2786 187
f 2918 187 186
f 2918 186 194
f 2918 194 193
f 2919 2920 2921
f 2919 2921 2922
f 2919 2922 2788
f 2919 2788 2787
f 2919 2787 2786
f 2919 2786 2918
f 2919 2918 2923
f 2919 2923 2900
f 2919 2900 2899
f 2919 2899 2917
f 2924 2919 2917
f 2924 2917 2916
f 2920 2925 2926
f 2920 2926 2921
f 2922 2927 2789
f 2922 2789 2788
f 2928 2929 2930
f 2931 2932 2933
f 2931 2933 181
f 2931 181 180
f 2931 180 2843
f 2931 2843 2842
f 2841 2930 2929
f 2841 2929 2934
f 2841 2934 2931
f 2841 2931 2842
f 2913 2908 2935
f 2913 2935 2936
f 2933 166 181
f 2937 2938 2939
f 2937 2939 2940
f 2941 164 165
f 2941 165 2939
f 2941 2939 2938
f 2941 164 163
f 2941 163 2893
f 2942 2943 2944
f 2845 2850 190
f 2845 190 189
f 2845 189 2945
f 2845 2945 2946
f 2845 2946 2947
f 2944 2943 2846
f 2944 2846 2845
f 2944 2845 2947
f 2921 2926 2948
f 2921 2948 2949
f 188 2945 189
f 2950 2951 2952
f 2950 2952 2851
f 2950 2851 2790
f 2950 2790 2789
f 2950 2789 2927
f 2951 2950 2948
f 2951 2948 2942
f 2953 2949 2948
f 2953 2948 2950
f 2954 2955 2944
f 2954 2944 2947
f 2954 2947 2946
f 2954 2946 2956
f 2946 2945 2957
f 2946 2957 2956
f 2954 2956 2957
f 2954 2957 184
f 2954 184 183
f 2954 183 2853
f 2954 2853 2852
f 2851 2952 2955
f 2851 2955 2954
f 2851 2954 2852
f 2957 185 184
f 2952 2951 2955
f 2945 188 185
f 2945 185 2957
f 2951 2942 2944
f 2951 2944 2955
f 2922 2921 2949
f 2922 2949 2953
f 2927 2922 2953
f 2927 2953 2950
f 2943 2942 2948
f 2943 2948 2958
f 2943 2958 2959
f 2943 2959 2960
f 2943 2960 2961
f 2943 2961 2962
f 2943 2962 2847
f 2943 2847 2846
f 2963 2964 2961
f 2963 2961 2960
f 2948 2926 2925
f 2948 2925 2958
f 2963 2960 2959
f 2963 2959 2924
f 2963 2924 2916
f 2963 2916 2915
f 2963 2915 2965
f 2966 2964 2963
f 2966 2963 2965
f 2966 2965 2967
f 2966 2967 2936
f 2966 2936 2928
f 2966 2928 2930
f 2966 2930 2841
f 2966 2841 2840
f 2967 2911 2913
f 2967 2913 2936
f 2968 2964 2966
f 195 179 2969
f 195 2969 2970
f 2839 2844 177
f 2839 177 176
f 2839 176 2971
f 2839 2971 2972
f 2839 2972 2973
f 2968 2966 2840
f 2968 2840 2839
f 2968 2839 2973
f 175 2971 176
f 2974 2975 2959
f 2974 2959 2958
f 2962 2961 2976
f 2977 2978 2979
f 2977 2979 199
f 2977 199 198
f 2977 198 2849
f 2977 2849 2848
f 2847 2962 2976
f 2847 2976 2977
f 2847 2977 2848
f 2979 197 199
f 2977 2976 2968
f 2977 2968 2973
f 2977 2973 2972
f 2977 2972 2978
f 2972 2971 2979
f 2972 2979 2978
f 2961 2964 2968
f 2961 2968 2976
f 2971 175 197
f 2971 197 2979
f 2918 2980 2981
f 2918 2981 2923
f 2923 2981 2982
f 2923 2982 2970
f 2923 2970 2900
f 2920 2919 2975
f 2920 2975 2974
f 2925 2920 2974
f 2925 2974 2958
f 2919 2924 2959
f 2919 2959 2975
f 196 195 2970
f 196 2970 2982
f 193 192 2980
f 193 2980 2918
f 200 196 2982
f 200 2982 2981
f 192 200 2981
f 192 2981 2980
f 2902 2983 2984
f 2902 2984 2985
f 2902 2985 2903
f 2900 2970 2969
f 2900 2969 2986
f 2900 2986 2901
f 2901 2986 2987
f 2901 2987 2983
f 2901 2983 2902
f 2903 2985 2988
f 2903 2988 2937
f 2903 2937 2904
f 2989 2990 2967
f 2989 2967 2965
f 2914 2912 2990
f 2914 2990 2989
f 2912 2911 2967
f 2912 2967 2990
f 2915 2914 2989
f 2915 2989 2965
f 2941 2938 2937
f 2941 2937 2988
f 2941 2988 173
f 2941 173 164
f 178 171 2987
f 178 2987 2986
f 179 178 2986
f 179 2986 2969
f 170 169 2984
f 170 2984 2983
f 171 170 2983
f 171 2983 2987
f 2988 2985 174
f 2988 174 173
f 169 174 2985
f 169 2985 2984
f 2421 2825 2991
f 2421 2991 2430
f 2992 2991 2825
f 2992 2825 2816
f 2826 2791 2796
f 2826 2796 2993
f 2826 2993 2994
f 2826 2994 2995
f 2826 2995 2996
f 143 142 2826
f 143 2826 2996
f 2997 151 166
f 2997 166 2933
f 2832 153 152
f 2832 152 2997
f 151 2997 152
f 2998 2999 3000
f 2998 3000 2874
f 2998 2874 2876
f 2820 2823 3000
f 2820 3000 2999
f 2820 2999 3001
f 2822 2821 3002
f 2822 3002 3003
f 2822 3003 3004
f 2822 3004 3005
f 2822 3005 2882
f 2822 2882 2877
f 2822 2877 2875
f 2822 2875 2874
f 2822 2874 3000
f 2822 3000 2823
f 788 787 2821
f 788 2821 3002
f 2834 2889 2873
f 2834 2873 3006
f 2834 3006 2813
f 2814 2813 3006
f 2814 3006 3007
f 785 2114 1703
f 785 1703 3008
f 785 3008 2905
f 785 2905 786
f 3009 3010 2837
f 3009 2837 2836
f 3009 2836 3011
f 3009 3012 3010
f 2907 2910 3013
f 2907 3013 3014
f 2935 3014 3013
f 2935 3013 2936
f 2928 2936 3013
f 2928 3013 3012
f 2929 3009 3011
f 2929 3011 2934
f 3012 3009 2929
f 3012 2929 2928
f 2908 2907 3014
f 2908 3014 2935
f 2838 2837 3010
f 2838 3010 3012
f 2838 3012 3013
f 2838 3013 2910
f 2838 2910 2909
f 2889 2834 2838
f 2889 2838 2909
f 1693 3015 3016
f 1693 3016 3008
f 1693 3008 1703
f 3008 3016 2906
f 3008 2906 2905
f 3016 3015 3017
f 3016 3017 2872
f 3016 2872 2906
f 1692 3015 1693
f 3018 3004 3003
f 3018 3003 3007
f 3018 3007 3006
f 3003 3002 2821
f 3003 2821 2824
f 3003 2824 2810
f 3003 2810 2814
f 3003 2814 3007
f 3019 3018 3006
f 3019 3006 2873
f 3019 2873 2867
f 3005 3020 2881
f 3005 2881 2882
f 3020 3005 3004
f 3020 3004 3018
f 3020 3018 3019
f 1821 3020 3019
f 1821 3019 3017
f 1692 1821 3017
f 1692 3017 3015
f 3017 3019 2867
f 3017 2867 2872
f 3020 1821 1823
f 3020 1823 2881
f 3021 3022 3023
f 3021 3023 2995
f 3021 2995 2994
f 3024 3025 3026
f 3024 3026 3027
f 3022 3028 3029
f 3022 3029 3025
f 3022 3025 3024
f 3022 3024 3023
f 3030 3031 3032
f 3030 3032 3024
f 3030 3024 3027
f 3028 3001 2999
f 3028 2999 3033
f 3028 3033 3029
f 3001 3028 3022
f 3001 3022 3021
f 3034 3035 3036
f 3034 3036 3037
f 2940 2939 3038
f 2940 3038 3039
f 2940 3039 3040
f 144 143 2996
f 144 2996 2995
f 144 2995 3023
f 144 3023 3024
f 144 3024 3032
f 148 145 144
f 148 144 3032
f 148 3032 3031
f 148 3031 3036
f 148 3036 3035
f 148 3035 3039
f 148 3039 3038
f 2939 165 150
f 2939 150 149
f 2939 149 148
f 2939 148 3038
f 3031 3030 2806
f 3031 2806 2809
f 3040 3039 2827
f 3040 2827 2831
f 2835 2833 2832
f 2835 2832 2997
f 2835 2997 3041
f 2835 3041 3042
f 2836 2835 3042
f 2836 3042 3011
f 3011 3042 3041
f 3011 3041 2932
f 3011 2932 2931
f 3011 2931 2934
f 3041 2997 2933
f 3041 2933 2932
f 3034 3043 3040
f 3034 3040 2831
f 3034 2831 2830
f 3030 3037 2811
f 3030 2811 2806
f 3037 3036 2829
f 3037 2829 2811
f 3035 3034 2830
f 3035 2830 2828
f 3039 3035 2828
f 3039 2828 2827
f 3036 3031 2809
f 3036 2809 2829
f 3025 3029 2797
f 3025 2797 2800
f 3029 3033 2803
f 3029 2803 2797
f 3033 3026 2801
f 3033 2801 2803
f 3026 3025 2800
f 3026 2800 2801
f 2895 2904 2937
f 2895 2937 3044
f 3043 3034 3037
f 3043 3037 3030
f 3043 3030 3027
f 3043 3027 3045
f 3043 3045 3046
f 3047 3048 3044
f 3047 3044 2937
f 3047 2937 2940
f 3047 2940 3040
f 3047 3040 3043
f 3047 3043 3046
f 2860 2866 2891
f 2860 2891 3047
f 2860 3047 3046
f 2860 3046 3045
f 2860 3045 2861
f 2891 2886 3048
f 2891 3048 3047
f 2998 2876 2862
f 2998 2862 2861
f 2998 2861 3045
f 3026 3033 2999
f 3026 2999 2998
f 3026 2998 3045
f 3026 3045 3027
f 2885 3049 3050
f 2885 3050 3048
f 2885 3048 2886
f 164 2941 3051
f 164 3051 3050
f 164 3050 3049
f 164 3049 154
f 3051 3044 3048
f 3051 3048 3050
f 2892 2895 3044
f 2892 3044 3051
f 2893 2892 3051
f 2893 3051 2941
f 3052 3053 2858
f 3052 2858 2857
f 3054 3055 3056
f 3054 3056 3057
f 157 3058 2854
f 157 2854 158
f 3059 3060 3061
f 3059 3061 2883
f 3059 2883 2859
f 3059 2859 2858
f 3059 2858 3053
f 2855 3062 3063
f 2855 3063 3064
f 2855 3064 3065
f 2855 3065 2856
f 3066 3067 3063
f 3066 3063 3062
f 3066 3062 3068
f 3064 3069 3070
f 3064 3070 3071
f 3064 3071 3065
f 3070 3069 3067
f 3070 3067 3066
f 3072 3061 3060
f 3072 3060 3073
f 154 3049 3072
f 154 3072 3073
f 154 3073 155
f 3073 3060 3059
f 3073 3059 3071
f 3073 3071 3070
f 3073 3070 3066
f 3073 3066 3068
f 3073 3068 156
f 3073 156 155
f 2884 2883 3061
f 2884 3061 3072
f 2885 2884 3072
f 2885 3072 3049
f 3063 3067 3074
f 3063 3074 3075
f 3075 3074 3076
f 3075 3076 3077
f 3077 3076 3055
f 3077 3055 3054
f 3057 3056 3078
f 3057 3078 3079
f 3079 3078 3080
f 3079 3080 3081
f 3081 3080 3069
f 3081 3069 3064
f 3059 3053 3052
f 3059 3052 3071
f 3065 3071 3052
f 3065 3052 2857
f 3065 2857 2856
f 3069 3080 3074
f 3069 3074 3067
f 3078 3056 3055
f 3078 3055 3076
f 3080 3078 3076
f 3080 3076 3074
f 3077 3054 3057
f 3077 3057 3079
f 3075 3077 3079
f 3075 3079 3081
f 3063 3075 3081
f 3063 3081 3064
f 3080 3074 3075
f 3080 3075 3081
f 3081 3075 3074
f 3081 3074 3080
f 3076 3078 3079
f 3076 3079 3077
f 3077 3079 3078
f 3077 3078 3076
f 157 156 3068
f 157 3068 3058
f 3058 3068 3062
f 3058 3062 2855
f 3058 2855 2854
f 2815 2819 3082
f 2815 3082 2992
f 2815 2992 2816
f 789 788 3002
f 3002 2821 790
f 3002 790 789
f 2993 3083 3021
f 2993 3021 2994
f 2992 3082 3084
f 2992 3084 3083
f 2992 3083 2993
f 2992 2993 3085
f 3084 3086 3001
f 3084 3001 3021
f 3084 3021 3083
f 3084 3082 2819
f 3084 2819 2818
f 3084 2818 3086
f 2818 2820 3001
f 2818 3001 3086
f 2993 3087 3085
f 2993 2796 2817
f 2993 2817 3087
f 2817 2782 2781
f 2817 2781 3087
f 2430 2991 2992
f 2430 2992 2780
f 2430 2780 2431
f 2780 2992 3085
f 2780 3085 3087
f 2780 3087 2781
f 3088 3089 3090
f 3088 3090 3091
f 3088 3091 3092
f 3088 3092 3093
f 833 797 3088
f 833 3088 3093
f 3094 3095 3096
f 3094 3096 3097
f 3094 3097 3098
f 3094 3098 3099
f 3094 3099 3100
f 3101 3102 3094
f 3101 3094 3100
f 3097 3096 3103
f 3097 3103 3104
f 3105 3091 3090
f 3105 3090 3103
f 3105 3103 3106
f 2773 3107 3108
f 2773 3108 3095
f 2773 3095 3094
f 2773 3094 3102
f 2773 3102 806
f 3108 3106 3103
f 3108 3103 3096
f 3108 3096 3095
f 3109 3110 830
f 3109 830 833
f 3109 833 3093
f 3109 3093 3092
f 3091 3105 3109
f 3091 3109 3092
f 3110 3109 3105
f 3110 3105 3106
f 3110 3106 3108
f 3110 3108 3107
f 1145 1095 830
f 1145 830 3110
f 1145 3110 3107
f 1145 3107 2773
f 680 679 3111
f 680 3111 3112
f 680 3112 3113
f 680 3113 3114
f 3115 681 680
f 3115 680 3114
f 3116 3117 3118
f 3116 3118 3119
f 3116 3119 3115
f 3116 3115 3114
f 3116 3114 3113
f 3116 3113 3120
f 3121 3120 3113
f 3121 3113 3112
f 3121 3112 3122
f 3121 3122 3123
f 3122 3112 3111
f 3122 3111 734
f 3122 734 3124
f 3103 3090 3119
f 3103 3119 3118
f 3103 3118 3125
f 3103 3125 3126
f 3103 3126 3104
f 3127 3117 3116
f 3127 3116 3128
f 3128 3116 3120
f 3128 3120 3121
f 3128 3121 3129
f 3126 3125 3130
f 3126 3130 3131
f 3126 3131 3132
f 3131 3130 3133
f 3131 3133 3134
f 3131 3134 3135
f 3131 3135 3136
f 3135 3134 3137
f 3135 3137 3138
f 3135 3138 3139
f 3138 3137 3140
f 3138 3140 3141
f 3138 3141 738
f 3138 738 3142
f 3143 3144 3145
f 3143 3145 3146
f 3143 3146 3101
f 3143 3101 3100
f 3143 3100 3099
f 3143 3099 3147
f 3099 3098 3148
f 3099 3148 3149
f 3099 3149 3147
f 3150 3151 3152
f 3150 3152 3153
f 3150 3153 3154
f 3154 3153 3144
f 3154 3144 3143
f 3154 3143 3155
f 3144 3153 3152
f 3144 3152 3156
f 3144 3156 742
f 3144 742 3157
f 3144 3157 3158
f 3144 3158 3145
f 3159 3155 3143
f 3159 3143 3147
f 3159 3147 3149
f 3159 3149 3160
f 3159 3160 3161
f 3159 3161 3162
f 3159 3162 3163
f 3159 3163 3151
f 3159 3151 3150
f 3164 3165 3166
f 3164 3166 3167
f 3164 3167 3168
f 3164 3168 3169
f 796 799 3164
f 796 3164 3169
f 3166 3125 3118
f 3166 3118 3167
f 3170 3171 3126
f 3170 3126 3132
f 806 3102 3172
f 806 3172 807
f 3089 3088 797
f 3089 797 795
f 3089 795 3173
f 3089 3173 3174
f 3119 3090 3089
f 3119 3089 3174
f 688 681 3115
f 688 3115 3175
f 792 673 688
f 792 688 3175
f 3175 3115 3119
f 3175 3119 3174
f 3175 3174 3173
f 795 792 3175
f 795 3175 3173
f 3101 3146 3172
f 3101 3172 3102
f 3170 3148 3098
f 3170 3098 3097
f 3170 3097 3171
f 3104 3126 3171
f 3104 3171 3097
f 3176 3177 3178
f 3176 3178 3179
f 3176 3179 3180
f 3181 3149 3148
f 3181 3148 3170
f 3181 3170 3182
f 3178 3177 3183
f 3178 3183 3184
f 3178 3184 3185
f 3186 3187 3185
f 3186 3185 3184
f 3186 3184 3188
f 3189 3190 3187
f 3189 3187 3186
f 3189 3186 3191
f 732 3192 3190
f 732 3190 3189
f 732 3189 733
f 3193 3162 3161
f 3193 3161 3160
f 3193 3160 3194
f 3193 3194 3195
f 736 3163 3162
f 736 3162 3193
f 736 3193 737
f 3194 3160 3149
f 3194 3149 3181
f 3194 3181 3196
f 3197 3198 826
f 3197 826 816
f 3199 3200 3201
f 3199 3201 3202
f 3203 3204 3205
f 3203 3205 3206
f 3207 3208 3209
f 3207 3209 3210
f 3207 3210 3211
f 3212 3209 3208
f 3212 3208 3213
f 3212 3213 3214
f 640 639 3210
f 640 3210 3209
f 640 3209 3212
f 3215 3216 3217
f 3215 3217 3218
f 3213 3165 3164
f 3213 3164 799
f 3213 799 802
f 3213 802 3214
f 3214 802 801
f 3214 801 3215
f 3214 3215 3218
f 3217 3216 793
f 3217 793 794
f 3217 794 796
f 3217 796 3169
f 3217 3169 3168
f 819 3219 3220
f 819 3220 820
f 3215 3221 747
f 3215 747 3216
f 3221 3215 801
f 3221 801 809
f 3221 809 815
f 3221 815 822
f 3216 747 750
f 3216 750 793
f 3198 3222 811
f 3198 811 826
f 3223 3224 3225
f 3223 3225 3226
f 3223 3226 3227
f 3227 3226 3228
f 3227 3228 3229
f 740 746 3220
f 740 3220 3219
f 740 3219 3224
f 740 3224 3223
f 3223 3227 3229
f 3223 3229 3222
f 3223 3222 3198
f 3223 3198 741
f 3223 741 740
f 3229 3228 813
f 3229 813 812
f 3222 3229 812
f 3222 812 811
f 3226 3225 824
f 3226 824 823
f 3228 3226 823
f 3228 823 813
f 3224 3219 819
f 3224 819 825
f 3225 3224 825
f 3225 825 824
f 656 655 3230
f 656 3230 3231
f 3210 639 656
f 3210 656 3231
f 3210 3231 3201
f 3210 3201 3211
f 3230 655 646
f 3230 646 3232
f 3230 3232 3233
f 3230 3233 3200
f 3234 3203 3235
f 3234 3235 3236
f 3206 3237 3208
f 3206 3208 3207
f 643 640 3212
f 643 3212 3238
f 3179 3239 3240
f 3179 3240 3214
f 3179 3214 3218
f 3241 3242 3166
f 3241 3166 3165
f 3241 3165 3213
f 3239 3242 3241
f 3239 3241 3240
f 3217 3180 3179
f 3217 3179 3218
f 3167 3180 3217
f 3167 3217 3168
f 3240 3241 3236
f 3240 3236 3238
f 3241 3213 3208
f 3241 3208 3237
f 3241 3237 3234
f 3241 3234 3236
f 3214 3240 3238
f 3214 3238 3212
f 3232 3243 3236
f 3232 3236 3235
f 3232 3235 3233
f 3236 3243 3238
f 646 643 3238
f 646 3238 3243
f 646 3243 3232
f 3230 3244 3245
f 3230 3245 3231
f 3205 3204 3246
f 3205 3246 3247
f 3234 3237 3247
f 3234 3247 3246
f 3237 3206 3205
f 3237 3205 3247
f 3204 3203 3234
f 3204 3234 3246
f 3244 3230 3200
f 3244 3200 3199
f 3231 3245 3202
f 3231 3202 3201
f 3245 3244 3199
f 3245 3199 3202
f 3150 3154 3207
f 3150 3207 3211
f 3248 3197 816
f 3248 816 817
f 3146 3145 3249
f 3146 3249 3172
f 3249 3145 3158
f 3249 3158 3248
f 3249 3248 3250
f 3249 3250 800
f 3249 800 808
f 3172 3249 808
f 3172 808 807
f 3250 3248 817
f 3250 817 800
f 3198 3157 742
f 3198 742 741
f 3248 3158 3157
f 3248 3157 3198
f 3248 3198 3197
f 3201 3200 3233
f 3201 3233 3159
f 3201 3159 3150
f 3201 3150 3211
f 3235 3155 3159
f 3235 3159 3233
f 3203 3206 3207
f 3203 3207 3154
f 3203 3154 3155
f 3203 3155 3235
f 3130 3125 3166
f 3130 3166 3242
f 3130 3242 3239
f 3130 3239 3179
f 3130 3179 3178
f 3130 3178 3133
f 3183 3177 3127
f 3183 3127 3128
f 3177 3176 3117
f 3177 3117 3127
f 3117 3176 3180
f 3117 3180 3167
f 3117 3167 3118
f 3181 3182 3131
f 3181 3131 3136
f 3132 3131 3182
f 3132 3182 3170
f 3136 3135 3196
f 3136 3196 3181
f 3137 3134 3133
f 3137 3133 3178
f 3137 3178 3185
f 3137 3185 3187
f 3137 3187 3190
f 3137 3190 3192
f 3137 3192 3140
f 3189 3191 3122
f 3189 3122 3124
f 3186 3188 3121
f 3186 3121 3123
f 3184 3183 3128
f 3184 3128 3129
f 3188 3184 3129
f 3188 3129 3121
f 3191 3186 3123
f 3191 3123 3122
f 733 3189 3124
f 733 3124 734
f 3193 3195 3138
f 3193 3138 3142
f 3194 3196 3135
f 3194 3135 3139
f 3139 3138 3195
f 3139 3195 3194
f 3142 738 737
f 3142 737 3193
f 980 529 528
f 980 528 981
f 980 1061 530
f 980 530 529
f 528 527 1055
f 528 1055 981
f 527 526 1055
f 525 530 1061
f 3251 756 2603
f 751 3252 2602
f 751 756 3251
f 751 3251 3252
f 3253 3254 3255
f 3253 3255 3256
f 3253 3256 3257
f 3253 3257 3258
f 3253 3258 3259
f 3253 3259 3260
f 726 3261 3262
f 726 3262 727
f 3263 3259 3258
f 3263 3258 3264
f 3265 3262 3261
f 3265 3261 3266
f 3265 3266 3263
f 3265 3263 3264
f 3265 3264 3267
f 3265 3267 3268
f 3265 3268 3269
f 3270 3271 3272
f 3270 3272 3273
f 3270 3273 3274
f 3270 3274 3275
f 3276 3277 3278
f 3276 3278 3279
f 3276 3279 3280
f 3276 3280 3281
f 3276 3281 3282
f 3276 3282 3283
f 3284 3285 3286
f 3284 3286 3276
f 3284 3276 3283
f 3287 3285 3284
f 3287 3284 3288
f 3287 3288 3289
f 3290 3291 3270
f 3290 3270 3275
f 3290 3275 3292
f 3293 3294 3295
f 3293 3295 3296
f 3297 3298 3296
f 3297 3296 3295
f 3297 3295 3287
f 3297 3287 3289
f 3297 3289 3299
f 3297 3299 3300
f 3294 3293 3301
f 3294 3301 3302
f 3294 3302 3303
f 3294 3303 3304
f 3294 3304 3305
f 3294 3305 3291
f 3294 3291 3290
f 3306 3290 3292
f 3306 3292 3307
f 3295 3308 3309
f 3295 3309 3287
f 3310 3311 617
f 3310 617 3312
f 3310 3312 3313
f 3308 3314 3315
f 3308 3315 3309
f 3316 3317 3318
f 3316 3318 3319
f 3316 3319 3320
f 3316 3320 3321
f 3316 3321 3322
f 3320 3311 3310
f 3320 3310 3323
f 3320 3323 3321
f 3314 3316 3322
f 3314 3322 3315
f 3324 3306 3307
f 3324 3307 622
f 3324 622 3318
f 3324 3318 3317
f 3316 3324 3317
f 3324 3316 3314
f 3324 3314 3294
f 3324 3294 3290
f 3324 3290 3306
f 3294 3314 3308
f 3294 3308 3295
f 621 3325 3318
f 621 3318 622
f 3323 3310 3313
f 3323 3313 3277
f 3323 3277 3276
f 3286 3315 3322
f 3286 3322 3321
f 3286 3321 3323
f 3286 3323 3276
f 3285 3287 3309
f 3285 3309 3315
f 3285 3315 3286
f 3326 618 617
f 3326 617 3311
f 3327 3328 3326
f 3327 3326 3311
f 3327 3311 3320
f 3327 3320 3319
f 3318 3325 3327
f 3318 3327 3319
f 3327 3325 621
f 3327 621 620
f 3327 620 619
f 3327 619 3328
f 619 618 3326
f 619 3326 3328
f 3329 3330 3331
f 3329 3331 3332
f 3333 3329 3332
f 3333 3332 3334
f 3335 3336 3337
f 3335 3337 3338
f 3336 3339 3340
f 3336 3340 3337
f 3341 3340 3339
f 3341 3339 3342
f 3341 3342 3343
f 3341 3343 3344
f 3343 3345 3333
f 3343 3333 3334
f 3343 3334 3344
f 3346 3347 3348
f 3346 3348 3330
f 3346 3330 3329
f 3346 3329 3333
f 3346 3333 3345
f 3349 3350 3346
f 3349 3346 3345
f 3349 3345 3343
f 3349 3343 3342
f 3339 3336 3335
f 3339 3335 3351
f 3339 3351 3349
f 3339 3349 3342
f 3349 3351 3352
f 3349 3352 3353
f 3349 3353 3354
f 3349 3354 3355
f 3349 3355 3350
f 3355 3356 3357
f 3355 3357 3347
f 3355 3347 3346
f 3355 3346 3350
f 3357 3358 3348
f 3357 3348 3347
f 3359 3360 3361
f 3359 3361 3358
f 3359 3358 3357
f 3359 3357 3356
f 3362 3363 3359
f 3362 3359 3356
f 3362 3356 3355
f 3362 3355 3354
f 3353 3364 3362
f 3353 3362 3354
f 3362 3364 3365
f 3362 3365 3366
f 3362 3366 3363
f 3366 3367 3368
f 3366 3368 3360
f 3366 3360 3359
f 3366 3359 3363
f 3368 3369 3361
f 3368 3361 3360
f 3370 3371 3372
f 3370 3372 3373
f 3370 3373 3374
f 3371 3370 3375
f 3371 3375 3376
f 3377 3378 3379
f 3377 3379 3380
f 3377 3380 3376
f 3377 3376 3375
f 3377 3375 3381
f 3377 3381 3382
f 3373 3372 3383
f 3373 3383 3384
f 3373 3384 3385
f 3373 3385 3386
f 3297 3384 3383
f 3297 3383 3298
f 3385 3300 3299
f 3385 3299 3386
f 3384 3297 3300
f 3384 3300 3385
f 2600 3374 3381
f 2600 3381 2601
f 3251 3375 3370
f 3251 3370 3252
f 3375 3251 2603
f 3375 2603 2601
f 3375 2601 3381
f 2602 3252 3370
f 2602 3370 3374
f 2602 3374 2600
f 3387 3372 3371
f 3387 3371 3376
f 3387 3376 3380
f 3387 3380 3388
f 3372 3387 3383
f 3383 3387 3296
f 3383 3296 3298
f 3381 3374 3373
f 3381 3373 3389
f 3381 3389 3390
f 3381 3390 3382
f 3373 3386 3389
f 3299 3289 3288
f 3299 3288 3389
f 3299 3389 3386
f 3391 3304 3303
f 3391 3303 3392
f 3391 3392 3393
f 3394 3302 3301
f 3394 3301 3395
f 3394 3395 3396
f 3395 3301 3293
f 3395 3293 3397
f 3395 3397 3398
f 3392 3303 3302
f 3392 3302 3394
f 3392 3394 3399
f 3400 3305 3304
f 3400 3304 3391
f 3400 3391 3401
f 3271 3270 3291
f 3271 3291 3305
f 3271 3305 3400
f 3397 3388 3380
f 3397 3380 3379
f 3293 3296 3387
f 3293 3387 3388
f 3293 3388 3397
f 3281 3280 3402
f 3281 3402 3403
f 3402 3361 3369
f 3402 3369 3404
f 3402 3404 3403
f 3405 3282 3281
f 3405 3281 3403
f 3406 3407 3405
f 3406 3405 3403
f 3406 3403 3404
f 3408 3284 3283
f 3408 3283 3282
f 3408 3282 3405
f 3408 3405 3407
f 3408 3407 3409
f 3377 3382 3390
f 3377 3390 3409
f 3389 3408 3409
f 3389 3409 3390
f 3288 3284 3408
f 3288 3408 3389
f 3410 3411 3412
f 3410 3412 3413
f 3271 3400 3411
f 3271 3411 3410
f 3271 3410 3272
f 3399 3394 3414
f 3399 3414 3415
f 3393 3392 3416
f 3393 3416 3417
f 3401 3391 3418
f 3401 3418 3419
f 3420 3413 3412
f 3420 3412 3419
f 3411 3400 3401
f 3411 3401 3419
f 3411 3419 3412
f 3391 3393 3417
f 3391 3417 3418
f 3419 3418 3417
f 3419 3417 3421
f 3419 3421 3420
f 3392 3399 3415
f 3392 3415 3416
f 3422 3423 3421
f 3422 3421 3417
f 3422 3417 3416
f 3422 3416 3415
f 3424 3407 3406
f 3424 3406 3425
f 3424 3425 3426
f 3427 3428 3424
f 3427 3424 3426
f 3396 3395 3429
f 3396 3429 3430
f 3394 3396 3430
f 3394 3430 3414
f 3431 3432 3409
f 3431 3409 3407
f 3431 3407 3424
f 3432 3378 3377
f 3432 3377 3409
f 3428 3433 3431
f 3428 3431 3424
f 3432 3431 3433
f 3432 3433 3434
f 3432 3434 3397
f 3432 3397 3379
f 3432 3379 3378
f 3398 3397 3434
f 3428 3430 3429
f 3428 3429 3433
f 3395 3398 3434
f 3395 3434 3433
f 3395 3433 3429
f 3435 3436 3404
f 3435 3404 3369
f 3435 3369 3368
f 3435 3368 3367
f 3366 3365 3437
f 3366 3437 3435
f 3366 3435 3367
f 3435 3437 3427
f 3435 3427 3426
f 3435 3426 3425
f 3435 3425 3436
f 3425 3406 3404
f 3425 3404 3436
f 3437 3422 3415
f 3437 3415 3414
f 3437 3414 3430
f 3437 3430 3428
f 3437 3428 3427
f 3423 3422 3437
f 3423 3437 3365
f 3423 3365 3364
f 3351 3438 3439
f 3351 3439 3352
f 3410 3439 3438
f 3410 3438 3273
f 3410 3273 3272
f 3280 3279 3440
f 3280 3440 3402
f 3440 3348 3358
f 3440 3358 3361
f 3440 3361 3402
f 3439 3410 3413
f 3420 3421 3423
f 3420 3423 3364
f 3420 3364 3353
f 3420 3353 3352
f 3420 3352 3439
f 3420 3439 3413
f 3338 626 625
f 3338 625 3441
f 3338 3441 3438
f 3338 3438 3351
f 3338 3351 3335
f 3438 3441 3274
f 3438 3274 3273
f 3279 3278 3442
f 3279 3442 3440
f 3442 3331 3330
f 3442 3330 3348
f 3442 3348 3440
f 3443 3444 3445
f 3443 3445 3446
f 3447 3448 3449
f 3447 3449 3450
f 3450 3449 3451
f 3450 3451 3452
f 3453 3454 3455
f 3453 3455 3456
f 3453 3456 3457
f 3458 3459 3460
f 3458 3460 3461
f 3458 3461 3462
f 3463 3447 3450
f 3463 3450 3452
f 3463 3452 3453
f 3463 3453 3457
f 3463 3457 3464
f 3463 3464 3465
f 3454 3458 3462
f 3454 3462 3466
f 3454 3466 3455
f 3459 3467 3468
f 3459 3468 3460
f 3469 3470 3471
f 3469 3471 3472
f 3469 3472 3256
f 3469 3256 3255
f 3469 3255 3473
f 3469 3473 3474
f 3469 3474 3475
f 3469 3475 3476
f 3447 3463 3476
f 3447 3476 3475
f 3477 3257 3256
f 3477 3256 3472
f 3478 3479 3477
f 3478 3477 3472
f 3478 3472 3471
f 3478 3471 3480
f 3478 3480 3481
f 3479 3258 3257
f 3479 3257 3477
f 3469 3476 3463
f 3469 3463 3465
f 3469 3465 3445
f 3469 3445 3444
f 3469 3444 3482
f 3470 3469 3482
f 3470 3482 3483
f 3470 3483 3484
f 3471 3470 3484
f 3471 3484 3485
f 3471 3485 3480
f 3486 3487 3488
f 3486 3488 3269
f 3486 3269 3268
f 3489 3490 3478
f 3489 3478 3259
f 3489 3259 3263
f 3489 3263 3266
f 3261 726 2767
f 3261 2767 2761
f 3261 2761 3489
f 3261 3489 3266
f 3491 3492 3488
f 3491 3488 3487
f 3491 3487 3493
f 3491 3493 3494
f 3489 2761 729
f 3489 729 3491
f 3489 3491 3494
f 3489 3494 3490
f 3493 3487 3486
f 3493 3486 3495
f 3493 3495 3496
f 3490 3494 3493
f 3490 3493 3496
f 3490 3496 3479
f 3490 3479 3478
f 3264 3496 3495
f 3264 3495 3267
f 3267 3495 3486
f 3267 3486 3268
f 3492 3265 3269
f 3492 3269 3488
f 3491 3262 3265
f 3491 3265 3492
f 3491 729 727
f 3491 727 3262
f 3479 3496 3264
f 3479 3264 3258
f 3255 3254 3497
f 3255 3497 3473
f 3498 3499 3500
f 3498 3500 3501
f 3498 3501 3502
f 3503 3504 3499
f 3503 3499 3498
f 3503 3498 3505
f 3446 3506 3507
f 3446 3507 3508
f 3446 3508 3504
f 3446 3504 3503
f 3446 3503 3443
f 3253 3260 3509
f 3253 3509 3501
f 3253 3501 3500
f 3507 3448 3510
f 3507 3510 3508
f 3254 3253 3500
f 3254 3500 3499
f 3254 3499 3504
f 3254 3504 3508
f 3254 3508 3510
f 3254 3510 3511
f 3254 3511 3497
f 3448 3447 3475
f 3448 3475 3510
f 3510 3475 3474
f 3510 3474 3511
f 3511 3474 3473
f 3511 3473 3497
f 3444 3443 3503
f 3444 3503 3482
f 3509 3481 3480
f 3509 3480 3501
f 3260 3259 3478
f 3260 3478 3481
f 3260 3481 3509
f 3502 3485 3484
f 3502 3484 3498
f 3485 3502 3501
f 3485 3501 3480
f 3505 3483 3482
f 3505 3482 3503
f 3483 3505 3498
f 3483 3498 3484
f 3512 3513 3514
f 3512 3514 3515
f 3512 3515 3516
f 3512 3516 3517
f 3512 3517 3518
f 3519 3520 3516
f 3519 3516 3515
f 3517 3516 3520
f 3517 3520 3521
f 3517 3521 3522
f 3517 3522 3523
f 3517 3523 3524
f 3517 3524 3525
f 3517 3525 3518
f 3526 3527 3528
f 3526 3528 3529
f 3526 3529 3530
f 3526 3530 3531
f 3526 3531 3532
f 3526 3532 3533
f 3526 3533 3534
f 3533 3532 3524
f 3533 3524 3523
f 3533 3523 3522
f 3533 3522 3535
f 3530 3536 3537
f 3530 3537 3531
f 3468 3467 3537
f 3468 3537 3536
f 3468 3536 3528
f 3468 3528 3527
f 3451 3449 3448
f 3451 3448 3507
f 3451 3507 3506
f 3451 3506 3512
f 3451 3512 3518
f 3451 3518 3525
f 3506 3446 3513
f 3506 3513 3512
f 3460 3468 3527
f 3460 3527 3526
f 3459 3458 3454
f 3459 3454 3453
f 3459 3453 3452
f 3459 3452 3451
f 3459 3451 3525
f 3459 3525 3524
f 3459 3524 3532
f 3459 3532 3531
f 3467 3459 3531
f 3467 3531 3537
f 3464 3457 3520
f 3464 3520 3519
f 3456 3455 3522
f 3456 3522 3521
f 3466 3462 3533
f 3466 3533 3535
f 3461 3460 3526
f 3461 3526 3534
f 3462 3461 3534
f 3462 3534 3533
f 3455 3466 3535
f 3455 3535 3522
f 3457 3456 3521
f 3457 3521 3520
f 3445 3465 3515
f 3445 3515 3514
f 3465 3464 3519
f 3465 3519 3515
f 3446 3445 3514
f 3446 3514 3513
f 610 678 677
f 610 677 3538
f 610 3538 3539
f 3540 3541 3542
f 3540 3542 609
f 3540 609 3543
f 3540 3543 3544
f 3545 3546 3547
f 3545 3547 3548
f 3545 3548 3540
f 3545 3540 3544
f 3549 744 743
f 3549 743 3550
f 745 744 3549
f 745 3549 3547
f 745 3547 3546
f 3551 3539 3538
f 3551 3538 3552
f 3551 3552 3553
f 3554 821 820
f 3554 820 3551
f 3554 3551 3553
f 665 3552 3538
f 665 3538 677
f 3554 3553 3552
f 3554 3552 665
f 3554 665 664
f 3554 664 3555
f 822 821 3554
f 822 3554 3555
f 672 3556 3557
f 672 3557 661
f 749 3558 3556
f 749 3556 672
f 749 672 671
f 3536 3530 3547
f 3536 3547 3549
f 3550 3548 3529
f 3550 3529 3528
f 3547 3530 3529
f 3547 3529 3548
f 3536 3549 3550
f 3536 3550 3528
f 3559 614 3560
f 3559 3560 3561
f 3559 3561 682
f 3559 682 684
f 3562 3563 3564
f 3562 3564 3565
f 3562 3565 3566
f 3562 3566 3567
f 3568 3569 3564
f 3568 3564 3563
f 3570 3565 3564
f 3570 3564 3569
f 3570 3569 739
f 3570 739 738
f 3570 738 3141
f 3571 3561 3560
f 3571 3560 3572
f 3571 3572 3573
f 3574 3575 3576
f 3574 3576 3577
f 3574 3577 3571
f 3574 3571 3573
f 3141 3140 3570
f 3577 3576 3578
f 3577 3578 3579
f 683 682 3561
f 683 3561 3571
f 3577 3579 735
f 3577 735 734
f 3577 734 3111
f 3577 3111 679
f 3577 679 683
f 3577 683 3571
f 3580 3581 3582
f 3580 3582 3583
f 3582 3581 3152
f 3582 3152 3151
f 3582 3151 3163
f 3582 3163 3584
f 3582 3584 3585
f 3586 3587 3156
f 3586 3156 3152
f 3586 3152 3581
f 3586 3581 3580
f 3587 3586 3588
f 3587 3588 606
f 3587 606 3541
f 3587 3541 3540
f 3548 3550 743
f 3548 743 742
f 3548 742 3156
f 3548 3156 3587
f 3548 3587 3540
f 3588 3586 3580
f 3588 3580 3583
f 3588 3583 3589
f 3583 3582 3585
f 3583 3585 3562
f 3583 3562 3567
f 3583 3567 3590
f 3583 3590 3589
f 3591 3592 3221
f 3591 3221 822
f 3591 822 3555
f 3591 3555 664
f 3591 664 663
f 659 658 3593
f 659 3593 3591
f 659 3591 663
f 3594 3592 3591
f 3594 3591 3593
f 3594 3593 3595
f 747 3221 3592
f 747 3592 3594
f 747 3594 748
f 3594 3595 3556
f 3594 3556 3558
f 748 3594 3558
f 748 3558 749
f 3593 658 661
f 3593 661 3557
f 3595 3593 3557
f 3595 3557 3556
f 3596 3597 3598
f 3596 3598 3599
f 3596 3599 3600
f 3596 3600 3601
f 3220 746 3596
f 3220 3596 3601
f 3600 3599 3602
f 3600 3602 3539
f 3600 3539 3551
f 3220 3601 3600
f 3220 3600 3551
f 3220 3551 820
f 610 3539 3602
f 610 3602 611
f 3545 3544 3543
f 3545 3543 3603
f 3545 3603 3604
f 3545 3604 3598
f 3545 3598 3597
f 3596 746 745
f 3596 745 3546
f 3596 3546 3545
f 3596 3545 3597
f 3543 609 608
f 3543 608 3603
f 3605 3606 3576
f 3605 3576 3575
f 3607 3608 3569
f 3607 3569 3568
f 3605 3609 3610
f 3605 3610 3611
f 3605 3611 3606
f 3607 3584 3163
f 3607 3163 736
f 3607 736 3608
f 3611 3610 3192
f 3611 3192 732
f 3611 732 3612
f 3606 3611 3578
f 3606 3578 3576
f 3612 732 735
f 3612 735 3579
f 3611 3612 3579
f 3611 3579 3578
f 739 3569 3608
f 739 3608 736
f 3192 3610 3609
f 3192 3609 3570
f 3192 3570 3140
f 608 607 3613
f 608 3613 3603
f 3614 3615 3616
f 3614 3616 3617
f 3618 3614 3617
f 3618 3617 3566
f 3618 3566 3565
f 3570 3609 3619
f 3570 3619 3618
f 3570 3618 3565
f 3604 3603 3613
f 3604 3613 3620
f 3620 3621 3622
f 3620 3622 3598
f 3620 3598 3604
f 3615 3614 3623
f 3615 3623 3624
f 3615 3624 3625
f 3599 3598 3622
f 3599 3622 3626
f 3627 667 694
f 3627 694 3628
f 3627 3628 3625
f 3627 3625 3626
f 706 3629 3630
f 706 3630 707
f 707 3630 3631
f 707 3631 3632
f 707 3632 3628
f 707 3628 694
f 3633 3634 3629
f 3633 3629 706
f 3633 706 652
f 3633 652 3635
f 3632 3631 3634
f 3632 3634 3633
f 3632 3633 3635
f 3632 3635 3636
f 3632 3636 3615
f 3632 3615 3625
f 3632 3625 3628
f 3635 652 651
f 3635 651 3637
f 3635 3637 3638
f 3635 3638 3636
f 3638 3637 3639
f 3638 3639 3640
f 3638 3640 3627
f 3638 3627 3626
f 3638 3626 3622
f 668 3641 3642
f 668 3642 669
f 3640 3643 3641
f 3640 3641 668
f 3640 668 667
f 3640 667 3627
f 669 3642 3644
f 669 3644 3639
f 669 3639 3637
f 669 3637 651
f 3639 3644 3643
f 3639 3643 3640
f 3645 3646 3647
f 3645 3647 3648
f 3649 3650 3643
f 3649 3643 3644
f 3650 3651 3641
f 3650 3641 3643
f 3641 3651 3652
f 3641 3652 3642
f 3644 3642 3652
f 3644 3652 3649
f 3651 3650 3649
f 3651 3649 3652
f 3631 3647 3646
f 3631 3646 3634
f 3631 3630 3648
f 3631 3648 3647
f 3645 3648 3630
f 3645 3630 3629
f 3646 3645 3629
f 3646 3629 3634
f 3653 3623 3614
f 3653 3614 3618
f 3653 3618 3619
f 3609 3605 3653
f 3609 3653 3619
f 3574 3573 3572
f 3574 3572 3623
f 3574 3623 3653
f 3605 3575 3574
f 3605 3574 3653
f 3602 3599 3626
f 3602 3626 3625
f 3602 3625 3624
f 3602 3624 3654
f 3624 3623 3655
f 3624 3655 3654
f 3572 3560 3655
f 3572 3655 3623
f 3602 3654 613
f 3602 613 612
f 3602 612 611
f 3654 3655 3560
f 3654 3560 614
f 3654 614 613
f 3615 3636 3656
f 3615 3656 3657
f 3615 3657 3616
f 3638 3658 3656
f 3638 3656 3636
f 3658 3638 3622
f 3658 3622 3659
f 3660 3659 3622
f 3660 3622 3621
f 3588 3589 3660
f 3588 3660 3621
f 3588 3621 3620
f 3588 3620 3613
f 3588 3613 607
f 3588 607 606
f 3589 3590 3657
f 3589 3657 3660
f 3659 3660 3657
f 3659 3657 3656
f 3659 3656 3658
f 3562 3585 3661
f 3562 3661 3563
f 3585 3584 3607
f 3585 3607 3661
f 3568 3563 3661
f 3568 3661 3607
f 3617 3616 3657
f 3617 3657 3590
f 3617 3590 3567
f 3617 3567 3566
f 3662 3663 3664
f 3662 3664 3665
f 3666 3667 3668
f 3666 3668 3669
f 3670 3671 3672
f 3670 3672 3673
f 3670 3673 3674
f 3670 3674 3675
f 3676 3677 3670
f 3676 3670 3675
f 3676 3675 3678
f 3676 3678 3679
f 3274 3676 3679
f 3274 3679 3275
f 3674 3673 3680
f 3674 3680 3681
f 3678 3675 3674
f 3678 3674 3681
f 3678 3681 3682
f 3275 3679 3678
f 3275 3678 3682
f 3275 3682 3292
f 44 43 42
f 44 42 3683
f 44 3683 3684
f 42 37 32
f 42 32 28
f 42 28 27
f 42 27 19
f 42 19 18
f 42 18 3685
f 42 3685 3686
f 42 3686 3683
f 18 17 23
f 18 23 12
f 18 12 6
f 18 6 5
f 18 5 3669
f 18 3669 3687
f 18 3687 3685
f 3688 3689 3690
f 3688 3690 3691
f 3688 3691 3692
f 3688 3692 3693
f 3688 3693 3694
f 3695 3688 3694
f 3695 3694 3696
f 3695 3696 3697
f 3278 3277 3695
f 3278 3695 3697
f 3698 3699 3700
f 3698 3700 3701
f 3698 3701 3702
f 3699 3698 3703
f 3699 3703 3704
f 3699 3704 3705
f 3706 3705 3704
f 3706 3704 3707
f 3706 3707 3708
f 3706 3708 3709
f 3706 3709 3710
f 3706 3710 3711
f 3712 3713 3714
f 3712 3714 3691
f 3712 3691 3690
f 3712 3690 3715
f 3712 3715 3666
f 3712 3666 3716
f 3711 3701 3700
f 3711 3700 3706
f 3681 3680 3717
f 3681 3717 3718
f 3681 3718 3719
f 3682 3681 3719
f 3682 3719 3720
f 3682 3720 3721
f 3292 3682 3721
f 3292 3721 3307
f 3687 3669 3668
f 3687 3668 3722
f 3687 3722 3723
f 3686 3685 3687
f 3686 3687 3723
f 3686 3723 3724
f 3686 3724 3725
f 3684 3683 3686
f 3684 3686 3725
f 3684 3725 3726
f 3684 3726 3727
f 3684 3727 3728
f 3718 3717 3729
f 3718 3729 3730
f 3718 3730 3731
f 3718 3731 3732
f 3718 3732 3733
f 3720 3719 3718
f 3720 3718 3733
f 3720 3733 3734
f 3720 3734 3735
f 3720 3735 3736
f 3307 3721 3720
f 3307 3720 3736
f 3307 3736 622
f 615 622 3736
f 615 3736 3737
f 615 3737 3738
f 615 3738 616
f 3738 3739 3740
f 3738 3740 3312
f 3738 3312 617
f 3738 617 616
f 3740 3741 3742
f 3740 3742 3313
f 3740 3313 3312
f 3743 3735 3734
f 3743 3734 3744
f 3743 3744 3745
f 3743 3745 3746
f 3745 3747 3748
f 3745 3748 3749
f 3745 3749 3746
f 3750 3728 3727
f 3750 3727 3751
f 3750 3751 3730
f 3750 3730 3729
f 3727 3726 3752
f 3727 3752 3753
f 3727 3753 3754
f 3727 3754 3751
f 3755 3732 3731
f 3755 3731 3756
f 3755 3756 3757
f 3755 3757 3758
f 3757 3759 3760
f 3757 3760 3758
f 3761 3762 3740
f 3761 3740 3739
f 3763 3741 3740
f 3763 3740 3762
f 3763 3762 3764
f 3763 3764 3765
f 3763 3765 3766
f 3762 3761 3749
f 3762 3749 3748
f 3762 3748 3767
f 3762 3767 3764
f 3748 3747 3768
f 3748 3768 3767
f 3764 3767 3768
f 3764 3768 3769
f 3764 3769 3765
f 3760 3759 3770
f 3760 3770 3771
f 3760 3771 3766
f 3760 3766 3765
f 3760 3765 3769
f 3753 3752 3772
f 3753 3772 3773
f 3774 3770 3759
f 3774 3759 3773
f 3774 3773 3772
f 3774 3772 3775
f 3726 3725 3724
f 3726 3724 3775
f 3726 3775 3772
f 3726 3772 3752
f 3774 3776 3771
f 3774 3771 3770
f 3777 3776 3774
f 3777 3774 3775
f 3777 3775 3724
f 3777 3724 3723
f 3777 3723 3722
f 3777 3722 3778
f 3722 3668 3667
f 3722 3667 3778
f 3779 3780 3761
f 3779 3761 3739
f 3769 3768 3781
f 3769 3781 3782
f 3769 3782 3760
f 3783 3784 3773
f 3783 3773 3759
f 3755 3758 3760
f 3755 3760 3782
f 3755 3782 3785
f 3755 3785 3786
f 3787 3732 3755
f 3787 3755 3786
f 3787 3788 3734
f 3787 3734 3733
f 3787 3733 3732
f 3789 3790 3736
f 3789 3736 3735
f 3743 3746 3749
f 3743 3749 3761
f 3743 3761 3780
f 3743 3780 3791
f 3743 3791 3792
f 3789 3735 3743
f 3789 3743 3792
f 3793 3794 3779
f 3793 3779 3739
f 3793 3739 3738
f 3793 3738 3737
f 3736 3790 3793
f 3736 3793 3737
f 3793 3790 3789
f 3793 3789 3792
f 3793 3792 3791
f 3793 3791 3794
f 3791 3780 3779
f 3791 3779 3794
f 3795 3796 3781
f 3795 3781 3768
f 3795 3768 3747
f 3795 3747 3745
f 3795 3745 3744
f 3734 3788 3795
f 3734 3795 3744
f 3795 3788 3787
f 3795 3787 3786
f 3795 3786 3785
f 3795 3785 3796
f 3785 3782 3781
f 3785 3781 3796
f 3797 3798 3731
f 3797 3731 3730
f 3754 3753 3773
f 3754 3773 3784
f 3754 3784 3799
f 3754 3799 3800
f 3797 3730 3751
f 3797 3751 3754
f 3797 3754 3800
f 3801 3802 3783
f 3801 3783 3759
f 3801 3759 3757
f 3801 3757 3756
f 3731 3798 3801
f 3731 3801 3756
f 3801 3798 3797
f 3801 3797 3800
f 3801 3800 3799
f 3801 3799 3802
f 3799 3784 3783
f 3799 3783 3802
f 3777 3778 3667
f 3777 3667 3666
f 3777 3666 3715
f 3690 3689 3776
f 3690 3776 3777
f 3690 3777 3715
f 3763 3766 3771
f 3763 3771 3776
f 3763 3776 3689
f 3763 3689 3688
f 3742 3741 3763
f 3742 3763 3688
f 3742 3688 3695
f 3277 3313 3742
f 3277 3742 3695
f 3441 625 3803
f 3441 3803 3804
f 3805 3804 3803
f 3805 3803 3806
f 3805 3806 3807
f 3805 3807 3808
f 3805 3808 3809
f 3805 3809 3810
f 3807 3806 626
f 3807 626 3338
f 3810 3811 3812
f 3810 3812 3813
f 3814 3815 3816
f 3814 3816 3817
f 3818 3819 3820
f 3818 3820 3821
f 3818 3821 3814
f 3818 3814 3813
f 3821 3820 3822
f 3821 3822 3823
f 3823 3822 3824
f 3823 3824 595
f 3823 595 594
f 3823 594 3817
f 3814 3817 594
f 3814 594 3672
f 3814 3672 3671
f 3805 3810 3813
f 3805 3813 3814
f 3805 3814 3671
f 3805 3671 3670
f 3805 3670 3677
f 3441 3804 3805
f 3441 3805 3677
f 3441 3677 3676
f 3441 3676 3274
f 3806 3825 623
f 3806 623 626
f 625 624 3826
f 625 3826 3803
f 3806 3803 3826
f 3806 3826 3825
f 3825 3826 624
f 3825 624 623
f 3827 3828 3829
f 3827 3829 3830
f 3830 3829 3831
f 3830 3831 3832
f 3830 3832 3833
f 3834 3835 3836
f 3834 3836 3837
f 3834 3837 3838
f 3839 3840 3841
f 3839 3841 3842
f 3839 3842 3843
f 3840 3839 3844
f 3840 3844 3838
f 3840 3838 3837
f 3840 3837 3845
f 3833 3832 3846
f 3833 3846 3835
f 3833 3835 3834
f 3847 3848 3849
f 3847 3849 3850
f 3847 3850 3851
f 3847 3851 3852
f 3853 3854 3855
f 3853 3855 3856
f 3853 3856 3857
f 3855 3858 3848
f 3855 3848 3847
f 3855 3847 3854
f 3855 3856 3859
f 3855 3859 3858
f 3856 3860 3861
f 3856 3861 3862
f 3856 3862 3859
f 3863 597 596
f 3863 596 3864
f 3863 3864 3865
f 3863 3865 3861
f 3340 3866 3867
f 3340 3867 3868
f 3340 3868 3337
f 3337 3868 3869
f 3337 3869 3808
f 3337 3808 3807
f 3337 3807 3338
f 3332 3870 3871
f 3332 3871 3334
f 3331 3872 3873
f 3331 3873 3870
f 3331 3870 3332
f 3874 3875 3809
f 3874 3809 3808
f 3874 3808 3869
f 3874 3869 3876
f 3874 3876 3877
f 3874 3877 3878
f 3874 3878 3879
f 3878 3880 3881
f 3878 3881 3879
f 3882 3820 3819
f 3882 3819 3883
f 3882 3883 3884
f 3882 3884 3885
f 3882 3885 3886
f 3885 3887 3888
f 3885 3888 3889
f 3885 3889 3890
f 3885 3890 3891
f 3885 3891 3886
f 3819 3818 3892
f 3819 3892 3893
f 3819 3893 3883
f 3820 3882 3894
f 3820 3894 3822
f 3895 3896 3866
f 3895 3866 3340
f 3895 3340 3341
f 3895 3341 3897
f 3877 3876 3898
f 3877 3898 3899
f 3900 3896 3895
f 3900 3895 3901
f 3881 3880 3902
f 3881 3902 3903
f 3881 3903 3904
f 3881 3904 3905
f 3906 3907 3874
f 3906 3874 3879
f 3906 3879 3881
f 3906 3881 3905
f 3906 3905 3908
f 3906 3908 3909
f 3908 3910 3911
f 3908 3911 3909
f 3912 3913 3886
f 3912 3886 3891
f 3912 3891 3914
f 3912 3914 3915
f 3824 3822 3894
f 3824 3894 3916
f 3824 3916 3917
f 596 595 3824
f 596 3824 3917
f 596 3917 3864
f 3917 3918 3919
f 3917 3919 3920
f 3917 3920 3865
f 3917 3865 3864
f 3921 3897 3341
f 3921 3341 3344
f 3921 3344 3334
f 3921 3334 3871
f 3921 3871 3922
f 3904 3923 3924
f 3904 3924 3910
f 3904 3910 3908
f 3904 3908 3905
f 3911 3910 3924
f 3911 3924 3925
f 3911 3925 3888
f 3911 3888 3887
f 3926 3914 3891
f 3926 3891 3890
f 3889 3888 3925
f 3889 3925 3927
f 3889 3927 3928
f 3928 3927 3929
f 3928 3929 3930
f 3928 3930 3931
f 3928 3931 3932
f 3933 3934 3935
f 3933 3935 3915
f 3933 3915 3914
f 3933 3914 3926
f 3933 3926 3932
f 3933 3932 3931
f 3933 3931 3936
f 3931 3930 3937
f 3931 3937 3936
f 3938 3939 3920
f 3938 3920 3919
f 3938 3919 3940
f 3938 3940 3941
f 3938 3941 3942
f 3938 3942 3943
f 3942 3944 3945
f 3942 3945 3943
f 3939 3938 3853
f 3939 3853 3857
f 3946 3947 3948
f 3946 3948 3949
f 3839 3843 3945
f 3839 3945 3944
f 3839 3944 3947
f 3839 3947 3946
f 3839 3946 3844
f 3827 3830 3833
f 3827 3833 3834
f 3827 3834 3838
f 3827 3838 3844
f 3827 3844 3946
f 3827 3946 3949
f 3827 3949 3950
f 3827 3950 3951
f 3827 3951 3952
f 3827 3952 3953
f 3952 3954 3955
f 3952 3955 3956
f 3952 3956 3957
f 3952 3957 3953
f 3278 3697 3696
f 3278 3696 3958
f 3278 3958 3959
f 3278 3959 3960
f 3278 3960 3442
f 3960 3872 3331
f 3960 3331 3442
f 3961 3958 3696
f 3961 3696 3694
f 3961 3694 3693
f 3961 3693 3962
f 3961 3962 3963
f 3930 3929 3964
f 3930 3964 3965
f 3930 3965 3937
f 3693 3692 3966
f 3693 3966 3967
f 3693 3967 3962
f 3967 3968 3963
f 3967 3963 3962
f 3966 3692 3691
f 3966 3691 3969
f 3966 3969 3970
f 3966 3970 3971
f 3970 3949 3948
f 3970 3948 3971
f 3871 3870 3972
f 3871 3972 3973
f 3974 3895 3897
f 3974 3897 3975
f 3976 3977 3866
f 3976 3866 3896
f 3978 3979 3980
f 3978 3980 3981
f 3978 3981 3982
f 3983 3984 3812
f 3983 3812 3811
f 3983 3811 3979
f 3983 3979 3978
f 3815 3985 3986
f 3815 3986 3987
f 3815 3987 3988
f 3815 3988 3989
f 3815 3989 3990
f 3815 3990 3816
f 3978 3982 3991
f 3978 3991 3992
f 3978 3992 3993
f 3978 3993 3983
f 3991 3977 3976
f 3991 3976 3994
f 3991 3994 3995
f 3991 3995 3992
f 3996 3997 3995
f 3996 3995 3994
f 3996 3994 3998
f 3999 4000 4001
f 3999 4001 4002
f 3999 4002 4003
f 4000 3990 3989
f 4000 3989 4001
f 4002 4004 4005
f 4002 4005 4006
f 4002 4006 4007
f 4002 4007 4003
f 4008 4009 4010
f 4008 4010 4011
f 4012 4013 4014
f 4012 4014 4015
f 4016 4017 4018
f 4016 4018 4019
f 4016 4019 4020
f 4016 4020 4021
f 4016 4021 4022
f 4016 4022 4023
f 4016 4023 4024
f 4016 4024 4025
f 4024 3967 3966
f 4024 3966 4025
f 4007 4006 4019
f 4007 4019 4026
f 4007 4026 3859
f 4007 3859 3862
f 4027 4028 4018
f 4027 4018 4017
f 3858 3859 4026
f 3858 4026 4028
f 3858 4028 4027
f 3858 4027 3848
f 4027 4017 4016
f 4027 4016 3849
f 4027 3849 3848
f 4029 4030 3980
f 4029 3980 3979
f 3981 3980 4030
f 3981 4030 3869
f 3981 3869 3868
f 3882 4031 4032
f 3882 4032 3894
f 4033 4034 3990
f 4033 3990 4000
f 4033 4000 3999
f 4033 3999 4035
f 3985 3815 3814
f 3985 3814 3821
f 3985 3821 4031
f 3810 3809 3875
f 3810 3875 4029
f 3810 4029 3979
f 3810 3979 3811
f 3818 3813 3812
f 3818 3812 3984
f 3818 3984 3892
f 3817 3816 3990
f 3817 3990 4034
f 3817 4034 4032
f 3817 4032 3823
f 4031 3821 3823
f 4031 3823 4032
f 4036 4037 4019
f 4036 4019 4006
f 3940 3919 4036
f 3940 4036 4037
f 3944 3942 3941
f 3944 3941 4038
f 3944 4038 4039
f 4038 3941 3940
f 4038 3940 4037
f 4038 4037 4019
f 4038 4019 4018
f 4025 3966 3971
f 4025 3971 3948
f 4025 3948 3947
f 4025 3947 3944
f 4025 3944 4039
f 4025 4039 4016
f 4040 4041 4002
f 4040 4002 4001
f 4015 4014 3926
f 4015 3926 3890
f 4015 3890 3889
f 3922 3871 3973
f 3922 3973 4042
f 3924 3923 4043
f 3924 4043 4044
f 3924 4044 3925
f 4010 4009 4042
f 4010 4042 4043
f 4045 4046 4047
f 4045 4047 4048
f 4045 4048 4049
f 4045 4049 4050
f 4045 4050 4051
f 4045 4051 3887
f 4045 3887 3885
f 4045 3885 3884
f 3883 4046 4045
f 3883 4045 3884
f 4050 4052 4053
f 4050 4053 4051
f 3977 3991 3867
f 3977 3867 3866
f 3992 4054 4055
f 3992 4055 4056
f 3992 4056 4057
f 3992 4057 4058
f 3992 4058 3993
f 4055 4054 3898
f 4055 3898 3876
f 4058 4047 4046
f 4058 4046 3883
f 4058 3883 3893
f 4059 4057 4056
f 4059 4056 3874
f 4059 3874 3907
f 4029 3875 3874
f 4029 3874 4056
f 3869 4030 4055
f 3869 4055 3876
f 3982 3981 3868
f 3982 3868 3867
f 3982 3867 3991
f 4030 4029 4056
f 4030 4056 4055
f 3984 3983 3993
f 3984 3993 4058
f 3984 4058 3893
f 3984 3893 3892
f 4060 4061 4062
f 4060 4062 4063
f 4060 4063 4064
f 3906 3909 3911
f 3906 3911 4060
f 3906 4060 4064
f 3906 4064 4065
f 3906 4065 4066
f 4059 3907 3906
f 4059 3906 4066
f 4066 4065 4067
f 4066 4067 4057
f 4066 4057 4059
f 3902 3880 4068
f 3902 4068 4069
f 4068 4070 4067
f 4068 4067 4065
f 3974 4071 3901
f 3974 3901 3895
f 3998 4071 4072
f 3998 4072 4070
f 3998 4070 3996
f 3997 3996 4070
f 3997 4070 4068
f 3997 4068 3880
f 3997 3880 3878
f 3997 3878 3877
f 3994 3976 3896
f 3994 3896 3900
f 3995 3997 3877
f 3995 3877 3899
f 4054 3992 3995
f 4054 3995 3899
f 4054 3899 3898
f 4071 3998 3994
f 4071 3994 3900
f 4071 3900 3901
f 3904 3903 4073
f 3904 4073 4074
f 4075 4074 4064
f 4075 4064 4063
f 3897 3921 4076
f 3897 4076 3975
f 4008 4011 4075
f 4008 4075 4077
f 4008 4077 4076
f 4069 4068 4065
f 4069 4065 4064
f 4069 4064 4074
f 4069 4074 4073
f 4067 4070 4072
f 4067 4072 4077
f 4067 4077 4075
f 4067 4075 4063
f 4072 4071 3974
f 4072 3974 3975
f 4072 3975 4076
f 4072 4076 4077
f 3902 4069 4073
f 3902 4073 3903
f 4074 4075 4011
f 4074 4011 4010
f 4074 4010 4043
f 4074 4043 3923
f 4074 3923 3904
f 4042 4009 4008
f 4042 4008 4076
f 4042 4076 3921
f 4042 3921 3922
f 4051 4053 4061
f 4051 4061 4060
f 4051 4060 3911
f 4051 3911 3887
f 4048 4047 4058
f 4048 4058 4057
f 4048 4057 4067
f 4048 4067 4063
f 4048 4063 4062
f 4048 4062 4052
f 4062 4061 4053
f 4062 4053 4052
f 4052 4050 4078
f 4052 4078 4079
f 4078 3915 3935
f 4078 3935 4080
f 4078 4080 4079
f 4080 4020 4019
f 4080 4019 4037
f 4081 4049 4048
f 4081 4048 4082
f 3919 3918 4083
f 3919 4083 4036
f 4083 4036 4006
f 4083 4006 4005
f 3913 3912 4081
f 3913 4081 4082
f 3913 4082 4084
f 4084 3987 3986
f 4084 3986 3886
f 4084 3886 3913
f 3985 4031 3882
f 3985 3882 3886
f 3985 3886 3986
f 3917 3916 4085
f 3917 4085 4086
f 4041 4086 4004
f 4041 4004 4002
f 4085 3988 3987
f 4085 3987 4084
f 4034 4033 4040
f 4034 4040 4087
f 4087 3989 3988
f 4087 3988 4085
f 3989 4087 4040
f 3989 4040 4001
f 3894 4032 4034
f 3894 4034 4087
f 3894 4087 4085
f 3894 4085 3916
f 4083 4086 4041
f 4083 4041 4036
f 4085 4084 4082
f 4085 4082 4083
f 4085 4083 4086
f 4086 4083 4005
f 4086 4005 4004
f 3918 3917 4086
f 3918 4086 4083
f 4050 4049 4081
f 4050 4081 4078
f 4083 4082 4048
f 4083 4048 4052
f 4083 4052 4079
f 4083 4079 4080
f 4083 4080 4037
f 4083 4037 4036
f 3912 3915 4078
f 3912 4078 4081
f 4020 4080 3935
f 4020 3935 3934
f 4020 3934 4021
f 3934 3933 4088
f 3934 4088 4022
f 3934 4022 4021
f 4089 4090 4023
f 4089 4023 4022
f 4089 4022 4088
f 4024 4023 4090
f 4024 4090 3968
f 4024 3968 3967
f 4089 4088 3933
f 4089 3933 3936
f 4089 3936 3937
f 4089 3937 3965
f 3873 4091 3972
f 3873 3972 3870
f 4091 4092 4093
f 4091 4093 4094
f 4013 4012 3928
f 4013 3928 3932
f 3927 3925 4044
f 3927 4044 4094
f 4043 4042 3973
f 4043 3973 3972
f 4043 3972 4091
f 4043 4091 4094
f 4043 4094 4044
f 3932 3926 4014
f 3932 4014 4013
f 4012 4015 3889
f 4012 3889 3928
f 3960 3959 4095
f 3960 4095 4092
f 3960 4092 4091
f 3960 4091 3873
f 3960 3873 3872
f 3959 3958 4096
f 3959 4096 4095
f 4092 4095 4097
f 4092 4097 4093
f 3964 4097 4089
f 3964 4089 3965
f 4095 4096 4098
f 4095 4098 4099
f 4095 4099 4097
f 4097 4099 4090
f 4097 4090 4089
f 3961 3963 3968
f 3961 3968 4090
f 3961 4090 4099
f 3961 4099 4098
f 4096 3958 3961
f 4096 3961 4098
f 4094 4093 4097
f 4094 4097 3964
f 4094 3964 3929
f 4094 3929 3927
f 3939 3857 3856
f 3939 3856 4100
f 4037 4100 4026
f 4037 4026 4019
f 3861 3865 3920
f 3861 3920 4101
f 3861 4101 4007
f 3861 4007 3862
f 4040 4033 4035
f 4040 4035 4102
f 4040 4102 4041
f 4041 4102 4101
f 4041 4101 4036
f 4102 4035 3999
f 4102 3999 4003
f 4102 4003 4007
f 4102 4007 4101
f 4100 4037 4036
f 4100 4036 4101
f 3920 3939 4100
f 3920 4100 4101
f 3854 3853 3938
f 3854 3938 4103
f 3854 4103 3855
f 4103 4038 4018
f 4103 4018 4028
f 3855 4103 4100
f 3855 4100 3856
f 4100 4103 4028
f 4100 4028 4026
f 4038 4103 4104
f 4038 4104 4039
f 4104 3850 3849
f 4104 3849 4016
f 4104 4016 4039
f 3945 3843 3842
f 3945 3842 3851
f 3945 3851 3850
f 3945 3850 4104
f 4103 3938 3943
f 4103 3943 3945
f 4103 3945 4104
f 3710 3709 4105
f 3710 4105 4106
f 3710 4106 4107
f 3708 4108 4105
f 3708 4105 3709
f 4109 4108 3708
f 4109 3708 3707
f 4109 3707 4110
f 4111 3703 3698
f 4111 3698 3702
f 4111 3702 4112
f 4106 4109 4110
f 4106 4110 4111
f 4106 4111 4112
f 4106 4112 4107
f 4113 4114 3699
f 4113 3699 3705
f 3707 3704 3703
f 3707 3703 4111
f 3707 4111 4110
f 4115 4116 3706
f 4115 3706 3700
f 4113 3705 3706
f 4113 3706 4116
f 4114 4113 4116
f 4114 4116 4115
f 3699 4114 4115
f 3699 4115 3700
f 3702 3701 3711
f 3702 3711 3710
f 3702 3710 4107
f 3702 4107 4112
f 4117 4118 4119
f 4117 4119 3716
f 4117 3716 3666
f 4117 3666 3663
f 4117 3663 3662
f 4117 3662 4120
f 4117 4120 4121
f 4120 3955 3954
f 4120 3954 4121
f 4122 4123 4124
f 4122 4124 4125
f 4126 4127 4122
f 4126 4122 4125
f 4126 4125 4128
f 4106 4105 4129
f 4106 4129 4130
f 4128 4125 4124
f 4128 4124 4130
f 4131 4132 4108
f 4131 4108 4109
f 4122 4127 4131
f 4122 4131 4123
f 4133 4132 4131
f 4133 4131 4127
f 4133 4127 4134
f 3691 3714 4133
f 3691 4133 4134
f 3691 4134 3969
f 4133 3714 3713
f 4133 3713 4132
f 4108 4132 4129
f 4108 4129 4105
f 3713 3712 4129
f 3713 4129 4132
f 4123 4131 4109
f 4123 4109 4106
f 4123 4106 4130
f 4123 4130 4124
f 3712 3716 4119
f 3712 4119 4129
f 4128 4130 4129
f 4128 4129 4119
f 4128 4119 4118
f 3952 3951 4135
f 3952 4135 4136
f 3952 4136 4137
f 3952 4137 4117
f 3952 4117 4121
f 3952 4121 3954
f 4137 4128 4118
f 4137 4118 4117
f 4126 4128 4137
f 4126 4137 4136
f 4138 4135 3951
f 4138 3951 3950
f 4138 3950 4139
f 4138 4127 4126
f 4138 4126 4136
f 4138 4136 4135
f 4127 4138 4139
f 4127 4139 4134
f 4134 4139 3950
f 4134 3950 3949
f 4134 3949 3970
f 4134 3970 3969
f 39 38 3855
f 39 3855 3854
f 4140 3863 3861
f 4140 3861 3860
f 4140 3860 41
f 4140 41 40
f 4140 40 50
f 3860 3856 3855
f 3860 3855 38
f 3860 38 41
f 4140 597 3863
f 26 25 3846
f 26 3846 3832
f 3847 33 39
f 3847 39 3854
f 36 31 3841
f 36 3841 3840
f 30 29 3851
f 30 3851 3842
f 34 33 3847
f 34 3847 3852
f 3851 29 34
f 3851 34 3852
f 3841 31 30
f 3841 30 3842
f 21 20 3845
f 21 3845 3837
f 36 3840 3845
f 36 3845 20
f 3836 22 21
f 3836 21 3837
f 35 22 3836
f 35 3836 3835
f 3846 25 35
f 3846 35 3835
f 11 10 3827
f 11 3827 3953
f 11 3953 3957
f 11 3957 4141
f 3665 3664 3669
f 3665 3669 5
f 3665 5 8
f 3665 8 4142
f 8 11 4141
f 8 4141 4142
f 3831 14 26
f 3831 26 3832
f 10 9 3828
f 10 3828 3827
f 15 14 3831
f 15 3831 3829
f 3828 9 15
f 3828 15 3829
f 207 205 4143
f 207 4143 4144
f 4143 4145 4146
f 4143 4146 4144
f 4147 4148 4149
f 4147 4149 4150
f 4151 4152 4153
f 4151 4153 4154
f 4151 4154 4155
f 211 210 4156
f 211 4156 4157
f 211 4157 4158
f 4157 4152 4151
f 4157 4151 4159
f 4157 4159 4158
f 4160 602 601
f 4160 601 4161
f 603 602 4160
f 603 4160 4162
f 603 4162 4163
f 603 4163 4164
f 603 4164 604
f 4164 4165 605
f 4164 605 604
f 4155 4154 3541
f 4155 3541 606
f 4155 606 605
f 4155 605 4165
f 204 211 4158
f 204 4158 4166
f 4158 4159 4167
f 4158 4167 4166
f 4156 210 209
f 4156 209 239
f 4156 239 678
f 4152 4157 4156
f 4152 4156 678
f 4152 678 610
f 4152 610 609
f 4152 609 3542
f 4152 3542 4153
f 3542 3541 4154
f 3542 4154 4153
f 4151 4168 4167
f 4151 4167 4159
f 4168 4151 4155
f 4168 4155 4165
f 4167 4168 4169
f 4167 4169 4170
f 4167 4170 4171
f 4167 4171 4145
f 205 204 4166
f 205 4166 4143
f 4166 4167 4145
f 4166 4145 4143
f 4172 4164 4163
f 4172 4163 4148
f 4168 4165 4164
f 4168 4164 4172
f 4168 4172 4169
f 4147 4162 4160
f 4147 4160 4173
f 4173 4172 4148
f 4173 4148 4147
f 4172 4173 4170
f 4172 4170 4169
f 4170 4173 4160
f 4170 4160 4161
f 4170 4161 4171
f 4174 4175 4176
f 4174 4176 4177
f 4174 4177 4178
f 4179 4180 4181
f 4179 4181 4174
f 4179 4174 4178
f 4182 4183 4184
f 4182 4184 4185
f 4182 4185 4186
f 4182 4186 4187
f 4182 4187 4188
f 4188 4187 4189
f 4188 4189 4190
f 4191 4192 4190
f 4191 4190 4189
f 4191 4189 4193
f 4191 4193 4194
f 4191 4194 4195
f 4194 4193 4186
f 4194 4186 4185
f 4196 3666 3669
f 4196 3669 4197
f 4178 4177 4198
f 4178 4198 4199
f 4178 4199 4200
f 4178 4200 4201
f 4163 4162 4202
f 4163 4202 4179
f 4163 4179 4178
f 4163 4178 4201
f 4203 4163 4201
f 4203 4201 4200
f 4203 4200 4204
f 4205 4206 4207
f 4205 4207 4208
f 4205 4208 4209
f 4205 4209 4195
f 4205 4195 4194
f 4205 4194 4185
f 4205 4185 4184
f 4208 4207 4210
f 4208 4210 4211
f 4208 4211 4212
f 4184 4183 4213
f 4184 4213 4205
f 4205 4213 4141
f 4205 4141 3957
f 4205 3957 3956
f 4205 3956 4214
f 4205 4214 4206
f 4215 4216 4210
f 4215 4210 4207
f 4215 4207 4206
f 4215 4206 4214
f 3956 3955 4215
f 3956 4215 4214
f 4217 4218 4219
f 4217 4219 4220
f 4217 4220 4221
f 4217 4221 4222
f 4217 4222 4223
f 4222 4204 4200
f 4222 4200 4199
f 4222 4199 4223
f 4212 4224 4219
f 4212 4219 4218
f 4212 4218 4225
f 4212 4225 4209
f 4212 4209 4208
f 4220 4226 4227
f 4220 4227 4228
f 4220 4228 4229
f 4220 4229 4221
f 4230 4231 4232
f 4230 4232 4224
f 4230 4224 4212
f 4230 4212 4211
f 4179 4202 4233
f 4179 4233 4180
f 4233 4202 4162
f 4233 4162 4147
f 4233 4147 4150
f 4233 4150 4234
f 4235 4236 4237
f 4235 4237 4238
f 4235 4238 4239
f 4235 4239 4240
f 4241 4242 4243
f 4241 4243 4244
f 3666 4196 4245
f 3666 4245 3663
f 4246 4247 4248
f 4246 4248 4249
f 4246 4249 4250
f 4251 4247 4246
f 4251 4246 4243
f 4251 4243 4242
f 4252 4215 3955
f 4252 3955 4120
f 4252 4120 3662
f 4232 4253 4254
f 4232 4254 4255
f 4232 4255 4256
f 4232 4256 4224
f 4257 4258 4259
f 4257 4259 4260
f 4210 4216 4261
f 4210 4261 4262
f 4210 4262 4263
f 4210 4263 4211
f 4259 4258 4254
f 4259 4254 4253
f 4259 4253 4264
f 4259 4264 4262
f 4259 4262 4265
f 4266 4267 4268
f 4266 4268 4269
f 4232 4231 4269
f 4232 4269 4268
f 4232 4268 4264
f 4232 4264 4253
f 4270 4271 4268
f 4270 4268 4267
f 4264 4268 4271
f 4264 4271 4263
f 4264 4263 4262
f 4270 4272 4273
f 4270 4273 4271
f 4273 4272 4266
f 4273 4266 4269
f 4272 4270 4267
f 4272 4267 4266
f 4230 4273 4269
f 4230 4269 4231
f 4271 4273 4230
f 4271 4230 4211
f 4271 4211 4263
f 4262 4261 4247
f 4262 4247 4251
f 4262 4251 4265
f 4252 4248 4247
f 4252 4247 4261
f 4252 4261 4216
f 4252 4216 4215
f 4259 4240 4239
f 4259 4239 4260
f 4237 4258 4257
f 4237 4257 4238
f 4254 4258 4237
f 4254 4237 4255
f 4238 4257 4260
f 4238 4260 4239
f 4242 4240 4259
f 4242 4259 4265
f 4242 4265 4251
f 4197 3669 3664
f 4197 3664 4274
f 4213 4275 3665
f 4213 3665 4142
f 4213 4142 4141
f 4276 4277 4278
f 4276 4278 4279
f 4276 4279 4280
f 4278 4277 4241
f 4278 4241 4244
f 4249 4248 4276
f 4249 4276 4280
f 3663 4245 4274
f 3663 4274 3664
f 4250 4249 4280
f 4250 4280 4279
f 4245 4196 4197
f 4245 4197 4274
f 4246 4250 4279
f 4246 4279 4278
f 4246 4278 4244
f 4246 4244 4243
f 4248 4252 4275
f 4248 4275 4276
f 4252 3662 3665
f 4252 3665 4275
f 4182 4277 4276
f 4182 4276 4275
f 4182 4275 4213
f 4182 4213 4183
f 4277 4182 4188
f 4277 4188 4190
f 4277 4190 4192
f 4277 4192 4241
f 4281 4282 4283
f 4281 4283 4284
f 4281 4284 4285
f 4234 4150 4149
f 4234 4149 4281
f 4234 4281 4285
f 4281 4149 4286
f 4281 4286 4287
f 4281 4287 4282
f 4288 4289 4290
f 4288 4290 4291
f 4288 4291 4292
f 4288 4292 4293
f 4292 4283 4282
f 4292 4282 4287
f 4292 4287 4293
f 4294 4295 4296
f 4294 4296 4297
f 4294 4297 4298
f 4299 4300 4301
f 4299 4301 4284
f 4299 4284 4283
f 4299 4283 4292
f 4299 4292 4291
f 4290 4302 4299
f 4290 4299 4291
f 4285 4284 4301
f 4285 4301 4303
f 4233 4234 4285
f 4233 4285 4303
f 4288 4293 4287
f 4288 4287 4304
f 4288 4304 4305
f 4288 4305 4306
f 4307 4289 4288
f 4307 4288 4306
f 4308 4309 4310
f 4308 4310 4221
f 4308 4221 4229
f 4308 4311 4298
f 4308 4298 4297
f 4308 4297 4309
f 4312 4220 4219
f 4312 4219 4224
f 4312 4224 4256
f 4312 4256 4255
f 4312 4255 4313
f 4312 4313 4310
f 4314 4296 4295
f 4314 4295 4315
f 4314 4315 4226
f 4314 4226 4220
f 4314 4220 4312
f 4316 4317 4318
f 4316 4318 4319
f 4320 4317 4316
f 4320 4316 4321
f 4320 4321 4322
f 4323 4322 4321
f 4323 4321 4324
f 4323 4324 4325
f 4324 4319 4318
f 4324 4318 4326
f 4324 4326 4327
f 4324 4327 4325
f 4328 4329 4323
f 4328 4323 4325
f 4328 4325 4327
f 4315 4295 4294
f 4315 4294 4329
f 4315 4329 4328
f 4315 4328 4227
f 4315 4227 4226
f 4322 4323 4329
f 4322 4329 4330
f 4322 4330 4320
f 4330 4329 4294
f 4330 4294 4298
f 4330 4298 4311
f 4318 4317 4320
f 4318 4320 4330
f 4318 4330 4331
f 4318 4331 4326
f 4332 4333 4334
f 4332 4334 4335
f 4319 4324 4333
f 4319 4333 4332
f 4336 4337 4338
f 4336 4338 4339
f 4337 4321 4316
f 4337 4316 4338
f 4321 4337 4333
f 4321 4333 4324
f 4337 4336 4334
f 4337 4334 4333
f 4338 4316 4319
f 4338 4319 4332
f 4339 4338 4332
f 4339 4332 4335
f 4338 4337 4333
f 4338 4333 4332
f 4337 4338 4332
f 4337 4332 4333
f 4336 4339 4335
f 4336 4335 4334
f 4228 4227 4328
f 4228 4328 4331
f 4326 4331 4328
f 4326 4328 4327
f 4331 4330 4311
f 4331 4311 4308
f 4331 4308 4229
f 4331 4229 4228
f 4314 4312 4310
f 4314 4310 4309
f 4296 4314 4309
f 4296 4309 4297
f 4237 4340 4307
f 4237 4307 4306
f 4237 4306 4305
f 4237 4305 4313
f 4237 4313 4255
f 4341 4342 4343
f 4341 4343 4344
f 4305 4304 4344
f 4305 4344 4343
f 4305 4343 4313
f 4286 4341 4344
f 4286 4344 4304
f 4286 4304 4287
f 4341 4286 4149
f 4341 4149 4148
f 4342 4203 4204
f 4342 4204 4343
f 4222 4221 4310
f 4222 4310 4313
f 4222 4313 4343
f 4222 4343 4204
f 4341 4148 4163
f 4341 4163 4203
f 4341 4203 4342
f 4289 4307 4302
f 4289 4302 4290
f 4340 4237 4236
f 4340 4236 4345
f 4307 4340 4345
f 4307 4345 4302
f 4303 4301 4175
f 4303 4175 4174
f 4303 4174 4181
f 4180 4233 4303
f 4180 4303 4181
f 4346 4347 4191
f 4346 4191 4195
f 4346 4195 4209
f 4346 4209 4225
f 4218 4348 4349
f 4218 4349 4346
f 4218 4346 4225
f 4192 4191 4347
f 4192 4347 4241
f 4235 4240 4242
f 4235 4242 4241
f 4235 4241 4347
f 4235 4347 4346
f 4235 4346 4349
f 4236 4235 4349
f 4236 4349 4348
f 4236 4348 4345
f 4299 4302 4345
f 4299 4345 4348
f 4299 4348 4350
f 4299 4350 4351
f 4299 4351 4300
f 4351 4352 4353
f 4351 4353 4354
f 4351 4354 4176
f 4351 4176 4175
f 4351 4175 4301
f 4351 4301 4300
f 4355 4356 4357
f 4355 4357 4358
f 4217 4223 4199
f 4217 4199 4359
f 4217 4359 4352
f 4217 4352 4351
f 4217 4351 4350
f 4348 4218 4217
f 4348 4217 4350
f 4353 4360 4358
f 4353 4358 4354
f 4360 4353 4352
f 4360 4352 4359
f 4360 4359 4361
f 4198 4357 4361
f 4198 4361 4359
f 4198 4359 4199
f 4357 4356 4362
f 4357 4362 4361
f 4362 4363 4360
f 4362 4360 4361
f 4360 4363 4355
f 4360 4355 4358
f 4356 4355 4363
f 4356 4363 4362
f 4176 4354 4358
f 4176 4358 4357
f 4176 4357 4198
f 4176 4198 4177
f 2 1 4193
f 2 4193 4189
f 4 3 4187
f 4 4187 4186
f 4193 1 4
f 4193 4 4186
f 4187 3 2
f 4187 2 4189
f 4364 4365 4366
f 4364 4366 4367
f 4364 4367 4161
f 4364 4161 601
f 4364 601 600
f 208 207 4144
f 208 4144 4368
f 4144 4146 4369
f 4144 4369 4370
f 4144 4370 4371
f 4144 4371 4368
f 4367 4366 4370
f 4367 4370 4369
f 4372 4373 4374
f 4372 4374 4375
f 206 208 4368
f 206 4368 3559
f 206 3559 684
f 206 684 223
f 4368 4371 4372
f 4368 4372 4375
f 4368 4375 614
f 4368 614 3559
f 4376 4373 4372
f 4376 4372 4377
f 4364 4378 4377
f 4364 4377 4365
f 4375 4378 4364
f 4375 4364 600
f 4375 600 599
f 4375 599 614
f 4379 4376 4377
f 4379 4377 4378
f 4378 4375 4374
f 4378 4374 4379
f 4373 4376 4379
f 4373 4379 4374
f 4171 4161 4367
f 4171 4367 4369
f 4365 4377 4372
f 4365 4372 4371
f 4365 4371 4370
f 4365 4370 4366
f 4145 4171 4369
f 4145 4369 4146
f 3672 4380 4381
f 3672 4381 4382
f 3672 4382 3673
f 3673 4382 509
f 3673 509 3680
f 45 44 3684
f 45 3684 511
f 3680 509 508
f 3680 508 4383
f 3680 4383 3717
f 4384 512 511
f 4384 511 3684
f 4384 3684 3728
f 3717 4383 3729
f 4383 508 512
f 4383 512 4384
f 4383 4384 3750
f 4383 3750 3729
f 4384 3728 3750
f 594 4380 3672
f 4381 4380 594
f 4381 594 597
f 4381 597 4140
f 4381 4140 49
f 4381 49 48
f 49 4140 50
f 4382 378 509
f 4385 510 509
f 4385 509 378
f 4385 378 377
f 511 510 4385
f 4385 377 46
f 4385 46 45
f 4385 45 511
f 47 379 4381
f 47 4381 48
f 4381 379 378
f 4381 378 4382
f 4386 4387 4388
f 4386 4388 4389
f 4390 4391 4392
f 4390 4392 4393
f 4391 4394 4386
f 4391 4386 4395
f 4396 4387 4394
f 4396 4394 4397
f 4397 4394 4390
f 4397 4390 4398
f 4388 4399 4398
f 4388 4398 4390
f 4388 4387 4396
f 4388 4396 4399
f 4399 4396 4397
f 4399 4397 4398
f 4400 4401 4402
f 4400 4402 4403
f 4404 4405 4406
f 4404 4406 4407
f 4408 4404 4409
f 4408 4409 4403
f 4400 4409 4395
f 4400 4395 4389
f 4409 4407 4392
f 4409 4392 4395
f 4407 4406 4393
f 4407 4393 4392
f 4406 4400 4389
f 4406 4389 4393
f 4408 4410 4411
f 4408 4411 4405
f 4402 4412 4410
f 4402 4410 4408
f 4413 4412 4402
f 4413 4402 4401
f 4411 4413 4401
f 4411 4401 4405
f 4412 4413 4411
f 4412 4411 4410
f 4414 4415 4416
f 4414 4416 4417
f 4418 4419 4420
f 4418 4420 4421
f 4419 4422 4414
f 4419 4414 4423
f 4416 4415 4424
f 4416 4424 4425
f 4426 4422 4418
f 4426 4418 4427
f 4424 4415 4422
f 4424 4422 4426
f 4416 4425 4427
f 4416 4427 4418
f 4425 4424 4426
f 4425 4426 4427
f 4428 4429 4430
f 4428 4430 4431
f 4429 4428 4421
f 4429 4421 4420
f 4430 4429 4420
f 4430 4420 4423
f 4431 4430 4423
f 4431 4423 4417
f 4428 4431 4417
f 4428 4417 4421
f 4432 4433 4434
f 4432 4434 4435
f 4436 4437 4438
f 4436 4438 4439
f 4438 4440 4434
f 4438 4434 4441
f 4432 4435 4442
f 4432 4442 4443
f 4444 4440 4437
f 4444 4437 4445
f 4442 4435 4440
f 4442 4440 4444
f 4432 4443 4445
f 4432 4445 4437
f 4443 4442 4444
f 4443 4444 4445
f 4446 4447 4448
f 4446 4448 4449
f 4448 4447 4436
f 4448 4436 4439
f 4446 4449 4441
f 4446 4441 4433
f 4449 4448 4439
f 4449 4439 4441
f 4447 4446 4433
f 4447 4433 4436
f 4450 4451 4452
f 4450 4452 4453
f 4454 4455 4456
f 4454 4456 4457
f 4455 4454 4451
f 4455 4451 4450
f 4457 4456 4453
f 4457 4453 4452
f 4455 4450 4453
f 4455 4453 4456
f 4451 4454 4457
f 4451 4457 4452
f 4458 4459 4460
f 4458 4460 4461
f 4461 4460 4462
f 4461 4462 4463
f 4464 4465 4463
f 4464 4463 4462
f 4459 4458 4465
f 4459 4465 4464
f 4460 4459 4464
f 4460 4464 4462
f 4458 4461 4463
f 4458 4463 4465
f 4466 4467 4468
f 4466 4468 4469
f 4470 4471 4469
f 4470 4469 4468
f 4472 4473 4471
f 4472 4471 4470
f 4471 4473 4466
f 4471 4466 4469
f 4472 4470 4468
f 4472 4468 4467
f 4473 4472 4467
f 4473 4467 4466
